{"type":"FeatureCollection","features":[{"type":"Feature","properties":{"nama":"Aceh Barat","provinsi":"Aceh","sumber":"Batas_Kab"},"geometry":{"type":"Polygon","coordinates":[[[96.26028,4.71238],[96.25709,4.70731],[96.25747,4.70673],[96.25964,4.70439],[96.26175,4.70256],[96.26876,4.69845],[96.27051,4.69766],[96.27389,4.69708],[96.27962,4.69643],[96.28155,4.69595],[96.28627,4.69519],[96.28951,4.69487],[96.29664,4.69272],[96.29924,4.69173],[96.30184,4.69104],[96.30958,4.69031],[96.31205,4.68988],[96.31738,4.68851],[96.32233,4.68659],[96.32737,4.68542],[96.33247,4.68379],[96.33508,4.68269],[96.34049,4.68095],[96.34654,4.67854],[96.34803,4.67772],[96.3527,4.67441],[96.35444,4.67337],[96.35741,4.67194],[96.36027,4.67032],[96.36125,4.67004],[96.36202,4.67002],[96.37152,4.67324],[96.37378,4.67371],[96.37591,4.67434],[96.37796,4.67533],[96.37917,4.67569],[96.38102,4.67588],[96.38243,4.67568],[96.3845,4.67486],[96.38787,4.67312],[96.39118,4.67204],[96.39497,4.67022],[96.3958,4.67005],[96.40241,4.67074],[96.40372,4.67067],[96.40519,4.67036],[96.40625,4.66996],[96.40809,4.66887],[96.40943,4.66768],[96.41054,4.66645],[96.41311,4.66243],[96.41673,4.65832],[96.41852,4.65676],[96.41981,4.65604],[96.42226,4.6543],[96.42316,4.6535],[96.42833,4.64756],[96.42974,4.64561],[96.43398,4.63883],[96.43453,4.6377],[96.43543,4.63628],[96.43896,4.63189],[96.44007,4.62996],[96.4431,4.6262],[96.44488,4.62478],[96.44754,4.62309],[96.45137,4.62217],[96.45592,4.62271],[96.46312,4.62263],[96.46972,4.62369],[96.47075,4.624],[96.47157,4.6247],[96.47252,4.6259],[96.47709,4.62927],[96.47822,4.62994],[96.47973,4.62984],[96.48358,4.63079],[96.48438,4.63087],[96.4851,4.63064],[96.48577,4.63018],[96.48629,4.62951],[96.48671,4.62772],[96.48718,4.627],[96.48927,4.62518],[96.49059,4.62446],[96.49092,4.62244],[96.49294,4.62053],[96.49366,4.61857],[96.49437,4.61518],[96.4936,4.60905],[96.49419,4.60721],[96.49455,4.60536],[96.49467,4.60334],[96.49568,4.60067],[96.49462,4.596],[96.49062,4.58984],[96.49033,4.5871],[96.49205,4.57901],[96.49562,4.56438],[96.49639,4.56188],[96.49627,4.55956],[96.49497,4.55766],[96.49294,4.55676],[96.49211,4.55498],[96.49223,4.54772],[96.49086,4.54612],[96.48515,4.54451],[96.48307,4.54463],[96.48093,4.54552],[96.47819,4.54582],[96.47284,4.54534],[96.4704,4.54403],[96.46177,4.53523],[96.45672,4.53142],[96.45178,4.52887],[96.44333,4.52784],[96.45035,4.52034],[96.4523,4.51749],[96.45457,4.51354],[96.45637,4.51006],[96.45768,4.50595],[96.45856,4.50197],[96.45925,4.50114],[96.46158,4.50064],[96.46418,4.50045],[96.4791,4.50083],[96.48376,4.50071],[96.48413,4.50008],[96.48442,4.49908],[96.48363,4.49629],[96.48064,4.49058],[96.48085,4.48851],[96.48549,4.47381],[96.48528,4.47045],[96.48413,4.46467],[96.48221,4.4611],[96.47778,4.45882],[96.47378,4.45653],[96.46586,4.44904],[96.4625,4.44618],[96.45601,4.43704],[96.4443,4.42912],[96.43766,4.42505],[96.43352,4.42362],[96.4296,4.42248],[96.42253,4.42105],[96.41696,4.41963],[96.40989,4.41906],[96.4039,4.41877],[96.39997,4.41884],[96.38876,4.41998],[96.38548,4.41948],[96.38041,4.41906],[96.37209,4.41792],[96.37178,4.41697],[96.37128,4.41606],[96.37131,4.41504],[96.37151,4.41432],[96.37146,4.41399],[96.37113,4.41343],[96.37018,4.4128],[96.36985,4.41242],[96.36933,4.41103],[96.36943,4.41048],[96.37042,4.40897],[96.37065,4.40818],[96.3704,4.40753],[96.36956,4.4068],[96.36929,4.40621],[96.36933,4.40557],[96.36998,4.40457],[96.36985,4.40405],[96.37027,4.40341],[96.3702,4.40303],[96.36972,4.40246],[96.36942,4.40174],[96.36945,4.40143],[96.36981,4.40075],[96.36966,4.39964],[96.37002,4.39823],[96.36998,4.39774],[96.36948,4.39755],[96.36877,4.39789],[96.36848,4.3979],[96.36787,4.3972],[96.36706,4.39705],[96.36652,4.39665],[96.36594,4.39658],[96.36548,4.3963],[96.36479,4.39507],[96.36472,4.39476],[96.36485,4.39394],[96.36401,4.39271],[96.36262,4.39243],[96.36159,4.39201],[96.361,4.39151],[96.36051,4.39072],[96.35982,4.39018],[96.3592,4.38996],[96.35813,4.38927],[96.35718,4.38913],[96.35634,4.38873],[96.35581,4.3889],[96.3551,4.38958],[96.35419,4.38938],[96.35388,4.38987],[96.35326,4.38909],[96.35285,4.38882],[96.35253,4.38877],[96.35234,4.38882],[96.35249,4.38924],[96.35157,4.38983],[96.35075,4.38974],[96.35046,4.38983],[96.34982,4.39033],[96.34981,4.39146],[96.34929,4.39208],[96.34905,4.39275],[96.34867,4.39314],[96.34815,4.39321],[96.34762,4.3939],[96.34719,4.39402],[96.34694,4.39392],[96.34688,4.39365],[96.34697,4.39331],[96.3473,4.39285],[96.34727,4.39264],[96.34655,4.3916],[96.34636,4.39079],[96.34574,4.39003],[96.34522,4.38972],[96.34384,4.38996],[96.34342,4.39021],[96.34267,4.39012],[96.3424,4.39028],[96.34205,4.39077],[96.34175,4.39086],[96.34064,4.3906],[96.33988,4.38999],[96.33892,4.38971],[96.33843,4.38996],[96.33609,4.3905],[96.33544,4.39081],[96.33366,4.39117],[96.33294,4.39122],[96.33253,4.39099],[96.3323,4.39078],[96.33226,4.39048],[96.33287,4.38972],[96.33244,4.38913],[96.33225,4.38723],[96.33228,4.38607],[96.33167,4.38432],[96.332,4.38437],[96.33479,4.38392],[96.33528,4.38374],[96.33672,4.38277],[96.33774,4.38253],[96.33941,4.38293],[96.3408,4.38364],[96.34137,4.3838],[96.34198,4.38382],[96.34292,4.38323],[96.34307,4.38297],[96.3433,4.38173],[96.34306,4.38103],[96.34211,4.38051],[96.34158,4.38003],[96.34131,4.37957],[96.34132,4.37899],[96.34149,4.37854],[96.34137,4.37754],[96.34107,4.37695],[96.34075,4.37677],[96.33998,4.37678],[96.33909,4.37645],[96.33883,4.37557],[96.33892,4.37407],[96.33846,4.37352],[96.33528,4.37112],[96.33391,4.37091],[96.33308,4.37006],[96.33233,4.3697],[96.33186,4.36918],[96.33071,4.36846],[96.33025,4.3677],[96.33001,4.36759],[96.32841,4.36767],[96.32767,4.36725],[96.32736,4.36724],[96.32706,4.36737],[96.32566,4.3686],[96.32412,4.3684],[96.32346,4.36859],[96.32324,4.36889],[96.32237,4.36821],[96.32074,4.3679],[96.32018,4.36766],[96.31975,4.36653],[96.31955,4.36548],[96.32016,4.36514],[96.31968,4.36374],[96.32073,4.35992],[96.32112,4.35898],[96.32108,4.35808],[96.32072,4.35735],[96.32018,4.35739],[96.31992,4.35755],[96.31973,4.35787],[96.31908,4.35815],[96.31772,4.35845],[96.31454,4.3587],[96.31394,4.35853],[96.31291,4.3575],[96.31076,4.35498],[96.31001,4.35377],[96.30862,4.35204],[96.30837,4.35148],[96.30621,4.35033],[96.30563,4.35008],[96.30489,4.34996],[96.3046,4.34928],[96.30478,4.34907],[96.30506,4.34889],[96.30724,4.34829],[96.30757,4.34787],[96.30761,4.34746],[96.30737,4.34622],[96.30742,4.34593],[96.30807,4.34505],[96.31067,4.34375],[96.31214,4.34328],[96.31201,4.34049],[96.31157,4.33948],[96.31123,4.33904],[96.31122,4.33863],[96.31144,4.33795],[96.31127,4.33761],[96.31066,4.337],[96.30892,4.33625],[96.30515,4.33383],[96.30329,4.33235],[96.30108,4.3302],[96.30013,4.32981],[96.29992,4.32961],[96.29929,4.32826],[96.29875,4.32792],[96.29925,4.32757],[96.29969,4.32753],[96.3003,4.32788],[96.30071,4.32787],[96.30115,4.32757],[96.30112,4.32658],[96.29954,4.32426],[96.30028,4.32311],[96.29935,4.32299],[96.29815,4.32199],[96.29642,4.31995],[96.29542,4.31779],[96.29512,4.31748],[96.29435,4.31722],[96.29349,4.31728],[96.29251,4.31762],[96.29201,4.31799],[96.29143,4.3182],[96.29086,4.31812],[96.28866,4.31518],[96.28661,4.31402],[96.28421,4.31191],[96.28367,4.31112],[96.28357,4.31023],[96.28316,4.30975],[96.2824,4.30944],[96.28142,4.30937],[96.28034,4.30883],[96.27869,4.30766],[96.27799,4.30658],[96.27494,4.30287],[96.27463,4.30192],[96.27507,4.30106],[96.27526,4.30027],[96.27482,4.29922],[96.27402,4.29843],[96.27333,4.29747],[96.27256,4.29709],[96.27225,4.29665],[96.27228,4.29621],[96.2726,4.29554],[96.27364,4.29449],[96.2744,4.29351],[96.27504,4.29237],[96.27485,4.291],[96.27424,4.2898],[96.27394,4.28833],[96.27361,4.28733],[96.27332,4.28689],[96.2733,4.28625],[96.27297,4.2857],[96.27222,4.28519],[96.27081,4.28453],[96.27013,4.28396],[96.26979,4.28349],[96.26944,4.28207],[96.26898,4.28143],[96.26733,4.28053],[96.26626,4.27895],[96.26521,4.27804],[96.26375,4.27788],[96.26317,4.27763],[96.26113,4.27719],[96.26071,4.27698],[96.26059,4.27546],[96.26005,4.27474],[96.25883,4.2739],[96.25856,4.27234],[96.25872,4.2719],[96.25896,4.27171],[96.25896,4.27115],[96.25913,4.27084],[96.25886,4.26973],[96.25886,4.26915],[96.25921,4.26879],[96.25934,4.26823],[96.25939,4.26619],[96.25958,4.26567],[96.25937,4.26239],[96.25854,4.25498],[96.25784,4.25344],[96.25736,4.25197],[96.25722,4.2507],[96.2574,4.24963],[96.25833,4.24838],[96.25849,4.24795],[96.25815,4.24721],[96.25772,4.24676],[96.25407,4.24587],[96.25364,4.24527],[96.25264,4.24514],[96.252,4.24482],[96.25201,4.24426],[96.25235,4.24367],[96.25432,4.24221],[96.25526,4.24185],[96.25557,4.24153],[96.25565,4.24047],[96.255,4.23894],[96.255,4.23814],[96.25545,4.23756],[96.25668,4.23705],[96.25738,4.23657],[96.25734,4.23607],[96.25774,4.23521],[96.25906,4.23407],[96.25956,4.23266],[96.25942,4.23142],[96.25957,4.23092],[96.26048,4.23039],[96.26115,4.22952],[96.26193,4.22917],[96.26288,4.22915],[96.26392,4.2298],[96.26429,4.22972],[96.26449,4.22946],[96.26472,4.22886],[96.265,4.2273],[96.26678,4.22545],[96.26697,4.22502],[96.26694,4.22444],[96.26621,4.22303],[96.26564,4.22103],[96.26561,4.22048],[96.26599,4.21986],[96.26689,4.21938],[96.26732,4.21895],[96.26783,4.21719],[96.26872,4.21659],[96.26922,4.21585],[96.2695,4.21371],[96.26919,4.21234],[96.26891,4.21198],[96.26977,4.21147],[96.27041,4.21131],[96.27096,4.21028],[96.27116,4.20914],[96.2716,4.20846],[96.27274,4.20744],[96.27348,4.20728],[96.27311,4.20672],[96.27231,4.20609],[96.27169,4.20583],[96.27109,4.20523],[96.27038,4.20487],[96.26974,4.20398],[96.26844,4.20323],[96.26826,4.20281],[96.26834,4.20185],[96.26798,4.20069],[96.26809,4.19971],[96.26801,4.19883],[96.2682,4.19822],[96.26943,4.19748],[96.26998,4.19628],[96.27073,4.19598],[96.27184,4.19319],[96.27205,4.19117],[96.27232,4.19111],[96.27264,4.19147],[96.27274,4.19141],[96.27267,4.19077],[96.27277,4.19038],[96.27328,4.18991],[96.27296,4.1883],[96.27315,4.18811],[96.27363,4.18817],[96.2746,4.1887],[96.27505,4.18878],[96.27668,4.18831],[96.27734,4.18778],[96.27806,4.18654],[96.27911,4.18402],[96.27777,4.18046],[96.27806,4.18044],[96.27572,4.179],[96.27477,4.17781],[96.27444,4.17624],[96.27496,4.17491],[96.27461,4.17367],[96.27128,4.16886],[96.2726,4.16837],[96.27352,4.16701],[96.27361,4.16506],[96.27329,4.16451],[96.27244,4.16408],[96.27175,4.16337],[96.27174,4.16155],[96.27183,4.16117],[96.27256,4.15998],[96.27239,4.15841],[96.27318,4.15541],[96.27485,4.1548],[96.27535,4.15429],[96.27567,4.15355],[96.27566,4.15315],[96.2754,4.15269],[96.27318,4.15129],[96.27217,4.14994],[96.26907,4.14836],[96.26883,4.14806],[96.26876,4.14764],[96.26896,4.14616],[96.26885,4.14549],[96.26795,4.14392],[96.26608,4.14431],[96.2656,4.14417],[96.26488,4.14434],[96.26479,4.14451],[96.2648,4.14563],[96.26165,4.1466],[96.26091,4.1463],[96.25823,4.14708],[96.25778,4.14641],[96.25795,4.14601],[96.25829,4.14577],[96.25822,4.14298],[96.25643,4.14209],[96.25646,4.14178],[96.25678,4.1413],[96.25797,4.14074],[96.2586,4.14029],[96.25817,4.13911],[96.25789,4.13891],[96.25776,4.13859],[96.25787,4.13775],[96.25765,4.13697],[96.25708,4.13648],[96.25604,4.13648],[96.25607,4.13744],[96.25395,4.13762],[96.25386,4.13794],[96.25418,4.13849],[96.25414,4.13874],[96.25304,4.13828],[96.25192,4.13817],[96.25207,4.14002],[96.24979,4.1397],[96.24932,4.14105],[96.24969,4.14179],[96.24959,4.14221],[96.24923,4.14228],[96.24873,4.14319],[96.24724,4.14325],[96.24678,4.14158],[96.2428,4.14113],[96.23837,4.14393],[96.23693,4.14028],[96.23543,4.1352],[96.23425,4.13291],[96.23561,4.13291],[96.23635,4.13264],[96.23872,4.13232],[96.24197,4.13068],[96.24287,4.12964],[96.24334,4.12949],[96.24179,4.12808],[96.23812,4.12549],[96.2363,4.1221],[96.23549,4.12138],[96.23354,4.1203],[96.22693,4.11809],[96.2234,4.11609],[96.22379,4.115],[96.22198,4.11413],[96.22213,4.11369],[96.2215,4.11339],[96.22135,4.11382],[96.21486,4.11068],[96.21372,4.11362],[96.20619,4.11093],[96.20405,4.11031],[96.20289,4.11247],[96.20173,4.11388],[96.20017,4.11548],[96.19321,4.11],[96.18968,4.10693],[96.1862,4.11024],[96.17983,4.11556],[96.17413,4.12075],[96.15933,4.13295],[96.15715,4.13455],[96.15484,4.13601],[96.15301,4.13685],[96.15273,4.13721],[96.15036,4.13914],[96.14868,4.13977],[96.14596,4.14136],[96.14473,4.14187],[96.14232,4.1424],[96.14039,4.14253],[96.13873,4.1424],[96.13741,4.14212],[96.13569,4.1415],[96.13529,4.14103],[96.13517,4.14062],[96.13341,4.13892],[96.13302,4.13867],[96.13245,4.13853],[96.13142,4.13763],[96.13133,4.13706],[96.13143,4.1359],[96.13125,4.13496],[96.13132,4.13448],[96.13197,4.13408],[96.1324,4.13399],[96.13289,4.13408],[96.13292,4.1337],[96.13345,4.13349],[96.13345,4.13332],[96.13291,4.13318],[96.13286,4.13305],[96.13329,4.13235],[96.13344,4.13174],[96.13375,4.13168],[96.13377,4.13147],[96.13351,4.1312],[96.13252,4.13119],[96.13184,4.13103],[96.13109,4.13061],[96.13067,4.1302],[96.13004,4.12895],[96.12998,4.12844],[96.13008,4.12799],[96.13033,4.12739],[96.13176,4.12742],[96.13186,4.12773],[96.13209,4.12768],[96.13184,4.12688],[96.13166,4.12695],[96.13172,4.12726],[96.13037,4.1272],[96.13029,4.12659],[96.12962,4.12555],[96.12943,4.12487],[96.12837,4.1243],[96.128,4.12366],[96.12767,4.12357],[96.12731,4.12375],[96.1269,4.1245],[96.12693,4.12586],[96.1266,4.12726],[96.12656,4.12813],[96.12784,4.13008],[96.12794,4.13052],[96.12779,4.13192],[96.12724,4.13337],[96.12621,4.13528],[96.12282,4.13976],[96.11753,4.14526],[96.11504,4.14733],[96.11473,4.14813],[96.1143,4.14875],[96.11279,4.15079],[96.11188,4.15179],[96.10953,4.15349],[96.10875,4.15441],[96.10763,4.15535],[96.10153,4.16197],[96.09829,4.16527],[96.09728,4.16645],[96.09607,4.16758],[96.09416,4.16982],[96.08679,4.17756],[96.08512,4.17953],[96.08058,4.18399],[96.07764,4.18718],[96.07461,4.19007],[96.07084,4.19394],[96.06596,4.19844],[96.06474,4.19977],[96.06227,4.20182],[96.06134,4.20283],[96.05725,4.20539],[96.05452,4.20684],[96.05263,4.20742],[96.05104,4.20811],[96.04692,4.20916],[96.04625,4.20946],[96.04526,4.21043],[96.04503,4.21081],[96.04451,4.21065],[96.0446,4.20912],[96.04063,4.20905],[96.03876,4.20857],[96.03529,4.20703],[96.03354,4.20599],[96.03194,4.20406],[96.0319,4.20354],[96.03303,4.20202],[96.03315,4.20163],[96.03307,4.20079],[96.03253,4.19997],[96.03251,4.19947],[96.03222,4.19895],[96.03236,4.19817],[96.03228,4.19784],[96.03202,4.19775],[96.03138,4.19785],[96.03038,4.19862],[96.02939,4.19852],[96.0286,4.19795],[96.02767,4.19628],[96.02705,4.19545],[96.02577,4.19495],[96.0247,4.19407],[96.02441,4.19408],[96.02397,4.19461],[96.02275,4.19689],[96.02268,4.19964],[96.02281,4.2007],[96.02285,4.20452],[96.02253,4.20626],[96.0212,4.20946],[96.02017,4.21118],[96.01927,4.2124],[96.01749,4.21405],[96.01632,4.21557],[96.01297,4.21938],[96.01223,4.2205],[96.00975,4.2228],[96.00835,4.2246],[96.00565,4.22743],[96.00419,4.22921],[96.00119,4.23245],[95.99985,4.23319],[95.99838,4.23487],[95.99567,4.23748],[95.99119,4.24281],[95.99,4.24402],[95.98943,4.24438],[95.98935,4.2446],[95.98886,4.24505],[95.98868,4.24548],[95.98722,4.24667],[95.98696,4.24711],[95.98563,4.24848],[95.98496,4.24896],[95.98454,4.24959],[95.98342,4.25061],[95.98292,4.25132],[95.98123,4.2528],[95.98027,4.25396],[95.97935,4.2547],[95.9784,4.25585],[95.97778,4.25624],[95.97718,4.25695],[95.97624,4.25777],[95.97551,4.25868],[95.97482,4.25922],[95.9736,4.26062],[95.97338,4.26073],[95.97272,4.26169],[95.97152,4.26254],[95.97051,4.2636],[95.96987,4.26449],[95.96918,4.26485],[95.96851,4.26604],[95.9679,4.26663],[95.9674,4.26739],[95.96735,4.27054],[95.96702,4.27182],[95.96683,4.27205],[95.96633,4.27246],[95.96617,4.27226],[95.96502,4.27216],[95.96425,4.27152],[95.96344,4.27145],[95.95958,4.2761],[95.95577,4.28038],[95.95337,4.28349],[95.95168,4.28525],[95.94809,4.2894],[95.94737,4.28994],[95.94664,4.29093],[95.9411,4.29698],[95.93785,4.3008],[95.93601,4.3033],[95.93493,4.30442],[95.93261,4.3074],[95.93185,4.30817],[95.93123,4.30911],[95.93039,4.30993],[95.92681,4.31432],[95.92573,4.31582],[95.92497,4.31658],[95.92443,4.31749],[95.92349,4.31827],[95.92221,4.32013],[95.92034,4.32214],[95.91893,4.32396],[95.91781,4.32509],[95.91735,4.32583],[95.9136,4.33016],[95.91268,4.33102],[95.91078,4.33342],[95.90929,4.33487],[95.9075,4.33703],[95.90625,4.33821],[95.90539,4.33939],[95.90406,4.34075],[95.90304,4.34211],[95.90103,4.34405],[95.89782,4.34771],[95.89216,4.35355],[95.89143,4.35409],[95.89067,4.35511],[95.88879,4.35712],[95.88772,4.35803],[95.88663,4.35938],[95.88574,4.36006],[95.88522,4.3607],[95.88409,4.36165],[95.88316,4.36285],[95.88161,4.36415],[95.87764,4.36871],[95.87631,4.36978],[95.87687,4.37082],[95.87725,4.37119],[95.87815,4.37153],[95.87822,4.37372],[95.87876,4.37464],[95.87887,4.37514],[95.87879,4.37569],[95.87806,4.37701],[95.87797,4.3774],[95.87808,4.37765],[95.879,4.37845],[95.87921,4.37903],[95.87935,4.38086],[95.88004,4.38187],[95.8801,4.38223],[95.88013,4.38271],[95.87989,4.38358],[95.87998,4.38412],[95.88158,4.38627],[95.88726,4.39561],[95.89386,4.40031],[95.89735,4.40434],[95.90195,4.40844],[95.9105,4.4206],[95.92033,4.43576],[95.92188,4.4374],[95.92251,4.4379],[95.9259,4.44241],[95.92612,4.4431],[95.92644,4.44358],[95.93483,4.46196],[95.93501,4.46448],[95.93553,4.46501],[95.93656,4.46795],[95.93891,4.47312],[95.94026,4.47658],[95.94143,4.47897],[95.94152,4.47955],[95.94203,4.48018],[95.9434,4.48271],[95.94406,4.48417],[95.94442,4.48589],[95.94502,4.48684],[95.95009,4.49766],[95.95056,4.49887],[95.95082,4.50002],[95.95466,4.50608],[95.95749,4.51007],[95.9631,4.51617],[95.96401,4.51746],[95.96542,4.51878],[95.96872,4.52244],[95.97287,4.52642],[95.97604,4.52869],[95.97775,4.52975],[95.98141,4.5327],[95.98851,4.53615],[95.98973,4.53702],[95.9913,4.53781],[95.99518,4.5394],[95.99659,4.53969],[96.00001,4.5399],[96.00071,4.54006],[96.00169,4.54145],[96.00619,4.54644],[96.00926,4.54865],[96.01334,4.55116],[96.01417,4.55263],[96.01571,4.55472],[96.01618,4.55609],[96.0165,4.56116],[96.01679,4.56265],[96.01676,4.56441],[96.01649,4.56726],[96.01655,4.56849],[96.01707,4.57051],[96.01744,4.57107],[96.01839,4.57208],[96.01965,4.57247],[96.02088,4.57261],[96.02456,4.57229],[96.0275,4.57286],[96.02819,4.57287],[96.0331,4.57244],[96.0346,4.57286],[96.03763,4.57534],[96.03835,4.57644],[96.03976,4.58124],[96.04192,4.58545],[96.04212,4.58757],[96.04197,4.58862],[96.03943,4.59511],[96.03895,4.596],[96.0276,4.61021],[96.02628,4.61208],[96.02591,4.61337],[96.02599,4.61394],[96.02697,4.61601],[96.0275,4.61787],[96.02799,4.61905],[96.02845,4.62169],[96.02845,4.62252],[96.02963,4.62571],[96.03014,4.62651],[96.03282,4.62933],[96.03283,4.63029],[96.03253,4.63072],[96.03262,4.63146],[96.03227,4.63246],[96.03225,4.63332],[96.03427,4.63755],[96.03556,4.64161],[96.0374,4.64668],[96.03834,4.6488],[96.04116,4.65438],[96.04277,4.6599],[96.02159,4.70268],[96.01651,4.71492],[96.00844,4.73105],[96.00021,4.7495],[96.10678,4.74969],[96.10726,4.74065],[96.10659,4.73924],[96.10666,4.73863],[96.10649,4.73722],[96.10579,4.73636],[96.10575,4.73582],[96.10591,4.73525],[96.10621,4.73498],[96.10625,4.73458],[96.10594,4.7334],[96.10619,4.73149],[96.10555,4.73062],[96.10526,4.72992],[96.10454,4.72737],[96.10298,4.72304],[96.10371,4.72289],[96.10396,4.72249],[96.10368,4.72003],[96.10373,4.71948],[96.10418,4.71838],[96.10493,4.71745],[96.10649,4.71667],[96.1069,4.71588],[96.1076,4.71548],[96.1079,4.71511],[96.10786,4.71337],[96.10735,4.71165],[96.10833,4.70888],[96.10793,4.70825],[96.10743,4.70797],[96.10705,4.70756],[96.1068,4.707],[96.10676,4.70645],[96.10744,4.70519],[96.1079,4.70481],[96.10867,4.70348],[96.10962,4.70262],[96.11069,4.70043],[96.11047,4.69862],[96.11016,4.69808],[96.10929,4.69747],[96.10915,4.69702],[96.10918,4.69645],[96.11034,4.69447],[96.11063,4.69363],[96.1108,4.69151],[96.11103,4.69006],[96.11126,4.68959],[96.11096,4.68926],[96.11069,4.68862],[96.1102,4.68717],[96.11007,4.6864],[96.1096,4.68581],[96.10899,4.68538],[96.10759,4.68511],[96.10723,4.68488],[96.10721,4.68443],[96.1064,4.68226],[96.10614,4.68187],[96.10589,4.68095],[96.10497,4.67895],[96.10445,4.67655],[96.10445,4.67522],[96.13347,4.67536],[96.13373,4.6767],[96.13499,4.68025],[96.13531,4.68188],[96.13593,4.68304],[96.1377,4.68483],[96.13905,4.68672],[96.13927,4.68739],[96.139,4.68857],[96.13782,4.69032],[96.13755,4.69088],[96.13739,4.69179],[96.1375,4.69266],[96.13789,4.69375],[96.13855,4.69498],[96.14066,4.69681],[96.14079,4.69723],[96.14067,4.69768],[96.14005,4.69825],[96.1398,4.69963],[96.14011,4.70115],[96.1401,4.70202],[96.14045,4.70322],[96.14107,4.70425],[96.14193,4.70514],[96.14233,4.70517],[96.1432,4.70477],[96.14385,4.70419],[96.14436,4.70397],[96.14498,4.70393],[96.14605,4.70434],[96.14693,4.70496],[96.14749,4.70565],[96.14803,4.70596],[96.14851,4.70607],[96.14885,4.70601],[96.14907,4.70581],[96.14925,4.70523],[96.1495,4.70503],[96.15003,4.70506],[96.15085,4.70546],[96.15127,4.70531],[96.15218,4.70527],[96.15369,4.70572],[96.15427,4.70594],[96.1548,4.70648],[96.15699,4.70909],[96.15789,4.70981],[96.15856,4.71068],[96.15864,4.71231],[96.1583,4.71395],[96.15807,4.71633],[96.15834,4.7166],[96.15849,4.71709],[96.15849,4.71765],[96.15871,4.718],[96.15926,4.71829],[96.15953,4.71876],[96.15964,4.7195],[96.16021,4.72088],[96.16023,4.72139],[96.16091,4.72307],[96.16095,4.72354],[96.16028,4.72466],[96.16061,4.72542],[96.16125,4.72634],[96.16123,4.72674],[96.16036,4.7276],[96.15953,4.72911],[96.1594,4.7296],[96.15946,4.73],[96.15964,4.73043],[96.16008,4.73085],[96.1601,4.73128],[96.1599,4.73188],[96.15952,4.73239],[96.1588,4.73301],[96.15874,4.73332],[96.15936,4.73436],[96.16104,4.73466],[96.16155,4.7349],[96.16193,4.73522],[96.16239,4.73651],[96.16447,4.73799],[96.16449,4.7383],[96.16416,4.7389],[96.16302,4.73952],[96.16192,4.74206],[96.16187,4.74335],[96.16236,4.74448],[96.16334,4.74506],[96.16382,4.74606],[96.16431,4.74656],[96.16453,4.74698],[96.16484,4.74823],[96.16539,4.74861],[96.16714,4.74935],[96.16761,4.75009],[96.24327,4.71232],[96.26028,4.71238]]]}},{"type":"Feature","properties":{"nama":"Aceh Barat Daya","provinsi":"Aceh","sumber":"Batas_Kab"},"geometry":{"type":"Polygon","coordinates":[[[96.82554,3.69729],[96.8251,3.69726],[96.82493,3.6974],[96.82529,3.69873],[96.82546,3.6988],[96.82583,3.69819],[96.82571,3.69746],[96.82554,3.69729]]]}},{"type":"Feature","properties":{"nama":"Aceh Barat Daya","provinsi":"Aceh","sumber":"Batas_Kab"},"geometry":{"type":"Polygon","coordinates":[[[96.72918,4.09413],[96.7319,4.09416],[96.73324,4.09366],[96.73417,4.093],[96.73476,4.09236],[96.73541,4.09052],[96.73572,4.09003],[96.73601,4.08974],[96.73671,4.08943],[96.7375,4.08938],[96.73821,4.08953],[96.73964,4.09046],[96.7428,4.09188],[96.74344,4.09257],[96.74383,4.09274],[96.74453,4.09265],[96.745,4.09236],[96.7455,4.09163],[96.74569,4.09104],[96.74587,4.09019],[96.74591,4.08899],[96.74627,4.08804],[96.74605,4.08731],[96.7453,4.08662],[96.74524,4.08637],[96.74629,4.08373],[96.74667,4.08346],[96.74693,4.08344],[96.74793,4.08378],[96.74896,4.0847],[96.75,4.08614],[96.75038,4.08638],[96.75081,4.08647],[96.75126,4.08641],[96.75175,4.08615],[96.75244,4.0855],[96.75376,4.08351],[96.75538,4.08154],[96.75742,4.07973],[96.75803,4.07924],[96.75877,4.07893],[96.75911,4.07859],[96.7594,4.0773],[96.76023,4.07639],[96.76116,4.07488],[96.76569,4.07145],[96.76898,4.06825],[96.76997,4.06747],[96.77394,4.06481],[96.77857,4.06211],[96.78017,4.06076],[96.78077,4.06069],[96.78127,4.06032],[96.78251,4.05913],[96.78577,4.05636],[96.78845,4.05347],[96.78958,4.05234],[96.79069,4.05158],[96.79124,4.05089],[96.79415,4.04632],[96.79442,4.04564],[96.79543,4.04405],[96.79601,4.04271],[96.79643,4.04233],[96.79914,4.03629],[96.79972,4.03474],[96.79993,4.0328],[96.79987,4.03069],[96.80034,4.02891],[96.80082,4.02594],[96.80098,4.02026],[96.8021,4.01178],[96.80262,4.00983],[96.80379,4.00685],[96.80319,4.0051],[96.79991,4.00279],[96.79922,4.00225],[96.79863,4.0015],[96.79818,4.00068],[96.79826,4.00007],[96.79848,3.99961],[96.80172,3.99435],[96.80249,3.99278],[96.80993,3.98018],[96.82445,3.96586],[96.83722,3.95551],[96.8377,3.95487],[96.83827,3.95443],[96.8401,3.95388],[96.84374,3.95324],[96.85934,3.94998],[96.86974,3.9481],[96.87328,3.94779],[96.88315,3.94658],[96.88467,3.94652],[96.88857,3.94592],[96.89452,3.94566],[96.89701,3.94526],[96.90631,3.9446],[96.90777,3.94425],[96.91657,3.94294],[96.91872,3.94287],[96.92034,3.94302],[96.92146,3.94279],[96.92589,3.94265],[96.92853,3.94215],[96.92954,3.94181],[96.93405,3.94101],[96.94313,3.93981],[96.94871,3.93921],[96.95941,3.93837],[96.96279,3.93906],[96.965,3.93865],[96.97218,3.93768],[96.98103,3.93723],[96.98393,3.93724],[96.98647,3.93751],[96.99202,3.9378],[96.99405,3.93816],[96.99481,3.93852],[96.99525,3.939],[96.9955,3.93993],[96.99737,3.94144],[96.99836,3.94179],[96.99926,3.9417],[97.00042,3.94192],[97.00205,3.94295],[97.00325,3.94446],[97.00448,3.94579],[97.00566,3.94679],[97.00718,3.94854],[97.00922,3.95006],[97.01179,3.95157],[97.01342,3.95232],[97.01523,3.95309],[97.01806,3.95406],[97.02346,3.95564],[97.02631,3.95635],[97.02818,3.95667],[97.03332,3.95706],[97.03838,3.95721],[97.04039,3.95746],[97.04228,3.95799],[97.04352,3.95793],[97.04433,3.9583],[97.04614,3.95838],[97.04822,3.95808],[97.05297,3.95661],[97.05407,3.95641],[97.06093,3.95598],[97.06395,3.95592],[97.06785,3.95533],[97.0698,3.95471],[97.0716,3.95377],[97.07621,3.94993],[97.07842,3.94858],[97.07938,3.9482],[97.08122,3.94775],[97.08465,3.94737],[97.08698,3.94689],[97.0916,3.94677],[97.09695,3.94621],[97.10095,3.94525],[97.10265,3.94455],[97.10358,3.94402],[97.10595,3.94258],[97.10817,3.94104],[97.1097,3.93973],[97.1116,3.93711],[97.11641,3.92828],[97.11719,3.92651],[97.11813,3.92381],[97.11887,3.92008],[97.11927,3.91895],[97.11924,3.91807],[97.11948,3.916],[97.11949,3.91405],[97.11893,3.91009],[97.11854,3.9082],[97.11794,3.90615],[97.11529,3.89865],[97.1135,3.8941],[97.11268,3.89216],[97.11161,3.89028],[97.10914,3.88827],[97.10869,3.8875],[97.10892,3.88651],[97.10939,3.88559],[97.11159,3.88208],[97.11161,3.88025],[97.11129,3.87927],[97.11,3.87658],[97.10846,3.87399],[97.10824,3.87308],[97.10846,3.87232],[97.10977,3.87054],[97.11237,3.86887],[97.11406,3.86813],[97.11483,3.86743],[97.11511,3.86635],[97.11449,3.8633],[97.11325,3.86057],[97.11266,3.85964],[97.11144,3.85818],[97.10986,3.85675],[97.10844,3.85518],[97.10818,3.85428],[97.10808,3.85217],[97.10833,3.85014],[97.10923,3.84725],[97.11028,3.84251],[97.11075,3.83958],[97.11083,3.8374],[97.11159,3.83287],[97.11396,3.82771],[97.1169,3.82339],[97.11709,3.82267],[97.11845,3.82007],[97.11957,3.81827],[97.12015,3.81761],[97.12112,3.81472],[97.12234,3.80887],[97.12259,3.80803],[97.12305,3.80715],[97.12437,3.80487],[97.12586,3.80347],[97.12754,3.80246],[97.12899,3.80003],[97.13038,3.79716],[97.13244,3.79363],[97.13335,3.79182],[97.13443,3.78908],[97.13482,3.78721],[97.13481,3.7861],[97.13529,3.78416],[97.13765,3.78022],[97.13808,3.77915],[97.13958,3.77669],[97.14015,3.7754],[97.14075,3.77459],[97.14284,3.77018],[97.14434,3.76754],[97.14627,3.76298],[97.14801,3.75717],[97.14893,3.7509],[97.14894,3.7494],[97.14987,3.7482],[97.15116,3.74701],[97.15269,3.74533],[97.15403,3.74313],[97.15447,3.7415],[97.15356,3.73984],[97.15187,3.73767],[97.14495,3.73096],[97.14344,3.72924],[97.14226,3.72688],[97.14167,3.72532],[97.14109,3.72065],[97.13965,3.71364],[97.13922,3.71035],[97.13897,3.70642],[97.1382,3.70171],[97.13669,3.69806],[97.13624,3.69547],[97.13575,3.69399],[97.13334,3.68822],[97.13109,3.68432],[97.12857,3.68263],[97.12616,3.68165],[97.12515,3.68139],[97.12172,3.68112],[97.11782,3.67827],[97.11586,3.67654],[97.10641,3.66917],[97.09851,3.66133],[97.08375,3.64482],[97.08468,3.64421],[97.08438,3.64376],[97.08432,3.64272],[97.08392,3.64187],[97.0831,3.64112],[97.08323,3.64093],[97.08384,3.64089],[97.0841,3.64074],[97.08357,3.63997],[97.08274,3.63945],[97.08153,3.63924],[97.07864,3.63905],[97.07795,3.63874],[97.07748,3.63822],[97.07648,3.63771],[97.07581,3.63762],[97.07474,3.63568],[97.07452,3.63504],[97.07452,3.63457],[97.07394,3.63367],[97.07388,3.63307],[97.07132,3.6318],[97.07086,3.63101],[97.06984,3.63027],[97.06834,3.62715],[97.06709,3.62613],[97.06408,3.62569],[97.06345,3.62498],[97.06283,3.62296],[97.06076,3.62286],[97.05986,3.62191],[97.05867,3.62143],[97.05801,3.6208],[97.0575,3.61984],[97.05664,3.61932],[97.0561,3.61912],[97.05457,3.61904],[97.0542,3.61874],[97.05334,3.61844],[97.05266,3.61859],[97.05227,3.61854],[97.0521,3.61803],[97.05179,3.61774],[97.05156,3.61779],[97.05056,3.61882],[97.04947,3.61907],[97.04889,3.61896],[97.04783,3.61805],[97.04686,3.61769],[97.04487,3.615],[97.04476,3.6142],[97.0451,3.6134],[97.04481,3.61245],[97.04389,3.61151],[97.04309,3.61041],[97.04288,3.60946],[97.0414,3.60811],[97.03981,3.60696],[97.03967,3.60643],[97.03982,3.60561],[97.03884,3.60386],[97.03827,3.60302],[97.03758,3.60267],[97.0369,3.60287],[97.03644,3.60259],[97.03617,3.6022],[97.03601,3.60116],[97.03563,3.60076],[97.03499,3.60082],[97.03393,3.60037],[97.03066,3.60051],[97.02892,3.60021],[97.02814,3.60025],[97.02755,3.60071],[97.02798,3.60144],[97.02791,3.60161],[97.02619,3.60241],[97.02469,3.60278],[97.02415,3.6031],[97.02378,3.60338],[97.0239,3.60407],[97.02378,3.60449],[97.02334,3.60478],[97.0217,3.60467],[97.02121,3.60573],[97.02047,3.60617],[97.02007,3.60626],[97.01956,3.6058],[97.01916,3.60477],[97.01854,3.60452],[97.01778,3.60472],[97.01657,3.60536],[97.01567,3.60657],[97.01517,3.60687],[97.01366,3.60737],[97.01271,3.60917],[97.01164,3.60936],[97.01051,3.61028],[97.00952,3.61072],[97.00633,3.61079],[97.00587,3.61097],[97.00415,3.61269],[97.00162,3.6137],[97.0014,3.61429],[97.0019,3.61561],[97.00171,3.61599],[97.00119,3.61638],[97.00033,3.61676],[96.99867,3.61683],[96.99731,3.61618],[96.99599,3.61608],[96.99508,3.61617],[96.99351,3.61759],[96.99207,3.61806],[96.99086,3.61813],[96.98984,3.61854],[96.98849,3.61674],[96.98782,3.61628],[96.98734,3.6162],[96.98692,3.61633],[96.98492,3.6184],[96.98446,3.61871],[96.98322,3.6179],[96.9824,3.61753],[96.98159,3.61753],[96.98032,3.61795],[96.97883,3.61804],[96.97758,3.61863],[96.9756,3.61928],[96.97472,3.61925],[96.97372,3.61892],[96.96954,3.61835],[96.96875,3.61808],[96.96791,3.61679],[96.96714,3.61611],[96.96561,3.61567],[96.9648,3.61503],[96.96353,3.61348],[96.96228,3.61011],[96.96174,3.60915],[96.95928,3.6074],[96.95921,3.60681],[96.95961,3.60459],[96.95865,3.60352],[96.95522,3.60037],[96.95288,3.59724],[96.95252,3.59571],[96.95082,3.59287],[96.95032,3.59242],[96.94852,3.58992],[96.94768,3.58756],[96.94606,3.58393],[96.9443,3.58142],[96.94362,3.57916],[96.94299,3.5752],[96.94249,3.57394],[96.9415,3.57438],[96.93993,3.57469],[96.93872,3.57522],[96.93758,3.57617],[96.93505,3.57785],[96.93416,3.57865],[96.92908,3.58242],[96.92783,3.58309],[96.92704,3.58396],[96.92575,3.58483],[96.92217,3.58768],[96.91776,3.59156],[96.91187,3.59608],[96.91053,3.59744],[96.90873,3.5989],[96.90606,3.6008],[96.90323,3.60217],[96.90316,3.60327],[96.90251,3.6051],[96.90123,3.60839],[96.90007,3.6109],[96.89786,3.61529],[96.89596,3.61959],[96.89553,3.62006],[96.89464,3.62055],[96.89483,3.62133],[96.89568,3.62217],[96.89555,3.62255],[96.89578,3.62247],[96.89604,3.62258],[96.89659,3.62312],[96.89615,3.62346],[96.896,3.62338],[96.89612,3.62366],[96.89622,3.62364],[96.89617,3.6235],[96.89665,3.62327],[96.8967,3.6234],[96.89706,3.62502],[96.89718,3.628],[96.89695,3.63134],[96.89624,3.63653],[96.89564,3.63941],[96.89452,3.64326],[96.89333,3.64667],[96.89177,3.65003],[96.89102,3.65125],[96.89013,3.65484],[96.88895,3.65811],[96.888,3.65989],[96.88654,3.66209],[96.88619,3.66306],[96.88567,3.66381],[96.88419,3.66818],[96.88204,3.673],[96.88082,3.67532],[96.87945,3.67749],[96.87805,3.6788],[96.8771,3.68002],[96.87659,3.68047],[96.87573,3.68172],[96.87457,3.68379],[96.87268,3.68637],[96.86941,3.69011],[96.86578,3.69343],[96.86185,3.69652],[96.85894,3.69811],[96.85429,3.70093],[96.85096,3.70251],[96.84669,3.70421],[96.83472,3.70745],[96.83191,3.70845],[96.83101,3.70899],[96.8295,3.71037],[96.82684,3.71244],[96.8224,3.71479],[96.81979,3.71637],[96.81736,3.71743],[96.81654,3.71759],[96.81615,3.71746],[96.81396,3.71795],[96.81254,3.71778],[96.81158,3.71723],[96.81091,3.7161],[96.81082,3.71558],[96.81094,3.71532],[96.81113,3.71519],[96.81178,3.71524],[96.81177,3.71515],[96.81108,3.71509],[96.81068,3.71533],[96.81053,3.71567],[96.81034,3.71495],[96.81025,3.71499],[96.81054,3.71614],[96.811,3.71723],[96.81111,3.71917],[96.81099,3.72011],[96.81065,3.72102],[96.81011,3.72198],[96.80928,3.72297],[96.80812,3.7239],[96.80652,3.72453],[96.80533,3.72448],[96.80511,3.72422],[96.80502,3.72361],[96.80544,3.72314],[96.80482,3.72361],[96.80493,3.72448],[96.80435,3.7247],[96.80337,3.72434],[96.80174,3.7244],[96.79893,3.72398],[96.79797,3.72397],[96.79299,3.72538],[96.79264,3.72571],[96.7921,3.72698],[96.78869,3.72918],[96.78582,3.73252],[96.78313,3.73466],[96.78188,3.73548],[96.77863,3.73715],[96.77599,3.73829],[96.77306,3.73909],[96.7665,3.73965],[96.76203,3.73983],[96.75953,3.73975],[96.75556,3.73922],[96.7546,3.73925],[96.75152,3.74016],[96.74643,3.7425],[96.74441,3.74317],[96.74164,3.74358],[96.7406,3.74357],[96.73821,3.74325],[96.7376,3.7433],[96.73266,3.74426],[96.72949,3.7454],[96.72755,3.74593],[96.72339,3.74657],[96.71943,3.74655],[96.71604,3.74607],[96.70795,3.74384],[96.70483,3.74249],[96.70222,3.74284],[96.69824,3.74298],[96.69754,3.74289],[96.69591,3.74326],[96.69478,3.74329],[96.69176,3.74369],[96.6889,3.74367],[96.68657,3.74404],[96.68379,3.74493],[96.68036,3.7456],[96.6747,3.74623],[96.67065,3.7464],[96.66808,3.74615],[96.66496,3.74553],[96.66343,3.74562],[96.65976,3.74532],[96.65591,3.7454],[96.65134,3.74515],[96.63691,3.74319],[96.63351,3.74252],[96.62642,3.74044],[96.62315,3.73917],[96.62103,3.73757],[96.62,3.73705],[96.62063,3.73856],[96.62257,3.73947],[96.62348,3.7401],[96.62444,3.74192],[96.62459,3.74255],[96.62447,3.74343],[96.6237,3.74454],[96.62171,3.74686],[96.62096,3.74806],[96.62011,3.7499],[96.61974,3.75004],[96.61935,3.74998],[96.61893,3.74966],[96.61849,3.74888],[96.61811,3.7487],[96.61783,3.74877],[96.61725,3.74923],[96.61674,3.75037],[96.61643,3.75064],[96.61615,3.75067],[96.61505,3.75019],[96.61481,3.75048],[96.61475,3.75099],[96.61496,3.75205],[96.61537,3.75268],[96.61597,3.75326],[96.61664,3.75356],[96.61718,3.75353],[96.61786,3.753],[96.61882,3.75122],[96.61918,3.75118],[96.6196,3.75151],[96.61975,3.75246],[96.61957,3.75436],[96.61996,3.75848],[96.61985,3.75917],[96.61942,3.7596],[96.61877,3.75981],[96.61783,3.75936],[96.61709,3.75931],[96.61668,3.75957],[96.6165,3.7601],[96.61677,3.76077],[96.61718,3.76115],[96.61914,3.76183],[96.61942,3.76226],[96.61935,3.76258],[96.61901,3.76287],[96.61754,3.76256],[96.61629,3.76253],[96.61558,3.7627],[96.61525,3.76294],[96.61516,3.76328],[96.61533,3.76366],[96.61574,3.76403],[96.61672,3.76457],[96.61751,3.76559],[96.61747,3.76588],[96.61674,3.76595],[96.61509,3.76547],[96.6142,3.76558],[96.61327,3.766],[96.61233,3.7669],[96.61154,3.7674],[96.61102,3.76759],[96.61008,3.7676],[96.60966,3.76779],[96.60949,3.76829],[96.60977,3.76877],[96.61045,3.7689],[96.61127,3.76867],[96.61153,3.76876],[96.61165,3.76899],[96.61163,3.76942],[96.61141,3.76989],[96.60996,3.77113],[96.60947,3.77122],[96.60897,3.77091],[96.60838,3.76967],[96.60794,3.76923],[96.60707,3.76899],[96.60664,3.76911],[96.60637,3.76948],[96.60659,3.77012],[96.60763,3.77102],[96.6083,3.77187],[96.60857,3.77283],[96.60856,3.77328],[96.6084,3.7736],[96.60825,3.77376],[96.60801,3.77376],[96.60777,3.77343],[96.60736,3.77182],[96.60712,3.77162],[96.60673,3.77171],[96.60645,3.7721],[96.60635,3.77288],[96.60647,3.77343],[96.60688,3.77419],[96.60728,3.77459],[96.60788,3.77483],[96.61006,3.77471],[96.61026,3.77485],[96.61012,3.77546],[96.60855,3.7768],[96.60839,3.77732],[96.60863,3.77788],[96.60949,3.77852],[96.60977,3.77892],[96.61025,3.78126],[96.61056,3.78199],[96.61087,3.78222],[96.61123,3.78226],[96.61166,3.78213],[96.61184,3.78194],[96.61186,3.7816],[96.61106,3.78073],[96.61095,3.78016],[96.61132,3.77913],[96.61222,3.77876],[96.61245,3.77929],[96.61286,3.77976],[96.61395,3.7803],[96.6144,3.7808],[96.61499,3.78217],[96.61658,3.78497],[96.61729,3.7854],[96.61808,3.78538],[96.61864,3.78566],[96.6188,3.7862],[96.61881,3.78716],[96.61992,3.79017],[96.61985,3.79042],[96.61961,3.79062],[96.61907,3.79082],[96.61853,3.79125],[96.61839,3.79184],[96.6185,3.79302],[96.61814,3.79369],[96.61765,3.794],[96.61669,3.79429],[96.61617,3.79475],[96.61531,3.79521],[96.61411,3.79532],[96.61364,3.79557],[96.61363,3.79604],[96.61379,3.79638],[96.61441,3.79672],[96.61489,3.79661],[96.6156,3.79611],[96.61596,3.79607],[96.61614,3.79619],[96.61614,3.79648],[96.61561,3.79781],[96.61564,3.79898],[96.61552,3.79929],[96.61513,3.79947],[96.61444,3.79942],[96.61383,3.79855],[96.61267,3.79764],[96.61219,3.79762],[96.61177,3.79819],[96.61188,3.79903],[96.61231,3.79965],[96.61292,3.79982],[96.61391,3.79978],[96.6144,3.80019],[96.61439,3.80055],[96.61418,3.80081],[96.61294,3.80105],[96.61272,3.80127],[96.61254,3.80179],[96.6126,3.80239],[96.6129,3.80318],[96.61374,3.8042],[96.61392,3.80477],[96.61299,3.81005],[96.61267,3.81061],[96.61191,3.81081],[96.61142,3.81056],[96.61076,3.80969],[96.61036,3.8095],[96.6089,3.81038],[96.60874,3.81074],[96.6089,3.81165],[96.6083,3.81282],[96.60825,3.81346],[96.60792,3.81425],[96.60808,3.815],[96.60917,3.81572],[96.60972,3.81667],[96.6105,3.81737],[96.61072,3.81774],[96.61043,3.818],[96.61,3.818],[96.60865,3.81697],[96.60762,3.81671],[96.60717,3.81696],[96.60651,3.8179],[96.60615,3.81817],[96.60561,3.81825],[96.6045,3.81784],[96.6039,3.81798],[96.60375,3.81835],[96.60383,3.81861],[96.60416,3.81915],[96.60484,3.81963],[96.60484,3.81998],[96.60441,3.82073],[96.60317,3.82174],[96.60309,3.82218],[96.60435,3.82461],[96.60432,3.82499],[96.60376,3.8251],[96.6028,3.82496],[96.60208,3.82529],[96.60179,3.82526],[96.60143,3.82471],[96.60116,3.82312],[96.60083,3.82285],[96.60027,3.82298],[96.59932,3.82348],[96.59911,3.82392],[96.59924,3.82451],[96.59959,3.82485],[96.60054,3.82526],[96.6008,3.82567],[96.60077,3.82593],[96.60009,3.82605],[96.599,3.82549],[96.59838,3.82547],[96.59786,3.82579],[96.59739,3.82643],[96.59737,3.82663],[96.59748,3.82703],[96.59851,3.82776],[96.59854,3.82809],[96.59836,3.82827],[96.59781,3.82842],[96.59661,3.82817],[96.59587,3.8286],[96.59476,3.82867],[96.59447,3.82884],[96.59411,3.82966],[96.59371,3.83009],[96.59296,3.83029],[96.59188,3.8301],[96.59141,3.83033],[96.59142,3.83095],[96.59198,3.832],[96.59199,3.83278],[96.59148,3.83391],[96.59097,3.83448],[96.59027,3.83468],[96.58909,3.83465],[96.58869,3.83452],[96.58837,3.83414],[96.5882,3.83285],[96.58796,3.83234],[96.58721,3.83173],[96.58676,3.83158],[96.58659,3.83174],[96.58627,3.83271],[96.58513,3.83322],[96.5847,3.83377],[96.58475,3.83433],[96.58569,3.83523],[96.58584,3.83568],[96.58456,3.83712],[96.58444,3.83792],[96.58455,3.83862],[96.58483,3.8387],[96.58514,3.83846],[96.58578,3.83741],[96.58608,3.83713],[96.58686,3.83701],[96.58859,3.83767],[96.58929,3.83868],[96.58925,3.83915],[96.58885,3.83945],[96.58851,3.83938],[96.58771,3.83884],[96.58748,3.83877],[96.58712,3.83891],[96.58631,3.84042],[96.58492,3.84139],[96.58478,3.84182],[96.58553,3.84256],[96.58573,3.84293],[96.58575,3.8434],[96.58552,3.84428],[96.58573,3.84478],[96.58642,3.84476],[96.5872,3.844],[96.58777,3.84386],[96.58888,3.84429],[96.58962,3.84474],[96.58984,3.84501],[96.58986,3.84525],[96.58973,3.84541],[96.58872,3.84573],[96.58836,3.84645],[96.58837,3.84693],[96.58891,3.84835],[96.58889,3.84885],[96.58858,3.84981],[96.58863,3.85052],[96.5891,3.85099],[96.59032,3.85102],[96.59133,3.85132],[96.59181,3.85167],[96.59191,3.85212],[96.59197,3.85481],[96.59134,3.85499],[96.59004,3.85459],[96.58961,3.85485],[96.5895,3.85511],[96.58949,3.85562],[96.58983,3.85602],[96.59061,3.85652],[96.59155,3.85669],[96.59181,3.85702],[96.59175,3.85758],[96.59058,3.85871],[96.59055,3.85917],[96.59112,3.86018],[96.59152,3.8605],[96.59201,3.8605],[96.59262,3.86004],[96.59326,3.85999],[96.59366,3.86057],[96.59408,3.86188],[96.59508,3.8627],[96.59516,3.86315],[96.59499,3.86351],[96.59476,3.86375],[96.5936,3.86409],[96.59338,3.86447],[96.59351,3.86483],[96.59396,3.86504],[96.59534,3.86462],[96.59574,3.86466],[96.59628,3.86515],[96.59666,3.86612],[96.59674,3.86691],[96.59652,3.86715],[96.59522,3.86726],[96.5946,3.86766],[96.59441,3.86886],[96.59416,3.86948],[96.59378,3.87004],[96.59311,3.87047],[96.59322,3.871],[96.59337,3.87111],[96.59376,3.8711],[96.59481,3.86993],[96.59518,3.86982],[96.59542,3.86994],[96.59538,3.87068],[96.59484,3.87156],[96.59469,3.87205],[96.59504,3.87411],[96.59545,3.87464],[96.59586,3.87471],[96.59623,3.87457],[96.59658,3.87343],[96.59695,3.87302],[96.59762,3.87303],[96.59782,3.87336],[96.59776,3.87391],[96.597,3.87581],[96.59639,3.87606],[96.59504,3.87591],[96.59477,3.87606],[96.59461,3.87635],[96.59462,3.87665],[96.59477,3.87693],[96.5953,3.87713],[96.59628,3.87697],[96.59679,3.87672],[96.59756,3.87672],[96.59786,3.87696],[96.59803,3.87743],[96.59795,3.87783],[96.59742,3.87863],[96.59749,3.87905],[96.59809,3.87919],[96.59904,3.87867],[96.59994,3.87848],[96.60017,3.8786],[96.60072,3.87933],[96.60098,3.87984],[96.60104,3.88083],[96.60089,3.88128],[96.5996,3.88127],[96.59858,3.88065],[96.59793,3.8807],[96.59745,3.88131],[96.59768,3.88276],[96.59757,3.88306],[96.59719,3.8832],[96.59587,3.88309],[96.59577,3.88329],[96.59593,3.88365],[96.59746,3.88391],[96.59767,3.88434],[96.59745,3.8848],[96.59624,3.88584],[96.5961,3.88666],[96.59633,3.88704],[96.59737,3.88721],[96.59818,3.88767],[96.59936,3.88893],[96.60037,3.88943],[96.60148,3.89078],[96.6015,3.89104],[96.60106,3.89119],[96.60065,3.89114],[96.59968,3.89053],[96.59907,3.89056],[96.59854,3.89089],[96.59833,3.89115],[96.59813,3.89188],[96.59822,3.89218],[96.59857,3.89243],[96.60082,3.89185],[96.6015,3.89202],[96.60182,3.89244],[96.60127,3.89296],[96.60067,3.89314],[96.60005,3.89355],[96.59964,3.89357],[96.59895,3.89312],[96.59866,3.89306],[96.59843,3.89312],[96.59834,3.89353],[96.59863,3.89389],[96.59937,3.89408],[96.59982,3.89434],[96.60065,3.89541],[96.60092,3.89557],[96.60135,3.89565],[96.60184,3.89541],[96.60226,3.89536],[96.60374,3.89601],[96.60381,3.89674],[96.60344,3.89774],[96.60358,3.89843],[96.60463,3.8997],[96.60491,3.90158],[96.60515,3.90178],[96.60582,3.90199],[96.60618,3.90251],[96.60612,3.90305],[96.60556,3.90371],[96.60534,3.90427],[96.60539,3.90485],[96.6057,3.9056],[96.60561,3.90623],[96.60478,3.90682],[96.60335,3.90736],[96.60314,3.90781],[96.60333,3.90819],[96.60354,3.90821],[96.6043,3.90789],[96.60496,3.90793],[96.60565,3.90871],[96.60649,3.91026],[96.60712,3.91061],[96.60767,3.91046],[96.60836,3.90937],[96.60896,3.9093],[96.60927,3.90978],[96.60934,3.91069],[96.60971,3.91099],[96.60995,3.91102],[96.61021,3.91076],[96.61015,3.90937],[96.61061,3.90734],[96.61092,3.90725],[96.6113,3.90751],[96.61111,3.90874],[96.6113,3.90934],[96.61199,3.91002],[96.61244,3.91015],[96.61268,3.91004],[96.61282,3.90966],[96.61233,3.90876],[96.61237,3.90832],[96.61255,3.90805],[96.61293,3.90793],[96.61311,3.908],[96.61378,3.909],[96.61409,3.90902],[96.61415,3.90792],[96.61429,3.90758],[96.61488,3.9072],[96.61553,3.9072],[96.61699,3.90803],[96.61722,3.90825],[96.61731,3.90856],[96.61712,3.90982],[96.61714,3.91109],[96.61724,3.91168],[96.61755,3.91208],[96.61754,3.91257],[96.61627,3.91392],[96.61619,3.91443],[96.61634,3.91479],[96.61676,3.91494],[96.61751,3.9144],[96.61856,3.91396],[96.61896,3.91365],[96.61903,3.91328],[96.61894,3.91304],[96.61796,3.91202],[96.61789,3.91135],[96.61815,3.91082],[96.61841,3.91082],[96.61863,3.91103],[96.61885,3.91188],[96.61916,3.91223],[96.62003,3.91253],[96.62099,3.91248],[96.62128,3.91273],[96.62155,3.91422],[96.62136,3.9154],[96.62167,3.91578],[96.62256,3.91612],[96.62264,3.91666],[96.6225,3.91741],[96.62187,3.91773],[96.6204,3.91787],[96.62006,3.91766],[96.61962,3.91662],[96.61925,3.9165],[96.61909,3.9166],[96.6187,3.91759],[96.61822,3.91819],[96.61835,3.91892],[96.61864,3.91936],[96.619,3.91932],[96.61904,3.9184],[96.61926,3.91819],[96.61968,3.91822],[96.62006,3.91881],[96.62032,3.91993],[96.61986,3.92121],[96.62,3.92132],[96.6211,3.92101],[96.62162,3.92112],[96.62172,3.92129],[96.62149,3.92154],[96.62068,3.92168],[96.62029,3.92193],[96.62011,3.92266],[96.62042,3.92318],[96.62039,3.92339],[96.62,3.92352],[96.61962,3.92299],[96.61926,3.92287],[96.61911,3.92296],[96.6186,3.92403],[96.61759,3.9249],[96.61667,3.92549],[96.61657,3.92586],[96.61674,3.92638],[96.61763,3.9268],[96.61779,3.92721],[96.61764,3.92777],[96.61675,3.92839],[96.61666,3.92889],[96.61687,3.92919],[96.61739,3.9292],[96.61789,3.92901],[96.61839,3.92846],[96.61879,3.92852],[96.6192,3.92911],[96.61783,3.92964],[96.61762,3.93004],[96.61767,3.93042],[96.61839,3.93075],[96.61889,3.93072],[96.61902,3.93136],[96.61922,3.93161],[96.61952,3.93169],[96.62071,3.93153],[96.6211,3.93177],[96.62134,3.93219],[96.62147,3.9329],[96.62119,3.93352],[96.62031,3.93468],[96.61953,3.93501],[96.61985,3.93617],[96.61933,3.93707],[96.61944,3.93738],[96.61986,3.93744],[96.62132,3.93644],[96.62173,3.9363],[96.62155,3.93721],[96.61998,3.93791],[96.61995,3.9382],[96.62017,3.93833],[96.62224,3.93836],[96.62223,3.93865],[96.62144,3.93989],[96.62192,3.9412],[96.62216,3.94144],[96.62247,3.94141],[96.62273,3.94123],[96.62278,3.94066],[96.62295,3.94045],[96.62362,3.94079],[96.62433,3.9408],[96.62478,3.94119],[96.62485,3.94149],[96.62474,3.94176],[96.6239,3.94145],[96.6235,3.94162],[96.62317,3.94205],[96.62299,3.94329],[96.62272,3.94391],[96.6228,3.94415],[96.62309,3.94443],[96.62374,3.94461],[96.62418,3.94529],[96.6245,3.94538],[96.62475,3.94518],[96.62463,3.94382],[96.62495,3.94343],[96.62504,3.94285],[96.62517,3.94269],[96.62559,3.94258],[96.62622,3.94286],[96.62698,3.94284],[96.62793,3.94367],[96.62806,3.94393],[96.62793,3.94453],[96.62826,3.94522],[96.62749,3.94581],[96.62737,3.94615],[96.62755,3.94643],[96.62811,3.9466],[96.62827,3.94682],[96.62768,3.94732],[96.62754,3.94822],[96.62691,3.9493],[96.62712,3.95011],[96.62908,3.95226],[96.63163,3.95587],[96.63214,3.95627],[96.63336,3.95659],[96.6343,3.9575],[96.63409,3.95787],[96.63348,3.95823],[96.63291,3.9589],[96.63245,3.95923],[96.63241,3.95957],[96.63259,3.96002],[96.63243,3.96078],[96.6318,3.96109],[96.63154,3.96148],[96.63096,3.96178],[96.63094,3.96219],[96.6319,3.96344],[96.63331,3.96377],[96.63397,3.96442],[96.63406,3.96491],[96.63473,3.96505],[96.63499,3.96537],[96.63527,3.96548],[96.63544,3.96613],[96.63606,3.96588],[96.63612,3.96656],[96.63626,3.96675],[96.63642,3.96672],[96.63664,3.96645],[96.63695,3.96661],[96.63747,3.96652],[96.63773,3.96673],[96.6377,3.96726],[96.63795,3.96763],[96.63925,3.96781],[96.63965,3.96831],[96.64002,3.9684],[96.64023,3.9687],[96.64001,3.96941],[96.64005,3.96979],[96.64083,3.97065],[96.64112,3.97053],[96.64155,3.97008],[96.64147,3.9696],[96.64168,3.96961],[96.64198,3.96988],[96.6423,3.9699],[96.64279,3.96973],[96.64314,3.96938],[96.64412,3.96952],[96.64542,3.96888],[96.64579,3.96895],[96.64657,3.97009],[96.64716,3.97029],[96.64773,3.97018],[96.64867,3.96932],[96.64996,3.96915],[96.65063,3.96915],[96.65128,3.96933],[96.65236,3.9703],[96.65296,3.97051],[96.65407,3.97042],[96.65451,3.97],[96.65528,3.96989],[96.65538,3.97011],[96.65541,3.97115],[96.65597,3.97184],[96.65644,3.97212],[96.65717,3.9723],[96.65739,3.97227],[96.65769,3.97201],[96.65851,3.97226],[96.65944,3.97336],[96.6598,3.97356],[96.6605,3.97368],[96.66083,3.97392],[96.66101,3.97436],[96.66091,3.97486],[96.66265,3.97671],[96.66391,3.97727],[96.66492,3.97745],[96.6655,3.97868],[96.66577,3.98039],[96.66605,3.98046],[96.66768,3.98013],[96.66854,3.97981],[96.66909,3.98065],[96.66945,3.98091],[96.67,3.98116],[96.6709,3.98113],[96.67162,3.98093],[96.6719,3.98062],[96.67232,3.97961],[96.67263,3.97943],[96.67295,3.97946],[96.67326,3.97977],[96.67388,3.98116],[96.67446,3.98173],[96.67525,3.98214],[96.67555,3.98203],[96.67574,3.98159],[96.67609,3.98169],[96.67653,3.98272],[96.67655,3.9841],[96.67668,3.98466],[96.67797,3.98571],[96.67849,3.98633],[96.679,3.98664],[96.67959,3.98667],[96.68016,3.98651],[96.68124,3.98449],[96.68149,3.98432],[96.68287,3.98442],[96.68352,3.9841],[96.68428,3.98346],[96.68611,3.98344],[96.68668,3.98448],[96.68662,3.9855],[96.68582,3.987],[96.68491,3.98795],[96.68442,3.98879],[96.68448,3.98907],[96.68511,3.98934],[96.68804,3.99014],[96.69021,3.99025],[96.69074,3.9901],[96.69245,3.98907],[96.69506,3.98793],[96.69657,3.98744],[96.69709,3.98707],[96.69743,3.98714],[96.69819,3.98783],[96.6991,3.9878],[96.69943,3.98848],[96.69959,3.98957],[96.69894,3.99042],[96.69779,3.99127],[96.69765,3.99153],[96.69767,3.99192],[96.69804,3.99206],[96.69849,3.99199],[96.69909,3.99165],[96.69938,3.99123],[96.69968,3.99124],[96.70087,3.99244],[96.70429,3.99497],[96.70465,3.99509],[96.70633,3.99475],[96.70665,3.99485],[96.70676,3.99503],[96.70627,3.99646],[96.70618,3.99855],[96.70629,3.99932],[96.70585,4.0],[96.70595,4.00076],[96.70612,4.00106],[96.70635,4.00115],[96.70714,4.00078],[96.70735,4.00098],[96.70743,4.00137],[96.70727,4.00183],[96.70616,4.00243],[96.70603,4.00269],[96.70627,4.00501],[96.70644,4.00538],[96.70686,4.00572],[96.70726,4.00568],[96.7084,4.00465],[96.70864,4.00427],[96.70896,4.00424],[96.70989,4.00538],[96.71082,4.00574],[96.71152,4.00622],[96.71226,4.00802],[96.71261,4.00836],[96.71308,4.00854],[96.71399,4.00859],[96.71556,4.0096],[96.71623,4.00969],[96.71692,4.00931],[96.71723,4.0094],[96.7175,4.00965],[96.71748,4.0101],[96.71702,4.01076],[96.71693,4.01114],[96.71717,4.01149],[96.71782,4.01195],[96.71789,4.01233],[96.71781,4.01263],[96.71739,4.01317],[96.7172,4.01414],[96.71663,4.01465],[96.71646,4.015],[96.71658,4.01558],[96.7172,4.01617],[96.71721,4.01673],[96.717,4.01687],[96.71596,4.0169],[96.71588,4.01831],[96.71552,4.01894],[96.71419,4.02015],[96.71289,4.02155],[96.71288,4.02172],[96.71429,4.02332],[96.71465,4.02335],[96.71541,4.023],[96.71584,4.02314],[96.71692,4.02401],[96.71749,4.02501],[96.7179,4.02547],[96.72003,4.02584],[96.72095,4.02669],[96.7221,4.02904],[96.72229,4.03014],[96.72262,4.03093],[96.72318,4.03169],[96.72376,4.03218],[96.72667,4.03666],[96.72724,4.03768],[96.72775,4.03966],[96.72759,4.04063],[96.72614,4.04237],[96.72568,4.04315],[96.72529,4.04429],[96.72516,4.04573],[96.72511,4.04735],[96.72528,4.0481],[96.72563,4.04878],[96.72682,4.04994],[96.72714,4.05056],[96.72677,4.05188],[96.72669,4.05302],[96.72756,4.05542],[96.72767,4.05749],[96.72757,4.05857],[96.72639,4.06198],[96.72641,4.06282],[96.72672,4.06363],[96.72632,4.06484],[96.72565,4.0661],[96.722,4.0723],[96.72039,4.07631],[96.71947,4.07753],[96.71892,4.07878],[96.71909,4.07987],[96.72021,4.0826],[96.72144,4.0838],[96.72153,4.0848],[96.7212,4.08593],[96.72113,4.0871],[96.72211,4.09055],[96.72381,4.09404],[96.72388,4.09372],[96.72415,4.09344],[96.72493,4.09314],[96.72577,4.093],[96.72619,4.09314],[96.72712,4.09453],[96.72743,4.09471],[96.72813,4.09461],[96.72918,4.09413]]]}},{"type":"Feature","properties":{"nama":"Aceh Besar","provinsi":"Aceh","sumber":"Batas_Kab"},"geometry":{"type":"Polygon","coordinates":[[[95.20726,5.27931],[95.20739,5.27865],[95.20705,5.27716],[95.20736,5.27571],[95.20628,5.27434],[95.20532,5.27452],[95.20502,5.27554],[95.20465,5.27553],[95.20416,5.27525],[95.20365,5.27544],[95.20312,5.27529],[95.20329,5.2757],[95.20294,5.27577],[95.20256,5.27547],[95.20246,5.27589],[95.20211,5.27593],[95.2021,5.27612],[95.20249,5.27651],[95.20245,5.27707],[95.2027,5.27745],[95.2022,5.27838],[95.20237,5.27864],[95.20196,5.27902],[95.20251,5.27917],[95.20323,5.28031],[95.20398,5.28067],[95.20477,5.2808],[95.20522,5.28074],[95.20726,5.27931]]]}},{"type":"Feature","properties":{"nama":"Aceh Besar","provinsi":"Aceh","sumber":"Batas_Kab"},"geometry":{"type":"Polygon","coordinates":[[[95.20865,5.3045],[95.209,5.3045],[95.20921,5.30436],[95.20922,5.30384],[95.20897,5.30361],[95.20874,5.30379],[95.20851,5.30438],[95.20865,5.3045]]]}},{"type":"Feature","properties":{"nama":"Aceh Besar","provinsi":"Aceh","sumber":"Batas_Kab"},"geometry":{"type":"Polygon","coordinates":[[[95.20744,5.3053],[95.20701,5.30569],[95.20701,5.306],[95.20714,5.30614],[95.20758,5.30549],[95.20744,5.3053]]]}},{"type":"Feature","properties":{"nama":"Aceh Besar","provinsi":"Aceh","sumber":"Batas_Kab"},"geometry":{"type":"Polygon","coordinates":[[[95.20728,5.30617],[95.20723,5.30654],[95.2074,5.30667],[95.20753,5.30634],[95.20728,5.30617]]]}},{"type":"Feature","properties":{"nama":"Aceh Besar","provinsi":"Aceh","sumber":"Batas_Kab"},"geometry":{"type":"Polygon","coordinates":[[[95.20615,5.30928],[95.20692,5.30912],[95.20714,5.3089],[95.20719,5.30855],[95.20682,5.30781],[95.20629,5.30817],[95.20608,5.30894],[95.20585,5.30929],[95.20588,5.30952],[95.20615,5.30928]]]}},{"type":"Feature","properties":{"nama":"Aceh Besar","provinsi":"Aceh","sumber":"Batas_Kab"},"geometry":{"type":"Polygon","coordinates":[[[95.21981,5.31173],[95.21973,5.31187],[95.21982,5.31211],[95.22013,5.31218],[95.22013,5.312],[95.21981,5.31173]]]}},{"type":"Feature","properties":{"nama":"Aceh Besar","provinsi":"Aceh","sumber":"Batas_Kab"},"geometry":{"type":"Polygon","coordinates":[[[95.20401,5.31276],[95.204,5.3124],[95.20372,5.31228],[95.20374,5.31268],[95.20326,5.31256],[95.20308,5.31312],[95.20353,5.31341],[95.20401,5.31276]]]}},{"type":"Feature","properties":{"nama":"Aceh Besar","provinsi":"Aceh","sumber":"Batas_Kab"},"geometry":{"type":"Polygon","coordinates":[[[95.22683,5.3463],[95.22683,5.3463],[95.22683,5.3463],[95.22683,5.3463]]]}},{"type":"Feature","properties":{"nama":"Aceh Besar","provinsi":"Aceh","sumber":"Batas_Kab"},"geometry":{"type":"Polygon","coordinates":[[[95.21796,5.35166],[95.2182,5.35154],[95.21796,5.35146],[95.21796,5.35166]]]}},{"type":"Feature","properties":{"nama":"Aceh Besar","provinsi":"Aceh","sumber":"Batas_Kab"},"geometry":{"type":"Polygon","coordinates":[[[95.23107,5.43439],[95.23117,5.43428],[95.23105,5.43429],[95.23107,5.43439]]]}},{"type":"Feature","properties":{"nama":"Aceh Besar","provinsi":"Aceh","sumber":"Batas_Kab"},"geometry":{"type":"Polygon","coordinates":[[[95.22964,5.49268],[95.22964,5.49268],[95.22964,5.49268],[95.22964,5.49268]]]}},{"type":"Feature","properties":{"nama":"Aceh Besar","provinsi":"Aceh","sumber":"Batas_Kab"},"geometry":{"type":"Polygon","coordinates":[[[95.15084,5.55226],[95.15053,5.55188],[95.14998,5.55199],[95.15084,5.55226]]]}},{"type":"Feature","properties":{"nama":"Aceh Besar","provinsi":"Aceh","sumber":"Batas_Kab"},"geometry":{"type":"Polygon","coordinates":[[[95.16962,5.56149],[95.1729,5.56137],[95.17408,5.56095],[95.1751,5.56079],[95.17563,5.56052],[95.1774,5.55903],[95.17702,5.55852],[95.17614,5.55784],[95.17548,5.55698],[95.17408,5.55564],[95.17362,5.55495],[95.17341,5.55415],[95.17321,5.55386],[95.16987,5.55121],[95.16786,5.55036],[95.16684,5.55036],[95.16342,5.55151],[95.15685,5.55322],[95.15609,5.55326],[95.1546,5.55301],[95.15411,5.55274],[95.15352,5.55319],[95.15337,5.55315],[95.1533,5.55334],[95.15299,5.55307],[95.15307,5.55349],[95.1538,5.55388],[95.15409,5.55439],[95.15406,5.55473],[95.15456,5.55476],[95.15481,5.55491],[95.1556,5.55487],[95.15724,5.55579],[95.15816,5.55614],[95.15963,5.55639],[95.16199,5.55711],[95.16316,5.55762],[95.16454,5.55859],[95.16774,5.56203],[95.16801,5.56204],[95.16962,5.56149]]]}},{"type":"Feature","properties":{"nama":"Aceh Besar","provinsi":"Aceh","sumber":"Batas_Kab"},"geometry":{"type":"Polygon","coordinates":[[[95.16707,5.56323],[95.16785,5.56328],[95.16774,5.56319],[95.16794,5.56302],[95.16733,5.56295],[95.16707,5.56323]]]}},{"type":"Feature","properties":{"nama":"Aceh Besar","provinsi":"Aceh","sumber":"Batas_Kab"},"geometry":{"type":"Polygon","coordinates":[[[95.24981,5.5642],[95.24924,5.56423],[95.24922,5.56473],[95.2494,5.56484],[95.25006,5.56478],[95.25009,5.56447],[95.24981,5.5642]]]}},{"type":"Feature","properties":{"nama":"Aceh Besar","provinsi":"Aceh","sumber":"Batas_Kab"},"geometry":{"type":"Polygon","coordinates":[[[95.18086,5.57361],[95.17956,5.57333],[95.17957,5.57356],[95.17903,5.57363],[95.1804,5.57413],[95.18133,5.57429],[95.18131,5.57385],[95.18086,5.57361]]]}},{"type":"Feature","properties":{"nama":"Aceh Besar","provinsi":"Aceh","sumber":"Batas_Kab"},"geometry":{"type":"Polygon","coordinates":[[[95.21553,5.57879],[95.21519,5.5789],[95.21504,5.57921],[95.2156,5.57904],[95.21553,5.57879]]]}},{"type":"Feature","properties":{"nama":"Aceh Besar","provinsi":"Aceh","sumber":"Batas_Kab"},"geometry":{"type":"Polygon","coordinates":[[[95.22075,5.57829],[95.22098,5.57823],[95.22055,5.57753],[95.22081,5.57696],[95.2206,5.57686],[95.21976,5.57702],[95.21976,5.57716],[95.21957,5.57728],[95.21941,5.57722],[95.21927,5.57745],[95.21735,5.57789],[95.21672,5.57846],[95.21683,5.5787],[95.21655,5.579],[95.21654,5.57929],[95.21683,5.57955],[95.21671,5.57986],[95.21681,5.57996],[95.21678,5.58037],[95.21787,5.58001],[95.2183,5.57967],[95.21964,5.57943],[95.22007,5.57916],[95.22075,5.57829]]]}},{"type":"Feature","properties":{"nama":"Aceh Besar","provinsi":"Aceh","sumber":"Batas_Kab"},"geometry":{"type":"Polygon","coordinates":[[[95.21548,5.58035],[95.21596,5.58037],[95.2163,5.58006],[95.21593,5.58004],[95.21548,5.58035]]]}},{"type":"Feature","properties":{"nama":"Aceh Besar","provinsi":"Aceh","sumber":"Batas_Kab"},"geometry":{"type":"Polygon","coordinates":[[[95.20218,5.58278],[95.2034,5.58233],[95.2046,5.58241],[95.20551,5.58219],[95.20592,5.58223],[95.20735,5.58186],[95.20752,5.58195],[95.20828,5.58145],[95.20903,5.58128],[95.20937,5.58133],[95.20994,5.58104],[95.21063,5.581],[95.21194,5.58035],[95.21223,5.58043],[95.21259,5.58024],[95.21272,5.58046],[95.21403,5.58053],[95.21453,5.58017],[95.21475,5.57969],[95.21439,5.57957],[95.21441,5.57937],[95.21371,5.57937],[95.21285,5.57908],[95.21115,5.5793],[95.21075,5.57923],[95.20996,5.57873],[95.20892,5.57867],[95.20882,5.5788],[95.20856,5.57876],[95.20848,5.57911],[95.20798,5.57905],[95.20774,5.57931],[95.20677,5.57906],[95.20574,5.57949],[95.20483,5.57935],[95.20417,5.57942],[95.20178,5.57925],[95.20125,5.57913],[95.2008,5.57874],[95.19955,5.5784],[95.19891,5.57791],[95.19772,5.57779],[95.19672,5.57754],[95.19591,5.57693],[95.19554,5.57706],[95.19484,5.57706],[95.19174,5.57665],[95.19105,5.57592],[95.19011,5.5755],[95.1894,5.57543],[95.18926,5.57576],[95.18889,5.57597],[95.18711,5.57588],[95.18678,5.57564],[95.18666,5.57467],[95.1863,5.57451],[95.18358,5.57403],[95.18332,5.57408],[95.18319,5.57432],[95.18274,5.5745],[95.18319,5.57499],[95.18339,5.57489],[95.18372,5.57509],[95.18378,5.57531],[95.18349,5.57554],[95.18415,5.57566],[95.18435,5.57588],[95.1849,5.57589],[95.18526,5.5762],[95.18546,5.57616],[95.18642,5.57686],[95.18651,5.57727],[95.18754,5.57773],[95.18788,5.5781],[95.18884,5.57842],[95.19099,5.57951],[95.19146,5.57959],[95.1926,5.58023],[95.19601,5.58117],[95.19814,5.58159],[95.20166,5.58284],[95.20218,5.58278]]]}},{"type":"Feature","properties":{"nama":"Aceh Besar","provinsi":"Aceh","sumber":"Batas_Kab"},"geometry":{"type":"Polygon","coordinates":[[[95.05837,5.60801],[95.05807,5.60779],[95.0577,5.60791],[95.05844,5.60838],[95.05837,5.60801]]]}},{"type":"Feature","properties":{"nama":"Aceh Besar","provinsi":"Aceh","sumber":"Batas_Kab"},"geometry":{"type":"Polygon","coordinates":[[[95.05836,5.60855],[95.05848,5.60853],[95.05806,5.6084],[95.05779,5.60859],[95.05839,5.60907],[95.05873,5.60877],[95.05836,5.60855]]]}},{"type":"Feature","properties":{"nama":"Aceh Besar","provinsi":"Aceh","sumber":"Batas_Kab"},"geometry":{"type":"Polygon","coordinates":[[[95.06069,5.60973],[95.0605,5.61],[95.0605,5.61035],[95.06076,5.6101],[95.06069,5.60973]]]}},{"type":"Feature","properties":{"nama":"Aceh Besar","provinsi":"Aceh","sumber":"Batas_Kab"},"geometry":{"type":"Polygon","coordinates":[[[95.05966,5.6089],[95.05911,5.60899],[95.05891,5.60918],[95.05906,5.60971],[95.0589,5.61013],[95.05891,5.61072],[95.05932,5.61098],[95.05955,5.61091],[95.06009,5.61014],[95.05997,5.60978],[95.06013,5.60955],[95.05985,5.60902],[95.05966,5.6089]]]}},{"type":"Feature","properties":{"nama":"Aceh Besar","provinsi":"Aceh","sumber":"Batas_Kab"},"geometry":{"type":"Polygon","coordinates":[[[95.06173,5.61187],[95.06196,5.61189],[95.0624,5.61166],[95.06252,5.61121],[95.06281,5.61113],[95.06273,5.61072],[95.06282,5.61022],[95.06139,5.60994],[95.06051,5.61047],[95.06041,5.61091],[95.06064,5.61097],[95.0604,5.61111],[95.06047,5.61172],[95.06099,5.61215],[95.06173,5.61187]]]}},{"type":"Feature","properties":{"nama":"Aceh Besar","provinsi":"Aceh","sumber":"Batas_Kab"},"geometry":{"type":"Polygon","coordinates":[[[95.06195,5.61333],[95.06156,5.61334],[95.06123,5.6137],[95.06138,5.61425],[95.06177,5.61472],[95.06188,5.61467],[95.06192,5.61423],[95.06222,5.6139],[95.06195,5.61333]]]}},{"type":"Feature","properties":{"nama":"Aceh Besar","provinsi":"Aceh","sumber":"Batas_Kab"},"geometry":{"type":"Polygon","coordinates":[[[95.53243,5.6175],[95.53251,5.61743],[95.53226,5.61712],[95.53214,5.61733],[95.53243,5.6175]]]}},{"type":"Feature","properties":{"nama":"Aceh Besar","provinsi":"Aceh","sumber":"Batas_Kab"},"geometry":{"type":"Polygon","coordinates":[[[95.05046,5.62369],[95.05094,5.62382],[95.05094,5.62366],[95.05066,5.62355],[95.05046,5.62369]]]}},{"type":"Feature","properties":{"nama":"Aceh Besar","provinsi":"Aceh","sumber":"Batas_Kab"},"geometry":{"type":"Polygon","coordinates":[[[95.05141,5.62524],[95.05134,5.62486],[95.05105,5.62477],[95.05105,5.6252],[95.05141,5.62524]]]}},{"type":"Feature","properties":{"nama":"Aceh Besar","provinsi":"Aceh","sumber":"Batas_Kab"},"geometry":{"type":"Polygon","coordinates":[[[95.1683,5.64154],[95.16811,5.64167],[95.16807,5.64187],[95.16831,5.64257],[95.16912,5.64279],[95.16931,5.64274],[95.16944,5.64227],[95.16936,5.64188],[95.1683,5.64154]]]}},{"type":"Feature","properties":{"nama":"Aceh Besar","provinsi":"Aceh","sumber":"Batas_Kab"},"geometry":{"type":"Polygon","coordinates":[[[95.07876,5.64399],[95.07932,5.64365],[95.08045,5.64378],[95.08073,5.6435],[95.08128,5.6433],[95.0827,5.64307],[95.08349,5.64274],[95.08391,5.64234],[95.08498,5.64241],[95.08513,5.64221],[95.08517,5.64119],[95.08547,5.64095],[95.0864,5.64061],[95.08647,5.64047],[95.08624,5.63989],[95.08597,5.63964],[95.08584,5.63834],[95.08495,5.63788],[95.0843,5.63727],[95.08346,5.6369],[95.08312,5.63637],[95.08251,5.636],[95.08173,5.63501],[95.08118,5.63481],[95.08107,5.63456],[95.08111,5.63408],[95.08041,5.63325],[95.07987,5.63299],[95.07917,5.63294],[95.07849,5.6333],[95.07812,5.63375],[95.07699,5.63414],[95.07656,5.63413],[95.07564,5.63376],[95.07407,5.63206],[95.07328,5.63179],[95.0722,5.63114],[95.07132,5.62984],[95.07038,5.62947],[95.06942,5.62891],[95.06897,5.62854],[95.06836,5.62776],[95.0674,5.62722],[95.0665,5.62698],[95.06508,5.62624],[95.06283,5.62569],[95.06138,5.62513],[95.06086,5.62424],[95.06111,5.6226],[95.06077,5.62225],[95.05841,5.62238],[95.05802,5.6226],[95.05705,5.6226],[95.05654,5.62233],[95.05621,5.62118],[95.05556,5.621],[95.05413,5.62137],[95.05338,5.62201],[95.05252,5.62222],[95.05215,5.62244],[95.05168,5.62248],[95.05118,5.62279],[95.05118,5.62302],[95.05139,5.62322],[95.05127,5.62346],[95.05122,5.6243],[95.05141,5.62479],[95.0527,5.62633],[95.05274,5.62691],[95.05227,5.62757],[95.05241,5.6282],[95.05275,5.62877],[95.05241,5.62882],[95.0523,5.62902],[95.05282,5.62945],[95.05287,5.62963],[95.05248,5.6298],[95.05241,5.6301],[95.05294,5.63064],[95.05412,5.63126],[95.05412,5.63159],[95.05456,5.63212],[95.05478,5.6328],[95.05511,5.63319],[95.05507,5.6339],[95.05529,5.63435],[95.05531,5.63472],[95.05657,5.63634],[95.05696,5.63667],[95.05861,5.63756],[95.05976,5.63771],[95.05923,5.63904],[95.05956,5.63922],[95.06012,5.63914],[95.0602,5.6386],[95.06064,5.63811],[95.06073,5.63745],[95.06145,5.63686],[95.06235,5.63695],[95.06267,5.63706],[95.06273,5.6372],[95.06296,5.63715],[95.06531,5.63755],[95.06633,5.63792],[95.06917,5.63985],[95.06993,5.64019],[95.07015,5.64068],[95.07031,5.64048],[95.07133,5.64093],[95.07213,5.64156],[95.07443,5.64218],[95.07484,5.64248],[95.07519,5.64352],[95.07586,5.64392],[95.07704,5.64399],[95.07775,5.64428],[95.07865,5.64438],[95.07881,5.6443],[95.07876,5.64399]]]}},{"type":"Feature","properties":{"nama":"Aceh Besar","provinsi":"Aceh","sumber":"Batas_Kab"},"geometry":{"type":"Polygon","coordinates":[[[95.4318,5.65653],[95.43855,5.65645],[95.43995,5.65617],[95.44202,5.65553],[95.44572,5.65388],[95.4485,5.65286],[95.45137,5.65236],[95.45282,5.65227],[95.45471,5.65183],[95.45563,5.65133],[95.45598,5.65091],[95.46217,5.64663],[95.46457,5.64472],[95.4654,5.64337],[95.46542,5.6431],[95.46528,5.64293],[95.46557,5.64216],[95.46706,5.63999],[95.46849,5.63874],[95.47232,5.63427],[95.47414,5.63241],[95.47411,5.63226],[95.47442,5.632],[95.47473,5.63134],[95.47539,5.63073],[95.47735,5.62818],[95.48011,5.62408],[95.48076,5.62284],[95.48096,5.62198],[95.48205,5.62063],[95.48227,5.61948],[95.48283,5.61932],[95.48324,5.61864],[95.48324,5.61833],[95.48443,5.61679],[95.48486,5.61641],[95.48491,5.61621],[95.48631,5.61503],[95.48734,5.61372],[95.48763,5.61315],[95.48813,5.61261],[95.4886,5.61237],[95.48908,5.61171],[95.49133,5.60933],[95.49143,5.60901],[95.49175,5.6089],[95.49599,5.60487],[95.49735,5.60385],[95.49828,5.60296],[95.50111,5.60106],[95.50377,5.59962],[95.50575,5.59881],[95.50852,5.59815],[95.50921,5.59808],[95.50964,5.59823],[95.51267,5.59781],[95.51371,5.59699],[95.51383,5.59671],[95.51372,5.59625],[95.5141,5.59605],[95.51415,5.59577],[95.51505,5.59535],[95.5154,5.59538],[95.51615,5.59508],[95.51793,5.59476],[95.51987,5.5947],[95.52029,5.59456],[95.52149,5.595],[95.52407,5.59534],[95.52487,5.59568],[95.52597,5.59661],[95.52711,5.59708],[95.52737,5.59743],[95.52825,5.59786],[95.52864,5.5983],[95.52885,5.59831],[95.52897,5.59857],[95.52969,5.59885],[95.53055,5.59965],[95.53106,5.60074],[95.53136,5.60218],[95.53129,5.60263],[95.531,5.60302],[95.53046,5.60432],[95.52915,5.60595],[95.52917,5.6073],[95.52964,5.60808],[95.53002,5.60918],[95.53006,5.60981],[95.52999,5.61025],[95.52956,5.61052],[95.52928,5.61152],[95.52899,5.61207],[95.5299,5.61363],[95.53131,5.61432],[95.53154,5.61459],[95.53321,5.6122],[95.53488,5.61089],[95.53574,5.61052],[95.53711,5.61029],[95.5387,5.61021],[95.54033,5.61071],[95.54115,5.61123],[95.54153,5.61167],[95.54176,5.61218],[95.54139,5.6128],[95.54163,5.61308],[95.54168,5.61385],[95.54282,5.61508],[95.54294,5.61554],[95.54309,5.61565],[95.54296,5.61596],[95.54347,5.61676],[95.54357,5.61641],[95.54383,5.61639],[95.54454,5.61674],[95.5446,5.61635],[95.54412,5.61584],[95.54434,5.61548],[95.54429,5.61513],[95.54408,5.61501],[95.54408,5.61486],[95.54426,5.61469],[95.5445,5.6147],[95.54479,5.61415],[95.54566,5.61377],[95.54837,5.61348],[95.5501,5.61379],[95.55115,5.61367],[95.55351,5.6138],[95.55432,5.61365],[95.55566,5.6139],[95.55885,5.61413],[95.56012,5.61404],[95.56077,5.61418],[95.56251,5.61501],[95.56406,5.61536],[95.56652,5.61645],[95.56907,5.61689],[95.57011,5.61677],[95.57098,5.61684],[95.5724,5.61747],[95.57339,5.61743],[95.57663,5.61811],[95.57746,5.61804],[95.58019,5.61705],[95.58231,5.61707],[95.5851,5.61794],[95.58575,5.61843],[95.58692,5.61968],[95.58866,5.62058],[95.59062,5.62205],[95.59141,5.62284],[95.59335,5.62348],[95.59692,5.62533],[95.59953,5.6261],[95.60016,5.62617],[95.6016,5.62603],[95.60259,5.62624],[95.60432,5.62742],[95.60851,5.62766],[95.60955,5.62785],[95.61065,5.62779],[95.61175,5.62742],[95.61234,5.62685],[95.61309,5.62645],[95.61402,5.62627],[95.61444,5.62656],[95.61529,5.62629],[95.61552,5.62537],[95.61486,5.62364],[95.61486,5.62321],[95.61503,5.62283],[95.61817,5.61993],[95.62057,5.61833],[95.62202,5.6177],[95.62335,5.61738],[95.62513,5.61711],[95.62792,5.61711],[95.63005,5.61678],[95.63023,5.61659],[95.6299,5.61596],[95.63034,5.61548],[95.63173,5.61574],[95.63125,5.61598],[95.63039,5.61574],[95.63111,5.61616],[95.63174,5.61602],[95.6323,5.61562],[95.6324,5.6148],[95.63297,5.61411],[95.63431,5.61295],[95.63711,5.61131],[95.63782,5.61076],[95.638,5.61021],[95.63825,5.6103],[95.6386,5.61023],[95.63916,5.60969],[95.64223,5.60742],[95.64616,5.60486],[95.64939,5.60309],[95.65046,5.60279],[95.65322,5.60079],[95.65735,5.59833],[95.66261,5.59533],[95.66562,5.59379],[95.67107,5.59141],[95.67517,5.58982],[95.67944,5.58834],[95.68212,5.58667],[95.68582,5.58484],[95.68916,5.58358],[95.69253,5.5827],[95.69575,5.58227],[95.69774,5.58243],[95.69844,5.58232],[95.69981,5.58149],[95.70149,5.58127],[95.70205,5.58096],[95.70218,5.58038],[95.70271,5.57955],[95.7033,5.57969],[95.70488,5.57931],[95.70867,5.57878],[95.71476,5.57907],[95.71521,5.57894],[95.7155,5.57847],[95.71663,5.57855],[95.71761,5.57824],[95.719,5.57807],[95.72556,5.57643],[95.72937,5.576],[95.73007,5.57561],[95.73044,5.57499],[95.73097,5.57464],[95.73498,5.57339],[95.73629,5.57322],[95.73844,5.57264],[95.7416,5.57135],[95.74278,5.57057],[95.74331,5.56993],[95.74467,5.56939],[95.74455,5.56871],[95.74358,5.56611],[95.74336,5.56405],[95.74225,5.56164],[95.7418,5.55975],[95.7391,5.55793],[95.73677,5.55516],[95.73293,5.54958],[95.73246,5.54781],[95.73096,5.54512],[95.72868,5.54219],[95.72769,5.53147],[95.72782,5.52851],[95.72528,5.52334],[95.72682,5.52153],[95.72854,5.52011],[95.73108,5.51841],[95.73304,5.51743],[95.73724,5.5162],[95.73729,5.51263],[95.73693,5.51091],[95.73385,5.50847],[95.73067,5.50619],[95.72818,5.50477],[95.72693,5.50266],[95.72601,5.50047],[95.72756,5.49671],[95.72891,5.49198],[95.73303,5.48804],[95.73742,5.48504],[95.74036,5.48268],[95.74401,5.48035],[95.74622,5.47991],[95.75,5.48021],[95.75175,5.47943],[95.75283,5.47917],[95.7541,5.47853],[95.75618,5.47665],[95.7574,5.47463],[95.75905,5.47288],[95.76063,5.47168],[95.76419,5.46756],[95.76305,5.46492],[95.7619,5.46415],[95.75958,5.46088],[95.7594,5.45718],[95.76018,5.45586],[95.76101,5.45583],[95.76176,5.45553],[95.7619,5.45528],[95.76185,5.45469],[95.76137,5.4542],[95.76132,5.45332],[95.7611,5.45252],[95.76114,5.45163],[95.76162,5.45087],[95.76108,5.44929],[95.7609,5.4468],[95.76093,5.44459],[95.76103,5.44433],[95.76224,5.44458],[95.76287,5.44504],[95.76293,5.44544],[95.76228,5.44646],[95.76226,5.44695],[95.7626,5.44764],[95.76287,5.44776],[95.76345,5.44757],[95.76458,5.44756],[95.76483,5.44907],[95.76447,5.44966],[95.7645,5.44982],[95.76502,5.45033],[95.76595,5.45095],[95.76602,5.45128],[95.7653,5.45247],[95.76527,5.4527],[95.7655,5.45314],[95.76737,5.45466],[95.76758,5.45469],[95.77023,5.45372],[95.77171,5.45356],[95.77187,5.45372],[95.77194,5.45447],[95.77159,5.45479],[95.77158,5.45508],[95.77304,5.45518],[95.77485,5.45628],[95.77606,5.4554],[95.77676,5.45456],[95.77671,5.45418],[95.77722,5.4525],[95.77722,5.45211],[95.77701,5.45161],[95.77706,5.45144],[95.77746,5.45119],[95.77746,5.45098],[95.77704,5.45065],[95.77699,5.4504],[95.77756,5.45011],[95.77799,5.44941],[95.77825,5.44939],[95.77838,5.44923],[95.77793,5.44828],[95.77807,5.44756],[95.7783,5.44726],[95.77867,5.44707],[95.77943,5.44701],[95.77903,5.44629],[95.77928,5.44597],[95.77952,5.4446],[95.7803,5.44265],[95.78032,5.44068],[95.77901,5.43889],[95.77837,5.43769],[95.77702,5.43633],[95.77639,5.43507],[95.77327,5.43232],[95.76967,5.43101],[95.76841,5.43094],[95.76591,5.43111],[95.7641,5.43088],[95.76262,5.43084],[95.75882,5.43124],[95.7585,5.43072],[95.75699,5.42699],[95.75633,5.42474],[95.75585,5.4223],[95.75372,5.42],[95.7533,5.41862],[95.75311,5.41759],[95.75314,5.41613],[95.75347,5.41456],[95.75409,5.41198],[95.75513,5.40992],[95.75726,5.40804],[95.76755,5.40346],[95.76705,5.40183],[95.7667,5.40121],[95.76542,5.39967],[95.76499,5.39885],[95.76461,5.39775],[95.76419,5.39517],[95.76382,5.39417],[95.76263,5.39346],[95.75926,5.39191],[95.75866,5.39135],[95.75772,5.38923],[95.75738,5.3871],[95.7571,5.38394],[95.75631,5.38152],[95.75615,5.37976],[95.75625,5.37737],[95.75695,5.37511],[95.75861,5.37137],[95.76011,5.36979],[95.76098,5.36856],[95.76052,5.36683],[95.76048,5.36605],[95.76,5.36461],[95.75971,5.36439],[95.75926,5.36334],[95.75849,5.36213],[95.75615,5.36069],[95.75375,5.36012],[95.75245,5.36028],[95.75082,5.3608],[95.74958,5.35911],[95.74903,5.35761],[95.74903,5.35627],[95.74947,5.35383],[95.74952,5.35288],[95.74981,5.35195],[95.7505,5.35084],[95.75147,5.34846],[95.75162,5.34772],[95.75169,5.34607],[95.75132,5.34411],[95.75091,5.34318],[95.74821,5.33865],[95.7477,5.33683],[95.74715,5.33357],[95.74706,5.33085],[95.74779,5.32363],[95.74847,5.31887],[95.74899,5.31693],[95.75,5.31599],[95.75136,5.31503],[95.75272,5.31457],[95.75432,5.31433],[95.75828,5.315],[95.76016,5.31467],[95.76178,5.31458],[95.76297,5.31407],[95.76603,5.31188],[95.767,5.31068],[95.76762,5.30948],[95.76807,5.30754],[95.76783,5.30669],[95.76755,5.30629],[95.76692,5.30572],[95.76601,5.30521],[95.76441,5.30511],[95.76291,5.30534],[95.76088,5.30524],[95.75951,5.30456],[95.75871,5.30365],[95.75825,5.30262],[95.75813,5.30097],[95.75846,5.29931],[95.76004,5.29574],[95.76117,5.29405],[95.7619,5.29358],[95.76262,5.29287],[95.7638,5.29075],[95.76485,5.28978],[95.76979,5.28725],[95.77215,5.2862],[95.77573,5.28493],[95.78643,5.28311],[95.78768,5.28277],[95.7887,5.28225],[95.79106,5.2807],[95.7914,5.28013],[95.79179,5.27829],[95.79171,5.27549],[95.7914,5.27414],[95.79083,5.27323],[95.78985,5.27235],[95.7887,5.27048],[95.78801,5.269],[95.78778,5.26814],[95.78789,5.26643],[95.78724,5.26267],[95.78678,5.26125],[95.78592,5.25965],[95.78478,5.2588],[95.78358,5.25841],[95.78022,5.2582],[95.77829,5.2582],[95.77732,5.25809],[95.77595,5.25764],[95.77532,5.25725],[95.77486,5.25668],[95.77451,5.25508],[95.77476,5.2534],[95.77535,5.25228],[95.77664,5.25094],[95.77977,5.24706],[95.78201,5.24459],[95.78271,5.24321],[95.78353,5.24058],[95.78423,5.23778],[95.78429,5.23323],[95.78586,5.22763],[95.78628,5.22511],[95.78703,5.22245],[95.78921,5.21705],[95.79021,5.21563],[95.79149,5.21341],[95.79376,5.21023],[95.79596,5.20817],[95.79944,5.20453],[95.80405,5.201],[95.80475,5.20008],[95.80554,5.19849],[95.80711,5.19589],[95.80789,5.19489],[95.8093,5.19327],[95.81095,5.19211],[95.81158,5.19149],[95.81192,5.19078],[95.81324,5.1889],[95.81829,5.18353],[95.82144,5.18055],[95.82525,5.17536],[95.82732,5.17289],[95.82827,5.17155],[95.83261,5.16468],[95.83359,5.15942],[95.83506,5.15332],[95.83563,5.15156],[95.83634,5.14993],[95.83893,5.1445],[95.83992,5.14149],[95.84041,5.13894],[95.84068,5.13609],[95.84001,5.13364],[95.83879,5.13039],[95.83745,5.1281],[95.83464,5.12402],[95.83351,5.12202],[95.83182,5.1176],[95.83119,5.1164],[95.83017,5.11131],[95.82827,5.10585],[95.82768,5.1036],[95.82453,5.09355],[95.82389,5.09228],[95.82195,5.08697],[95.82161,5.08635],[95.82073,5.08547],[95.82015,5.08527],[95.81807,5.08503],[95.81448,5.084],[95.808,5.08329],[95.80148,5.07984],[95.79902,5.07935],[95.79852,5.07952],[95.79578,5.08116],[95.79457,5.08133],[95.79249,5.08105],[95.78711,5.07873],[95.78569,5.07678],[95.78506,5.0764],[95.78414,5.07603],[95.78106,5.07529],[95.77806,5.07372],[95.7739,5.07181],[95.77151,5.07154],[95.77043,5.07212],[95.77013,5.07216],[95.7684,5.07104],[95.76614,5.06929],[95.76524,5.06799],[95.76457,5.06635],[95.76358,5.06505],[95.756,5.06583],[95.75103,5.06589],[95.74874,5.06547],[95.74656,5.0648],[95.74433,5.06248],[95.743,5.06059],[95.73608,5.05413],[95.73482,5.05329],[95.73355,5.05296],[95.72985,5.05272],[95.72859,5.0529],[95.72733,5.05324],[95.72347,5.0546],[95.71952,5.05487],[95.71531,5.05455],[95.71245,5.05381],[95.70975,5.05264],[95.70613,5.05198],[95.70546,5.05198],[95.70479,5.05224],[95.70362,5.05308],[95.70311,5.05351],[95.70177,5.05512],[95.69968,5.05673],[95.69691,5.05817],[95.6959,5.05851],[95.69019,5.0598],[95.68767,5.06015],[95.68069,5.06043],[95.67791,5.06019],[95.67472,5.06037],[95.6722,5.06081],[95.65665,5.06424],[95.64993,5.06646],[95.64825,5.06715],[95.64347,5.06978],[95.63987,5.07292],[95.6387,5.0741],[95.63452,5.08028],[95.6336,5.08222],[95.63143,5.08771],[95.6301,5.09168],[95.63279,5.09586],[95.63517,5.09871],[95.63733,5.10212],[95.64013,5.10514],[95.64065,5.10894],[95.63709,5.11723],[95.63571,5.12001],[95.63309,5.12313],[95.63179,5.12678],[95.63413,5.13228],[95.6348,5.13435],[95.63544,5.13552],[95.6385,5.13935],[95.64007,5.14019],[95.64155,5.14066],[95.64359,5.14454],[95.64301,5.14679],[95.64022,5.14881],[95.63501,5.15511],[95.63311,5.15819],[95.63067,5.15966],[95.62697,5.16107],[95.62548,5.16186],[95.6239,5.16294],[95.62218,5.16476],[95.62171,5.16607],[95.62215,5.16721],[95.62204,5.16903],[95.62154,5.17215],[95.62144,5.17446],[95.6205,5.17696],[95.61949,5.18025],[95.61896,5.18316],[95.61787,5.18561],[95.61637,5.18815],[95.61609,5.18884],[95.61544,5.18952],[95.61425,5.1904],[95.61229,5.19111],[95.61032,5.19087],[95.60444,5.19149],[95.60031,5.19125],[95.59939,5.19134],[95.59847,5.1916],[95.59712,5.19219],[95.59536,5.1938],[95.59478,5.19456],[95.59419,5.19566],[95.59278,5.19963],[95.58942,5.20568],[95.58842,5.20703],[95.58777,5.2086],[95.58249,5.2093],[95.58045,5.20921],[95.57894,5.2093],[95.57246,5.21064],[95.57059,5.20963],[95.56832,5.20953],[95.56402,5.21028],[95.56209,5.20961],[95.55932,5.2082],[95.55293,5.20839],[95.55128,5.20794],[95.54918,5.20653],[95.54544,5.20581],[95.54363,5.20791],[95.54103,5.21044],[95.53928,5.21249],[95.53741,5.21335],[95.53611,5.2142],[95.53366,5.21702],[95.53187,5.21693],[95.52669,5.21456],[95.52547,5.21376],[95.52443,5.21363],[95.52317,5.21422],[95.52196,5.21521],[95.5198,5.21644],[95.51706,5.21754],[95.51256,5.2181],[95.51117,5.21797],[95.51022,5.21806],[95.50878,5.21798],[95.50116,5.21966],[95.5,5.22016],[95.49866,5.2202],[95.49759,5.22003],[95.49418,5.2186],[95.49259,5.21772],[95.49148,5.21682],[95.4893,5.21429],[95.48801,5.21315],[95.48619,5.21187],[95.48447,5.21137],[95.48363,5.21134],[95.48168,5.21162],[95.48043,5.21159],[95.47686,5.21063],[95.47512,5.211],[95.4724,5.21191],[95.4702,5.21345],[95.46982,5.21389],[95.46912,5.214],[95.4681,5.21374],[95.46608,5.21253],[95.46436,5.21058],[95.46308,5.21032],[95.4618,5.21104],[95.45921,5.21396],[95.45816,5.2156],[95.45708,5.2168],[95.45611,5.21763],[95.45426,5.2187],[95.45249,5.21923],[95.44983,5.21932],[95.44724,5.21989],[95.44532,5.22076],[95.44166,5.22138],[95.44043,5.22199],[95.4372,5.22415],[95.43538,5.22437],[95.4329,5.22436],[95.43164,5.22411],[95.43054,5.22361],[95.42949,5.22286],[95.42861,5.22265],[95.4261,5.2235],[95.42314,5.22485],[95.42092,5.22503],[95.41937,5.22286],[95.41603,5.22029],[95.41272,5.21888],[95.4099,5.21798],[95.40857,5.21682],[95.40382,5.21388],[95.40271,5.21259],[95.40148,5.21253],[95.401,5.21354],[95.4005,5.21572],[95.39937,5.21841],[95.39853,5.21925],[95.39785,5.21916],[95.39665,5.21845],[95.3952,5.21938],[95.39411,5.22063],[95.39252,5.22334],[95.39197,5.22478],[95.39225,5.22607],[95.39211,5.22701],[95.39164,5.22752],[95.39108,5.22944],[95.38995,5.23068],[95.39032,5.2325],[95.3901,5.23338],[95.38913,5.23365],[95.38685,5.23398],[95.38541,5.23547],[95.38389,5.23643],[95.38164,5.23747],[95.37951,5.23935],[95.37837,5.24175],[95.37797,5.24319],[95.37809,5.24372],[95.37787,5.24523],[95.37738,5.24664],[95.37614,5.24899],[95.37444,5.25123],[95.37185,5.25329],[95.37079,5.25375],[95.3674,5.25429],[95.36638,5.2542],[95.3649,5.25391],[95.36244,5.25319],[95.35948,5.25227],[95.35809,5.25167],[95.35728,5.25066],[95.35493,5.24861],[95.35372,5.24825],[95.35286,5.24771],[95.35187,5.24632],[95.35089,5.24585],[95.3498,5.24581],[95.34833,5.24555],[95.34783,5.24522],[95.34751,5.24457],[95.34756,5.24278],[95.34774,5.24083],[95.34822,5.23836],[95.3491,5.23519],[95.34913,5.23433],[95.34876,5.23364],[95.34675,5.23293],[95.34459,5.23239],[95.34001,5.23029],[95.33766,5.23012],[95.33616,5.23069],[95.33443,5.23058],[95.33323,5.22983],[95.33172,5.2279],[95.32953,5.22611],[95.32805,5.22561],[95.32642,5.22525],[95.32533,5.22478],[95.32476,5.22416],[95.32475,5.22333],[95.32619,5.219],[95.32825,5.21497],[95.32899,5.21412],[95.33173,5.20821],[95.33195,5.20577],[95.33188,5.20472],[95.33114,5.20242],[95.33102,5.20118],[95.33061,5.20007],[95.33052,5.19887],[95.33138,5.19726],[95.33162,5.19487],[95.33141,5.19384],[95.32963,5.19095],[95.32927,5.18814],[95.3286,5.1861],[95.33008,5.18319],[95.33232,5.18013],[95.33209,5.17895],[95.33,5.17818],[95.32711,5.17735],[95.32582,5.17671],[95.32463,5.17576],[95.32201,5.17462],[95.31967,5.17281],[95.31871,5.17231],[95.31629,5.17178],[95.31489,5.17173],[95.31266,5.17028],[95.31177,5.16955],[95.31104,5.16872],[95.31017,5.16851],[95.3091,5.1679],[95.30826,5.16759],[95.30738,5.16776],[95.30709,5.16802],[95.30718,5.16815],[95.30685,5.16836],[95.30682,5.16901],[95.30665,5.16948],[95.30521,5.17177],[95.30386,5.17346],[95.30293,5.17506],[95.30134,5.17699],[95.30029,5.17855],[95.30003,5.17873],[95.30001,5.17923],[95.29827,5.18145],[95.29638,5.18363],[95.29163,5.18965],[95.28891,5.19264],[95.28682,5.19454],[95.28506,5.19564],[95.28412,5.19658],[95.28261,5.1974],[95.28075,5.19821],[95.27892,5.19875],[95.27676,5.19984],[95.27511,5.20006],[95.27374,5.19994],[95.27062,5.19855],[95.27019,5.19859],[95.26902,5.19911],[95.26709,5.20134],[95.2673,5.20212],[95.26724,5.20271],[95.2662,5.20439],[95.26547,5.20504],[95.26387,5.20564],[95.26374,5.20606],[95.26423,5.20716],[95.26419,5.20798],[95.26389,5.2086],[95.2629,5.20962],[95.2625,5.21054],[95.26169,5.21133],[95.2614,5.21192],[95.26133,5.21301],[95.26091,5.21398],[95.25808,5.21712],[95.25743,5.2175],[95.25531,5.21958],[95.25503,5.22018],[95.25434,5.22084],[95.25349,5.2215],[95.25249,5.222],[95.25092,5.22224],[95.24993,5.22218],[95.24943,5.22197],[95.24716,5.22313],[95.24664,5.22327],[95.24604,5.22324],[95.24561,5.22305],[95.2452,5.22316],[95.24434,5.22296],[95.24395,5.22303],[95.24296,5.22247],[95.24318,5.22193],[95.24306,5.22162],[95.24244,5.22169],[95.24226,5.22216],[95.24208,5.22219],[95.24218,5.22268],[95.2418,5.22281],[95.24176,5.22323],[95.24143,5.22344],[95.24163,5.22379],[95.24139,5.22426],[95.24168,5.22416],[95.24196,5.22382],[95.24206,5.22386],[95.24162,5.22436],[95.24144,5.22485],[95.24164,5.22545],[95.24163,5.22583],[95.24194,5.22576],[95.2424,5.22515],[95.24254,5.22533],[95.24282,5.22529],[95.24302,5.22564],[95.24352,5.22597],[95.2444,5.22622],[95.24515,5.2261],[95.24627,5.22611],[95.24706,5.22644],[95.24801,5.22649],[95.24843,5.22747],[95.24903,5.22794],[95.24851,5.22743],[95.24836,5.22692],[95.24887,5.22648],[95.24947,5.22647],[95.25009,5.22616],[95.25037,5.22623],[95.2504,5.22649],[95.25069,5.2267],[95.25101,5.22662],[95.2515,5.22686],[95.2528,5.22822],[95.25333,5.22985],[95.25362,5.23199],[95.25381,5.23207],[95.25388,5.23253],[95.25354,5.23336],[95.25341,5.23342],[95.25333,5.23323],[95.2532,5.23326],[95.25299,5.23373],[95.2531,5.23413],[95.2533,5.23409],[95.25341,5.23385],[95.2536,5.23491],[95.25336,5.23732],[95.25292,5.23965],[95.25204,5.24196],[95.25143,5.24312],[95.25153,5.24344],[95.25136,5.24372],[95.25107,5.24381],[95.25066,5.24487],[95.24986,5.24601],[95.24943,5.24726],[95.24888,5.24827],[95.24799,5.24944],[95.2476,5.25055],[95.24579,5.25306],[95.24434,5.25452],[95.243,5.25553],[95.24162,5.25635],[95.24025,5.25677],[95.2378,5.2572],[95.23762,5.25689],[95.23707,5.25659],[95.23602,5.25557],[95.2364,5.2541],[95.23639,5.25322],[95.23591,5.25199],[95.23554,5.25193],[95.23533,5.25201],[95.23501,5.2528],[95.23496,5.25315],[95.23531,5.25417],[95.23493,5.25505],[95.23474,5.25524],[95.2346,5.25579],[95.23433,5.25599],[95.23412,5.25602],[95.23366,5.25561],[95.23343,5.2556],[95.23358,5.25701],[95.23343,5.25726],[95.23324,5.25718],[95.23307,5.25727],[95.23281,5.25813],[95.23294,5.25854],[95.23315,5.25875],[95.23401,5.25895],[95.23474,5.25934],[95.23464,5.26042],[95.23472,5.26115],[95.23492,5.26132],[95.2359,5.26145],[95.23618,5.26199],[95.23616,5.26235],[95.23638,5.2626],[95.23632,5.26281],[95.23643,5.26302],[95.23719,5.26296],[95.23745,5.26351],[95.23756,5.26351],[95.23816,5.26272],[95.23799,5.26236],[95.23811,5.26213],[95.23859,5.26186],[95.23874,5.26159],[95.23907,5.26155],[95.24025,5.26201],[95.24159,5.26315],[95.24333,5.26303],[95.24397,5.26391],[95.24444,5.26514],[95.2449,5.26525],[95.24528,5.26552],[95.24539,5.26545],[95.24539,5.26519],[95.24563,5.26512],[95.24588,5.26522],[95.24593,5.26549],[95.24621,5.26566],[95.24645,5.26472],[95.24677,5.26438],[95.24692,5.26467],[95.24678,5.26531],[95.24713,5.26674],[95.24721,5.26935],[95.24703,5.27087],[95.24637,5.27352],[95.24558,5.27521],[95.24433,5.27698],[95.24389,5.27789],[95.24326,5.27878],[95.24168,5.28007],[95.24105,5.28102],[95.2395,5.28221],[95.23857,5.28325],[95.23822,5.28298],[95.2379,5.28291],[95.23767,5.28305],[95.23673,5.28315],[95.23619,5.28346],[95.23567,5.28351],[95.23544,5.28375],[95.23473,5.28395],[95.23469,5.2841],[95.23434,5.28426],[95.23367,5.28419],[95.23304,5.28466],[95.23288,5.28529],[95.23287,5.28606],[95.23268,5.28641],[95.23155,5.2871],[95.23091,5.28781],[95.22997,5.28785],[95.22963,5.28836],[95.22896,5.28811],[95.22925,5.2878],[95.22926,5.28761],[95.2291,5.28729],[95.22902,5.28619],[95.22862,5.28485],[95.22866,5.28279],[95.22846,5.28286],[95.22773,5.282],[95.22737,5.2819],[95.22674,5.28204],[95.22648,5.28191],[95.2244,5.2798],[95.22268,5.27839],[95.22257,5.27654],[95.22272,5.27577],[95.22259,5.27369],[95.22058,5.27159],[95.2203,5.27155],[95.21995,5.27116],[95.21944,5.27092],[95.21945,5.27139],[95.21892,5.27147],[95.21871,5.27208],[95.21817,5.27207],[95.21719,5.2729],[95.21691,5.27394],[95.21702,5.27415],[95.21667,5.27408],[95.21622,5.27466],[95.21634,5.27517],[95.21597,5.27489],[95.2154,5.27489],[95.21524,5.27503],[95.21491,5.27491],[95.21507,5.27538],[95.21487,5.2756],[95.21487,5.276],[95.21442,5.27574],[95.21384,5.27587],[95.21207,5.27515],[95.21188,5.27523],[95.21184,5.27554],[95.21191,5.27574],[95.2122,5.2759],[95.21217,5.27628],[95.21251,5.27665],[95.2127,5.27662],[95.21298,5.27628],[95.21323,5.27627],[95.21432,5.27693],[95.21442,5.27746],[95.21531,5.27893],[95.21505,5.27997],[95.21508,5.28029],[95.21552,5.2805],[95.21571,5.28109],[95.21534,5.28168],[95.21545,5.28207],[95.21617,5.28258],[95.21679,5.28326],[95.21821,5.28345],[95.21862,5.2837],[95.21848,5.28422],[95.21886,5.28593],[95.21872,5.28632],[95.21816,5.28667],[95.21805,5.28694],[95.21892,5.28898],[95.21895,5.28954],[95.21934,5.2901],[95.21933,5.29035],[95.2197,5.29078],[95.2191,5.29637],[95.219,5.29648],[95.21908,5.29663],[95.219,5.2974],[95.21862,5.29877],[95.21779,5.29865],[95.2176,5.29874],[95.21706,5.29851],[95.21729,5.2989],[95.217,5.29909],[95.21696,5.29937],[95.21661,5.29982],[95.21663,5.30068],[95.21645,5.30072],[95.2162,5.30049],[95.21596,5.30046],[95.21586,5.30063],[95.21611,5.30126],[95.21548,5.30107],[95.21535,5.30113],[95.21559,5.3019],[95.21523,5.30246],[95.21536,5.30301],[95.21511,5.30386],[95.21474,5.30439],[95.21426,5.3045],[95.21356,5.30425],[95.2131,5.30372],[95.21297,5.30313],[95.21246,5.30268],[95.21244,5.30299],[95.213,5.30379],[95.21331,5.30514],[95.21342,5.30516],[95.21383,5.30479],[95.21402,5.30483],[95.21412,5.30507],[95.21395,5.30522],[95.21433,5.30575],[95.2144,5.30624],[95.21472,5.30654],[95.21499,5.30656],[95.21548,5.3073],[95.21599,5.30886],[95.21595,5.3094],[95.21567,5.31011],[95.21611,5.31055],[95.21584,5.31085],[95.21632,5.31139],[95.21674,5.31157],[95.21711,5.31128],[95.21728,5.31082],[95.21772,5.3107],[95.21871,5.31072],[95.21903,5.3108],[95.21926,5.31104],[95.21941,5.31041],[95.22153,5.311],[95.22231,5.31142],[95.22312,5.31223],[95.22373,5.31399],[95.22372,5.3146],[95.22341,5.31533],[95.22292,5.31524],[95.22223,5.31487],[95.22188,5.31499],[95.22248,5.3164],[95.2225,5.31675],[95.22237,5.31701],[95.22109,5.31679],[95.22067,5.31705],[95.22071,5.31749],[95.22003,5.31747],[95.22013,5.31768],[95.22096,5.31805],[95.22118,5.31831],[95.2219,5.31824],[95.22194,5.3184],[95.22162,5.3188],[95.22159,5.31905],[95.22169,5.31915],[95.22213,5.31907],[95.22229,5.31935],[95.22233,5.31975],[95.2221,5.32024],[95.22165,5.32053],[95.22102,5.32039],[95.22083,5.32086],[95.22049,5.32103],[95.21955,5.32056],[95.21938,5.32076],[95.21946,5.32112],[95.21913,5.32151],[95.21806,5.32087],[95.21752,5.3208],[95.2174,5.32112],[95.21749,5.32221],[95.21776,5.32219],[95.21802,5.32197],[95.21832,5.32201],[95.2185,5.32229],[95.21845,5.32281],[95.21863,5.32327],[95.21838,5.3236],[95.21832,5.32398],[95.21843,5.3242],[95.21857,5.3243],[95.21883,5.32414],[95.2194,5.32346],[95.21997,5.32313],[95.22035,5.32248],[95.22075,5.32247],[95.22113,5.32228],[95.22137,5.32193],[95.22152,5.32137],[95.22192,5.32101],[95.2231,5.32045],[95.22343,5.32047],[95.22376,5.32017],[95.22441,5.32],[95.22479,5.31976],[95.22489,5.31959],[95.22473,5.31933],[95.22477,5.31881],[95.22463,5.31849],[95.22545,5.31772],[95.22858,5.31627],[95.22884,5.31598],[95.23004,5.31552],[95.23092,5.31541],[95.23225,5.31566],[95.23319,5.31606],[95.23428,5.31682],[95.2354,5.31786],[95.2363,5.31901],[95.23639,5.31955],[95.2377,5.32171],[95.23836,5.32322],[95.23874,5.32459],[95.23879,5.32552],[95.23862,5.32618],[95.23784,5.32588],[95.23696,5.3262],[95.23727,5.32682],[95.23725,5.32698],[95.23709,5.32705],[95.23718,5.32717],[95.23711,5.32737],[95.23752,5.3279],[95.23758,5.32821],[95.23751,5.32872],[95.23722,5.32907],[95.23718,5.32954],[95.23689,5.33002],[95.23689,5.33038],[95.2365,5.33071],[95.23623,5.33067],[95.23546,5.33014],[95.23532,5.32979],[95.23508,5.32979],[95.23516,5.33033],[95.23469,5.33046],[95.23462,5.33096],[95.23438,5.33122],[95.23398,5.33118],[95.23371,5.33145],[95.23182,5.33179],[95.23146,5.33245],[95.23055,5.33264],[95.23056,5.33312],[95.22986,5.3343],[95.2294,5.3365],[95.22835,5.3385],[95.22816,5.33911],[95.22714,5.34033],[95.22642,5.34058],[95.22612,5.34049],[95.22576,5.34069],[95.22568,5.34092],[95.22584,5.34125],[95.22475,5.3422],[95.22294,5.343],[95.22227,5.34285],[95.22204,5.34297],[95.22177,5.3439],[95.22189,5.34457],[95.22251,5.34498],[95.22334,5.34473],[95.22448,5.34462],[95.22577,5.34498],[95.22628,5.34534],[95.22655,5.34582],[95.2265,5.346],[95.22708,5.34656],[95.22704,5.34694],[95.22753,5.34787],[95.22733,5.34826],[95.22699,5.34844],[95.22702,5.3489],[95.22717,5.34922],[95.22731,5.34921],[95.22763,5.34949],[95.22776,5.3498],[95.22751,5.35132],[95.22746,5.35381],[95.22844,5.35621],[95.22883,5.3576],[95.2284,5.35809],[95.22844,5.35869],[95.22882,5.35904],[95.22946,5.35932],[95.22983,5.35982],[95.2299,5.36119],[95.23001,5.36141],[95.2299,5.3623],[95.23057,5.3609],[95.23065,5.35952],[95.23084,5.35883],[95.23116,5.35862],[95.231,5.35856],[95.23082,5.3581],[95.23085,5.35739],[95.23167,5.35627],[95.23249,5.35579],[95.23293,5.35518],[95.23325,5.35437],[95.23339,5.3527],[95.23409,5.3508],[95.23388,5.3505],[95.23293,5.35043],[95.23282,5.3503],[95.23349,5.34788],[95.23327,5.34745],[95.23327,5.3467],[95.23387,5.34489],[95.23467,5.34356],[95.23547,5.34254],[95.23548,5.34215],[95.23578,5.34178],[95.23601,5.34193],[95.23661,5.34172],[95.23802,5.34025],[95.23826,5.3403],[95.23902,5.3401],[95.23969,5.33932],[95.24061,5.33866],[95.24159,5.33924],[95.24227,5.34011],[95.2433,5.34055],[95.24211,5.34245],[95.24197,5.34312],[95.24159,5.34325],[95.24151,5.34407],[95.24163,5.34451],[95.24126,5.34552],[95.24132,5.34578],[95.24108,5.34603],[95.24121,5.34663],[95.24097,5.34679],[95.24071,5.34676],[95.24051,5.34713],[95.24029,5.34685],[95.23993,5.34693],[95.24013,5.34738],[95.24056,5.34766],[95.24052,5.34779],[95.24019,5.34792],[95.24034,5.34893],[95.24006,5.34957],[95.24131,5.3511],[95.24116,5.35143],[95.24108,5.35227],[95.24202,5.35487],[95.24169,5.3554],[95.24173,5.35578],[95.24199,5.35592],[95.24237,5.35591],[95.24276,5.35651],[95.24249,5.35582],[95.24322,5.35498],[95.24293,5.35598],[95.24331,5.35523],[95.24402,5.35602],[95.24407,5.35634],[95.24382,5.35709],[95.24413,5.35787],[95.24411,5.35833],[95.24435,5.3592],[95.24438,5.36054],[95.24425,5.36089],[95.24459,5.36125],[95.24431,5.36169],[95.24444,5.36197],[95.24468,5.36185],[95.24466,5.36234],[95.2457,5.36425],[95.2448,5.3656],[95.24482,5.36622],[95.24501,5.36661],[95.24613,5.36766],[95.2478,5.36603],[95.24842,5.36575],[95.24946,5.36632],[95.25017,5.36707],[95.25102,5.36856],[95.25136,5.36978],[95.25185,5.3743],[95.25179,5.37478],[95.2515,5.37535],[95.25176,5.37548],[95.25225,5.37533],[95.25262,5.37594],[95.25235,5.37607],[95.25265,5.37607],[95.25277,5.37636],[95.25294,5.38134],[95.25263,5.38167],[95.25274,5.38211],[95.25306,5.38225],[95.25291,5.3839],[95.25238,5.38845],[95.25001,5.40233],[95.24921,5.40521],[95.24891,5.40676],[95.24688,5.41371],[95.24616,5.41539],[95.24597,5.41552],[95.24553,5.417],[95.24326,5.4222],[95.24235,5.42502],[95.24135,5.42652],[95.23972,5.42811],[95.23845,5.42877],[95.23706,5.42904],[95.23571,5.42893],[95.2345,5.42825],[95.23447,5.42797],[95.23517,5.42722],[95.23471,5.42583],[95.23456,5.42559],[95.23436,5.42558],[95.23364,5.42641],[95.23299,5.42684],[95.23269,5.42749],[95.23269,5.42796],[95.23342,5.42884],[95.23303,5.42989],[95.23267,5.43017],[95.2318,5.43007],[95.23167,5.43023],[95.23168,5.43069],[95.23156,5.43085],[95.23123,5.43102],[95.2308,5.43172],[95.2296,5.4328],[95.23061,5.43346],[95.23113,5.43314],[95.23142,5.43326],[95.23172,5.43313],[95.23277,5.43352],[95.23382,5.43457],[95.23448,5.435],[95.23486,5.43502],[95.23512,5.43526],[95.23527,5.43584],[95.2352,5.43632],[95.23541,5.43718],[95.23556,5.43723],[95.23638,5.43665],[95.23666,5.4366],[95.23761,5.43703],[95.23788,5.43744],[95.23792,5.43767],[95.23773,5.43821],[95.23799,5.43907],[95.23875,5.43965],[95.23899,5.44036],[95.23884,5.44092],[95.23812,5.44138],[95.23903,5.44209],[95.23938,5.44196],[95.23956,5.44251],[95.23916,5.443],[95.23924,5.44333],[95.24059,5.44314],[95.24099,5.44344],[95.2414,5.44398],[95.24155,5.44458],[95.24228,5.44558],[95.24212,5.44645],[95.24216,5.44756],[95.24234,5.44829],[95.24195,5.44976],[95.24133,5.45018],[95.24084,5.45005],[95.24017,5.4503],[95.23878,5.45014],[95.23881,5.45036],[95.23827,5.45206],[95.23843,5.45226],[95.23869,5.45226],[95.23877,5.45176],[95.23866,5.45161],[95.23892,5.45112],[95.23895,5.45069],[95.23905,5.45046],[95.23937,5.45046],[95.24098,5.45068],[95.24122,5.45097],[95.24144,5.45091],[95.24179,5.45103],[95.24199,5.45127],[95.24194,5.45143],[95.24219,5.45137],[95.24201,5.45178],[95.24226,5.45211],[95.24224,5.45246],[95.24236,5.45263],[95.24305,5.45248],[95.24367,5.45203],[95.24376,5.45229],[95.24358,5.45295],[95.24391,5.45385],[95.24405,5.45512],[95.2439,5.45759],[95.24349,5.45979],[95.24266,5.46242],[95.24252,5.46274],[95.24233,5.4627],[95.24232,5.46323],[95.24217,5.46329],[95.242,5.46421],[95.24111,5.46645],[95.24086,5.46757],[95.24043,5.46864],[95.23921,5.4704],[95.23712,5.47198],[95.23599,5.47335],[95.23506,5.47324],[95.23483,5.47337],[95.23604,5.47347],[95.23555,5.47444],[95.23445,5.47442],[95.23453,5.47454],[95.23536,5.47458],[95.23542,5.47492],[95.23463,5.47674],[95.23467,5.47813],[95.23454,5.47902],[95.23374,5.48065],[95.23309,5.48139],[95.23209,5.48199],[95.23049,5.48228],[95.22969,5.48258],[95.22838,5.48327],[95.22774,5.48346],[95.22699,5.48397],[95.22663,5.48385],[95.22655,5.4837],[95.22643,5.48395],[95.22681,5.48412],[95.22634,5.48467],[95.22563,5.48454],[95.22564,5.48401],[95.2263,5.48386],[95.22632,5.48376],[95.22574,5.48379],[95.22516,5.48444],[95.22463,5.48529],[95.22446,5.48655],[95.22456,5.48652],[95.2246,5.48581],[95.22483,5.4851],[95.2252,5.48502],[95.22672,5.48709],[95.22796,5.48768],[95.22857,5.48821],[95.22919,5.48913],[95.22944,5.48975],[95.22973,5.49124],[95.22967,5.49271],[95.22935,5.49434],[95.22855,5.49632],[95.22762,5.49722],[95.22711,5.49647],[95.22658,5.49652],[95.2265,5.4967],[95.22663,5.49719],[95.22628,5.49826],[95.22633,5.49885],[95.22569,5.49938],[95.22407,5.49932],[95.22263,5.49896],[95.22107,5.49831],[95.22018,5.49824],[95.21848,5.49841],[95.21739,5.4987],[95.21653,5.49942],[95.21561,5.49955],[95.21537,5.49993],[95.21502,5.50018],[95.2145,5.50022],[95.21401,5.50002],[95.21375,5.50005],[95.21302,5.50097],[95.21024,5.50286],[95.21012,5.50299],[95.2101,5.50334],[95.2103,5.50354],[95.20942,5.50405],[95.20922,5.50429],[95.21001,5.50533],[95.21006,5.50561],[95.20988,5.50628],[95.2095,5.50697],[95.2084,5.50992],[95.20778,5.51091],[95.20601,5.51346],[95.20471,5.51442],[95.20464,5.51503],[95.20448,5.51535],[95.20412,5.51557],[95.20361,5.51544],[95.20309,5.51594],[95.20282,5.5158],[95.20259,5.51652],[95.20152,5.51783],[95.20147,5.51843],[95.20093,5.51972],[95.20055,5.51995],[95.20049,5.52018],[95.20023,5.52014],[95.20012,5.51996],[95.19988,5.52003],[95.19989,5.51974],[95.19961,5.51985],[95.19974,5.51991],[95.19986,5.52049],[95.19962,5.5211],[95.19933,5.52128],[95.19854,5.52145],[95.1978,5.52132],[95.19748,5.5215],[95.19652,5.52125],[95.19564,5.52145],[95.19631,5.52282],[95.19589,5.52409],[95.19605,5.5244],[95.19596,5.52469],[95.19606,5.52537],[95.19537,5.52546],[95.19454,5.52622],[95.19414,5.52619],[95.19386,5.52674],[95.19355,5.52699],[95.19355,5.52752],[95.19379,5.52796],[95.19494,5.5285],[95.19567,5.52956],[95.19558,5.53007],[95.1957,5.53048],[95.19519,5.53063],[95.19537,5.53097],[95.19699,5.53192],[95.19836,5.53299],[95.19889,5.53348],[95.19954,5.53438],[95.20152,5.53638],[95.20293,5.5375],[95.20373,5.53776],[95.20377,5.53805],[95.20401,5.53799],[95.20422,5.53833],[95.20425,5.53864],[95.20509,5.53898],[95.20699,5.54038],[95.20748,5.54036],[95.20804,5.54055],[95.20853,5.5411],[95.20862,5.54147],[95.20851,5.54189],[95.20796,5.54259],[95.2088,5.5433],[95.2088,5.54356],[95.20849,5.54398],[95.20815,5.54403],[95.20846,5.54433],[95.20888,5.54423],[95.20907,5.5443],[95.2095,5.5447],[95.20961,5.54518],[95.20926,5.54526],[95.20942,5.54544],[95.20924,5.54553],[95.20968,5.54572],[95.20987,5.54628],[95.2095,5.54664],[95.20998,5.54678],[95.21025,5.54728],[95.21011,5.54761],[95.21021,5.54782],[95.20992,5.54796],[95.20988,5.54849],[95.21012,5.54892],[95.21096,5.54856],[95.21225,5.54936],[95.213,5.55064],[95.21343,5.55175],[95.2144,5.555],[95.21478,5.55581],[95.21501,5.55724],[95.21579,5.55853],[95.21584,5.55951],[95.21566,5.56002],[95.21544,5.56024],[95.21405,5.56075],[95.2135,5.56136],[95.21364,5.56172],[95.21449,5.56172],[95.21493,5.56226],[95.21498,5.56256],[95.21483,5.56298],[95.21423,5.56374],[95.21433,5.56411],[95.2149,5.5641],[95.21546,5.56431],[95.21558,5.56456],[95.21532,5.56521],[95.21539,5.56546],[95.2156,5.56556],[95.21605,5.56544],[95.21633,5.56561],[95.21653,5.56592],[95.21662,5.56655],[95.21713,5.56688],[95.21733,5.56727],[95.21768,5.56757],[95.21872,5.5681],[95.21904,5.56846],[95.21955,5.56838],[95.22003,5.5685],[95.22094,5.56966],[95.22121,5.57027],[95.22149,5.57026],[95.22173,5.56947],[95.2221,5.56934],[95.22292,5.56997],[95.22366,5.57005],[95.22394,5.57047],[95.22427,5.5707],[95.22496,5.57092],[95.22558,5.57078],[95.22629,5.57093],[95.22641,5.57124],[95.22589,5.5718],[95.22563,5.57263],[95.22574,5.57407],[95.22491,5.5744],[95.22438,5.57503],[95.22441,5.57533],[95.22461,5.57541],[95.22487,5.57529],[95.22483,5.57554],[95.22504,5.57573],[95.22583,5.57534],[95.22768,5.57563],[95.22886,5.57524],[95.2298,5.57468],[95.2302,5.57469],[95.23033,5.57445],[95.23066,5.57426],[95.23195,5.57403],[95.23281,5.57334],[95.23355,5.57345],[95.23377,5.57324],[95.23408,5.57316],[95.23425,5.57272],[95.23557,5.57168],[95.23609,5.57165],[95.23647,5.57144],[95.23751,5.57155],[95.23788,5.57123],[95.23861,5.5711],[95.23901,5.57081],[95.23921,5.57035],[95.23954,5.57],[95.23959,5.56931],[95.23936,5.56881],[95.23923,5.56809],[95.23784,5.56619],[95.23713,5.56574],[95.23688,5.56509],[95.23612,5.56442],[95.23565,5.56434],[95.23516,5.56396],[95.23499,5.56368],[95.23471,5.56211],[95.23503,5.56069],[95.23498,5.56021],[95.23565,5.55871],[95.23583,5.55785],[95.23571,5.55755],[95.23595,5.55745],[95.23655,5.55629],[95.23764,5.55547],[95.23727,5.55498],[95.23655,5.55459],[95.23633,5.55398],[95.23594,5.55344],[95.23576,5.55282],[95.23654,5.55253],[95.23663,5.55154],[95.23642,5.55134],[95.23577,5.55114],[95.23606,5.55042],[95.23641,5.55],[95.23721,5.54939],[95.23752,5.54947],[95.23786,5.54926],[95.23833,5.54859],[95.23891,5.5483],[95.23932,5.54784],[95.23994,5.5479],[95.24034,5.54766],[95.24108,5.54751],[95.24139,5.54757],[95.24174,5.54718],[95.2424,5.5468],[95.2432,5.54704],[95.2435,5.54634],[95.24351,5.54594],[95.24365,5.54587],[95.24416,5.54598],[95.24444,5.54588],[95.24567,5.5459],[95.24611,5.54615],[95.24665,5.54618],[95.2472,5.54576],[95.24764,5.54569],[95.251,5.54546],[95.25382,5.5455],[95.25403,5.54533],[95.25415,5.54537],[95.2544,5.54602],[95.25425,5.54672],[95.25372,5.54734],[95.25342,5.54729],[95.2532,5.54749],[95.25282,5.54717],[95.25267,5.54727],[95.25267,5.54774],[95.25288,5.54848],[95.2527,5.54878],[95.25227,5.54908],[95.25204,5.54975],[95.25215,5.54974],[95.25242,5.54905],[95.25314,5.54869],[95.25338,5.54884],[95.25253,5.55035],[95.25323,5.54925],[95.25356,5.54899],[95.25467,5.54883],[95.25637,5.54833],[95.25858,5.54805],[95.26086,5.54818],[95.26341,5.54816],[95.26581,5.54867],[95.26686,5.54903],[95.2676,5.54832],[95.26988,5.5488],[95.27125,5.54895],[95.27299,5.54939],[95.27285,5.54797],[95.27246,5.54774],[95.27241,5.54735],[95.27301,5.54741],[95.27459,5.54719],[95.27604,5.54767],[95.27636,5.54752],[95.27797,5.54777],[95.27819,5.54751],[95.27936,5.54779],[95.28092,5.54797],[95.28345,5.54602],[95.28376,5.54508],[95.28348,5.5441],[95.28313,5.54373],[95.28274,5.54214],[95.28132,5.5409],[95.28148,5.53981],[95.28019,5.53881],[95.27983,5.53871],[95.27978,5.53805],[95.27951,5.53785],[95.27941,5.53756],[95.27944,5.53729],[95.28011,5.53601],[95.28105,5.53592],[95.28106,5.53608],[95.28205,5.53602],[95.28239,5.53598],[95.28242,5.53584],[95.28264,5.5358],[95.2823,5.53511],[95.28349,5.5345],[95.28369,5.53224],[95.28438,5.53226],[95.28437,5.53239],[95.28453,5.5324],[95.28455,5.53215],[95.28489,5.53216],[95.28601,5.53237],[95.28612,5.53182],[95.28674,5.5319],[95.28681,5.53143],[95.28706,5.53146],[95.28712,5.53102],[95.2884,5.53111],[95.28839,5.53129],[95.28889,5.53137],[95.28921,5.52966],[95.28909,5.52963],[95.28913,5.52942],[95.28922,5.52945],[95.28964,5.52811],[95.29042,5.52826],[95.29039,5.52841],[95.29154,5.52854],[95.29179,5.52777],[95.29227,5.52777],[95.29256,5.5268],[95.29302,5.52697],[95.29311,5.52672],[95.29362,5.52677],[95.29612,5.5276],[95.30095,5.52138],[95.30251,5.52071],[95.30372,5.52037],[95.30905,5.51927],[95.309,5.51846],[95.30918,5.51714],[95.311,5.51752],[95.31274,5.51644],[95.31314,5.51636],[95.31304,5.51799],[95.31324,5.51843],[95.32029,5.51658],[95.32059,5.51726],[95.32088,5.51759],[95.32321,5.51892],[95.32377,5.52056],[95.32406,5.52103],[95.32487,5.52132],[95.32517,5.52166],[95.32577,5.52346],[95.32674,5.52528],[95.32654,5.52731],[95.3277,5.52779],[95.32977,5.52818],[95.33008,5.52814],[95.3309,5.52868],[95.33103,5.52845],[95.33207,5.52876],[95.33245,5.52879],[95.33249,5.52868],[95.33381,5.52888],[95.33389,5.52857],[95.33458,5.52883],[95.33542,5.52885],[95.33545,5.5287],[95.33781,5.52885],[95.34146,5.52882],[95.34153,5.52868],[95.3428,5.52836],[95.34313,5.52847],[95.3436,5.52777],[95.34392,5.528],[95.34405,5.52894],[95.34431,5.52952],[95.3442,5.53119],[95.34484,5.53118],[95.34496,5.53138],[95.34457,5.53222],[95.34498,5.53274],[95.34501,5.53299],[95.34444,5.53338],[95.34417,5.53372],[95.34435,5.53482],[95.34555,5.5343],[95.34672,5.53428],[95.34828,5.53535],[95.34918,5.53554],[95.35038,5.53548],[95.35269,5.53345],[95.35398,5.53589],[95.3538,5.5365],[95.35405,5.5391],[95.354,5.54025],[95.3553,5.54048],[95.35514,5.54228],[95.35689,5.54219],[95.35689,5.54206],[95.35857,5.5421],[95.35963,5.54121],[95.35962,5.54209],[95.3598,5.54211],[95.35979,5.54469],[95.36058,5.54469],[95.36048,5.54564],[95.36079,5.54807],[95.36041,5.54836],[95.36067,5.54902],[95.36062,5.54994],[95.36036,5.54992],[95.3602,5.55076],[95.36002,5.5508],[95.35983,5.55218],[95.35959,5.55212],[95.35958,5.55251],[95.35945,5.55264],[95.35941,5.55349],[95.35922,5.55387],[95.35874,5.55422],[95.35861,5.55447],[95.35853,5.55464],[95.35869,5.55474],[95.35842,5.55563],[95.35826,5.55566],[95.35784,5.55644],[95.35733,5.55634],[95.35713,5.55686],[95.35709,5.55749],[95.3574,5.55786],[95.35732,5.55863],[95.3568,5.55885],[95.35663,5.55856],[95.3562,5.55828],[95.35598,5.55789],[95.35574,5.55779],[95.35463,5.55788],[95.3541,5.55762],[95.35347,5.55785],[95.35336,5.55835],[95.35385,5.55915],[95.35364,5.55967],[95.3532,5.56006],[95.35288,5.56088],[95.35335,5.56312],[95.35399,5.56395],[95.35476,5.56438],[95.35597,5.56446],[95.35681,5.56483],[95.35728,5.56526],[95.35781,5.56629],[95.35805,5.56738],[95.35811,5.56867],[95.35763,5.57127],[95.35802,5.5714],[95.35945,5.5723],[95.3637,5.56709],[95.36805,5.56219],[95.36923,5.56308],[95.36913,5.56321],[95.37089,5.56375],[95.37152,5.56459],[95.37305,5.56557],[95.37498,5.5656],[95.37532,5.5657],[95.3758,5.56624],[95.37621,5.56701],[95.37691,5.56757],[95.37763,5.56908],[95.37625,5.57056],[95.37366,5.57082],[95.37218,5.57135],[95.37214,5.57182],[95.3717,5.57272],[95.37188,5.57289],[95.37144,5.57374],[95.3712,5.5738],[95.36996,5.57671],[95.37085,5.57694],[95.37072,5.57742],[95.3713,5.57764],[95.37111,5.57814],[95.37211,5.57851],[95.37206,5.5787],[95.37274,5.57883],[95.37253,5.57929],[95.37182,5.57899],[95.37151,5.57914],[95.37121,5.58026],[95.37106,5.58049],[95.37084,5.5804],[95.37049,5.58124],[95.37084,5.58138],[95.37044,5.58192],[95.37016,5.58287],[95.36992,5.58319],[95.36954,5.58452],[95.36954,5.58477],[95.36965,5.58481],[95.36942,5.58635],[95.36876,5.58913],[95.36817,5.58919],[95.36623,5.58582],[95.36511,5.58492],[95.36495,5.58488],[95.3646,5.58597],[95.36396,5.58585],[95.36374,5.58544],[95.36231,5.58534],[95.36023,5.58423],[95.35939,5.5842],[95.35861,5.58436],[95.35607,5.58372],[95.35476,5.5836],[95.35032,5.59467],[95.35152,5.59528],[95.3523,5.59552],[95.35232,5.59564],[95.35289,5.59599],[95.35701,5.5982],[95.36062,5.59951],[95.36183,5.60113],[95.36486,5.60116],[95.36593,5.6015],[95.36601,5.6026],[95.36684,5.60352],[95.36781,5.60586],[95.36923,5.60725],[95.37098,5.60845],[95.372,5.60881],[95.37362,5.6091],[95.37474,5.60953],[95.37538,5.6096],[95.37644,5.61018],[95.37666,5.6107],[95.37655,5.61129],[95.37732,5.61159],[95.37715,5.61219],[95.37751,5.61285],[95.3797,5.61423],[95.38267,5.6165],[95.38557,5.61916],[95.38561,5.61944],[95.38541,5.61996],[95.38579,5.61944],[95.38618,5.62006],[95.38608,5.62044],[95.38628,5.62046],[95.39128,5.62444],[95.39514,5.62786],[95.40208,5.63544],[95.40475,5.63862],[95.4098,5.64397],[95.41172,5.64582],[95.41394,5.64767],[95.41532,5.64862],[95.41604,5.64941],[95.41702,5.64986],[95.41932,5.64994],[95.42005,5.65017],[95.42287,5.65165],[95.42977,5.65574],[95.4318,5.65653]]]}},{"type":"Feature","properties":{"nama":"Aceh Besar","provinsi":"Aceh","sumber":"Batas_Kab"},"geometry":{"type":"Polygon","coordinates":[[[95.15835,5.65761],[95.15811,5.65773],[95.15811,5.65801],[95.15824,5.6583],[95.15844,5.65835],[95.15865,5.65827],[95.15873,5.65807],[95.15859,5.65776],[95.15835,5.65761]]]}},{"type":"Feature","properties":{"nama":"Aceh Besar","provinsi":"Aceh","sumber":"Batas_Kab"},"geometry":{"type":"Polygon","coordinates":[[[95.14806,5.66159],[95.14884,5.66154],[95.14974,5.66169],[95.15041,5.66148],[95.15058,5.66122],[95.15038,5.66062],[95.15074,5.66034],[95.15142,5.66008],[95.15285,5.65995],[95.15342,5.66033],[95.15451,5.66051],[95.15521,5.66019],[95.15561,5.65974],[95.1564,5.6598],[95.15689,5.65968],[95.15699,5.65956],[95.15696,5.65925],[95.15658,5.65848],[95.1568,5.65804],[95.15677,5.65773],[95.15689,5.65763],[95.15731,5.65764],[95.15759,5.65738],[95.15767,5.65679],[95.15746,5.65568],[95.1583,5.65517],[95.15884,5.65455],[95.15889,5.65332],[95.15903,5.65309],[95.16134,5.65173],[95.16166,5.65178],[95.16185,5.65233],[95.1622,5.65265],[95.1635,5.65295],[95.16448,5.65253],[95.16464,5.65221],[95.16495,5.65197],[95.16543,5.65197],[95.1659,5.65169],[95.16585,5.65112],[95.16627,5.65],[95.1661,5.64947],[95.16396,5.64948],[95.1637,5.64921],[95.16342,5.64936],[95.16307,5.64926],[95.16265,5.64862],[95.16244,5.64851],[95.16128,5.64826],[95.15942,5.6485],[95.15888,5.6483],[95.15857,5.64801],[95.15844,5.64748],[95.15783,5.64674],[95.15751,5.64608],[95.15731,5.64433],[95.15736,5.64369],[95.1578,5.64276],[95.15812,5.64278],[95.15858,5.64243],[95.15956,5.64271],[95.15965,5.64263],[95.15845,5.64218],[95.15853,5.64182],[95.15816,5.64166],[95.15808,5.64149],[95.15833,5.64069],[95.15998,5.63861],[95.16073,5.63803],[95.16158,5.63761],[95.16246,5.6378],[95.16386,5.63837],[95.16421,5.63962],[95.16495,5.64054],[95.16528,5.64057],[95.16581,5.64033],[95.16662,5.64098],[95.16702,5.641],[95.16707,5.6407],[95.16679,5.63992],[95.16677,5.63942],[95.16588,5.63874],[95.16583,5.63849],[95.16595,5.63817],[95.1657,5.63798],[95.16556,5.63752],[95.16567,5.63686],[95.16692,5.63352],[95.16801,5.63208],[95.16822,5.63194],[95.16844,5.63201],[95.16859,5.63189],[95.16907,5.63188],[95.16945,5.63156],[95.17051,5.6314],[95.17086,5.63115],[95.17056,5.63073],[95.1709,5.63052],[95.17141,5.62896],[95.17143,5.62854],[95.17136,5.62832],[95.17036,5.62747],[95.1703,5.6271],[95.17072,5.62576],[95.17129,5.62485],[95.17269,5.62339],[95.17364,5.62261],[95.17421,5.62185],[95.17509,5.62139],[95.17547,5.62132],[95.17637,5.62146],[95.17654,5.62116],[95.17694,5.62109],[95.17721,5.62134],[95.17768,5.62111],[95.17898,5.62123],[95.17923,5.62107],[95.17978,5.6203],[95.18058,5.62013],[95.18098,5.61988],[95.18125,5.61921],[95.18211,5.61884],[95.18318,5.61777],[95.18334,5.61738],[95.18387,5.61684],[95.18432,5.61581],[95.1846,5.61558],[95.18517,5.61547],[95.18532,5.6145],[95.18565,5.61454],[95.18602,5.6144],[95.186,5.61401],[95.1862,5.61357],[95.18611,5.61294],[95.18656,5.61225],[95.18679,5.61218],[95.18679,5.61199],[95.18711,5.61161],[95.18839,5.61093],[95.18887,5.61114],[95.18919,5.611],[95.18953,5.6111],[95.19017,5.61088],[95.19109,5.61046],[95.19177,5.60979],[95.1916,5.60927],[95.19178,5.60891],[95.19138,5.60836],[95.1912,5.60831],[95.19109,5.60779],[95.19119,5.60723],[95.19163,5.60633],[95.1922,5.60639],[95.19273,5.60617],[95.19449,5.60502],[95.19381,5.60532],[95.19385,5.60511],[95.19361,5.6054],[95.19357,5.6053],[95.19273,5.60566],[95.1925,5.60534],[95.19265,5.60511],[95.19188,5.60521],[95.19164,5.60506],[95.19169,5.60493],[95.19159,5.60488],[95.19058,5.60522],[95.19012,5.60542],[95.18997,5.60563],[95.19046,5.60607],[95.19033,5.60652],[95.18989,5.60692],[95.18725,5.6083],[95.18584,5.60869],[95.18281,5.60852],[95.18033,5.60873],[95.17992,5.60859],[95.17995,5.60834],[95.17982,5.60859],[95.17955,5.60831],[95.17948,5.60782],[95.17961,5.60745],[95.17917,5.60833],[95.17529,5.60815],[95.1745,5.60779],[95.17433,5.60806],[95.1723,5.60739],[95.17095,5.60735],[95.16999,5.607],[95.16963,5.60648],[95.16778,5.6059],[95.16711,5.60637],[95.16685,5.60597],[95.16736,5.60537],[95.16675,5.60474],[95.16674,5.60422],[95.16646,5.60372],[95.16674,5.60287],[95.16684,5.60176],[95.16722,5.60123],[95.1671,5.60082],[95.16676,5.60067],[95.16627,5.60081],[95.16571,5.60052],[95.16524,5.60048],[95.16493,5.60066],[95.16446,5.60047],[95.16412,5.60053],[95.16385,5.60043],[95.16375,5.59997],[95.16319,5.59953],[95.16314,5.59925],[95.16326,5.59916],[95.16301,5.59919],[95.1632,5.599],[95.16316,5.59883],[95.16269,5.59909],[95.16234,5.5987],[95.1623,5.59782],[95.162,5.59797],[95.16188,5.59782],[95.16161,5.59782],[95.16085,5.59837],[95.16047,5.59812],[95.15981,5.59849],[95.15905,5.59825],[95.15842,5.59756],[95.15752,5.59573],[95.157,5.59496],[95.15681,5.59512],[95.15606,5.59515],[95.15593,5.59468],[95.15576,5.59446],[95.15554,5.59445],[95.15546,5.5941],[95.15518,5.59438],[95.15496,5.59434],[95.1548,5.59473],[95.1545,5.59471],[95.15446,5.59455],[95.15435,5.59456],[95.15396,5.59584],[95.15353,5.59609],[95.15235,5.59601],[95.15228,5.59566],[95.15201,5.59554],[95.1519,5.59526],[95.15167,5.59569],[95.15119,5.59542],[95.15072,5.59543],[95.15034,5.59528],[95.15026,5.59486],[95.15004,5.59468],[95.15005,5.59446],[95.14992,5.59436],[95.14993,5.59394],[95.14973,5.59345],[95.14978,5.59319],[95.14962,5.59334],[95.14944,5.59326],[95.14928,5.59176],[95.1489,5.59132],[95.14857,5.5919],[95.14847,5.59177],[95.14834,5.59187],[95.1479,5.59181],[95.14736,5.5925],[95.14689,5.59271],[95.14664,5.59271],[95.14653,5.59256],[95.14646,5.59278],[95.1456,5.59342],[95.14539,5.59332],[95.14518,5.59405],[95.1448,5.59439],[95.14454,5.59548],[95.14467,5.59614],[95.14443,5.59654],[95.14451,5.59696],[95.14441,5.59728],[95.14514,5.59859],[95.1451,5.59881],[95.14491,5.59881],[95.14497,5.59909],[95.14566,5.60016],[95.14591,5.60086],[95.14564,5.60311],[95.14482,5.60422],[95.14376,5.60509],[95.14224,5.60604],[95.14125,5.6064],[95.13945,5.6069],[95.13788,5.60699],[95.13661,5.60643],[95.13541,5.60497],[95.13531,5.60428],[95.1355,5.60342],[95.13539,5.60314],[95.13545,5.60226],[95.13494,5.60154],[95.1345,5.60133],[95.13423,5.60051],[95.13382,5.59998],[95.13387,5.59962],[95.13359,5.59916],[95.13328,5.59796],[95.13252,5.59751],[95.13224,5.59718],[95.13175,5.59713],[95.13107,5.59655],[95.13071,5.59644],[95.1303,5.59584],[95.12986,5.59568],[95.12982,5.59553],[95.13008,5.5951],[95.13001,5.59468],[95.13014,5.5943],[95.12997,5.59406],[95.12938,5.5939],[95.12879,5.5939],[95.1278,5.59431],[95.12754,5.59451],[95.12757,5.59475],[95.12707,5.59528],[95.12702,5.59558],[95.12653,5.59587],[95.12657,5.59555],[95.12647,5.59549],[95.1262,5.59575],[95.12587,5.59664],[95.12632,5.59732],[95.12643,5.59824],[95.12614,5.60055],[95.12601,5.60094],[95.12495,5.60234],[95.12293,5.60265],[95.12236,5.60256],[95.12166,5.60274],[95.12113,5.60269],[95.12067,5.60223],[95.12084,5.6017],[95.1208,5.6014],[95.12025,5.60087],[95.11998,5.60115],[95.11923,5.60128],[95.11887,5.60155],[95.11862,5.60206],[95.11863,5.60322],[95.11923,5.60404],[95.11927,5.60426],[95.11972,5.60465],[95.11975,5.60526],[95.12091,5.60687],[95.12155,5.6074],[95.12087,5.61076],[95.12097,5.61206],[95.12043,5.61278],[95.1198,5.61408],[95.11963,5.61419],[95.11942,5.61411],[95.11907,5.61448],[95.11892,5.61483],[95.11896,5.61517],[95.11922,5.61541],[95.11966,5.61534],[95.12004,5.61556],[95.12034,5.61609],[95.12044,5.61672],[95.12127,5.61795],[95.12167,5.61847],[95.1225,5.61905],[95.1231,5.61975],[95.12411,5.6206],[95.12439,5.62146],[95.12516,5.62265],[95.12676,5.62383],[95.12755,5.62422],[95.12844,5.62524],[95.12926,5.6252],[95.13129,5.62638],[95.13223,5.62717],[95.13213,5.62761],[95.13235,5.62724],[95.1327,5.6274],[95.13299,5.62733],[95.13322,5.62767],[95.13311,5.62804],[95.13334,5.62768],[95.13366,5.62772],[95.13471,5.62849],[95.13614,5.62877],[95.13746,5.62941],[95.13935,5.63059],[95.13995,5.63114],[95.14234,5.63245],[95.14488,5.63468],[95.14512,5.63547],[95.14494,5.63665],[95.14522,5.63792],[95.14513,5.63976],[95.14407,5.64354],[95.14313,5.64502],[95.14322,5.64549],[95.14367,5.64637],[95.14395,5.64791],[95.14365,5.64897],[95.14176,5.65267],[95.14061,5.65456],[95.14009,5.65518],[95.13914,5.65591],[95.13797,5.65593],[95.13752,5.65575],[95.13714,5.6558],[95.13696,5.65601],[95.13704,5.65618],[95.13787,5.65678],[95.13818,5.65734],[95.13821,5.65773],[95.13801,5.65836],[95.1392,5.65844],[95.1398,5.65876],[95.14002,5.65902],[95.14011,5.65941],[95.14,5.65989],[95.14029,5.66036],[95.14141,5.66045],[95.14377,5.66025],[95.14493,5.66072],[95.1456,5.66083],[95.14617,5.6616],[95.14692,5.66196],[95.14752,5.66199],[95.14806,5.66159]]]}},{"type":"Feature","properties":{"nama":"Aceh Besar","provinsi":"Aceh","sumber":"Batas_Kab"},"geometry":{"type":"Polygon","coordinates":[[[95.10893,5.66341],[95.10875,5.66346],[95.10871,5.66371],[95.10898,5.66416],[95.10917,5.66417],[95.10937,5.66381],[95.10893,5.66341]]]}},{"type":"Feature","properties":{"nama":"Aceh Besar","provinsi":"Aceh","sumber":"Batas_Kab"},"geometry":{"type":"Polygon","coordinates":[[[95.03737,5.6716],[95.03862,5.67159],[95.03891,5.67123],[95.03837,5.67045],[95.0376,5.67018],[95.03643,5.67012],[95.03542,5.67049],[95.03576,5.67085],[95.03464,5.67102],[95.03482,5.67134],[95.03512,5.67144],[95.03585,5.67123],[95.03737,5.6716]]]}},{"type":"Feature","properties":{"nama":"Aceh Besar","provinsi":"Aceh","sumber":"Batas_Kab"},"geometry":{"type":"Polygon","coordinates":[[[95.03369,5.67148],[95.03348,5.67165],[95.03351,5.67179],[95.03364,5.67181],[95.03369,5.67148]]]}},{"type":"Feature","properties":{"nama":"Aceh Besar","provinsi":"Aceh","sumber":"Batas_Kab"},"geometry":{"type":"Polygon","coordinates":[[[95.03838,5.67173],[95.03802,5.67172],[95.03778,5.67186],[95.03807,5.67192],[95.03838,5.67173]]]}},{"type":"Feature","properties":{"nama":"Aceh Besar","provinsi":"Aceh","sumber":"Batas_Kab"},"geometry":{"type":"Polygon","coordinates":[[[95.03885,5.6717],[95.03866,5.67178],[95.03871,5.67219],[95.0386,5.67234],[95.03893,5.67242],[95.0389,5.67219],[95.03916,5.67195],[95.03885,5.6717]]]}},{"type":"Feature","properties":{"nama":"Aceh Besar","provinsi":"Aceh","sumber":"Batas_Kab"},"geometry":{"type":"Polygon","coordinates":[[[95.38741,5.68676],[95.3878,5.68658],[95.38774,5.68635],[95.38753,5.68624],[95.3872,5.68641],[95.38741,5.68676]]]}},{"type":"Feature","properties":{"nama":"Aceh Besar","provinsi":"Aceh","sumber":"Batas_Kab"},"geometry":{"type":"Polygon","coordinates":[[[95.01453,5.71321],[95.01424,5.71321],[95.01442,5.71391],[95.01461,5.71414],[95.01497,5.71429],[95.01508,5.71474],[95.01524,5.7149],[95.01559,5.71507],[95.0156,5.71476],[95.01529,5.71444],[95.01507,5.71361],[95.01453,5.71321]]]}},{"type":"Feature","properties":{"nama":"Aceh Besar","provinsi":"Aceh","sumber":"Batas_Kab"},"geometry":{"type":"Polygon","coordinates":[[[95.01627,5.71451],[95.01612,5.71448],[95.01599,5.71468],[95.01604,5.7153],[95.01663,5.71584],[95.01697,5.71649],[95.01757,5.71704],[95.01777,5.71709],[95.01767,5.71593],[95.01657,5.71496],[95.01627,5.71451]]]}},{"type":"Feature","properties":{"nama":"Aceh Besar","provinsi":"Aceh","sumber":"Batas_Kab"},"geometry":{"type":"Polygon","coordinates":[[[95.05817,5.75177],[95.05944,5.74949],[95.05912,5.74875],[95.05918,5.74838],[95.05954,5.74776],[95.06032,5.74716],[95.06087,5.74705],[95.06153,5.74711],[95.0627,5.74661],[95.06327,5.74654],[95.0639,5.74657],[95.0643,5.74692],[95.06497,5.74721],[95.06641,5.74734],[95.06732,5.74726],[95.06892,5.74661],[95.06921,5.74621],[95.06915,5.7457],[95.07005,5.7452],[95.07054,5.74517],[95.07163,5.74449],[95.07153,5.74421],[95.07124,5.74409],[95.07054,5.74416],[95.06982,5.74442],[95.06909,5.74446],[95.0673,5.74376],[95.06609,5.7435],[95.06576,5.74293],[95.06564,5.7424],[95.06569,5.74201],[95.06598,5.74156],[95.06583,5.74118],[95.06531,5.74082],[95.06426,5.74093],[95.06381,5.74048],[95.06348,5.73895],[95.06355,5.73741],[95.0638,5.73606],[95.06443,5.73418],[95.06488,5.73404],[95.06647,5.73408],[95.06711,5.73388],[95.06992,5.73171],[95.07198,5.7307],[95.07272,5.73002],[95.073,5.72873],[95.07295,5.7285],[95.07244,5.72786],[95.07157,5.72727],[95.07144,5.72708],[95.07141,5.72661],[95.0715,5.7258],[95.0719,5.72457],[95.07253,5.72339],[95.07297,5.72291],[95.07341,5.72255],[95.07393,5.72245],[95.07486,5.72252],[95.07608,5.72296],[95.07739,5.72316],[95.07777,5.7228],[95.07729,5.72258],[95.07713,5.72236],[95.07726,5.72184],[95.07785,5.72117],[95.07908,5.72044],[95.07972,5.72026],[95.08319,5.72031],[95.08394,5.72056],[95.08501,5.72151],[95.08516,5.72187],[95.08504,5.72291],[95.08537,5.72322],[95.08514,5.72368],[95.08521,5.72394],[95.08597,5.72408],[95.08634,5.72452],[95.08687,5.72475],[95.08761,5.72482],[95.08838,5.72512],[95.0892,5.72482],[95.08969,5.72436],[95.09015,5.72447],[95.09045,5.7242],[95.09075,5.72335],[95.09165,5.72308],[95.09176,5.72294],[95.09167,5.72283],[95.0908,5.72269],[95.0906,5.72236],[95.09057,5.72148],[95.09123,5.72062],[95.09165,5.72025],[95.09232,5.71997],[95.09284,5.71947],[95.09386,5.71921],[95.0946,5.71822],[95.09555,5.71793],[95.0958,5.71762],[95.096,5.7172],[95.09595,5.7166],[95.09622,5.71442],[95.09731,5.71394],[95.0985,5.71319],[95.10053,5.7126],[95.10184,5.71263],[95.10243,5.71249],[95.10288,5.71269],[95.10324,5.7131],[95.10391,5.71318],[95.10441,5.71305],[95.1046,5.71277],[95.10504,5.71276],[95.10522,5.7125],[95.10524,5.71209],[95.10548,5.71183],[95.10538,5.71133],[95.10511,5.71097],[95.1052,5.71055],[95.10663,5.70947],[95.1073,5.70927],[95.10806,5.70929],[95.10869,5.7089],[95.10897,5.70797],[95.10899,5.70716],[95.10926,5.70649],[95.11013,5.70553],[95.11142,5.70451],[95.11174,5.70391],[95.11206,5.70271],[95.11193,5.70208],[95.11195,5.70106],[95.11173,5.7008],[95.11081,5.70046],[95.11012,5.69987],[95.10905,5.69968],[95.10821,5.69882],[95.10635,5.69818],[95.10585,5.69762],[95.10571,5.69719],[95.10628,5.69605],[95.10777,5.69554],[95.10902,5.69541],[95.11145,5.69489],[95.11208,5.69493],[95.11284,5.69521],[95.1138,5.69495],[95.11395,5.69434],[95.11374,5.69333],[95.11424,5.69257],[95.11506,5.69217],[95.11597,5.69231],[95.11646,5.69223],[95.11666,5.69183],[95.11711,5.69145],[95.11733,5.69092],[95.11761,5.69123],[95.11774,5.69121],[95.11772,5.69077],[95.11822,5.69034],[95.11862,5.69022],[95.11885,5.68955],[95.11912,5.68938],[95.11992,5.6895],[95.1203,5.6894],[95.12068,5.68907],[95.1212,5.68904],[95.12313,5.68966],[95.12396,5.69018],[95.1243,5.69082],[95.12477,5.69105],[95.12496,5.69207],[95.12536,5.6921],[95.12822,5.69041],[95.12817,5.69011],[95.1276,5.6894],[95.1275,5.68911],[95.12772,5.68802],[95.12799,5.68765],[95.12792,5.68711],[95.12837,5.68641],[95.129,5.68622],[95.13017,5.68639],[95.13089,5.68607],[95.13223,5.68625],[95.13253,5.68617],[95.13272,5.68569],[95.13271,5.68428],[95.13318,5.68357],[95.1334,5.68295],[95.13375,5.68255],[95.13417,5.68238],[95.13452,5.68182],[95.13428,5.68115],[95.13473,5.68084],[95.1346,5.68032],[95.1347,5.67992],[95.13517,5.67951],[95.1359,5.67914],[95.13625,5.67867],[95.13705,5.67799],[95.13709,5.67753],[95.13756,5.67725],[95.13764,5.67688],[95.1381,5.67612],[95.13766,5.67562],[95.13697,5.67547],[95.1366,5.67476],[95.13613,5.67443],[95.1346,5.6744],[95.13436,5.67427],[95.13434,5.67384],[95.13393,5.67399],[95.13393,5.67427],[95.13366,5.67466],[95.1329,5.67485],[95.13271,5.67456],[95.1325,5.67453],[95.13271,5.6742],[95.13225,5.67449],[95.13208,5.67422],[95.1317,5.67405],[95.13136,5.67354],[95.13095,5.67358],[95.12981,5.67328],[95.12966,5.67246],[95.12988,5.67212],[95.12989,5.67064],[95.13005,5.67033],[95.1303,5.67024],[95.13037,5.67088],[95.13081,5.6711],[95.13104,5.67145],[95.13163,5.67118],[95.13171,5.67054],[95.13237,5.67015],[95.13237,5.67085],[95.13255,5.67162],[95.13304,5.67259],[95.13333,5.67264],[95.13382,5.67251],[95.1339,5.67226],[95.13377,5.67195],[95.13398,5.67186],[95.13458,5.67251],[95.13491,5.67266],[95.13618,5.67404],[95.137,5.67428],[95.13778,5.67421],[95.13814,5.67368],[95.13854,5.67363],[95.13878,5.67344],[95.13891,5.67267],[95.13936,5.67265],[95.13959,5.67229],[95.13996,5.67241],[95.14014,5.67228],[95.14016,5.67201],[95.13989,5.67177],[95.13989,5.6715],[95.14025,5.67122],[95.14024,5.6709],[95.14049,5.6707],[95.14057,5.67045],[95.14084,5.67035],[95.14099,5.66986],[95.14135,5.66972],[95.1418,5.6698],[95.14209,5.66946],[95.1421,5.66926],[95.14182,5.66885],[95.14113,5.66819],[95.1414,5.66714],[95.14164,5.66696],[95.14252,5.66694],[95.1429,5.66665],[95.14284,5.66638],[95.14218,5.66581],[95.14057,5.66483],[95.14065,5.66434],[95.14052,5.66406],[95.14028,5.66389],[95.13972,5.66386],[95.13913,5.66321],[95.13887,5.6631],[95.13852,5.66368],[95.1387,5.66425],[95.13794,5.66507],[95.13747,5.66592],[95.13688,5.66665],[95.13583,5.66748],[95.1344,5.66816],[95.13237,5.66869],[95.13078,5.6689],[95.12973,5.66926],[95.12795,5.66947],[95.12629,5.66984],[95.12435,5.67002],[95.12137,5.67065],[95.11977,5.67126],[95.1184,5.67201],[95.11755,5.67227],[95.11586,5.67195],[95.11554,5.67122],[95.11427,5.67069],[95.11279,5.66986],[95.11215,5.66931],[95.1113,5.669],[95.11102,5.66837],[95.11114,5.6678],[95.11023,5.66715],[95.10452,5.66832],[95.10325,5.66834],[95.10171,5.66864],[95.10066,5.66831],[95.10023,5.66794],[95.09964,5.66766],[95.09863,5.66672],[95.09823,5.66663],[95.09804,5.66668],[95.09755,5.66725],[95.09769,5.6681],[95.09828,5.66865],[95.09786,5.66888],[95.09689,5.66893],[95.09643,5.66853],[95.09532,5.66869],[95.09402,5.66848],[95.09293,5.66858],[95.09135,5.6685],[95.09021,5.66885],[95.08799,5.66888],[95.08749,5.66853],[95.08721,5.66804],[95.08726,5.66776],[95.08787,5.66694],[95.08403,5.66327],[95.08401,5.66338],[95.08494,5.66435],[95.08332,5.66596],[95.08324,5.66632],[95.08366,5.66677],[95.0828,5.66774],[95.08263,5.66774],[95.08229,5.66728],[95.08188,5.6661],[95.08181,5.66619],[95.08217,5.66743],[95.08084,5.66682],[95.08048,5.66688],[95.08005,5.66744],[95.08001,5.66794],[95.07984,5.66796],[95.07967,5.66773],[95.07964,5.66792],[95.07937,5.66806],[95.07669,5.6688],[95.07665,5.66917],[95.07586,5.66927],[95.07511,5.66839],[95.07363,5.66825],[95.07328,5.66833],[95.07227,5.66791],[95.07224,5.66738],[95.07195,5.66724],[95.07177,5.6666],[95.07197,5.66638],[95.07253,5.66676],[95.07412,5.66689],[95.07634,5.66641],[95.077,5.66611],[95.07723,5.66614],[95.07735,5.66652],[95.07791,5.66629],[95.07779,5.66483],[95.07786,5.66323],[95.07747,5.66236],[95.07692,5.6624],[95.07692,5.66224],[95.07718,5.66208],[95.0772,5.66181],[95.0771,5.66148],[95.07678,5.66142],[95.07665,5.66083],[95.07678,5.66035],[95.07786,5.65926],[95.07819,5.65869],[95.07831,5.65777],[95.07781,5.6569],[95.07712,5.65651],[95.07602,5.65639],[95.07565,5.65571],[95.0748,5.65527],[95.07406,5.65552],[95.07375,5.65537],[95.07345,5.65497],[95.07289,5.65481],[95.07224,5.6548],[95.07166,5.65494],[95.07061,5.65481],[95.06994,5.65437],[95.06992,5.65364],[95.06968,5.6534],[95.06846,5.65332],[95.06799,5.65293],[95.06689,5.65261],[95.06629,5.65203],[95.06511,5.65186],[95.06366,5.65059],[95.06274,5.65041],[95.06214,5.64995],[95.06103,5.64964],[95.05996,5.64892],[95.05894,5.64862],[95.05842,5.64871],[95.05797,5.64853],[95.05701,5.6486],[95.05677,5.64816],[95.05639,5.648],[95.05555,5.64803],[95.05518,5.64821],[95.05469,5.6488],[95.05488,5.64925],[95.05482,5.6498],[95.0546,5.64995],[95.05445,5.65036],[95.05404,5.65041],[95.05354,5.65066],[95.05317,5.65137],[95.05324,5.65167],[95.05429,5.65188],[95.05498,5.6517],[95.05549,5.65193],[95.05633,5.65159],[95.05719,5.65166],[95.05834,5.65291],[95.05854,5.65344],[95.05856,5.65425],[95.05941,5.6548],[95.0594,5.65496],[95.05909,5.65522],[95.05918,5.65556],[95.06081,5.65541],[95.06142,5.65559],[95.06289,5.65681],[95.06353,5.65716],[95.06401,5.65766],[95.06505,5.65814],[95.06608,5.66008],[95.06607,5.6605],[95.06585,5.66068],[95.06584,5.66086],[95.0671,5.66125],[95.06801,5.66187],[95.06902,5.66315],[95.06983,5.66393],[95.06994,5.66433],[95.0699,5.66566],[95.06931,5.66731],[95.06856,5.66878],[95.06798,5.66955],[95.06607,5.67133],[95.0656,5.67161],[95.06465,5.67192],[95.06236,5.67145],[95.06022,5.67133],[95.057,5.67158],[95.05669,5.67144],[95.05499,5.67137],[95.05277,5.67184],[95.05121,5.67169],[95.05096,5.67155],[95.0491,5.67263],[95.048,5.67289],[95.04753,5.67286],[95.04704,5.6726],[95.04657,5.67195],[95.04598,5.67192],[95.04493,5.67138],[95.04415,5.67123],[95.04383,5.67135],[95.04389,5.67165],[95.04455,5.67191],[95.04397,5.67198],[95.04364,5.67224],[95.04472,5.67262],[95.04545,5.67309],[95.0461,5.67284],[95.04651,5.67289],[95.04679,5.67275],[95.04748,5.67306],[95.0482,5.67393],[95.04866,5.67424],[95.04869,5.67435],[95.04845,5.67451],[95.04878,5.67494],[95.05082,5.67623],[95.05235,5.67669],[95.05398,5.67774],[95.0552,5.67773],[95.05693,5.67844],[95.05781,5.67851],[95.05864,5.67895],[95.059,5.67969],[95.05924,5.6816],[95.05931,5.68476],[95.05842,5.68785],[95.05801,5.68878],[95.0572,5.69001],[95.05553,5.69062],[95.05355,5.69201],[95.0533,5.69256],[95.05181,5.69433],[95.05119,5.69606],[95.05091,5.69616],[95.05078,5.69654],[95.05049,5.69683],[95.04986,5.69716],[95.04893,5.69738],[95.04817,5.69705],[95.04674,5.69701],[95.04532,5.69724],[95.0449,5.6969],[95.04371,5.69639],[95.04338,5.69603],[95.04335,5.69574],[95.04303,5.6955],[95.04223,5.69446],[95.0416,5.6944],[95.0411,5.69385],[95.04092,5.69341],[95.04036,5.6933],[95.04035,5.6935],[95.04069,5.69369],[95.04087,5.69403],[95.04094,5.69475],[95.04131,5.69523],[95.04157,5.69592],[95.04152,5.69652],[95.04164,5.69704],[95.042,5.69742],[95.04194,5.69757],[95.04148,5.69747],[95.04155,5.69776],[95.0413,5.69792],[95.0413,5.69806],[95.04162,5.69849],[95.04233,5.69899],[95.0425,5.69938],[95.04282,5.69956],[95.04319,5.70006],[95.04351,5.70063],[95.04363,5.70147],[95.0435,5.70205],[95.04322,5.70249],[95.04268,5.70297],[95.04223,5.70317],[95.04136,5.7033],[95.04033,5.70377],[95.03992,5.70374],[95.03969,5.70387],[95.03966,5.70422],[95.04031,5.70462],[95.04052,5.70498],[95.04064,5.70567],[95.04089,5.70603],[95.04082,5.70658],[95.04068,5.70687],[95.04047,5.70698],[95.03905,5.70684],[95.03879,5.70708],[95.03897,5.70754],[95.03981,5.7083],[95.04049,5.70824],[95.04117,5.70791],[95.04132,5.70758],[95.04175,5.70795],[95.04289,5.70826],[95.04339,5.70862],[95.04449,5.70878],[95.0455,5.70939],[95.04614,5.71028],[95.04691,5.7107],[95.04713,5.71068],[95.04746,5.71034],[95.04837,5.7101],[95.04876,5.71033],[95.04924,5.71033],[95.04947,5.7105],[95.05061,5.71083],[95.05071,5.71049],[95.05119,5.71003],[95.05131,5.70968],[95.05166,5.70962],[95.05318,5.71002],[95.05424,5.71005],[95.05495,5.71026],[95.05503,5.71045],[95.05477,5.71102],[95.0548,5.71202],[95.05521,5.71247],[95.05598,5.71292],[95.05694,5.71306],[95.05733,5.71281],[95.05772,5.71195],[95.05844,5.71202],[95.05893,5.71223],[95.06011,5.71324],[95.06052,5.71532],[95.06006,5.71858],[95.05931,5.72031],[95.05883,5.72059],[95.05581,5.72046],[95.05468,5.7209],[95.05326,5.72084],[95.05285,5.72107],[95.0525,5.72087],[95.05209,5.7209],[95.05176,5.72111],[95.05161,5.72177],[95.05137,5.72149],[95.05111,5.72168],[95.05113,5.72226],[95.05047,5.72171],[95.05006,5.72161],[95.04991,5.72186],[95.04907,5.72223],[95.04888,5.72299],[95.04873,5.72315],[95.04815,5.72236],[95.04779,5.72233],[95.04739,5.72253],[95.04712,5.72334],[95.04717,5.72395],[95.04678,5.7241],[95.04675,5.72423],[95.04703,5.72479],[95.04757,5.72532],[95.04839,5.72661],[95.04939,5.72742],[95.04962,5.72832],[95.04896,5.73109],[95.04843,5.73275],[95.04853,5.73437],[95.04834,5.73493],[95.04774,5.73594],[95.04732,5.73637],[95.04641,5.73693],[95.04574,5.73707],[95.04496,5.73696],[95.04387,5.73634],[95.04284,5.7352],[95.04137,5.7339],[95.0401,5.73284],[95.03888,5.7322],[95.03877,5.73203],[95.03891,5.73169],[95.03887,5.73146],[95.03841,5.73068],[95.03804,5.7303],[95.03771,5.73015],[95.03737,5.73028],[95.03617,5.72971],[95.03504,5.72962],[95.034,5.72976],[95.03352,5.72952],[95.03343,5.72928],[95.03356,5.72876],[95.0335,5.72862],[95.03301,5.7284],[95.03266,5.72701],[95.03242,5.72669],[95.03184,5.72648],[95.03146,5.72607],[95.03079,5.72582],[95.03062,5.72562],[95.03058,5.72526],[95.03034,5.72502],[95.02983,5.72483],[95.02922,5.72486],[95.0279,5.72576],[95.02757,5.72586],[95.02728,5.7258],[95.02688,5.72561],[95.02673,5.7252],[95.02618,5.72459],[95.02536,5.72444],[95.02414,5.72382],[95.02334,5.72365],[95.02265,5.72277],[95.02225,5.7225],[95.0217,5.72241],[95.02097,5.72177],[95.02019,5.7218],[95.02002,5.72149],[95.01881,5.72071],[95.01825,5.71999],[95.01814,5.71964],[95.01733,5.71914],[95.01683,5.71924],[95.01616,5.72078],[95.01582,5.72113],[95.01517,5.72126],[95.01487,5.72102],[95.01453,5.72116],[95.01439,5.72131],[95.01419,5.72225],[95.01387,5.72261],[95.01297,5.72302],[95.01277,5.72327],[95.01243,5.72335],[95.01205,5.72377],[95.01168,5.72383],[95.01157,5.72399],[95.01119,5.72384],[95.01106,5.72395],[95.01152,5.72463],[95.01221,5.72505],[95.01304,5.72612],[95.01369,5.7267],[95.01406,5.7275],[95.01513,5.73112],[95.01655,5.73325],[95.01819,5.73387],[95.01904,5.73393],[95.02106,5.73486],[95.02144,5.73518],[95.02171,5.73569],[95.02177,5.73647],[95.02208,5.73674],[95.02197,5.73711],[95.02234,5.73767],[95.02237,5.73805],[95.02267,5.73822],[95.02312,5.73817],[95.02338,5.73829],[95.02492,5.73956],[95.02569,5.73992],[95.02585,5.74037],[95.02824,5.74091],[95.03057,5.74257],[95.03079,5.74326],[95.03119,5.74367],[95.03132,5.74419],[95.03126,5.74444],[95.03088,5.74473],[95.03069,5.7453],[95.03079,5.74591],[95.03055,5.74647],[95.02975,5.74717],[95.0293,5.74711],[95.02777,5.74777],[95.02658,5.74768],[95.02647,5.74777],[95.02653,5.74805],[95.02603,5.74798],[95.02601,5.74814],[95.02637,5.74844],[95.02584,5.74848],[95.02574,5.74865],[95.02627,5.74931],[95.02692,5.74965],[95.02935,5.75039],[95.02972,5.75086],[95.03052,5.75104],[95.03188,5.75072],[95.03184,5.75048],[95.03139,5.74994],[95.03174,5.74948],[95.03235,5.74946],[95.03349,5.7497],[95.03398,5.74995],[95.0348,5.74997],[95.03559,5.75043],[95.037,5.7506],[95.03739,5.75044],[95.03763,5.7501],[95.03775,5.74896],[95.0383,5.74889],[95.03866,5.74868],[95.03887,5.7485],[95.03921,5.74769],[95.03968,5.74734],[95.04076,5.74726],[95.04101,5.74738],[95.04098,5.7478],[95.04125,5.74797],[95.04241,5.74792],[95.04356,5.74841],[95.04411,5.74882],[95.04473,5.74993],[95.04506,5.75005],[95.04539,5.74977],[95.04623,5.74991],[95.04702,5.74963],[95.04745,5.74972],[95.04823,5.74963],[95.04923,5.7501],[95.04943,5.75003],[95.0496,5.74967],[95.05039,5.74989],[95.05077,5.7498],[95.05117,5.74999],[95.05198,5.75002],[95.05244,5.75022],[95.05331,5.75005],[95.05382,5.74966],[95.05416,5.74961],[95.05504,5.75021],[95.05597,5.75031],[95.05581,5.75094],[95.05597,5.75122],[95.05597,5.75168],[95.05564,5.75221],[95.05568,5.75271],[95.05586,5.75297],[95.05564,5.75332],[95.05598,5.75373],[95.05619,5.75371],[95.05621,5.75355],[95.05638,5.75345],[95.05631,5.75317],[95.05668,5.75301],[95.05732,5.75222],[95.05817,5.75177]]]}},{"type":"Feature","properties":{"nama":"Aceh Besar","provinsi":"Aceh","sumber":"Batas_Kab"},"geometry":{"type":"Polygon","coordinates":[[[95.05643,5.75382],[95.05624,5.75392],[95.05623,5.75398],[95.05655,5.754],[95.05643,5.75382]]]}},{"type":"Feature","properties":{"nama":"Aceh Besar","provinsi":"Aceh","sumber":"Batas_Kab"},"geometry":{"type":"Polygon","coordinates":[[[95.01245,5.7555],[95.01203,5.75479],[95.01207,5.75469],[95.01168,5.75453],[95.01117,5.7545],[95.0112,5.75483],[95.01099,5.75463],[95.01073,5.75483],[95.01125,5.75528],[95.01245,5.7555]]]}},{"type":"Feature","properties":{"nama":"Aceh Besar","provinsi":"Aceh","sumber":"Batas_Kab"},"geometry":{"type":"Polygon","coordinates":[[[95.01323,5.7552],[95.01311,5.75529],[95.01318,5.75542],[95.01383,5.75559],[95.01365,5.75535],[95.01323,5.7552]]]}},{"type":"Feature","properties":{"nama":"Aceh Besar","provinsi":"Aceh","sumber":"Batas_Kab"},"geometry":{"type":"Polygon","coordinates":[[[95.01178,5.7559],[95.01233,5.75589],[95.01229,5.75568],[95.0124,5.75562],[95.01185,5.75553],[95.01172,5.75568],[95.01153,5.75548],[95.01121,5.75548],[95.01178,5.7559]]]}},{"type":"Feature","properties":{"nama":"Aceh Besar","provinsi":"Aceh","sumber":"Batas_Kab"},"geometry":{"type":"Polygon","coordinates":[[[95.01375,5.75602],[95.01346,5.75604],[95.01343,5.75612],[95.01366,5.7562],[95.01375,5.75602]]]}},{"type":"Feature","properties":{"nama":"Aceh Besar","provinsi":"Aceh","sumber":"Batas_Kab"},"geometry":{"type":"Polygon","coordinates":[[[95.03521,5.76453],[95.03566,5.76444],[95.03593,5.76418],[95.03571,5.76408],[95.03525,5.76415],[95.03521,5.76453]]]}},{"type":"Feature","properties":{"nama":"Aceh Besar","provinsi":"Aceh","sumber":"Batas_Kab"},"geometry":{"type":"Polygon","coordinates":[[[94.97235,5.79222],[94.9724,5.79214],[94.97214,5.79199],[94.97191,5.79207],[94.97235,5.79222]]]}},{"type":"Feature","properties":{"nama":"Aceh Besar","provinsi":"Aceh","sumber":"Batas_Kab"},"geometry":{"type":"Polygon","coordinates":[[[94.97413,5.79363],[94.97438,5.79347],[94.97425,5.79331],[94.97476,5.79339],[94.97485,5.79313],[94.97355,5.79278],[94.97339,5.7931],[94.97358,5.79325],[94.97353,5.79351],[94.97413,5.79363]]]}},{"type":"Feature","properties":{"nama":"Aceh Jaya","provinsi":"Aceh","sumber":"Batas_Kab"},"geometry":{"type":"Polygon","coordinates":[[[95.58276,4.61059],[95.58191,4.61062],[95.58173,4.61078],[95.58178,4.61104],[95.58206,4.61126],[95.58265,4.61114],[95.58292,4.61085],[95.58276,4.61059]]]}},{"type":"Feature","properties":{"nama":"Aceh Jaya","provinsi":"Aceh","sumber":"Batas_Kab"},"geometry":{"type":"Polygon","coordinates":[[[95.56846,4.61127],[95.56859,4.61092],[95.56828,4.61042],[95.56814,4.61041],[95.56793,4.61059],[95.56768,4.61118],[95.56829,4.61133],[95.56846,4.61127]]]}},{"type":"Feature","properties":{"nama":"Aceh Jaya","provinsi":"Aceh","sumber":"Batas_Kab"},"geometry":{"type":"Polygon","coordinates":[[[95.58567,4.61138],[95.58576,4.61117],[95.58549,4.6111],[95.58515,4.61131],[95.58468,4.61135],[95.58454,4.61161],[95.58479,4.61182],[95.58567,4.61138]]]}},{"type":"Feature","properties":{"nama":"Aceh Jaya","provinsi":"Aceh","sumber":"Batas_Kab"},"geometry":{"type":"Polygon","coordinates":[[[95.58222,4.61295],[95.5827,4.61256],[95.58264,4.61211],[95.58208,4.61202],[95.58174,4.61158],[95.58125,4.61176],[95.58115,4.61205],[95.58132,4.61255],[95.58173,4.61292],[95.58222,4.61295]]]}},{"type":"Feature","properties":{"nama":"Aceh Jaya","provinsi":"Aceh","sumber":"Batas_Kab"},"geometry":{"type":"Polygon","coordinates":[[[95.58269,4.61368],[95.58249,4.61366],[95.58238,4.61399],[95.58249,4.61445],[95.58266,4.61462],[95.58284,4.61418],[95.58269,4.61368]]]}},{"type":"Feature","properties":{"nama":"Aceh Jaya","provinsi":"Aceh","sumber":"Batas_Kab"},"geometry":{"type":"Polygon","coordinates":[[[95.57526,4.61504],[95.57459,4.61493],[95.57457,4.61481],[95.57479,4.61465],[95.57455,4.61438],[95.57395,4.61444],[95.57353,4.61492],[95.57303,4.61526],[95.57284,4.61612],[95.57326,4.61638],[95.57355,4.61639],[95.57389,4.61566],[95.5752,4.61521],[95.57526,4.61504]]]}},{"type":"Feature","properties":{"nama":"Aceh Jaya","provinsi":"Aceh","sumber":"Batas_Kab"},"geometry":{"type":"Polygon","coordinates":[[[95.57591,4.61673],[95.57574,4.61664],[95.57524,4.61679],[95.57524,4.61717],[95.57546,4.61751],[95.57564,4.61747],[95.5759,4.61708],[95.57591,4.61673]]]}},{"type":"Feature","properties":{"nama":"Aceh Jaya","provinsi":"Aceh","sumber":"Batas_Kab"},"geometry":{"type":"Polygon","coordinates":[[[95.57276,4.61873],[95.57319,4.61782],[95.57368,4.61767],[95.57384,4.61745],[95.57375,4.61726],[95.57349,4.61717],[95.57326,4.61727],[95.57296,4.61784],[95.57244,4.61804],[95.57227,4.61856],[95.57232,4.61881],[95.57246,4.61888],[95.57276,4.61873]]]}},{"type":"Feature","properties":{"nama":"Aceh Jaya","provinsi":"Aceh","sumber":"Batas_Kab"},"geometry":{"type":"Polygon","coordinates":[[[95.5715,4.61919],[95.57141,4.61937],[95.57182,4.61976],[95.57182,4.61958],[95.5715,4.61919]]]}},{"type":"Feature","properties":{"nama":"Aceh Jaya","provinsi":"Aceh","sumber":"Batas_Kab"},"geometry":{"type":"Polygon","coordinates":[[[95.52146,4.63495],[95.52131,4.635],[95.52129,4.6352],[95.52172,4.63574],[95.52172,4.63541],[95.52146,4.63495]]]}},{"type":"Feature","properties":{"nama":"Aceh Jaya","provinsi":"Aceh","sumber":"Batas_Kab"},"geometry":{"type":"Polygon","coordinates":[[[95.52092,4.63618],[95.52072,4.63552],[95.52021,4.63558],[95.5202,4.63578],[95.52053,4.63617],[95.52092,4.63618]]]}},{"type":"Feature","properties":{"nama":"Aceh Jaya","provinsi":"Aceh","sumber":"Batas_Kab"},"geometry":{"type":"Polygon","coordinates":[[[95.52117,4.63865],[95.52101,4.63686],[95.5204,4.63629],[95.52002,4.63629],[95.51955,4.63706],[95.51905,4.63696],[95.51834,4.63762],[95.51799,4.63778],[95.51799,4.6383],[95.51814,4.63866],[95.51865,4.63909],[95.5188,4.6387],[95.51899,4.63855],[95.52025,4.63919],[95.52063,4.63898],[95.52101,4.63897],[95.52117,4.63865]]]}},{"type":"Feature","properties":{"nama":"Aceh Jaya","provinsi":"Aceh","sumber":"Batas_Kab"},"geometry":{"type":"Polygon","coordinates":[[[95.56445,4.6402],[95.56419,4.64027],[95.56377,4.64069],[95.56334,4.64195],[95.56284,4.64275],[95.56278,4.64313],[95.56286,4.64342],[95.56351,4.64426],[95.56397,4.64448],[95.56434,4.64441],[95.56484,4.644],[95.56526,4.64345],[95.56558,4.64253],[95.56554,4.64136],[95.56445,4.6402]]]}},{"type":"Feature","properties":{"nama":"Aceh Jaya","provinsi":"Aceh","sumber":"Batas_Kab"},"geometry":{"type":"Polygon","coordinates":[[[95.58256,4.64666],[95.5823,4.64671],[95.58227,4.64695],[95.58243,4.64712],[95.58277,4.64715],[95.58293,4.64679],[95.58256,4.64666]]]}},{"type":"Feature","properties":{"nama":"Aceh Jaya","provinsi":"Aceh","sumber":"Batas_Kab"},"geometry":{"type":"Polygon","coordinates":[[[95.55841,4.64761],[95.55785,4.64744],[95.55769,4.64728],[95.5573,4.64605],[95.55771,4.64428],[95.55835,4.64372],[95.55902,4.64367],[95.55922,4.64318],[95.55945,4.64237],[95.55938,4.642],[95.55898,4.6417],[95.55869,4.64164],[95.55836,4.64167],[95.55782,4.64208],[95.55752,4.64185],[95.55706,4.64222],[95.55661,4.64202],[95.55635,4.64215],[95.55627,4.64266],[95.55584,4.64295],[95.55561,4.6433],[95.55508,4.6449],[95.55536,4.64588],[95.55512,4.64641],[95.5551,4.64687],[95.55517,4.64709],[95.55552,4.64739],[95.55546,4.64796],[95.55564,4.64822],[95.55581,4.64831],[95.55613,4.64822],[95.55657,4.64773],[95.55732,4.64759],[95.55807,4.6484],[95.55812,4.64889],[95.55853,4.64859],[95.55858,4.6484],[95.5586,4.6479],[95.55841,4.64761]]]}},{"type":"Feature","properties":{"nama":"Aceh Jaya","provinsi":"Aceh","sumber":"Batas_Kab"},"geometry":{"type":"Polygon","coordinates":[[[95.57262,4.65043],[95.57179,4.6513],[95.57169,4.65156],[95.57194,4.65157],[95.57253,4.65125],[95.57262,4.65043]]]}},{"type":"Feature","properties":{"nama":"Aceh Jaya","provinsi":"Aceh","sumber":"Batas_Kab"},"geometry":{"type":"Polygon","coordinates":[[[95.56162,4.65201],[95.56144,4.6522],[95.56145,4.65282],[95.56188,4.65335],[95.56188,4.65239],[95.56162,4.65201]]]}},{"type":"Feature","properties":{"nama":"Aceh Jaya","provinsi":"Aceh","sumber":"Batas_Kab"},"geometry":{"type":"Polygon","coordinates":[[[95.54022,4.65353],[95.54,4.65351],[95.53978,4.65325],[95.53905,4.65344],[95.53912,4.65382],[95.53971,4.65467],[95.53992,4.65468],[95.54004,4.65453],[95.54022,4.65353]]]}},{"type":"Feature","properties":{"nama":"Aceh Jaya","provinsi":"Aceh","sumber":"Batas_Kab"},"geometry":{"type":"Polygon","coordinates":[[[95.53268,4.66996],[95.53207,4.6698],[95.53185,4.66998],[95.53183,4.67065],[95.53229,4.67073],[95.53271,4.67055],[95.53278,4.67027],[95.53268,4.66996]]]}},{"type":"Feature","properties":{"nama":"Aceh Jaya","provinsi":"Aceh","sumber":"Batas_Kab"},"geometry":{"type":"Polygon","coordinates":[[[95.51022,4.6851],[95.50999,4.68518],[95.50994,4.68544],[95.51021,4.68575],[95.51038,4.6857],[95.51047,4.6854],[95.51022,4.6851]]]}},{"type":"Feature","properties":{"nama":"Aceh Jaya","provinsi":"Aceh","sumber":"Batas_Kab"},"geometry":{"type":"Polygon","coordinates":[[[95.52013,4.68556],[95.51987,4.68591],[95.51999,4.68625],[95.52016,4.68632],[95.5203,4.68606],[95.52013,4.68556]]]}},{"type":"Feature","properties":{"nama":"Aceh Jaya","provinsi":"Aceh","sumber":"Batas_Kab"},"geometry":{"type":"Polygon","coordinates":[[[95.50681,4.68684],[95.50666,4.68672],[95.5063,4.68679],[95.50679,4.68719],[95.50681,4.68684]]]}},{"type":"Feature","properties":{"nama":"Aceh Jaya","provinsi":"Aceh","sumber":"Batas_Kab"},"geometry":{"type":"Polygon","coordinates":[[[95.50881,4.68704],[95.50906,4.68715],[95.50912,4.68707],[95.50908,4.68683],[95.50877,4.68655],[95.50864,4.68663],[95.50865,4.68687],[95.50834,4.68674],[95.50813,4.6869],[95.50857,4.68721],[95.50881,4.68704]]]}},{"type":"Feature","properties":{"nama":"Aceh Jaya","provinsi":"Aceh","sumber":"Batas_Kab"},"geometry":{"type":"Polygon","coordinates":[[[95.50633,4.68827],[95.50667,4.68812],[95.50681,4.68778],[95.50675,4.68753],[95.50557,4.68778],[95.50566,4.68805],[95.50633,4.68827]]]}},{"type":"Feature","properties":{"nama":"Aceh Jaya","provinsi":"Aceh","sumber":"Batas_Kab"},"geometry":{"type":"Polygon","coordinates":[[[95.51026,4.68817],[95.51083,4.68716],[95.51074,4.68695],[95.51019,4.68666],[95.5098,4.68679],[95.50977,4.68739],[95.50938,4.68743],[95.50916,4.68829],[95.50946,4.68858],[95.50969,4.68857],[95.51026,4.68817]]]}},{"type":"Feature","properties":{"nama":"Aceh Jaya","provinsi":"Aceh","sumber":"Batas_Kab"},"geometry":{"type":"Polygon","coordinates":[[[95.50792,4.70506],[95.50795,4.70468],[95.50777,4.70459],[95.50746,4.70478],[95.50743,4.70505],[95.50713,4.70513],[95.50752,4.7054],[95.50752,4.70567],[95.50778,4.70567],[95.50814,4.70548],[95.50792,4.70506]]]}},{"type":"Feature","properties":{"nama":"Aceh Jaya","provinsi":"Aceh","sumber":"Batas_Kab"},"geometry":{"type":"Polygon","coordinates":[[[95.50242,4.72083],[95.50207,4.7207],[95.50201,4.7209],[95.50209,4.72114],[95.50242,4.72083]]]}},{"type":"Feature","properties":{"nama":"Aceh Jaya","provinsi":"Aceh","sumber":"Batas_Kab"},"geometry":{"type":"Polygon","coordinates":[[[95.50374,4.72042],[95.50343,4.72059],[95.50331,4.72098],[95.50364,4.72167],[95.50404,4.72179],[95.50406,4.72151],[95.50375,4.7211],[95.50389,4.72061],[95.50374,4.72042]]]}},{"type":"Feature","properties":{"nama":"Aceh Jaya","provinsi":"Aceh","sumber":"Batas_Kab"},"geometry":{"type":"Polygon","coordinates":[[[95.48119,4.72177],[95.48177,4.72149],[95.48182,4.72179],[95.48197,4.72181],[95.48208,4.72169],[95.48203,4.72157],[95.4823,4.72134],[95.48184,4.72063],[95.48152,4.72048],[95.48115,4.72057],[95.48086,4.72082],[95.4814,4.7215],[95.48074,4.72164],[95.48059,4.7221],[95.48095,4.72218],[95.48119,4.72177]]]}},{"type":"Feature","properties":{"nama":"Aceh Jaya","provinsi":"Aceh","sumber":"Batas_Kab"},"geometry":{"type":"Polygon","coordinates":[[[95.48423,4.72279],[95.48384,4.723],[95.48356,4.72357],[95.48486,4.72365],[95.48555,4.72348],[95.48517,4.72305],[95.48423,4.72279]]]}},{"type":"Feature","properties":{"nama":"Aceh Jaya","provinsi":"Aceh","sumber":"Batas_Kab"},"geometry":{"type":"Polygon","coordinates":[[[95.48799,4.72171],[95.48761,4.72175],[95.4874,4.72203],[95.48738,4.72285],[95.48701,4.72367],[95.48789,4.72438],[95.48825,4.72417],[95.48876,4.72315],[95.48851,4.72199],[95.48799,4.72171]]]}},{"type":"Feature","properties":{"nama":"Aceh Jaya","provinsi":"Aceh","sumber":"Batas_Kab"},"geometry":{"type":"Polygon","coordinates":[[[95.5038,4.72252],[95.50371,4.72216],[95.5034,4.72208],[95.50296,4.72212],[95.50252,4.72251],[95.50219,4.72233],[95.50186,4.72328],[95.50244,4.72433],[95.50288,4.72445],[95.50371,4.72386],[95.5036,4.72315],[95.5038,4.72252]]]}},{"type":"Feature","properties":{"nama":"Aceh Jaya","provinsi":"Aceh","sumber":"Batas_Kab"},"geometry":{"type":"Polygon","coordinates":[[[95.49597,4.73716],[95.49581,4.73717],[95.49572,4.73723],[95.49606,4.7374],[95.49597,4.73716]]]}},{"type":"Feature","properties":{"nama":"Aceh Jaya","provinsi":"Aceh","sumber":"Batas_Kab"},"geometry":{"type":"Polygon","coordinates":[[[95.44631,4.77472],[95.44727,4.7746],[95.44831,4.77502],[95.44939,4.77519],[95.44984,4.77513],[95.45084,4.77451],[95.45112,4.77416],[95.45114,4.77387],[95.45067,4.77265],[95.45039,4.77227],[95.45036,4.77193],[95.4515,4.7707],[95.45177,4.77011],[95.4517,4.76987],[95.45133,4.76978],[95.45068,4.77002],[95.45004,4.76998],[95.44954,4.77008],[95.44899,4.77057],[95.44704,4.77173],[95.44634,4.7719],[95.44491,4.77265],[95.4446,4.77284],[95.44398,4.77363],[95.44362,4.77457],[95.44377,4.77498],[95.44443,4.7753],[95.44631,4.77472]]]}},{"type":"Feature","properties":{"nama":"Aceh Jaya","provinsi":"Aceh","sumber":"Batas_Kab"},"geometry":{"type":"Polygon","coordinates":[[[95.44824,4.78764],[95.44816,4.78752],[95.44755,4.78773],[95.44791,4.78779],[95.44824,4.78764]]]}},{"type":"Feature","properties":{"nama":"Aceh Jaya","provinsi":"Aceh","sumber":"Batas_Kab"},"geometry":{"type":"Polygon","coordinates":[[[95.43766,4.80756],[95.43757,4.80756],[95.43737,4.80773],[95.43759,4.80775],[95.43766,4.80756]]]}},{"type":"Feature","properties":{"nama":"Aceh Jaya","provinsi":"Aceh","sumber":"Batas_Kab"},"geometry":{"type":"Polygon","coordinates":[[[95.42746,4.80886],[95.42734,4.80895],[95.42748,4.80911],[95.42754,4.80903],[95.42746,4.80886]]]}},{"type":"Feature","properties":{"nama":"Aceh Jaya","provinsi":"Aceh","sumber":"Batas_Kab"},"geometry":{"type":"Polygon","coordinates":[[[95.36402,4.87598],[95.36364,4.87598],[95.3634,4.87621],[95.3632,4.87707],[95.3638,4.87682],[95.36405,4.87653],[95.36412,4.87618],[95.36402,4.87598]]]}},{"type":"Feature","properties":{"nama":"Aceh Jaya","provinsi":"Aceh","sumber":"Batas_Kab"},"geometry":{"type":"Polygon","coordinates":[[[95.3711,4.87701],[95.37158,4.8766],[95.37217,4.87634],[95.37337,4.87661],[95.37369,4.87574],[95.37459,4.87543],[95.37729,4.87547],[95.37849,4.87578],[95.38315,4.87582],[95.38444,4.87611],[95.38786,4.87642],[95.38815,4.87636],[95.38893,4.87583],[95.38923,4.87545],[95.38961,4.87446],[95.38965,4.87364],[95.3895,4.8722],[95.38889,4.87031],[95.38828,4.86915],[95.38739,4.86791],[95.38688,4.86637],[95.386,4.86479],[95.3842,4.86359],[95.38317,4.8627],[95.38195,4.86083],[95.38112,4.86021],[95.38109,4.85995],[95.38122,4.85977],[95.38113,4.85946],[95.38165,4.85908],[95.38167,4.8588],[95.38103,4.85892],[95.38074,4.85874],[95.38002,4.85908],[95.37975,4.8595],[95.37971,4.86054],[95.37896,4.8612],[95.37674,4.86245],[95.37603,4.86242],[95.37568,4.86224],[95.37546,4.86194],[95.3756,4.86136],[95.37548,4.86119],[95.37424,4.86117],[95.37379,4.86134],[95.37323,4.86181],[95.37262,4.86302],[95.37199,4.86334],[95.37153,4.86374],[95.37084,4.86515],[95.37033,4.86579],[95.36977,4.86623],[95.36924,4.86645],[95.36867,4.86708],[95.36799,4.86878],[95.36803,4.87046],[95.36724,4.87153],[95.36613,4.87386],[95.36559,4.87416],[95.36503,4.87394],[95.36475,4.87412],[95.36488,4.87571],[95.36511,4.87594],[95.36597,4.87564],[95.36682,4.87568],[95.36762,4.87627],[95.3681,4.87685],[95.36865,4.87697],[95.36943,4.87778],[95.37039,4.87809],[95.3708,4.87797],[95.3711,4.87701]]]}},{"type":"Feature","properties":{"nama":"Aceh Jaya","provinsi":"Aceh","sumber":"Batas_Kab"},"geometry":{"type":"Polygon","coordinates":[[[95.39732,4.89823],[95.39714,4.89827],[95.39728,4.89833],[95.39732,4.89823]]]}},{"type":"Feature","properties":{"nama":"Aceh Jaya","provinsi":"Aceh","sumber":"Batas_Kab"},"geometry":{"type":"Polygon","coordinates":[[[95.37741,4.92064],[95.37715,4.9206],[95.3768,4.92075],[95.37705,4.92134],[95.37733,4.92137],[95.37772,4.92114],[95.37741,4.92064]]]}},{"type":"Feature","properties":{"nama":"Aceh Jaya","provinsi":"Aceh","sumber":"Batas_Kab"},"geometry":{"type":"Polygon","coordinates":[[[95.37627,4.92074],[95.37614,4.92074],[95.37592,4.9211],[95.37594,4.92135],[95.37622,4.9215],[95.37639,4.92113],[95.37627,4.92074]]]}},{"type":"Feature","properties":{"nama":"Aceh Jaya","provinsi":"Aceh","sumber":"Batas_Kab"},"geometry":{"type":"Polygon","coordinates":[[[95.35064,5.01349],[95.35005,5.0135],[95.34959,5.01386],[95.34952,5.01411],[95.34962,5.01427],[95.34989,5.01437],[95.35025,5.01425],[95.35067,5.01363],[95.35064,5.01349]]]}},{"type":"Feature","properties":{"nama":"Aceh Jaya","provinsi":"Aceh","sumber":"Batas_Kab"},"geometry":{"type":"Polygon","coordinates":[[[95.3062,5.08188],[95.30667,5.08169],[95.30671,5.0815],[95.30699,5.08132],[95.30704,5.08105],[95.30657,5.08083],[95.30652,5.08103],[95.30591,5.08136],[95.3057,5.08189],[95.3062,5.08188]]]}},{"type":"Feature","properties":{"nama":"Aceh Jaya","provinsi":"Aceh","sumber":"Batas_Kab"},"geometry":{"type":"Polygon","coordinates":[[[95.29655,5.11586],[95.29593,5.11437],[95.29547,5.11392],[95.29475,5.11358],[95.29341,5.11199],[95.29211,5.11168],[95.29129,5.11096],[95.29097,5.11098],[95.2904,5.11077],[95.29003,5.11087],[95.28985,5.11069],[95.28961,5.11072],[95.28932,5.11036],[95.28925,5.11004],[95.28898,5.10999],[95.28844,5.1095],[95.28811,5.10902],[95.28788,5.10905],[95.28756,5.1088],[95.28669,5.10887],[95.28587,5.10844],[95.2852,5.10841],[95.28405,5.10782],[95.28387,5.1078],[95.28366,5.10818],[95.28327,5.10811],[95.28342,5.10838],[95.2834,5.10898],[95.28312,5.10945],[95.28313,5.10966],[95.28334,5.10961],[95.28393,5.11],[95.28412,5.1103],[95.2844,5.11037],[95.28454,5.11059],[95.28477,5.11058],[95.28493,5.11076],[95.28459,5.11236],[95.28474,5.11243],[95.28532,5.11222],[95.28593,5.11223],[95.28628,5.11253],[95.28519,5.11375],[95.28512,5.1142],[95.28489,5.11455],[95.28435,5.11499],[95.28382,5.11505],[95.28204,5.11447],[95.28181,5.11464],[95.28184,5.11504],[95.2825,5.1158],[95.2834,5.11583],[95.28366,5.11594],[95.28442,5.11665],[95.28657,5.11946],[95.288,5.12042],[95.28959,5.12073],[95.28997,5.12071],[95.29277,5.11981],[95.29654,5.11753],[95.29676,5.11716],[95.29656,5.11647],[95.29655,5.11586]]]}},{"type":"Feature","properties":{"nama":"Aceh Jaya","provinsi":"Aceh","sumber":"Batas_Kab"},"geometry":{"type":"Polygon","coordinates":[[[95.29033,5.12946],[95.2911,5.12861],[95.29235,5.1283],[95.29311,5.12773],[95.29334,5.12703],[95.29319,5.12665],[95.29348,5.12635],[95.29339,5.12604],[95.29271,5.12605],[95.29187,5.12631],[95.29044,5.12612],[95.29003,5.12635],[95.28936,5.12625],[95.28869,5.12645],[95.28827,5.12679],[95.28802,5.12672],[95.28781,5.12682],[95.28775,5.12714],[95.28812,5.12766],[95.28836,5.12853],[95.28832,5.1291],[95.28791,5.12945],[95.28789,5.12969],[95.28815,5.12973],[95.28913,5.12927],[95.28958,5.13015],[95.2901,5.12989],[95.29033,5.12946]]]}},{"type":"Feature","properties":{"nama":"Aceh Jaya","provinsi":"Aceh","sumber":"Batas_Kab"},"geometry":{"type":"Polygon","coordinates":[[[95.38995,5.23068],[95.39108,5.22944],[95.39164,5.22752],[95.39211,5.22701],[95.39225,5.22607],[95.39197,5.22478],[95.39252,5.22334],[95.39411,5.22063],[95.3952,5.21938],[95.39665,5.21845],[95.39785,5.21916],[95.39853,5.21925],[95.39937,5.21841],[95.4005,5.21572],[95.401,5.21354],[95.40148,5.21253],[95.40271,5.21259],[95.40382,5.21388],[95.40857,5.21682],[95.4099,5.21798],[95.41272,5.21888],[95.41603,5.22029],[95.41937,5.22286],[95.42092,5.22503],[95.42314,5.22485],[95.4261,5.2235],[95.42861,5.22265],[95.42949,5.22286],[95.43054,5.22361],[95.43164,5.22411],[95.4329,5.22436],[95.43538,5.22437],[95.4372,5.22415],[95.44043,5.22199],[95.44166,5.22138],[95.44532,5.22076],[95.44724,5.21989],[95.44983,5.21932],[95.45249,5.21923],[95.45426,5.2187],[95.45611,5.21763],[95.45708,5.2168],[95.45816,5.2156],[95.45921,5.21396],[95.4618,5.21104],[95.46308,5.21032],[95.46436,5.21058],[95.46608,5.21253],[95.4681,5.21374],[95.46912,5.214],[95.46982,5.21389],[95.4702,5.21345],[95.4724,5.21191],[95.47512,5.211],[95.47686,5.21063],[95.48043,5.21159],[95.48168,5.21162],[95.48363,5.21134],[95.48447,5.21137],[95.48619,5.21187],[95.48801,5.21315],[95.4893,5.21429],[95.49148,5.21682],[95.49259,5.21772],[95.49418,5.2186],[95.49759,5.22003],[95.49866,5.2202],[95.5,5.22016],[95.50116,5.21966],[95.50878,5.21798],[95.51022,5.21806],[95.51117,5.21797],[95.51256,5.2181],[95.51706,5.21754],[95.5198,5.21644],[95.52196,5.21521],[95.52317,5.21422],[95.52443,5.21363],[95.52547,5.21376],[95.52669,5.21456],[95.53187,5.21693],[95.53366,5.21702],[95.53611,5.2142],[95.53741,5.21335],[95.53928,5.21249],[95.54103,5.21044],[95.54363,5.20791],[95.54544,5.20581],[95.54918,5.20653],[95.55128,5.20794],[95.55293,5.20839],[95.55932,5.2082],[95.56209,5.20961],[95.56402,5.21028],[95.56832,5.20953],[95.57059,5.20963],[95.57246,5.21064],[95.57894,5.2093],[95.58045,5.20921],[95.58249,5.2093],[95.58777,5.2086],[95.58842,5.20703],[95.58942,5.20568],[95.59278,5.19963],[95.59419,5.19566],[95.59478,5.19456],[95.59536,5.1938],[95.59712,5.19219],[95.59771,5.19185],[95.59939,5.19134],[95.60124,5.19125],[95.60444,5.19149],[95.61032,5.19087],[95.61229,5.19111],[95.61425,5.1904],[95.61544,5.18952],[95.61609,5.18884],[95.61637,5.18815],[95.61787,5.18561],[95.61896,5.18316],[95.61949,5.18025],[95.6205,5.17696],[95.62144,5.17446],[95.62154,5.17215],[95.62204,5.16903],[95.62215,5.16721],[95.62171,5.16607],[95.62218,5.16476],[95.6239,5.16294],[95.62548,5.16186],[95.62697,5.16107],[95.63067,5.15966],[95.63311,5.15819],[95.63501,5.15511],[95.64022,5.14881],[95.64301,5.14679],[95.64359,5.14454],[95.64155,5.14066],[95.64007,5.14019],[95.6385,5.13935],[95.63544,5.13552],[95.6348,5.13435],[95.63413,5.13228],[95.63179,5.12678],[95.63309,5.12313],[95.63571,5.12001],[95.63709,5.11723],[95.64065,5.10894],[95.64013,5.10514],[95.63733,5.10212],[95.63517,5.09871],[95.63279,5.09586],[95.6301,5.09168],[95.63143,5.08771],[95.6336,5.08222],[95.63452,5.08028],[95.63903,5.07368],[95.64347,5.06978],[95.64825,5.06715],[95.64993,5.06646],[95.65665,5.06424],[95.66253,5.06287],[95.6722,5.06081],[95.67472,5.06037],[95.67791,5.06019],[95.68069,5.06043],[95.68767,5.06015],[95.69019,5.0598],[95.6959,5.05851],[95.69691,5.05817],[95.69968,5.05673],[95.70177,5.05512],[95.70311,5.05351],[95.70362,5.05308],[95.70479,5.05224],[95.70546,5.05198],[95.70613,5.05198],[95.70975,5.05264],[95.71245,5.05381],[95.71531,5.05455],[95.71952,5.05487],[95.72347,5.0546],[95.72733,5.05324],[95.72859,5.0529],[95.72985,5.05272],[95.73355,5.05296],[95.73482,5.05329],[95.73608,5.05413],[95.743,5.0606],[95.74506,5.06058],[95.75002,5.05991],[95.75154,5.05895],[95.75754,5.05773],[95.75978,5.05691],[95.76211,5.05546],[95.76287,5.05374],[95.76362,5.05029],[95.76422,5.04704],[95.76454,5.04283],[95.76524,5.04019],[95.76604,5.03794],[95.76722,5.03564],[95.76898,5.03396],[95.7704,5.03147],[95.77201,5.02797],[95.77222,5.027],[95.77685,5.0231],[95.77804,5.02249],[95.78188,5.01381],[95.78205,5.01226],[95.78276,5.00998],[95.78353,5.00878],[95.7881,5.00536],[95.78929,5.00398],[95.79035,5.00212],[95.79148,5.00092],[95.79219,4.99984],[95.79295,4.9992],[95.79779,4.99239],[95.80287,4.9884],[95.80682,4.98599],[95.81495,4.9806],[95.82055,4.97613],[95.82426,4.97344],[95.82735,4.97041],[95.83,4.96758],[95.83114,4.96605],[95.83333,4.96456],[95.83523,4.96244],[95.83736,4.96062],[95.83893,4.95903],[95.84121,4.95711],[95.84269,4.9562],[95.8443,4.95552],[95.84621,4.95494],[95.84692,4.95441],[95.84763,4.95278],[95.84995,4.94885],[95.85108,4.9454],[95.85287,4.94143],[95.8542,4.93889],[95.85513,4.93463],[95.85488,4.93171],[95.85511,4.93013],[95.8562,4.92841],[95.85839,4.92691],[95.86119,4.92566],[95.86572,4.92416],[95.87276,4.92155],[95.87761,4.9187],[95.8788,4.91736],[95.88038,4.91664],[95.88141,4.91587],[95.88203,4.91486],[95.88353,4.90931],[95.88488,4.90132],[95.88559,4.89997],[95.88582,4.89849],[95.88575,4.89462],[95.88688,4.89117],[95.89332,4.88043],[95.89455,4.87885],[95.89668,4.87478],[95.89895,4.87123],[95.90132,4.86811],[95.90389,4.86547],[95.90678,4.86302],[95.91082,4.86037],[95.91415,4.85878],[95.91748,4.85552],[95.9198,4.85302],[95.92678,4.84749],[95.94605,4.83768],[95.94962,4.83659],[95.952,4.83473],[95.95413,4.83263],[95.9575,4.82741],[95.95916,4.82412],[95.96088,4.82172],[95.96283,4.81944],[95.9674,4.81608],[95.97144,4.81343],[95.97227,4.81241],[95.97398,4.80744],[95.97622,4.80319],[95.97823,4.7987],[95.97965,4.79636],[95.98214,4.79462],[95.98619,4.79293],[95.99093,4.78777],[95.99212,4.78603],[95.9934,4.78118],[95.99404,4.7755],[95.99491,4.77179],[95.99532,4.76916],[95.9951,4.7596],[95.99448,4.7556],[95.99546,4.75428],[96.00021,4.7495],[96.00844,4.73105],[96.01651,4.71492],[96.02159,4.70268],[96.04277,4.6599],[96.04116,4.65438],[96.03834,4.6488],[96.0374,4.64668],[96.03556,4.64161],[96.03427,4.63755],[96.03225,4.63332],[96.03227,4.63246],[96.03262,4.63146],[96.03253,4.63072],[96.03283,4.63029],[96.03282,4.62933],[96.03014,4.62651],[96.02963,4.62571],[96.02845,4.62252],[96.02845,4.62169],[96.02799,4.61905],[96.0275,4.61787],[96.02697,4.61601],[96.02599,4.61394],[96.02591,4.61337],[96.02628,4.61208],[96.0276,4.61021],[96.03895,4.596],[96.03943,4.59511],[96.04197,4.58862],[96.04212,4.58757],[96.04192,4.58545],[96.03976,4.58124],[96.03835,4.57644],[96.03763,4.57534],[96.0346,4.57286],[96.0331,4.57244],[96.02819,4.57287],[96.0275,4.57286],[96.02456,4.57229],[96.02088,4.57261],[96.01965,4.57247],[96.01839,4.57208],[96.01744,4.57107],[96.01707,4.57051],[96.01655,4.56849],[96.01649,4.56726],[96.01676,4.56441],[96.01679,4.56265],[96.0165,4.56116],[96.01618,4.55609],[96.01571,4.55472],[96.01417,4.55263],[96.01334,4.55116],[96.00926,4.54865],[96.00619,4.54644],[96.00169,4.54145],[96.00071,4.54006],[96.00001,4.5399],[95.99659,4.53969],[95.99518,4.5394],[95.9913,4.53781],[95.98973,4.53702],[95.98851,4.53615],[95.98141,4.5327],[95.97775,4.52975],[95.97604,4.52869],[95.97287,4.52642],[95.96872,4.52244],[95.96542,4.51878],[95.96401,4.51746],[95.9631,4.51617],[95.95749,4.51007],[95.95466,4.50608],[95.95082,4.50002],[95.95056,4.49887],[95.95009,4.49766],[95.94502,4.48684],[95.94442,4.48589],[95.94406,4.48417],[95.9434,4.48271],[95.94203,4.48018],[95.94152,4.47955],[95.94143,4.47897],[95.94026,4.47658],[95.93891,4.47312],[95.93656,4.46795],[95.93553,4.46501],[95.93501,4.46448],[95.93483,4.46196],[95.92644,4.44358],[95.92612,4.4431],[95.9259,4.44241],[95.92251,4.4379],[95.92188,4.4374],[95.92033,4.43576],[95.9105,4.4206],[95.90195,4.40844],[95.89735,4.40434],[95.89386,4.40031],[95.88726,4.39561],[95.88158,4.38627],[95.87998,4.38412],[95.87989,4.38358],[95.88013,4.38271],[95.8801,4.38223],[95.88004,4.38187],[95.87935,4.38086],[95.87921,4.37903],[95.879,4.37845],[95.87808,4.37765],[95.87797,4.3774],[95.87806,4.37701],[95.87879,4.37569],[95.87887,4.37514],[95.87876,4.37464],[95.87822,4.37372],[95.87815,4.37153],[95.87725,4.37119],[95.87687,4.37082],[95.87631,4.36978],[95.87536,4.37069],[95.8748,4.37145],[95.87239,4.37377],[95.87096,4.37497],[95.86957,4.37652],[95.86638,4.37942],[95.86336,4.38253],[95.86195,4.38369],[95.85896,4.38668],[95.85681,4.38854],[95.8528,4.39243],[95.84988,4.39486],[95.84788,4.39686],[95.84439,4.39993],[95.84352,4.4009],[95.84281,4.40149],[95.84211,4.40189],[95.84025,4.40374],[95.83553,4.40792],[95.83397,4.40949],[95.83095,4.41195],[95.82841,4.4144],[95.82664,4.41575],[95.82421,4.41814],[95.82138,4.42046],[95.81922,4.42262],[95.81163,4.4286],[95.81142,4.42864],[95.81037,4.42807],[95.80885,4.43008],[95.80164,4.43776],[95.79696,4.44353],[95.79466,4.44683],[95.79372,4.4486],[95.79009,4.45372],[95.78701,4.45777],[95.77986,4.46635],[95.76946,4.4776],[95.7596,4.48789],[95.75438,4.49313],[95.74996,4.49696],[95.74869,4.49837],[95.74754,4.49927],[95.74692,4.50005],[95.74601,4.50078],[95.74528,4.50162],[95.74208,4.50457],[95.74133,4.50554],[95.7406,4.50616],[95.73823,4.50867],[95.73656,4.51003],[95.73458,4.51187],[95.73329,4.5133],[95.73221,4.51406],[95.73134,4.51485],[95.72963,4.5167],[95.72773,4.51814],[95.72701,4.519],[95.72635,4.51943],[95.72452,4.52123],[95.72284,4.52258],[95.72158,4.52398],[95.72058,4.52467],[95.71907,4.52604],[95.71816,4.52664],[95.71531,4.52938],[95.7137,4.53054],[95.71207,4.53216],[95.71196,4.53242],[95.71202,4.53273],[95.71155,4.53336],[95.71149,4.53324],[95.71121,4.53328],[95.71015,4.53382],[95.70876,4.5352],[95.7034,4.53974],[95.70176,4.54123],[95.70128,4.54181],[95.70008,4.54262],[95.6992,4.54364],[95.69817,4.54429],[95.69525,4.54683],[95.69462,4.54756],[95.69386,4.54802],[95.69263,4.54934],[95.69085,4.55055],[95.68886,4.55247],[95.68807,4.55293],[95.68715,4.55393],[95.68595,4.55472],[95.68509,4.55574],[95.68404,4.5563],[95.68292,4.55747],[95.68058,4.55932],[95.67971,4.56025],[95.678,4.56134],[95.67657,4.56285],[95.67537,4.56355],[95.6754,4.56372],[95.67514,4.56398],[95.67467,4.56406],[95.67115,4.56694],[95.66992,4.56764],[95.66904,4.56847],[95.66725,4.56974],[95.66663,4.57032],[95.66542,4.57102],[95.66414,4.5723],[95.66303,4.57293],[95.65945,4.57562],[95.65803,4.57653],[95.65611,4.57806],[95.65484,4.57882],[95.65387,4.57969],[95.6529,4.58025],[95.64984,4.58247],[95.64854,4.58364],[95.64107,4.5894],[95.63929,4.59103],[95.63874,4.59172],[95.63728,4.59297],[95.63593,4.59459],[95.63531,4.59504],[95.63467,4.59584],[95.63388,4.59646],[95.63278,4.59789],[95.63188,4.59863],[95.63086,4.59985],[95.62285,4.60782],[95.61726,4.61286],[95.61042,4.6186],[95.60999,4.61925],[95.6098,4.61929],[95.60739,4.62132],[95.60577,4.62188],[95.60492,4.62261],[95.60417,4.62298],[95.60364,4.62371],[95.60204,4.62452],[95.6008,4.62555],[95.59982,4.62617],[95.59772,4.62711],[95.5972,4.62709],[95.59416,4.62831],[95.5918,4.6296],[95.59116,4.63016],[95.58993,4.63083],[95.58845,4.63154],[95.58733,4.63192],[95.5852,4.6322],[95.58339,4.63206],[95.58158,4.63147],[95.57987,4.63041],[95.57904,4.62934],[95.57857,4.62839],[95.57911,4.62788],[95.57894,4.62764],[95.57895,4.62741],[95.58025,4.62637],[95.58131,4.6248],[95.58114,4.62423],[95.58068,4.62436],[95.58043,4.62421],[95.58041,4.62385],[95.58077,4.62374],[95.58087,4.62355],[95.58031,4.62328],[95.57984,4.62343],[95.5779,4.62362],[95.57776,4.62382],[95.57676,4.62426],[95.57633,4.62441],[95.57609,4.62435],[95.57566,4.62536],[95.57521,4.62587],[95.57449,4.62632],[95.57399,4.6262],[95.57399,4.62683],[95.57299,4.62763],[95.57213,4.62802],[95.57178,4.62806],[95.57158,4.6277],[95.5713,4.62752],[95.57071,4.62757],[95.57032,4.62731],[95.56995,4.62733],[95.56969,4.62657],[95.56929,4.62627],[95.56791,4.62643],[95.56703,4.6268],[95.56678,4.62723],[95.56687,4.62802],[95.56638,4.62856],[95.56646,4.62919],[95.5663,4.62952],[95.56586,4.62952],[95.5658,4.63031],[95.5653,4.63048],[95.56533,4.63085],[95.56505,4.63097],[95.56499,4.63141],[95.56446,4.63168],[95.56508,4.63281],[95.56684,4.63333],[95.56807,4.63325],[95.56851,4.63301],[95.56892,4.63255],[95.56901,4.63167],[95.56961,4.63145],[95.57039,4.63148],[95.57083,4.63134],[95.57288,4.63206],[95.57335,4.63242],[95.57325,4.63264],[95.57333,4.63287],[95.57372,4.63265],[95.574,4.63282],[95.57467,4.63358],[95.57533,4.63465],[95.57534,4.63484],[95.57457,4.63555],[95.57474,4.63585],[95.57519,4.63598],[95.5751,4.63637],[95.57494,4.63648],[95.57451,4.63624],[95.57352,4.63627],[95.5729,4.63676],[95.57219,4.6382],[95.57225,4.63881],[95.57181,4.6391],[95.57177,4.63948],[95.5719,4.63983],[95.57225,4.64007],[95.57234,4.64048],[95.57257,4.64075],[95.57324,4.6412],[95.57418,4.64147],[95.5745,4.64142],[95.57466,4.64126],[95.57481,4.64062],[95.57511,4.64064],[95.57543,4.64094],[95.5758,4.64102],[95.57599,4.64122],[95.57595,4.64146],[95.57571,4.64171],[95.57542,4.64176],[95.57528,4.64201],[95.5753,4.64238],[95.57561,4.64258],[95.57605,4.64234],[95.57626,4.64244],[95.57684,4.64241],[95.57804,4.64198],[95.57884,4.64153],[95.57979,4.64136],[95.58108,4.64009],[95.5817,4.64012],[95.58213,4.64033],[95.58209,4.6405],[95.58165,4.64074],[95.58175,4.64134],[95.58168,4.6415],[95.58128,4.64167],[95.58138,4.64216],[95.58155,4.64237],[95.58184,4.64239],[95.58224,4.64192],[95.5825,4.64187],[95.5829,4.64217],[95.58302,4.6425],[95.58071,4.64404],[95.58082,4.64411],[95.58153,4.64366],[95.5816,4.64372],[95.58213,4.64328],[95.58275,4.64411],[95.58306,4.6439],[95.58274,4.64398],[95.58225,4.6432],[95.58259,4.64298],[95.58315,4.643],[95.58414,4.64428],[95.5848,4.64634],[95.58509,4.64685],[95.58534,4.6481],[95.58487,4.64842],[95.58478,4.64865],[95.58517,4.6493],[95.58586,4.6497],[95.58597,4.64989],[95.58544,4.65205],[95.58479,4.65384],[95.58487,4.65397],[95.58413,4.65539],[95.58359,4.65614],[95.58215,4.6576],[95.58024,4.65869],[95.57929,4.65905],[95.57621,4.65968],[95.57554,4.66002],[95.57477,4.66085],[95.57386,4.66236],[95.57233,4.66259],[95.5706,4.66412],[95.56959,4.66463],[95.56782,4.66588],[95.56575,4.66678],[95.5641,4.66711],[95.56254,4.66712],[95.56218,4.66728],[95.56167,4.66705],[95.56091,4.66616],[95.56005,4.6661],[95.55955,4.6659],[95.55926,4.66554],[95.55821,4.66497],[95.55733,4.66467],[95.55667,4.66415],[95.5562,4.66306],[95.55582,4.66358],[95.55547,4.66235],[95.55567,4.66232],[95.55584,4.6625],[95.55604,4.66251],[95.55634,4.66242],[95.55692,4.66183],[95.55784,4.66053],[95.55765,4.66028],[95.55721,4.66018],[95.55644,4.6597],[95.5564,4.65947],[95.55616,4.65945],[95.55535,4.65869],[95.55485,4.65811],[95.55458,4.65746],[95.5546,4.65696],[95.55528,4.65664],[95.5554,4.65635],[95.55613,4.6556],[95.55636,4.65486],[95.55622,4.65456],[95.55592,4.65455],[95.55548,4.65476],[95.5551,4.65467],[95.55499,4.6545],[95.55478,4.65464],[95.55442,4.65465],[95.55296,4.65426],[95.55218,4.65425],[95.55131,4.65439],[95.55066,4.65435],[95.55001,4.65451],[95.54961,4.65443],[95.54848,4.65488],[95.54781,4.65442],[95.54721,4.65425],[95.54615,4.65471],[95.54583,4.6545],[95.54529,4.6545],[95.54471,4.65506],[95.54416,4.65501],[95.54405,4.65551],[95.54281,4.65592],[95.54222,4.65601],[95.542,4.65586],[95.54098,4.65577],[95.54104,4.65622],[95.54041,4.65648],[95.54042,4.65756],[95.54019,4.65868],[95.54044,4.65954],[95.54123,4.66083],[95.54143,4.66145],[95.54172,4.66157],[95.54184,4.66181],[95.54194,4.66295],[95.54178,4.66392],[95.54136,4.66489],[95.54084,4.66557],[95.54071,4.66621],[95.54084,4.6667],[95.54189,4.66819],[95.542,4.66879],[95.54193,4.66938],[95.54168,4.67014],[95.54132,4.67073],[95.53966,4.67203],[95.53898,4.67223],[95.53801,4.67224],[95.53739,4.67187],[95.53653,4.67169],[95.53534,4.67263],[95.53496,4.67385],[95.53503,4.67494],[95.53487,4.67564],[95.53373,4.67779],[95.53377,4.67849],[95.53402,4.67903],[95.53444,4.67935],[95.53418,4.67961],[95.53398,4.67963],[95.53385,4.67999],[95.53381,4.68211],[95.53279,4.68465],[95.53198,4.68574],[95.5314,4.68617],[95.5306,4.68707],[95.5296,4.68851],[95.52911,4.68892],[95.52913,4.68928],[95.52877,4.6898],[95.5284,4.68988],[95.52731,4.69168],[95.52509,4.69406],[95.52367,4.69536],[95.52365,4.69552],[95.51859,4.69842],[95.51721,4.69972],[95.51558,4.70177],[95.51521,4.70179],[95.51479,4.7014],[95.51449,4.7013],[95.5141,4.70142],[95.51376,4.70181],[95.51359,4.70169],[95.51204,4.7034],[95.51174,4.70542],[95.50986,4.70637],[95.50894,4.70747],[95.50836,4.70786],[95.50795,4.70787],[95.50744,4.70757],[95.5075,4.70715],[95.50714,4.70686],[95.50613,4.70679],[95.50584,4.70703],[95.50587,4.70814],[95.50555,4.70847],[95.50567,4.70918],[95.50545,4.70967],[95.50552,4.70997],[95.50584,4.71032],[95.50652,4.71021],[95.50694,4.70987],[95.50745,4.70814],[95.51014,4.70776],[95.5108,4.70796],[95.51101,4.70861],[95.51137,4.70906],[95.51208,4.70914],[95.51226,4.70942],[95.51255,4.70926],[95.51307,4.70979],[95.5131,4.71038],[95.51338,4.71052],[95.5135,4.71044],[95.51362,4.71063],[95.51413,4.71295],[95.51401,4.71552],[95.51346,4.71794],[95.51357,4.71813],[95.51349,4.71837],[95.51324,4.71852],[95.51251,4.72047],[95.5122,4.72088],[95.51135,4.72131],[95.51075,4.72189],[95.51032,4.72184],[95.50965,4.72276],[95.5095,4.72277],[95.50902,4.72406],[95.5085,4.72493],[95.50696,4.72652],[95.50555,4.72939],[95.50429,4.73104],[95.50213,4.73322],[95.50056,4.73454],[95.50055,4.73486],[95.49996,4.73553],[95.49964,4.73551],[95.49919,4.73573],[95.49798,4.73692],[95.49736,4.73726],[95.49699,4.73726],[95.49633,4.73684],[95.49616,4.73692],[95.49625,4.73748],[95.49589,4.73768],[95.49579,4.73845],[95.49525,4.73894],[95.49523,4.73928],[95.49604,4.74036],[95.49665,4.74057],[95.49685,4.74045],[95.49714,4.74081],[95.49731,4.74077],[95.49787,4.74106],[95.49815,4.74135],[95.49814,4.74196],[95.49794,4.743],[95.49744,4.7443],[95.49636,4.7462],[95.49459,4.74864],[95.49268,4.75105],[95.49012,4.75364],[95.48912,4.75482],[95.48694,4.75678],[95.48439,4.75937],[95.48206,4.76144],[95.47521,4.76829],[95.47027,4.77273],[95.4691,4.77348],[95.46749,4.77494],[95.46566,4.77633],[95.46328,4.7777],[95.46148,4.7786],[95.45845,4.77971],[95.45727,4.78051],[95.45603,4.78162],[95.45553,4.78151],[95.45337,4.78223],[95.45353,4.78246],[95.45413,4.78269],[95.45432,4.78288],[95.4539,4.78364],[95.45358,4.7846],[95.45383,4.78442],[95.45422,4.78447],[95.45473,4.78479],[95.45524,4.78561],[95.45564,4.78686],[95.4557,4.78751],[95.4556,4.7887],[95.45478,4.79152],[95.45387,4.79643],[95.45285,4.79882],[95.45092,4.80163],[95.45056,4.80236],[95.45003,4.80299],[95.44957,4.80389],[95.44862,4.80477],[95.44785,4.80576],[95.44735,4.8061],[95.44696,4.80662],[95.44604,4.80734],[95.44569,4.80777],[95.44444,4.80861],[95.44286,4.80933],[95.44183,4.80966],[95.44072,4.80978],[95.43991,4.80967],[95.43856,4.80893],[95.43829,4.80894],[95.43725,4.80831],[95.43496,4.80893],[95.43374,4.80878],[95.43359,4.80852],[95.43381,4.80818],[95.43374,4.80775],[95.43361,4.80761],[95.43343,4.80773],[95.43333,4.80756],[95.43219,4.80826],[95.43188,4.80816],[95.43017,4.80992],[95.43012,4.8104],[95.42868,4.8111],[95.42765,4.81081],[95.42747,4.81013],[95.42767,4.80984],[95.42769,4.80952],[95.42721,4.80905],[95.42688,4.80929],[95.42668,4.81003],[95.4269,4.8104],[95.42712,4.8104],[95.42714,4.81075],[95.42697,4.81085],[95.42703,4.81113],[95.42759,4.81088],[95.4278,4.81116],[95.42776,4.81153],[95.42721,4.81173],[95.42698,4.81242],[95.42707,4.81279],[95.42748,4.81263],[95.42765,4.81333],[95.42756,4.81381],[95.42541,4.81655],[95.4237,4.81797],[95.42078,4.81983],[95.41986,4.82012],[95.41904,4.82016],[95.41908,4.82003],[95.41886,4.81988],[95.41901,4.81921],[95.41894,4.81905],[95.41851,4.81926],[95.41826,4.81981],[95.41794,4.81977],[95.41768,4.81955],[95.41727,4.81971],[95.41722,4.81939],[95.417,4.81939],[95.41686,4.81963],[95.41664,4.81945],[95.41646,4.81967],[95.41594,4.81941],[95.41573,4.81943],[95.41556,4.81975],[95.41589,4.82034],[95.41575,4.82068],[95.41482,4.82116],[95.41382,4.82118],[95.41345,4.821],[95.41346,4.82023],[95.41326,4.8197],[95.41277,4.81965],[95.41255,4.81988],[95.41251,4.8202],[95.41274,4.8206],[95.41164,4.82365],[95.41227,4.82455],[95.41322,4.82425],[95.41337,4.82433],[95.4134,4.82455],[95.41321,4.82485],[95.41346,4.82532],[95.41373,4.82533],[95.41392,4.82516],[95.41385,4.82504],[95.41406,4.82465],[95.41417,4.82477],[95.41488,4.82465],[95.41498,4.82415],[95.41534,4.82375],[95.41562,4.82384],[95.41582,4.82344],[95.41721,4.82347],[95.41792,4.82392],[95.41807,4.82392],[95.41815,4.82357],[95.42062,4.8255],[95.42054,4.82596],[95.42072,4.82618],[95.42106,4.82593],[95.42201,4.82603],[95.42241,4.82638],[95.42312,4.82667],[95.42451,4.82841],[95.42548,4.83021],[95.426,4.83161],[95.42636,4.83436],[95.42579,4.83826],[95.4248,4.8416],[95.42403,4.84343],[95.42322,4.84489],[95.42148,4.84755],[95.41974,4.8497],[95.41953,4.85046],[95.41935,4.85041],[95.41884,4.85079],[95.41623,4.85382],[95.41392,4.85604],[95.41262,4.8572],[95.41247,4.85717],[95.41175,4.85771],[95.40949,4.86088],[95.40782,4.86284],[95.40733,4.86367],[95.40649,4.8641],[95.4062,4.86439],[95.40588,4.86427],[95.40565,4.86493],[95.4048,4.86556],[95.40431,4.86612],[95.40414,4.8665],[95.40303,4.86741],[95.40204,4.86792],[95.40184,4.86829],[95.40148,4.86856],[95.39914,4.87008],[95.39779,4.87017],[95.39773,4.87124],[95.3974,4.87173],[95.39725,4.87224],[95.39684,4.87252],[95.39655,4.87376],[95.3961,4.87482],[95.39604,4.87542],[95.39624,4.87654],[95.39584,4.87699],[95.39573,4.87758],[95.39529,4.87789],[95.39501,4.87827],[95.39509,4.87849],[95.39583,4.87859],[95.39693,4.87777],[95.39756,4.87823],[95.3984,4.87958],[95.39846,4.88],[95.39815,4.88032],[95.39856,4.88068],[95.39897,4.88079],[95.39918,4.88062],[95.39929,4.88073],[95.40012,4.88318],[95.40062,4.88366],[95.40042,4.88383],[95.40044,4.88429],[95.40098,4.88743],[95.40143,4.89256],[95.40133,4.89324],[95.40068,4.89502],[95.39874,4.89854],[95.39809,4.89901],[95.39768,4.89893],[95.39747,4.89919],[95.39746,4.90016],[95.39726,4.90071],[95.39589,4.90189],[95.39581,4.90219],[95.39507,4.903],[95.39472,4.90325],[95.39421,4.90334],[95.39364,4.90317],[95.39394,4.90274],[95.39419,4.9019],[95.3941,4.90186],[95.39389,4.9023],[95.39329,4.90217],[95.39282,4.90235],[95.39268,4.90252],[95.39253,4.90243],[95.39236,4.90252],[95.39228,4.90341],[95.39183,4.90539],[95.39162,4.90581],[95.39191,4.90631],[95.39175,4.9068],[95.3915,4.90697],[95.39154,4.90719],[95.39182,4.90739],[95.39159,4.90908],[95.39116,4.90978],[95.39073,4.91002],[95.3908,4.91026],[95.39056,4.91069],[95.39028,4.91077],[95.3897,4.9113],[95.38891,4.91297],[95.38898,4.91363],[95.38886,4.91509],[95.389,4.91554],[95.38865,4.91713],[95.38671,4.9192],[95.38595,4.91982],[95.38516,4.92025],[95.38389,4.92063],[95.38175,4.92082],[95.381,4.92063],[95.38007,4.92015],[95.37852,4.92104],[95.37841,4.92152],[95.37856,4.92206],[95.37865,4.92381],[95.37884,4.92388],[95.37871,4.92461],[95.37833,4.92526],[95.37782,4.9258],[95.37762,4.92645],[95.37714,4.9271],[95.3768,4.92799],[95.37637,4.92817],[95.37601,4.92775],[95.37577,4.92789],[95.37571,4.92817],[95.37589,4.92843],[95.37637,4.93061],[95.37661,4.93098],[95.3769,4.93112],[95.37724,4.93232],[95.37723,4.93258],[95.37601,4.93267],[95.37576,4.93309],[95.3761,4.93339],[95.3769,4.93354],[95.37725,4.93394],[95.37752,4.93405],[95.37773,4.93441],[95.37766,4.93505],[95.37745,4.93546],[95.37664,4.93606],[95.37619,4.93681],[95.37524,4.93786],[95.37383,4.93846],[95.37337,4.93846],[95.37285,4.93798],[95.3724,4.93797],[95.37201,4.93815],[95.37148,4.93867],[95.37135,4.93919],[95.37145,4.9396],[95.37216,4.93977],[95.3725,4.94021],[95.3726,4.942],[95.37291,4.94215],[95.37268,4.94317],[95.37159,4.94423],[95.37106,4.94439],[95.37041,4.94426],[95.36928,4.94478],[95.36853,4.94538],[95.36785,4.94656],[95.36723,4.94735],[95.36689,4.9481],[95.36702,4.94845],[95.36769,4.94842],[95.3678,4.94889],[95.36806,4.94909],[95.36935,4.94839],[95.3699,4.94836],[95.37015,4.9482],[95.37064,4.94831],[95.37107,4.94814],[95.37172,4.94826],[95.37243,4.94819],[95.37342,4.94837],[95.3738,4.9483],[95.37424,4.94797],[95.37496,4.94837],[95.37529,4.94889],[95.37538,4.94945],[95.37525,4.94975],[95.37465,4.94978],[95.37483,4.95048],[95.37555,4.95158],[95.37573,4.95162],[95.37606,4.95126],[95.3767,4.9519],[95.37746,4.95333],[95.37771,4.95443],[95.37768,4.95565],[95.37736,4.95603],[95.37715,4.95608],[95.37706,4.95637],[95.37683,4.95658],[95.37674,4.95779],[95.37709,4.9582],[95.37857,4.95881],[95.37967,4.95971],[95.38145,4.96266],[95.38116,4.96331],[95.38111,4.96594],[95.3804,4.97061],[95.38005,4.97082],[95.37956,4.97088],[95.37821,4.97205],[95.37697,4.97367],[95.37535,4.97443],[95.37491,4.97444],[95.37419,4.97416],[95.37372,4.97437],[95.37344,4.97469],[95.37361,4.97551],[95.37403,4.97612],[95.37383,4.9768],[95.37394,4.97699],[95.37386,4.97733],[95.37363,4.97726],[95.3736,4.97761],[95.37476,4.97885],[95.37511,4.97964],[95.37505,4.98073],[95.37526,4.98181],[95.37521,4.98257],[95.37506,4.98274],[95.37505,4.98326],[95.37488,4.98369],[95.37436,4.98434],[95.37375,4.98464],[95.37249,4.98495],[95.37183,4.9855],[95.37065,4.98614],[95.37037,4.98735],[95.37093,4.98761],[95.37092,4.98821],[95.37072,4.98852],[95.37025,4.98877],[95.36999,4.98866],[95.3699,4.98835],[95.36965,4.98854],[95.37042,4.98894],[95.3705,4.98917],[95.37038,4.98937],[95.37083,4.98956],[95.37076,4.99004],[95.37087,4.99032],[95.37017,4.99218],[95.36959,4.99304],[95.3697,4.99397],[95.36956,4.99488],[95.36924,4.99579],[95.36875,4.99625],[95.36847,4.997],[95.36735,4.99839],[95.36516,4.9999],[95.36426,4.99989],[95.36367,4.99953],[95.36349,4.99936],[95.36336,4.99881],[95.36285,4.99851],[95.36203,4.99766],[95.36005,4.99761],[95.35909,4.99811],[95.35855,4.99817],[95.35833,4.99842],[95.35838,4.99912],[95.35802,5.00061],[95.35816,5.00166],[95.35758,5.00256],[95.35742,5.00263],[95.35709,5.00245],[95.35643,5.00279],[95.35615,5.00337],[95.35583,5.00367],[95.35596,5.00392],[95.35562,5.00558],[95.35563,5.00661],[95.35579,5.00669],[95.35616,5.00646],[95.35785,5.00714],[95.35807,5.00742],[95.35832,5.00744],[95.35835,5.00828],[95.35823,5.00883],[95.35776,5.00974],[95.35644,5.01015],[95.35537,5.01119],[95.35482,5.01149],[95.3548,5.01188],[95.35503,5.0124],[95.35531,5.01253],[95.3557,5.01251],[95.35592,5.01272],[95.35632,5.0128],[95.35646,5.01311],[95.35666,5.01321],[95.35846,5.01234],[95.359,5.01223],[95.35994,5.01143],[95.36061,5.01145],[95.36144,5.0116],[95.36366,5.01247],[95.36493,5.01328],[95.36544,5.01338],[95.36612,5.01324],[95.36639,5.01367],[95.36621,5.01387],[95.36623,5.01445],[95.36695,5.0158],[95.36776,5.0179],[95.36843,5.02024],[95.36875,5.02319],[95.36872,5.02518],[95.36833,5.02852],[95.36732,5.03247],[95.36627,5.03474],[95.36539,5.03612],[95.36427,5.03744],[95.36366,5.03803],[95.36294,5.0385],[95.36287,5.03878],[95.36249,5.03903],[95.3614,5.0395],[95.36052,5.0397],[95.36028,5.0396],[95.35962,5.03963],[95.35903,5.03942],[95.35791,5.03869],[95.35703,5.03841],[95.35678,5.03839],[95.35632,5.03868],[95.35588,5.03925],[95.35567,5.04003],[95.35538,5.04033],[95.35529,5.04093],[95.35499,5.04165],[95.35463,5.04219],[95.35423,5.04226],[95.35411,5.0425],[95.3539,5.04257],[95.35399,5.04295],[95.35425,5.04324],[95.35341,5.04428],[95.3506,5.04673],[95.34825,5.04812],[95.34706,5.04871],[95.34302,5.05003],[95.34173,5.05002],[95.34113,5.04984],[95.34066,5.04999],[95.34057,5.0502],[95.3397,5.0502],[95.33948,5.04892],[95.33957,5.05008],[95.33881,5.05017],[95.33798,5.04978],[95.33727,5.04912],[95.33601,5.04897],[95.33557,5.04915],[95.33497,5.04967],[95.33371,5.0499],[95.33316,5.05025],[95.33268,5.05122],[95.33278,5.05163],[95.33274,5.05372],[95.33262,5.05439],[95.33206,5.05581],[95.33153,5.0566],[95.33131,5.05751],[95.3306,5.05795],[95.33053,5.05869],[95.33078,5.05907],[95.33059,5.06003],[95.33021,5.06077],[95.32999,5.06097],[95.32977,5.06083],[95.3296,5.06091],[95.32934,5.06131],[95.32881,5.06162],[95.32878,5.06173],[95.32892,5.0618],[95.32864,5.06216],[95.32769,5.06235],[95.32664,5.06384],[95.32654,5.06419],[95.32714,5.06453],[95.32715,5.06491],[95.32702,5.06548],[95.32667,5.0661],[95.32515,5.06797],[95.3247,5.06837],[95.32342,5.06902],[95.32267,5.06911],[95.32225,5.06889],[95.32214,5.0687],[95.32228,5.06825],[95.32198,5.06783],[95.32113,5.06785],[95.3214,5.06803],[95.32138,5.06813],[95.32101,5.0679],[95.32076,5.06791],[95.32025,5.06824],[95.32014,5.06863],[95.32038,5.06872],[95.32077,5.06942],[95.32049,5.06962],[95.32017,5.0695],[95.31986,5.06988],[95.31988,5.07009],[95.32055,5.07111],[95.32138,5.07131],[95.32148,5.07206],[95.32111,5.0728],[95.32094,5.0737],[95.32042,5.07461],[95.31994,5.07482],[95.31852,5.07503],[95.31815,5.07541],[95.31893,5.07569],[95.31898,5.07626],[95.31865,5.07721],[95.31795,5.07831],[95.31696,5.07833],[95.31668,5.07847],[95.31662,5.07881],[95.31648,5.07891],[95.31678,5.07907],[95.31696,5.07938],[95.31683,5.07949],[95.31609,5.07885],[95.3159,5.07891],[95.31537,5.07863],[95.31495,5.07858],[95.31483,5.07831],[95.31435,5.07801],[95.31337,5.07806],[95.31318,5.07797],[95.31277,5.07806],[95.31252,5.07824],[95.31262,5.07858],[95.3124,5.07874],[95.31175,5.07852],[95.31103,5.07853],[95.31059,5.0788],[95.31036,5.07875],[95.30951,5.07917],[95.30867,5.07977],[95.30835,5.0803],[95.30824,5.08029],[95.30831,5.08005],[95.30817,5.0801],[95.30712,5.08106],[95.3071,5.08135],[95.30761,5.08102],[95.30768,5.08126],[95.30793,5.08116],[95.30805,5.08158],[95.30842,5.08162],[95.30863,5.08183],[95.30888,5.08172],[95.30901,5.08178],[95.30922,5.08141],[95.30949,5.08149],[95.3097,5.08134],[95.31018,5.08165],[95.31038,5.08153],[95.31042,5.08173],[95.31083,5.08176],[95.31105,5.08165],[95.31117,5.08129],[95.31134,5.08142],[95.31163,5.08129],[95.31182,5.08152],[95.31211,5.08149],[95.3128,5.08127],[95.31359,5.08072],[95.31421,5.08065],[95.31456,5.08042],[95.31512,5.08056],[95.31618,5.08021],[95.31708,5.08069],[95.31796,5.08158],[95.31834,5.08231],[95.31836,5.08264],[95.3188,5.08329],[95.31884,5.08362],[95.31916,5.08401],[95.31948,5.08484],[95.31981,5.08499],[95.31993,5.08519],[95.32061,5.08822],[95.3206,5.09155],[95.32044,5.09237],[95.32012,5.09301],[95.31923,5.09378],[95.31912,5.09377],[95.31878,5.09302],[95.31809,5.09322],[95.3177,5.09285],[95.31735,5.09281],[95.31717,5.0929],[95.3173,5.09306],[95.31682,5.09339],[95.31652,5.0933],[95.31648,5.09353],[95.31588,5.0935],[95.31558,5.09368],[95.31539,5.09404],[95.31496,5.09424],[95.31493,5.09469],[95.31443,5.09469],[95.31434,5.09497],[95.31451,5.09503],[95.31433,5.09518],[95.31438,5.09531],[95.31388,5.09564],[95.31391,5.09592],[95.31374,5.09628],[95.31382,5.09636],[95.31393,5.09621],[95.31405,5.09646],[95.31422,5.09639],[95.31427,5.09712],[95.31377,5.09733],[95.31384,5.09756],[95.31244,5.09823],[95.31191,5.09797],[95.31175,5.09809],[95.31182,5.0983],[95.31214,5.09843],[95.31205,5.09866],[95.31228,5.09884],[95.31224,5.09926],[95.31237,5.09931],[95.31246,5.09975],[95.31243,5.0999],[95.31217,5.09997],[95.31229,5.10018],[95.31199,5.10034],[95.31192,5.10054],[95.31229,5.10062],[95.31279,5.10036],[95.31286,5.10057],[95.31248,5.10174],[95.31057,5.10474],[95.30987,5.10539],[95.30916,5.10646],[95.30867,5.10695],[95.30836,5.10705],[95.30748,5.10693],[95.30699,5.10705],[95.30547,5.10825],[95.30501,5.10892],[95.30463,5.10894],[95.3042,5.10915],[95.30386,5.10982],[95.30382,5.11031],[95.30337,5.11149],[95.30338,5.11185],[95.30309,5.1123],[95.30321,5.11275],[95.30375,5.11309],[95.30406,5.11308],[95.3046,5.11329],[95.30522,5.11327],[95.30587,5.1138],[95.30619,5.1143],[95.307,5.11495],[95.30725,5.11495],[95.30743,5.11512],[95.30778,5.11509],[95.30783,5.11524],[95.30861,5.11514],[95.3091,5.11531],[95.31043,5.11671],[95.31049,5.11715],[95.3099,5.11765],[95.31096,5.11694],[95.31117,5.11722],[95.31094,5.11746],[95.31078,5.11795],[95.31088,5.11918],[95.31072,5.12244],[95.3104,5.12525],[95.3101,5.12709],[95.30894,5.13183],[95.30707,5.13172],[95.30684,5.13185],[95.30622,5.13274],[95.30581,5.13396],[95.30514,5.13498],[95.30515,5.13578],[95.30476,5.13636],[95.30424,5.13666],[95.30406,5.13701],[95.30376,5.13723],[95.30256,5.1372],[95.30268,5.13762],[95.30209,5.13776],[95.30173,5.138],[95.30159,5.13891],[95.3019,5.13935],[95.30235,5.13956],[95.30352,5.13915],[95.30427,5.13914],[95.30478,5.13891],[95.30533,5.13893],[95.3056,5.13911],[95.30583,5.13973],[95.30576,5.14042],[95.30594,5.14111],[95.30568,5.14167],[95.30571,5.14237],[95.30548,5.14284],[95.30576,5.14358],[95.30565,5.14378],[95.30587,5.14408],[95.30571,5.14433],[95.30571,5.14471],[95.30601,5.14508],[95.30644,5.14512],[95.30671,5.14574],[95.30703,5.14583],[95.30746,5.14573],[95.30764,5.14585],[95.30775,5.14696],[95.30793,5.14735],[95.30788,5.1475],[95.30743,5.14768],[95.30741,5.14818],[95.30704,5.14882],[95.30621,5.14931],[95.30615,5.14946],[95.30621,5.14968],[95.30662,5.14988],[95.30707,5.15052],[95.30723,5.15142],[95.30712,5.15168],[95.3076,5.15245],[95.30791,5.15266],[95.30805,5.15325],[95.30797,5.15394],[95.30819,5.15487],[95.30812,5.15512],[95.30839,5.15573],[95.30832,5.15599],[95.30788,5.15647],[95.30778,5.15786],[95.30762,5.15806],[95.30781,5.1584],[95.30769,5.15865],[95.3079,5.15933],[95.30835,5.15961],[95.30865,5.16029],[95.30901,5.16073],[95.30925,5.16182],[95.30881,5.16244],[95.30857,5.16324],[95.30819,5.16351],[95.30749,5.1652],[95.30692,5.16565],[95.30679,5.16603],[95.3065,5.16623],[95.30647,5.16657],[95.30611,5.16701],[95.30619,5.1675],[95.30603,5.16762],[95.30598,5.16813],[95.30632,5.16811],[95.30693,5.16779],[95.30709,5.16802],[95.30738,5.16776],[95.30826,5.16759],[95.3091,5.1679],[95.31017,5.16851],[95.31104,5.16872],[95.31177,5.16955],[95.31266,5.17028],[95.31489,5.17173],[95.31629,5.17178],[95.31871,5.17231],[95.31967,5.17281],[95.32201,5.17462],[95.32463,5.17576],[95.32582,5.17671],[95.32711,5.17735],[95.33,5.17818],[95.33209,5.17895],[95.33232,5.18013],[95.33008,5.18319],[95.3286,5.1861],[95.32927,5.18814],[95.32963,5.19095],[95.33141,5.19384],[95.33162,5.19487],[95.33138,5.19726],[95.33052,5.19887],[95.33061,5.20007],[95.33102,5.20118],[95.33114,5.20242],[95.33188,5.20472],[95.33195,5.20577],[95.33173,5.20821],[95.32899,5.21412],[95.32825,5.21497],[95.32619,5.219],[95.32475,5.22333],[95.32476,5.22416],[95.32533,5.22478],[95.32642,5.22525],[95.32805,5.22561],[95.32953,5.22611],[95.33172,5.2279],[95.33323,5.22983],[95.33443,5.23058],[95.33616,5.23069],[95.33766,5.23012],[95.34001,5.23029],[95.34459,5.23239],[95.34675,5.23293],[95.34876,5.23364],[95.34913,5.23433],[95.3491,5.23519],[95.34822,5.23836],[95.34774,5.24083],[95.34756,5.24278],[95.34751,5.24457],[95.34783,5.24522],[95.34833,5.24555],[95.3498,5.24581],[95.35089,5.24585],[95.35187,5.24632],[95.35286,5.24771],[95.35372,5.24825],[95.35493,5.24861],[95.35728,5.25066],[95.35809,5.25167],[95.35948,5.25227],[95.36244,5.25319],[95.3649,5.25391],[95.36638,5.2542],[95.3674,5.25429],[95.37079,5.25375],[95.37185,5.25329],[95.37444,5.25123],[95.37614,5.24899],[95.37738,5.24664],[95.37787,5.24523],[95.37809,5.24372],[95.37797,5.24319],[95.37837,5.24175],[95.37951,5.23935],[95.38164,5.23747],[95.38389,5.23643],[95.38541,5.23547],[95.38685,5.23398],[95.38913,5.23365],[95.3901,5.23338],[95.39032,5.2325],[95.38995,5.23068]]]}},{"type":"Feature","properties":{"nama":"Aceh Selatan","provinsi":"Aceh","sumber":"Batas_Kab"},"geometry":{"type":"Polygon","coordinates":[[[97.59379,2.80797],[97.59337,2.80803],[97.59321,2.80843],[97.59286,2.80867],[97.5924,2.80942],[97.59258,2.80969],[97.5934,2.80938],[97.59385,2.80903],[97.5939,2.80822],[97.59379,2.80797]]]}},{"type":"Feature","properties":{"nama":"Aceh Selatan","provinsi":"Aceh","sumber":"Batas_Kab"},"geometry":{"type":"Polygon","coordinates":[[[97.51905,2.88083],[97.51807,2.88097],[97.51747,2.88149],[97.5173,2.88185],[97.51739,2.88302],[97.51792,2.88347],[97.51835,2.88362],[97.51898,2.88361],[97.5194,2.88316],[97.51954,2.88209],[97.51951,2.88135],[97.5194,2.88109],[97.51905,2.88083]]]}},{"type":"Feature","properties":{"nama":"Aceh Selatan","provinsi":"Aceh","sumber":"Batas_Kab"},"geometry":{"type":"Polygon","coordinates":[[[97.51603,2.88772],[97.51476,2.88693],[97.51422,2.88694],[97.51364,2.88749],[97.51355,2.88795],[97.51365,2.88833],[97.51449,2.88901],[97.51495,2.88906],[97.51566,2.88876],[97.51609,2.8881],[97.51603,2.88772]]]}},{"type":"Feature","properties":{"nama":"Aceh Selatan","provinsi":"Aceh","sumber":"Batas_Kab"},"geometry":{"type":"Polygon","coordinates":[[[97.43855,2.90665],[97.43842,2.90663],[97.43816,2.90692],[97.43814,2.90718],[97.4383,2.90739],[97.43852,2.9072],[97.43855,2.90665]]]}},{"type":"Feature","properties":{"nama":"Aceh Selatan","provinsi":"Aceh","sumber":"Batas_Kab"},"geometry":{"type":"Polygon","coordinates":[[[97.12829,3.31759],[97.1281,3.3177],[97.12842,3.31786],[97.12849,3.31773],[97.12829,3.31759]]]}},{"type":"Feature","properties":{"nama":"Aceh Selatan","provinsi":"Aceh","sumber":"Batas_Kab"},"geometry":{"type":"Polygon","coordinates":[[[97.07264,3.41502],[97.0722,3.41521],[97.07186,3.41559],[97.07208,3.41613],[97.07271,3.41596],[97.07264,3.41502]]]}},{"type":"Feature","properties":{"nama":"Aceh Selatan","provinsi":"Aceh","sumber":"Batas_Kab"},"geometry":{"type":"Polygon","coordinates":[[[97.00157,3.52618],[97.00118,3.52595],[97.00089,3.52602],[96.99997,3.52643],[96.99968,3.52676],[96.99977,3.52727],[96.99972,3.52857],[97.00005,3.52935],[97.00033,3.52934],[97.00116,3.52826],[97.00122,3.52727],[97.00152,3.52662],[97.00157,3.52618]]]}},{"type":"Feature","properties":{"nama":"Aceh Selatan","provinsi":"Aceh","sumber":"Batas_Kab"},"geometry":{"type":"Polygon","coordinates":[[[97.267,3.64883],[97.27487,3.64918],[97.2763,3.649],[97.27874,3.64844],[97.27937,3.64818],[97.28048,3.64742],[97.28177,3.64621],[97.28279,3.64486],[97.28363,3.64337],[97.28455,3.6413],[97.28549,3.63785],[97.28615,3.63435],[97.2865,3.63312],[97.29075,3.62107],[97.29381,3.61371],[97.29556,3.60799],[97.29571,3.60301],[97.2956,3.60084],[97.29497,3.59524],[97.29511,3.59521],[97.29696,3.59628],[97.29914,3.59696],[97.30579,3.59978],[97.31363,3.60248],[97.31729,3.60402],[97.31892,3.60492],[97.32263,3.60832],[97.32373,3.60898],[97.32755,3.60981],[97.32898,3.6099],[97.33041,3.61024],[97.33419,3.61341],[97.33707,3.61478],[97.34164,3.61627],[97.34201,3.61653],[97.34309,3.61778],[97.34417,3.6201],[97.34441,3.6209],[97.34483,3.62161],[97.34527,3.62164],[97.34581,3.62128],[97.34736,3.62063],[97.34966,3.61983],[97.35055,3.61971],[97.35282,3.61998],[97.35606,3.6213],[97.35753,3.62206],[97.36156,3.62543],[97.36305,3.62715],[97.36418,3.62857],[97.36627,3.63188],[97.36828,3.63476],[97.36924,3.63594],[97.37132,3.63787],[97.37329,3.63891],[97.3739,3.639],[97.3747,3.639],[97.37559,3.63882],[97.37725,3.63816],[97.38089,3.63619],[97.38189,3.63603],[97.38491,3.63629],[97.38611,3.63601],[97.38768,3.63545],[97.38993,3.6344],[97.3918,3.63352],[97.39339,3.63258],[97.39393,3.63199],[97.39429,3.63129],[97.39605,3.6267],[97.3974,3.6221],[97.39779,3.62001],[97.39853,3.61792],[97.3992,3.61737],[97.4006,3.6166],[97.40179,3.61608],[97.40351,3.61559],[97.40592,3.61557],[97.407,3.61581],[97.41136,3.61737],[97.41636,3.61898],[97.41666,3.61953],[97.41679,3.62049],[97.4192,3.63072],[97.41951,3.63136],[97.42047,3.63225],[97.42192,3.63313],[97.42297,3.63351],[97.42389,3.63365],[97.42665,3.63368],[97.42747,3.6338],[97.4296,3.63443],[97.433,3.63574],[97.43509,3.63605],[97.43625,3.63594],[97.43764,3.63533],[97.43821,3.63485],[97.43989,3.63244],[97.44091,3.63147],[97.44161,3.63105],[97.44226,3.63074],[97.44534,3.63034],[97.44618,3.63011],[97.44679,3.6299],[97.44874,3.62884],[97.45424,3.62472],[97.455,3.62463],[97.45572,3.62438],[97.45772,3.62299],[97.46029,3.62095],[97.46229,3.61964],[97.46314,3.61866],[97.46363,3.61751],[97.46373,3.61598],[97.46257,3.60899],[97.4623,3.60468],[97.46244,3.60395],[97.46369,3.60057],[97.46525,3.59678],[97.46899,3.58608],[97.46953,3.58406],[97.4691,3.57853],[97.46972,3.57408],[97.47094,3.57058],[97.47228,3.56787],[97.47315,3.56634],[97.47379,3.56554],[97.47496,3.56468],[97.47843,3.56273],[97.48045,3.56188],[97.48278,3.56056],[97.48337,3.56009],[97.48417,3.55912],[97.48516,3.55679],[97.48537,3.55536],[97.48549,3.55246],[97.48468,3.54772],[97.48429,3.54394],[97.4841,3.54315],[97.48388,3.54265],[97.48221,3.54116],[97.48024,3.54093],[97.47791,3.5409],[97.47356,3.54032],[97.47115,3.54012],[97.46433,3.53974],[97.45808,3.53961],[97.45728,3.53947],[97.45386,3.53812],[97.4519,3.53677],[97.45094,3.53585],[97.44923,3.53286],[97.44694,3.52828],[97.44055,3.51734],[97.4391,3.51527],[97.43598,3.51166],[97.4325,3.50796],[97.43144,3.50603],[97.42962,3.50334],[97.42709,3.5],[97.42138,3.49028],[97.41882,3.48561],[97.41315,3.47611],[97.41021,3.47155],[97.40334,3.45944],[97.3984,3.45132],[97.39822,3.45084],[97.3983,3.45044],[97.40117,3.44724],[97.41138,3.43486],[97.41614,3.42843],[97.42148,3.42239],[97.42647,3.41609],[97.4282,3.41367],[97.43006,3.41167],[97.43179,3.40877],[97.43591,3.40249],[97.44035,3.39607],[97.44064,3.3955],[97.44118,3.39332],[97.44477,3.38706],[97.44541,3.38462],[97.44728,3.3808],[97.44915,3.3763],[97.45002,3.37508],[97.45297,3.36885],[97.45397,3.36633],[97.4619,3.3497],[97.46393,3.34482],[97.46752,3.33808],[97.46858,3.33512],[97.47239,3.32799],[97.47337,3.32654],[97.47466,3.32317],[97.47588,3.31833],[97.47528,3.316],[97.47506,3.31433],[97.47347,3.31078],[97.46784,3.29609],[97.46647,3.29084],[97.46587,3.28823],[97.46545,3.28569],[97.46453,3.2776],[97.46453,3.27603],[97.4642,3.27264],[97.46406,3.26787],[97.46462,3.26398],[97.46535,3.26029],[97.46581,3.25666],[97.46633,3.25402],[97.46663,3.25306],[97.46671,3.25211],[97.46728,3.25],[97.47027,3.2424],[97.47195,3.23877],[97.47297,3.2359],[97.47329,3.23414],[97.47326,3.23076],[97.47342,3.22732],[97.47468,3.22404],[97.47502,3.22282],[97.47582,3.22141],[97.47624,3.21984],[97.47736,3.21697],[97.47906,3.21507],[97.47998,3.2137],[97.48113,3.21245],[97.48315,3.20966],[97.48829,3.20348],[97.49028,3.20139],[97.49574,3.19621],[97.4978,3.19379],[97.49974,3.19189],[97.50263,3.18859],[97.5043,3.18596],[97.50912,3.18019],[97.51437,3.17326],[97.51685,3.17049],[97.51853,3.16903],[97.52391,3.16479],[97.52646,3.16319],[97.52945,3.1621],[97.53621,3.15808],[97.54192,3.15503],[97.54764,3.15126],[97.54979,3.14997],[97.55214,3.14876],[97.56059,3.14169],[97.56292,3.13943],[97.56574,3.13715],[97.57272,3.13036],[97.57864,3.1258],[97.58087,3.12429],[97.58642,3.12111],[97.58811,3.11969],[97.5907,3.11805],[97.59296,3.11639],[97.5974,3.11365],[97.60385,3.10862],[97.60603,3.10592],[97.61017,3.10122],[97.61168,3.09881],[97.61292,3.09607],[97.61446,3.0941],[97.61547,3.09206],[97.61642,3.08968],[97.6178,3.08712],[97.62039,3.08165],[97.62359,3.07219],[97.62803,3.06238],[97.63118,3.05417],[97.63352,3.04765],[97.63528,3.04447],[97.63743,3.04166],[97.64058,3.03527],[97.64222,3.03257],[97.64291,3.02989],[97.64233,3.0245],[97.63574,3.01645],[97.6346,3.01485],[97.63379,3.01179],[97.63348,3.00722],[97.63363,2.99451],[97.63341,2.99267],[97.63338,2.98838],[97.63318,2.9866],[97.63335,2.9845],[97.63299,2.97985],[97.63303,2.97735],[97.63284,2.97626],[97.63301,2.96966],[97.63429,2.96709],[97.63725,2.95815],[97.63815,2.9565],[97.64061,2.95345],[97.64244,2.95202],[97.64397,2.9513],[97.64651,2.95037],[97.64791,2.95008],[97.65184,2.94851],[97.65357,2.94802],[97.6557,2.94766],[97.65709,2.94725],[97.66034,2.9468],[97.66839,2.94589],[97.6744,2.94536],[97.67673,2.94474],[97.68873,2.9425],[97.6934,2.94188],[97.70266,2.93928],[97.70566,2.93882],[97.7118,2.93667],[97.71642,2.93546],[97.71904,2.93484],[97.72127,2.93448],[97.73226,2.93199],[97.74206,2.92837],[97.74717,2.92756],[97.7507,2.9276],[97.75357,2.92712],[97.75511,2.92734],[97.75559,2.92767],[97.75743,2.92979],[97.75869,2.93101],[97.7625,2.93432],[97.76323,2.93527],[97.76477,2.93799],[97.76619,2.94081],[97.76876,2.94864],[97.76919,2.95118],[97.76892,2.95369],[97.76995,2.95787],[97.77036,2.95875],[97.77217,2.96093],[97.77414,2.96234],[97.77511,2.96343],[97.77922,2.9667],[97.78099,2.96775],[97.78339,2.96894],[97.78848,2.97197],[97.78994,2.97273],[97.79234,2.9737],[97.79516,2.97453],[97.79701,2.97493],[97.79819,2.975],[97.79998,2.97443],[97.80131,2.97286],[97.80185,2.97149],[97.80333,2.96552],[97.80432,2.96263],[97.80448,2.96172],[97.80487,2.9611],[97.80553,2.96053],[97.8061,2.9604],[97.80727,2.96075],[97.80822,2.96132],[97.81354,2.96665],[97.81436,2.96795],[97.81497,2.96926],[97.81534,2.97038],[97.81634,2.97469],[97.81586,2.97844],[97.81413,2.98102],[97.81403,2.98147],[97.81479,2.98304],[97.81692,2.98231],[97.818,2.98168],[97.8242,2.98005],[97.82923,2.97914],[97.8355,2.97757],[97.84617,2.97456],[97.86408,2.9702],[97.87338,2.96773],[97.89216,2.96607],[97.89641,2.96632],[97.90038,2.96631],[97.90272,2.96274],[97.90509,2.95992],[97.9061,2.95852],[97.90665,2.95712],[97.9071,2.95508],[97.90759,2.94996],[97.90835,2.94422],[97.90859,2.94094],[97.90899,2.93347],[97.90882,2.9246],[97.90844,2.92188],[97.90795,2.91981],[97.90572,2.91178],[97.90415,2.90982],[97.9028,2.90782],[97.89765,2.90415],[97.89138,2.89828],[97.88885,2.89611],[97.88547,2.89408],[97.87693,2.89003],[97.87283,2.88846],[97.86762,2.88694],[97.8631,2.88505],[97.85938,2.8829],[97.85886,2.88206],[97.85858,2.88189],[97.85761,2.87923],[97.85716,2.87637],[97.85716,2.87384],[97.85738,2.87003],[97.85777,2.86711],[97.85784,2.86501],[97.85944,2.862],[97.86006,2.85984],[97.86,2.85716],[97.86022,2.84604],[97.8577,2.84298],[97.85165,2.8361],[97.84686,2.83262],[97.78462,2.80495],[97.78763,2.79952],[97.78353,2.79728],[97.77622,2.79362],[97.76653,2.78807],[97.76796,2.78306],[97.77081,2.77707],[97.77804,2.76272],[97.79689,2.71576],[97.81716,2.66732],[97.81343,2.65306],[97.82521,2.63693],[97.8174,2.61463],[97.81196,2.59813],[97.79706,2.55392],[97.79554,2.54842],[97.79546,2.5446],[97.79095,2.49845],[97.78838,2.49532],[97.77079,2.4719],[97.75,2.44251],[97.74856,2.44136],[97.74196,2.43432],[97.73883,2.43024],[97.73571,2.42651],[97.73305,2.42356],[97.7311,2.42182],[97.72791,2.41953],[97.725,2.41765],[97.72259,2.41643],[97.71787,2.41329],[97.71,2.40909],[97.70436,2.40712],[97.69785,2.40544],[97.69466,2.40475],[97.69144,2.4036],[97.6868,2.4027],[97.68358,2.40146],[97.66504,2.39486],[97.6644,2.39623],[97.66307,2.40017],[97.66217,2.4045],[97.66124,2.41259],[97.66052,2.4171],[97.66049,2.42035],[97.66022,2.42629],[97.65977,2.43158],[97.65965,2.43663],[97.65922,2.44419],[97.65825,2.45312],[97.65786,2.45957],[97.65746,2.46331],[97.6573,2.46847],[97.6573,2.48002],[97.65757,2.48507],[97.6576,2.49645],[97.65778,2.49964],[97.65775,2.50214],[97.6581,2.50525],[97.65813,2.51056],[97.65865,2.51854],[97.65878,2.52288],[97.65846,2.53563],[97.65829,2.54025],[97.65787,2.54378],[97.65767,2.55561],[97.65748,2.55687],[97.65744,2.55859],[97.65743,2.56479],[97.65673,2.57368],[97.65677,2.57798],[97.65627,2.59359],[97.656,2.59578],[97.65578,2.6023],[97.65538,2.60521],[97.65534,2.61],[97.6547,2.61639],[97.65407,2.62049],[97.65373,2.62645],[97.65325,2.63019],[97.6527,2.64127],[97.65242,2.64275],[97.65229,2.64641],[97.65201,2.6487],[97.6519,2.65441],[97.65151,2.66135],[97.65066,2.67055],[97.64997,2.67612],[97.64959,2.67765],[97.64893,2.68285],[97.64716,2.69152],[97.64691,2.69362],[97.64602,2.69751],[97.64522,2.7021],[97.64393,2.71322],[97.64348,2.71462],[97.64231,2.72004],[97.64182,2.72179],[97.64091,2.727],[97.6405,2.72815],[97.63881,2.7347],[97.6377,2.74071],[97.63708,2.74319],[97.63673,2.74538],[97.63611,2.74745],[97.63558,2.75072],[97.63486,2.7537],[97.63479,2.75442],[97.6342,2.75607],[97.6334,2.75929],[97.6306,2.76787],[97.62839,2.77542],[97.62729,2.78041],[97.62533,2.78722],[97.62463,2.78926],[97.62297,2.79541],[97.62197,2.79968],[97.62031,2.80535],[97.61906,2.8114],[97.61818,2.81417],[97.61772,2.8161],[97.61704,2.81975],[97.61626,2.82613],[97.61458,2.83339],[97.61355,2.83696],[97.61157,2.84274],[97.60925,2.84813],[97.60816,2.85019],[97.60632,2.85425],[97.60564,2.85634],[97.604,2.86022],[97.60102,2.86605],[97.597,2.87343],[97.59354,2.87912],[97.59271,2.88016],[97.59202,2.88065],[97.59018,2.88065],[97.58931,2.88085],[97.58852,2.88134],[97.58768,2.88209],[97.58444,2.88616],[97.58176,2.8891],[97.58034,2.8904],[97.57839,2.89151],[97.57803,2.89151],[97.57765,2.89097],[97.57721,2.89075],[97.57664,2.89084],[97.57536,2.89142],[97.57389,2.89166],[97.57336,2.89157],[97.57284,2.89126],[97.57007,2.89117],[97.56922,2.89078],[97.56883,2.89044],[97.56873,2.88936],[97.56624,2.88781],[97.56497,2.88743],[97.56405,2.88795],[97.56267,2.88939],[97.56131,2.89052],[97.55885,2.89218],[97.5569,2.89293],[97.55521,2.8932],[97.55458,2.89315],[97.55394,2.89279],[97.55337,2.89146],[97.55273,2.89095],[97.55235,2.89092],[97.55055,2.8914],[97.54908,2.89135],[97.54554,2.88987],[97.54427,2.88901],[97.54284,2.88858],[97.54186,2.88779],[97.54133,2.887],[97.54128,2.88629],[97.54162,2.88515],[97.54158,2.88459],[97.54121,2.8843],[97.54054,2.88423],[97.53904,2.88502],[97.53764,2.88605],[97.53619,2.88679],[97.53498,2.88782],[97.53329,2.88877],[97.52857,2.89013],[97.5265,2.89048],[97.52478,2.89096],[97.52341,2.89158],[97.52147,2.89317],[97.52104,2.89327],[97.52071,2.89303],[97.52056,2.89313],[97.51961,2.89586],[97.51787,2.89957],[97.51581,2.90275],[97.51443,2.90406],[97.5132,2.90479],[97.511,2.90562],[97.50902,2.9057],[97.50859,2.90567],[97.50764,2.9053],[97.50708,2.90541],[97.50636,2.90648],[97.5039,2.90851],[97.50222,2.91024],[97.49472,2.91613],[97.49323,2.91721],[97.48635,2.92074],[97.4838,2.92165],[97.48212,2.92197],[97.47781,2.92224],[97.4763,2.92222],[97.46406,2.92367],[97.45487,2.92408],[97.44943,2.92357],[97.44767,2.92372],[97.44701,2.92389],[97.44417,2.92526],[97.43817,2.92867],[97.43051,2.93175],[97.42701,2.93354],[97.42349,2.9358],[97.41853,2.93987],[97.41238,2.94572],[97.41074,2.94703],[97.40985,2.94805],[97.40679,2.95086],[97.40309,2.95394],[97.39973,2.95704],[97.39887,2.95807],[97.39767,2.95905],[97.3962,2.96056],[97.38765,2.96983],[97.38415,2.97393],[97.38095,2.97744],[97.37622,2.98243],[97.375,2.98353],[97.36801,2.99143],[97.36709,2.99266],[97.36432,2.99582],[97.3579,3.00435],[97.35654,3.00636],[97.35235,3.01182],[97.34977,3.01547],[97.34529,3.02131],[97.34256,3.02459],[97.33888,3.02873],[97.33736,3.03066],[97.33505,3.03322],[97.33315,3.03511],[97.33285,3.03523],[97.33243,3.03511],[97.33228,3.03521],[97.33189,3.03577],[97.33198,3.03661],[97.33166,3.03708],[97.31852,3.05154],[97.31806,3.0525],[97.31755,3.05283],[97.31598,3.05507],[97.31601,3.056],[97.31586,3.05669],[97.31506,3.05861],[97.31415,3.06147],[97.30955,3.07761],[97.30865,3.08025],[97.30715,3.08366],[97.30701,3.08381],[97.30666,3.08384],[97.3067,3.08398],[97.3075,3.08417],[97.30774,3.08439],[97.30786,3.08496],[97.30776,3.08528],[97.3073,3.0863],[97.30454,3.09498],[97.30161,3.10303],[97.29975,3.10769],[97.29962,3.10853],[97.29914,3.10916],[97.29444,3.12194],[97.29392,3.12379],[97.29392,3.1247],[97.29359,3.12622],[97.29325,3.127],[97.29298,3.12726],[97.29297,3.12798],[97.29181,3.13118],[97.29072,3.13461],[97.29051,3.13573],[97.29021,3.13607],[97.28962,3.13811],[97.28961,3.1385],[97.28927,3.13903],[97.28877,3.1404],[97.28764,3.14435],[97.28712,3.14563],[97.28706,3.14658],[97.28675,3.14698],[97.28662,3.14744],[97.28649,3.14854],[97.28448,3.15675],[97.28436,3.1581],[97.28399,3.15911],[97.28382,3.16018],[97.28258,3.16428],[97.28143,3.16861],[97.28142,3.16949],[97.28134,3.16963],[97.28108,3.16964],[97.28095,3.16986],[97.28013,3.17285],[97.2786,3.17685],[97.27779,3.17948],[97.27755,3.18129],[97.27702,3.18263],[97.27538,3.18593],[97.27359,3.19034],[97.27354,3.19088],[97.27309,3.19158],[97.27133,3.19568],[97.27113,3.19653],[97.27031,3.19759],[97.26832,3.20214],[97.26801,3.20256],[97.26742,3.20399],[97.26686,3.20491],[97.26559,3.20758],[97.26512,3.20871],[97.26529,3.2092],[97.26468,3.20964],[97.26437,3.21034],[97.26378,3.21094],[97.25981,3.21779],[97.25899,3.21949],[97.25842,3.21992],[97.2564,3.2227],[97.25576,3.22363],[97.25532,3.22467],[97.25494,3.22509],[97.25441,3.22528],[97.25142,3.22861],[97.25033,3.22938],[97.24951,3.2305],[97.24802,3.23179],[97.24741,3.23256],[97.24635,3.23311],[97.245,3.23414],[97.24447,3.23476],[97.24302,3.23538],[97.24249,3.23542],[97.24163,3.23453],[97.24118,3.23448],[97.23974,3.2352],[97.2397,3.23562],[97.2395,3.23582],[97.23866,3.23588],[97.23765,3.23531],[97.23541,3.23452],[97.23522,3.23426],[97.2351,3.23349],[97.23443,3.23229],[97.23405,3.23213],[97.23275,3.23196],[97.23214,3.23159],[97.23115,3.23133],[97.23073,3.2311],[97.2297,3.23102],[97.22756,3.23169],[97.22674,3.23153],[97.22627,3.23206],[97.22562,3.23222],[97.22497,3.23219],[97.22462,3.23159],[97.22411,3.2317],[97.22342,3.23241],[97.22333,3.23388],[97.22351,3.23447],[97.22304,3.23589],[97.22291,3.23671],[97.22201,3.23851],[97.22217,3.23928],[97.22172,3.24056],[97.22189,3.24081],[97.22301,3.24083],[97.2237,3.24227],[97.22369,3.24264],[97.22207,3.24313],[97.221,3.24308],[97.22062,3.24344],[97.2205,3.24387],[97.21926,3.2448],[97.21902,3.24477],[97.21877,3.24452],[97.21812,3.24457],[97.21776,3.24412],[97.21751,3.24414],[97.21725,3.24492],[97.21681,3.24518],[97.21673,3.24579],[97.2161,3.24683],[97.21587,3.248],[97.21544,3.24896],[97.21467,3.24926],[97.21411,3.24992],[97.21238,3.25117],[97.21039,3.2521],[97.20975,3.25213],[97.20922,3.25196],[97.20778,3.25104],[97.20766,3.25067],[97.20728,3.25067],[97.20681,3.25016],[97.20645,3.25],[97.20627,3.24954],[97.20366,3.24831],[97.2032,3.24846],[97.20193,3.24959],[97.20125,3.24995],[97.20001,3.25027],[97.19803,3.25114],[97.19701,3.25204],[97.1963,3.25304],[97.1958,3.25323],[97.19569,3.25367],[97.19567,3.25405],[97.19576,3.25408],[97.1959,3.25341],[97.19634,3.25322],[97.19653,3.25338],[97.19639,3.25369],[97.19607,3.25378],[97.19601,3.25401],[97.19663,3.25413],[97.19676,3.25448],[97.19659,3.25451],[97.19642,3.25516],[97.19613,3.25522],[97.19608,3.2554],[97.19623,3.25572],[97.19673,3.25586],[97.19681,3.25599],[97.19689,3.25724],[97.19679,3.25816],[97.19639,3.25871],[97.19508,3.25997],[97.19372,3.26078],[97.1925,3.26094],[97.19201,3.26078],[97.18964,3.25879],[97.18875,3.25769],[97.1886,3.25765],[97.18839,3.2579],[97.18772,3.25764],[97.1875,3.25706],[97.18771,3.25662],[97.18727,3.25625],[97.1865,3.25621],[97.18599,3.25666],[97.18409,3.25757],[97.1833,3.25773],[97.18299,3.25765],[97.18289,3.25743],[97.18304,3.25688],[97.18192,3.25653],[97.18176,3.25535],[97.1806,3.25404],[97.18006,3.25163],[97.17965,3.25101],[97.17965,3.24993],[97.17941,3.24974],[97.17886,3.25],[97.17831,3.25096],[97.17757,3.25162],[97.17501,3.25248],[97.17359,3.2533],[97.17325,3.25376],[97.17274,3.25515],[97.17236,3.25577],[97.16942,3.25764],[97.16835,3.25961],[97.16811,3.26096],[97.16762,3.2625],[97.16775,3.2649],[97.16801,3.26563],[97.16797,3.26603],[97.16733,3.26684],[97.1663,3.269],[97.16542,3.2703],[97.16382,3.27138],[97.16165,3.27241],[97.161,3.27238],[97.16089,3.27182],[97.16055,3.27162],[97.15998,3.27175],[97.16,3.27142],[97.15987,3.27128],[97.15899,3.27135],[97.15863,3.2717],[97.15853,3.27217],[97.15873,3.27305],[97.1584,3.27368],[97.15841,3.27391],[97.15866,3.27405],[97.15963,3.27392],[97.16036,3.27447],[97.16053,3.27494],[97.16066,3.27601],[97.16121,3.27735],[97.16111,3.27858],[97.16053,3.27993],[97.15951,3.2834],[97.15854,3.28518],[97.15712,3.28563],[97.15673,3.28588],[97.15622,3.28658],[97.15556,3.28794],[97.15506,3.2876],[97.15394,3.28782],[97.15312,3.2886],[97.15257,3.28957],[97.15228,3.29117],[97.15171,3.29215],[97.15131,3.294],[97.15127,3.29528],[97.15094,3.29579],[97.15028,3.29629],[97.15006,3.29668],[97.15008,3.29825],[97.14959,3.29966],[97.14783,3.30356],[97.14657,3.30574],[97.14352,3.30979],[97.14353,3.31046],[97.14218,3.31147],[97.1414,3.31227],[97.14004,3.31379],[97.1398,3.31445],[97.13862,3.31522],[97.13778,3.31559],[97.13751,3.31594],[97.13668,3.3164],[97.13634,3.31681],[97.13515,3.31763],[97.13421,3.31801],[97.13379,3.31792],[97.13185,3.31795],[97.13163,3.3185],[97.13117,3.3179],[97.13075,3.31767],[97.12918,3.31772],[97.12822,3.31829],[97.12762,3.31895],[97.12757,3.31923],[97.12775,3.31957],[97.12756,3.3205],[97.12888,3.3241],[97.12858,3.32564],[97.12813,3.32653],[97.12724,3.32753],[97.12503,3.32877],[97.12433,3.32874],[97.12311,3.32976],[97.12294,3.33014],[97.12303,3.33205],[97.12331,3.333],[97.12358,3.33523],[97.12279,3.33754],[97.12282,3.33826],[97.12307,3.33901],[97.1231,3.33996],[97.12376,3.34236],[97.124,3.34284],[97.12471,3.34372],[97.12539,3.34412],[97.12575,3.3445],[97.12589,3.34497],[97.12568,3.34569],[97.1257,3.34623],[97.12528,3.34714],[97.12508,3.34826],[97.12442,3.34896],[97.12426,3.3493],[97.12416,3.34998],[97.12442,3.35044],[97.12436,3.35077],[97.12377,3.3515],[97.12353,3.35202],[97.12163,3.35485],[97.12025,3.35571],[97.11972,3.35633],[97.11922,3.35656],[97.11857,3.35661],[97.1182,3.35653],[97.11712,3.35597],[97.11628,3.35601],[97.11582,3.35631],[97.11549,3.35673],[97.11508,3.35841],[97.11434,3.35909],[97.11356,3.35943],[97.11157,3.35949],[97.11059,3.36001],[97.1098,3.36137],[97.10823,3.36282],[97.10729,3.36415],[97.10705,3.36483],[97.10727,3.36589],[97.10723,3.36673],[97.10619,3.36867],[97.10554,3.36912],[97.1044,3.36959],[97.10383,3.37034],[97.10368,3.37082],[97.10358,3.37239],[97.10371,3.37314],[97.10327,3.37401],[97.10243,3.37497],[97.10204,3.37517],[97.0996,3.37749],[97.0986,3.3791],[97.09835,3.37997],[97.09596,3.38209],[97.09556,3.38258],[97.09527,3.38406],[97.09376,3.38646],[97.09375,3.38688],[97.09397,3.38732],[97.09391,3.38764],[97.09304,3.38851],[97.09228,3.38897],[97.08932,3.39222],[97.08776,3.39362],[97.08668,3.39403],[97.08568,3.39412],[97.08506,3.39457],[97.08513,3.39474],[97.08557,3.39498],[97.08567,3.39554],[97.08554,3.39598],[97.08489,3.39654],[97.08485,3.3969],[97.08532,3.39732],[97.08546,3.3976],[97.08519,3.39842],[97.0855,3.39881],[97.08596,3.39887],[97.08602,3.39944],[97.08594,3.39988],[97.0854,3.40068],[97.08448,3.40258],[97.08276,3.40487],[97.08258,3.40497],[97.08198,3.40503],[97.08054,3.40455],[97.08108,3.40506],[97.0808,3.40528],[97.08058,3.40578],[97.08021,3.40553],[97.07993,3.40511],[97.08058,3.40369],[97.0805,3.40364],[97.07972,3.40495],[97.08014,3.40563],[97.0807,3.40603],[97.08082,3.40626],[97.08058,3.40787],[97.08013,3.40901],[97.07899,3.41003],[97.07778,3.4106],[97.07739,3.41093],[97.07633,3.41281],[97.07579,3.41424],[97.07469,3.41504],[97.07332,3.41579],[97.07297,3.41727],[97.07294,3.41795],[97.07255,3.41853],[97.07231,3.41921],[97.07091,3.42063],[97.07084,3.42215],[97.07096,3.42263],[97.07141,3.4235],[97.07229,3.42428],[97.07262,3.42497],[97.07247,3.42564],[97.07208,3.42616],[97.0719,3.42756],[97.07131,3.42809],[97.07085,3.42775],[97.06993,3.42797],[97.06947,3.42785],[97.06886,3.42741],[97.06795,3.42749],[97.06679,3.42804],[97.06552,3.42911],[97.06332,3.43001],[97.063,3.43024],[97.06324,3.43142],[97.06285,3.43326],[97.06292,3.43506],[97.06382,3.43616],[97.06487,3.43654],[97.06513,3.43675],[97.0654,3.43725],[97.06543,3.43775],[97.06507,3.43926],[97.0648,3.44134],[97.06429,3.44292],[97.06403,3.44335],[97.06365,3.44371],[97.06196,3.44453],[97.06006,3.44491],[97.05954,3.44534],[97.05923,3.44587],[97.05921,3.4465],[97.05957,3.4479],[97.05932,3.45185],[97.06009,3.45345],[97.06046,3.45389],[97.06042,3.45445],[97.05988,3.45517],[97.05815,3.45638],[97.05636,3.45741],[97.05566,3.45759],[97.05455,3.45765],[97.0537,3.45741],[97.05334,3.45688],[97.05369,3.45664],[97.05378,3.45681],[97.05386,3.45676],[97.05364,3.45634],[97.05361,3.4565],[97.05335,3.45665],[97.05322,3.45646],[97.05315,3.45652],[97.05316,3.45623],[97.05331,3.45602],[97.05316,3.45551],[97.05257,3.45552],[97.05207,3.45522],[97.05118,3.45511],[97.05076,3.45522],[97.05043,3.45557],[97.05026,3.45617],[97.05044,3.45675],[97.05084,3.45713],[97.05183,3.45736],[97.05245,3.45784],[97.05282,3.4585],[97.0529,3.45917],[97.05266,3.46143],[97.05248,3.46204],[97.05072,3.46576],[97.04569,3.47452],[97.04208,3.48007],[97.04152,3.48067],[97.04137,3.48054],[97.04096,3.48053],[97.04041,3.48082],[97.04023,3.48079],[97.04031,3.48106],[97.04021,3.4812],[97.04046,3.48159],[97.04043,3.48196],[97.04016,3.48211],[97.04028,3.48224],[97.03983,3.48341],[97.03984,3.48375],[97.03942,3.48456],[97.03841,3.48579],[97.0377,3.48645],[97.03712,3.48682],[97.03624,3.48694],[97.03562,3.48733],[97.03488,3.48818],[97.0331,3.4897],[97.03255,3.49064],[97.03228,3.4907],[97.03192,3.49121],[97.03195,3.49152],[97.03229,3.49166],[97.03247,3.49227],[97.03046,3.49434],[97.02886,3.49541],[97.02756,3.49565],[97.02691,3.49624],[97.02669,3.49623],[97.02661,3.49595],[97.0264,3.49602],[97.02654,3.49644],[97.02558,3.49837],[97.02538,3.50053],[97.02315,3.50357],[97.02168,3.50392],[97.0209,3.5043],[97.02058,3.50413],[97.02034,3.50419],[97.02037,3.50466],[97.02005,3.50515],[97.02003,3.50564],[97.0197,3.50659],[97.02025,3.50826],[97.02063,3.5115],[97.02059,3.51184],[97.01992,3.51304],[97.01959,3.51342],[97.02014,3.5137],[97.02026,3.51393],[97.02009,3.51479],[97.01999,3.51496],[97.01972,3.51501],[97.01949,3.51577],[97.01985,3.51598],[97.01987,3.51671],[97.02004,3.51733],[97.0199,3.51785],[97.01947,3.51883],[97.01872,3.51986],[97.01807,3.52048],[97.01629,3.52181],[97.01607,3.52184],[97.0153,3.52148],[97.015,3.52146],[97.01399,3.52218],[97.01183,3.52451],[97.0107,3.52538],[97.00946,3.52719],[97.00761,3.52863],[97.00605,3.53021],[97.00493,3.53279],[97.00385,3.53678],[97.00374,3.5383],[97.00352,3.5393],[97.00363,3.53995],[97.00397,3.5408],[97.00394,3.54189],[97.00362,3.54247],[97.00302,3.54281],[97.00268,3.54322],[97.00192,3.54277],[97.00143,3.54342],[97.00209,3.54409],[97.00175,3.54498],[97.00233,3.54535],[97.00276,3.54601],[97.00222,3.54701],[97.00231,3.5474],[97.00193,3.54759],[97.00186,3.54749],[97.00198,3.54727],[97.0016,3.54698],[96.99985,3.54873],[96.99934,3.54907],[96.99911,3.54897],[96.99881,3.54914],[96.99865,3.54888],[96.99941,3.54844],[96.99889,3.54743],[96.99926,3.5469],[96.99866,3.54753],[96.99842,3.5472],[96.99917,3.5461],[96.99911,3.546],[96.99935,3.54556],[96.99935,3.54541],[96.99891,3.54631],[96.99828,3.5471],[96.99805,3.54705],[96.99779,3.54662],[96.99739,3.54667],[96.9969,3.54648],[96.9956,3.54552],[96.99512,3.54536],[96.99468,3.54547],[96.99423,3.54589],[96.994,3.54655],[96.99467,3.54781],[96.99498,3.54925],[96.99467,3.55013],[96.9939,3.55142],[96.99365,3.55167],[96.98999,3.55371],[96.98908,3.55453],[96.98841,3.55474],[96.98702,3.55558],[96.98346,3.55738],[96.9773,3.56009],[96.96786,3.56363],[96.94876,3.57127],[96.94536,3.57241],[96.94249,3.57394],[96.94299,3.5752],[96.94362,3.57916],[96.9443,3.58142],[96.94606,3.58393],[96.94768,3.58756],[96.94852,3.58992],[96.95032,3.59242],[96.95082,3.59287],[96.95252,3.59571],[96.95288,3.59724],[96.95522,3.60037],[96.95865,3.60352],[96.95961,3.60459],[96.95921,3.60681],[96.95928,3.6074],[96.96174,3.60915],[96.96228,3.61011],[96.96353,3.61348],[96.9648,3.61503],[96.96561,3.61567],[96.96714,3.61611],[96.96791,3.61679],[96.96875,3.61808],[96.96954,3.61835],[96.97372,3.61892],[96.97472,3.61925],[96.9756,3.61928],[96.97758,3.61863],[96.97883,3.61804],[96.98032,3.61795],[96.98159,3.61753],[96.9824,3.61753],[96.98322,3.6179],[96.98446,3.61871],[96.98492,3.6184],[96.98692,3.61633],[96.98734,3.6162],[96.98782,3.61628],[96.98849,3.61674],[96.98984,3.61854],[96.99086,3.61813],[96.99207,3.61806],[96.99351,3.61759],[96.99508,3.61617],[96.99599,3.61608],[96.99731,3.61618],[96.99867,3.61683],[97.00033,3.61676],[97.00119,3.61638],[97.00171,3.61599],[97.0019,3.61561],[97.0014,3.61429],[97.00162,3.6137],[97.00415,3.61269],[97.00587,3.61097],[97.00633,3.61079],[97.00952,3.61072],[97.01051,3.61028],[97.01164,3.60936],[97.01271,3.60917],[97.01366,3.60737],[97.01517,3.60687],[97.01567,3.60657],[97.01657,3.60536],[97.01778,3.60472],[97.01854,3.60452],[97.01916,3.60477],[97.01956,3.6058],[97.02007,3.60626],[97.02047,3.60617],[97.02121,3.60573],[97.0217,3.60467],[97.02334,3.60478],[97.02378,3.60449],[97.0239,3.60407],[97.02378,3.60338],[97.02415,3.6031],[97.02469,3.60278],[97.02619,3.60241],[97.02791,3.60161],[97.02798,3.60144],[97.02755,3.60071],[97.02814,3.60025],[97.02892,3.60021],[97.03066,3.60051],[97.03393,3.60037],[97.03499,3.60082],[97.03563,3.60076],[97.03601,3.60116],[97.03617,3.6022],[97.03644,3.60259],[97.0369,3.60287],[97.03758,3.60267],[97.03827,3.60302],[97.03884,3.60386],[97.03982,3.60561],[97.03967,3.60643],[97.03981,3.60696],[97.0414,3.60811],[97.04288,3.60946],[97.04309,3.61041],[97.04389,3.61151],[97.04481,3.61245],[97.0451,3.6134],[97.04476,3.6142],[97.04487,3.615],[97.04686,3.61769],[97.04783,3.61805],[97.04889,3.61896],[97.04947,3.61907],[97.05056,3.61882],[97.05156,3.61779],[97.05179,3.61774],[97.0521,3.61803],[97.05227,3.61854],[97.05266,3.61859],[97.05334,3.61844],[97.0542,3.61874],[97.05457,3.61904],[97.0561,3.61912],[97.05664,3.61932],[97.0575,3.61984],[97.05801,3.6208],[97.05867,3.62143],[97.05986,3.62191],[97.06076,3.62286],[97.06283,3.62296],[97.06345,3.62498],[97.06408,3.62569],[97.06709,3.62613],[97.06834,3.62715],[97.06984,3.63027],[97.07086,3.63101],[97.07132,3.6318],[97.07388,3.63307],[97.07394,3.63367],[97.07452,3.63457],[97.07452,3.63504],[97.07474,3.63568],[97.07581,3.63762],[97.07648,3.63771],[97.07748,3.63822],[97.07795,3.63874],[97.07864,3.63905],[97.08153,3.63924],[97.08274,3.63945],[97.08357,3.63997],[97.0841,3.64074],[97.08384,3.64089],[97.08323,3.64093],[97.0831,3.64112],[97.08392,3.64187],[97.08432,3.64272],[97.08438,3.64376],[97.08468,3.64421],[97.08375,3.64482],[97.09851,3.66133],[97.10641,3.66917],[97.11586,3.67654],[97.11782,3.67827],[97.12172,3.68112],[97.12515,3.68139],[97.12616,3.68165],[97.12857,3.68263],[97.13109,3.68432],[97.13334,3.68822],[97.13575,3.69399],[97.13624,3.69547],[97.13669,3.69806],[97.1382,3.70171],[97.13897,3.70642],[97.13922,3.71035],[97.13965,3.71364],[97.14109,3.72065],[97.14167,3.72532],[97.14226,3.72688],[97.14344,3.72924],[97.14495,3.73096],[97.15187,3.73767],[97.15356,3.73984],[97.15447,3.7415],[97.15705,3.73995],[97.16411,3.73426],[97.17347,3.72619],[97.17634,3.7234],[97.18257,3.71802],[97.18671,3.71406],[97.1884,3.71198],[97.19141,3.70914],[97.19675,3.70301],[97.20222,3.69574],[97.21087,3.68652],[97.22013,3.67922],[97.2255,3.67524],[97.23216,3.6713],[97.24657,3.66213],[97.25218,3.65723],[97.25559,3.65524],[97.25962,3.65256],[97.26345,3.65097],[97.26637,3.64904],[97.267,3.64883]]]}},{"type":"Feature","properties":{"nama":"Aceh Singkil","provinsi":"Aceh","sumber":"Batas_Kab"},"geometry":{"type":"Polygon","coordinates":[[[97.38488,1.98606],[97.38669,1.98621],[97.38708,1.98599],[97.38763,1.98532],[97.38802,1.98459],[97.38816,1.98454],[97.38832,1.98397],[97.38825,1.98252],[97.38801,1.9818],[97.38731,1.98083],[97.38497,1.97831],[97.38466,1.97766],[97.3839,1.97715],[97.38375,1.97734],[97.38282,1.97774],[97.38278,1.97813],[97.3821,1.97855],[97.3816,1.97913],[97.38128,1.98099],[97.3815,1.98227],[97.38182,1.98289],[97.38187,1.98329],[97.38386,1.98568],[97.38488,1.98606]]]}},{"type":"Feature","properties":{"nama":"Aceh Singkil","provinsi":"Aceh","sumber":"Batas_Kab"},"geometry":{"type":"Polygon","coordinates":[[[97.39113,2.04221],[97.39182,2.04189],[97.39271,2.04063],[97.39286,2.03984],[97.39309,2.03943],[97.39304,2.03912],[97.39319,2.039],[97.39306,2.0389],[97.39324,2.03841],[97.39277,2.03733],[97.39222,2.03658],[97.3913,2.03634],[97.39092,2.03636],[97.38996,2.03673],[97.38833,2.0379],[97.38703,2.03805],[97.38641,2.03833],[97.38524,2.0399],[97.38514,2.04037],[97.38456,2.04139],[97.38481,2.04205],[97.38535,2.04222],[97.3857,2.04262],[97.38663,2.04295],[97.38697,2.04323],[97.38781,2.04338],[97.38951,2.04318],[97.39025,2.0429],[97.39113,2.04221]]]}},{"type":"Feature","properties":{"nama":"Aceh Singkil","provinsi":"Aceh","sumber":"Batas_Kab"},"geometry":{"type":"Polygon","coordinates":[[[97.3532,2.05763],[97.35285,2.0577],[97.3527,2.05793],[97.3525,2.05848],[97.35253,2.05876],[97.35266,2.05881],[97.35312,2.05848],[97.3533,2.05794],[97.3532,2.05763]]]}},{"type":"Feature","properties":{"nama":"Aceh Singkil","provinsi":"Aceh","sumber":"Batas_Kab"},"geometry":{"type":"Polygon","coordinates":[[[97.34947,2.06143],[97.34923,2.06149],[97.34917,2.06184],[97.34967,2.0619],[97.34971,2.06172],[97.34947,2.06143]]]}},{"type":"Feature","properties":{"nama":"Aceh Singkil","provinsi":"Aceh","sumber":"Batas_Kab"},"geometry":{"type":"Polygon","coordinates":[[[97.35167,2.06388],[97.35137,2.06368],[97.35125,2.06385],[97.35157,2.06408],[97.35167,2.06388]]]}},{"type":"Feature","properties":{"nama":"Aceh Singkil","provinsi":"Aceh","sumber":"Batas_Kab"},"geometry":{"type":"Polygon","coordinates":[[[97.34882,2.06681],[97.3486,2.06682],[97.34864,2.06704],[97.34883,2.06703],[97.34882,2.06681]]]}},{"type":"Feature","properties":{"nama":"Aceh Singkil","provinsi":"Aceh","sumber":"Batas_Kab"},"geometry":{"type":"Polygon","coordinates":[[[97.34853,2.06762],[97.34838,2.06714],[97.34782,2.0673],[97.34757,2.06716],[97.34742,2.06721],[97.34745,2.06734],[97.34808,2.06775],[97.34853,2.06762]]]}},{"type":"Feature","properties":{"nama":"Aceh Singkil","provinsi":"Aceh","sumber":"Batas_Kab"},"geometry":{"type":"Polygon","coordinates":[[[97.34972,2.07013],[97.34913,2.07002],[97.34889,2.07024],[97.34888,2.0704],[97.34903,2.07058],[97.34946,2.07052],[97.34972,2.07034],[97.34972,2.07013]]]}},{"type":"Feature","properties":{"nama":"Aceh Singkil","provinsi":"Aceh","sumber":"Batas_Kab"},"geometry":{"type":"Polygon","coordinates":[[[97.34815,2.07263],[97.34777,2.07257],[97.34754,2.07278],[97.34757,2.0731],[97.34795,2.07339],[97.34842,2.07323],[97.34841,2.07286],[97.34815,2.07263]]]}},{"type":"Feature","properties":{"nama":"Aceh Singkil","provinsi":"Aceh","sumber":"Batas_Kab"},"geometry":{"type":"Polygon","coordinates":[[[97.3552,2.07378],[97.35705,2.07291],[97.35796,2.07066],[97.35853,2.06962],[97.35827,2.06832],[97.35863,2.06594],[97.35839,2.06536],[97.35783,2.06486],[97.35658,2.06422],[97.35488,2.06361],[97.35456,2.06409],[97.35472,2.06453],[97.355,2.06481],[97.35529,2.06491],[97.35578,2.06458],[97.35623,2.06457],[97.35671,2.06479],[97.35586,2.06548],[97.35538,2.06554],[97.35497,2.06576],[97.35449,2.06559],[97.3535,2.06577],[97.35298,2.06602],[97.35262,2.06638],[97.35255,2.06672],[97.35279,2.0673],[97.35281,2.06798],[97.35187,2.0686],[97.35188,2.06909],[97.35146,2.06953],[97.35142,2.06976],[97.3518,2.07016],[97.35188,2.07046],[97.35176,2.07115],[97.35141,2.07148],[97.35152,2.07207],[97.35141,2.07223],[97.35128,2.07218],[97.35132,2.07235],[97.35113,2.07262],[97.35124,2.07289],[97.35171,2.07319],[97.35194,2.07373],[97.352,2.07447],[97.35188,2.07464],[97.35201,2.07499],[97.35287,2.07557],[97.35327,2.0756],[97.35387,2.0753],[97.3552,2.07378]]]}},{"type":"Feature","properties":{"nama":"Aceh Singkil","provinsi":"Aceh","sumber":"Batas_Kab"},"geometry":{"type":"Polygon","coordinates":[[[97.08808,2.10674],[97.08833,2.10628],[97.08804,2.10599],[97.08761,2.106],[97.08716,2.10656],[97.08808,2.10674]]]}},{"type":"Feature","properties":{"nama":"Aceh Singkil","provinsi":"Aceh","sumber":"Batas_Kab"},"geometry":{"type":"Polygon","coordinates":[[[97.35046,2.11384],[97.35073,2.11362],[97.35149,2.11367],[97.35159,2.11335],[97.35151,2.11293],[97.35075,2.11268],[97.35046,2.11282],[97.35032,2.11325],[97.34986,2.11369],[97.35001,2.11386],[97.35046,2.11384]]]}},{"type":"Feature","properties":{"nama":"Aceh Singkil","provinsi":"Aceh","sumber":"Batas_Kab"},"geometry":{"type":"Polygon","coordinates":[[[97.11322,2.1145],[97.1137,2.11463],[97.11395,2.11454],[97.11493,2.11465],[97.11513,2.11454],[97.11619,2.11457],[97.11653,2.11415],[97.11701,2.11389],[97.11712,2.11353],[97.11775,2.11352],[97.11782,2.11341],[97.11904,2.11324],[97.11911,2.11285],[97.11943,2.11291],[97.11976,2.11272],[97.12006,2.11277],[97.12021,2.11265],[97.12043,2.11273],[97.12059,2.11254],[97.1214,2.11247],[97.1218,2.11189],[97.12172,2.11155],[97.12256,2.11108],[97.12328,2.11106],[97.12389,2.11047],[97.12485,2.11034],[97.12483,2.11023],[97.1252,2.11002],[97.12591,2.10989],[97.12625,2.10967],[97.12745,2.10947],[97.1295,2.10843],[97.13011,2.10738],[97.13041,2.10729],[97.13141,2.10621],[97.13168,2.10574],[97.13166,2.10539],[97.13185,2.10505],[97.13174,2.10482],[97.13228,2.10397],[97.13339,2.10327],[97.13366,2.10322],[97.13403,2.1034],[97.13562,2.1033],[97.13641,2.10285],[97.13834,2.10109],[97.13873,2.10018],[97.13899,2.09989],[97.13973,2.09945],[97.14036,2.09875],[97.14121,2.09825],[97.1417,2.09773],[97.14195,2.09696],[97.14297,2.09642],[97.14307,2.09626],[97.14366,2.09625],[97.14378,2.09616],[97.14375,2.09596],[97.14446,2.09571],[97.14453,2.0954],[97.14437,2.09474],[97.14495,2.09528],[97.14501,2.09515],[97.14532,2.09526],[97.14692,2.0948],[97.14748,2.09452],[97.14775,2.0939],[97.14858,2.09305],[97.14864,2.0927],[97.14911,2.09263],[97.14935,2.09235],[97.15096,2.09126],[97.15108,2.09083],[97.1512,2.09081],[97.15138,2.0904],[97.15136,2.09019],[97.15153,2.09012],[97.15155,2.08973],[97.15143,2.08964],[97.15155,2.08878],[97.15185,2.08829],[97.15332,2.08717],[97.15326,2.08695],[97.15368,2.08586],[97.15359,2.08572],[97.15402,2.08434],[97.15386,2.08394],[97.15408,2.08366],[97.15405,2.08218],[97.154,2.08203],[97.15382,2.08198],[97.15369,2.08106],[97.15412,2.07953],[97.15458,2.0791],[97.15482,2.07855],[97.15516,2.07818],[97.15642,2.07735],[97.15766,2.07687],[97.15789,2.07653],[97.15862,2.07617],[97.15984,2.07524],[97.15996,2.07498],[97.16014,2.07495],[97.16042,2.07451],[97.16076,2.07428],[97.16074,2.07409],[97.16149,2.07271],[97.16244,2.07169],[97.1625,2.0715],[97.16214,2.07103],[97.1621,2.07042],[97.16187,2.07022],[97.16194,2.06998],[97.16103,2.06898],[97.16014,2.06898],[97.15959,2.06872],[97.15921,2.06873],[97.15883,2.06777],[97.15821,2.06756],[97.15788,2.06763],[97.15565,2.06664],[97.15564,2.06643],[97.15522,2.06612],[97.15525,2.06595],[97.15501,2.06588],[97.15473,2.06542],[97.15448,2.0653],[97.15458,2.06496],[97.15432,2.0649],[97.15353,2.06412],[97.15345,2.06365],[97.15286,2.06287],[97.15278,2.06241],[97.15298,2.06221],[97.15287,2.06177],[97.153,2.06158],[97.15287,2.06144],[97.15299,2.06124],[97.15285,2.06106],[97.15284,2.06024],[97.15262,2.05953],[97.15284,2.05922],[97.15272,2.05838],[97.15284,2.05829],[97.15278,2.05761],[97.1529,2.05738],[97.15274,2.0569],[97.15291,2.05595],[97.15242,2.05527],[97.15239,2.05503],[97.15146,2.05429],[97.15055,2.05374],[97.14786,2.0529],[97.14468,2.05133],[97.14393,2.05074],[97.14206,2.04852],[97.14082,2.04803],[97.13962,2.04703],[97.13732,2.04652],[97.13716,2.04632],[97.13738,2.04612],[97.13717,2.04587],[97.13696,2.0462],[97.13647,2.04636],[97.13605,2.04534],[97.13569,2.04511],[97.13496,2.04521],[97.13291,2.04624],[97.13189,2.04712],[97.13075,2.04882],[97.12965,2.04952],[97.12912,2.04949],[97.12823,2.04885],[97.12802,2.0483],[97.12793,2.04831],[97.12783,2.04791],[97.1281,2.04751],[97.12775,2.04673],[97.12711,2.04659],[97.12622,2.04607],[97.12526,2.04586],[97.12423,2.04456],[97.12401,2.04433],[97.1236,2.0442],[97.1236,2.04399],[97.12304,2.04344],[97.12306,2.04323],[97.12259,2.04279],[97.12266,2.04221],[97.12241,2.04149],[97.12179,2.04102],[97.12111,2.04072],[97.12062,2.04087],[97.12037,2.0403],[97.11871,2.03778],[97.11832,2.03687],[97.1182,2.03616],[97.11831,2.0354],[97.11822,2.03492],[97.1189,2.0334],[97.11943,2.03138],[97.12002,2.02983],[97.12003,2.02945],[97.12014,2.02941],[97.11998,2.02912],[97.1201,2.02907],[97.12007,2.02872],[97.1199,2.0286],[97.12008,2.0286],[97.12014,2.02799],[97.11996,2.02787],[97.12019,2.02768],[97.12057,2.02585],[97.12145,2.02513],[97.12287,2.02497],[97.12302,2.02483],[97.12297,2.02432],[97.12308,2.02409],[97.12317,2.02265],[97.12332,2.02251],[97.12322,2.02103],[97.12335,2.02061],[97.12344,2.02062],[97.12363,2.01999],[97.12384,2.01992],[97.12381,2.01978],[97.12444,2.01874],[97.12465,2.01868],[97.12505,2.01806],[97.12536,2.01812],[97.12531,2.01801],[97.12572,2.01713],[97.12609,2.01663],[97.12633,2.01557],[97.12661,2.0149],[97.12679,2.0148],[97.12662,2.0144],[97.12687,2.0143],[97.12714,2.01343],[97.12764,2.01265],[97.12741,2.01132],[97.12763,2.01094],[97.12765,2.01053],[97.12651,2.00947],[97.12636,2.00855],[97.12609,2.0079],[97.12581,2.00758],[97.12549,2.00779],[97.12506,2.0075],[97.12445,2.00747],[97.12435,2.00722],[97.12413,2.00726],[97.12404,2.00717],[97.12404,2.00692],[97.12368,2.00657],[97.1215,2.00568],[97.1212,2.00563],[97.1207,2.00577],[97.12018,2.0056],[97.11992,2.00579],[97.11942,2.00549],[97.11886,2.00553],[97.11842,2.00535],[97.11809,2.00551],[97.11748,2.00517],[97.11719,2.00526],[97.11682,2.00498],[97.11648,2.00507],[97.11581,2.00491],[97.11574,2.00475],[97.11561,2.00479],[97.11536,2.00457],[97.11523,2.00466],[97.11463,2.00418],[97.11417,2.00435],[97.11395,2.00476],[97.11394,2.00552],[97.11372,2.00572],[97.11368,2.00611],[97.11332,2.00643],[97.11338,2.00652],[97.11325,2.00679],[97.11276,2.00685],[97.11259,2.0072],[97.11263,2.00748],[97.11243,2.00768],[97.11243,2.00794],[97.11264,2.00818],[97.11295,2.00925],[97.11314,2.00934],[97.11336,2.00998],[97.11331,2.01097],[97.11293,2.01152],[97.11301,2.0117],[97.11292,2.01215],[97.11249,2.01271],[97.11235,2.01314],[97.11223,2.01317],[97.11225,2.01409],[97.11216,2.01409],[97.11215,2.01445],[97.11244,2.01531],[97.11235,2.01546],[97.11247,2.01574],[97.11231,2.01584],[97.1125,2.01604],[97.11238,2.01659],[97.11191,2.01731],[97.11095,2.01776],[97.11092,2.01794],[97.11041,2.01795],[97.11035,2.01822],[97.10982,2.01831],[97.10975,2.0186],[97.10947,2.01867],[97.10932,2.01897],[97.10911,2.01892],[97.10867,2.01912],[97.10827,2.0197],[97.10797,2.02057],[97.10777,2.02081],[97.1074,2.02093],[97.1072,2.0214],[97.10674,2.02175],[97.10674,2.02198],[97.10654,2.02211],[97.1063,2.02271],[97.10569,2.02339],[97.10537,2.02415],[97.10523,2.02413],[97.10517,2.02458],[97.10424,2.02551],[97.10399,2.02602],[97.10367,2.02614],[97.1034,2.02666],[97.10304,2.02693],[97.10304,2.02707],[97.10285,2.02713],[97.1028,2.02748],[97.10263,2.02738],[97.1025,2.02772],[97.10231,2.02762],[97.1023,2.02795],[97.10208,2.02793],[97.10182,2.02815],[97.10183,2.02835],[97.10157,2.02845],[97.10163,2.02866],[97.10143,2.02873],[97.10119,2.02916],[97.10097,2.02924],[97.10088,2.02954],[97.1007,2.02951],[97.10079,2.02966],[97.10055,2.02964],[97.10048,2.02984],[97.09991,2.0301],[97.09936,2.03014],[97.09944,2.03042],[97.0992,2.03038],[97.09924,2.03066],[97.09885,2.03097],[97.09859,2.03146],[97.0986,2.03166],[97.09844,2.03171],[97.09846,2.03191],[97.0983,2.03199],[97.09822,2.03242],[97.09797,2.03249],[97.09814,2.03274],[97.09769,2.03307],[97.09774,2.03332],[97.098,2.03352],[97.09772,2.03524],[97.09742,2.03545],[97.09687,2.03537],[97.09667,2.03576],[97.09685,2.03594],[97.09689,2.03623],[97.09706,2.03632],[97.09711,2.03664],[97.09748,2.03694],[97.09719,2.03731],[97.09711,2.0378],[97.09692,2.03797],[97.09719,2.03823],[97.09729,2.03862],[97.09733,2.03884],[97.09706,2.03885],[97.09723,2.03894],[97.0971,2.03917],[97.09734,2.03974],[97.09716,2.03988],[97.09709,2.04037],[97.0969,2.04055],[97.09687,2.04115],[97.09674,2.04128],[97.09683,2.04157],[97.09662,2.04149],[97.09667,2.04181],[97.09647,2.04262],[97.09618,2.0429],[97.09613,2.04324],[97.09595,2.04321],[97.09583,2.04332],[97.09581,2.04356],[97.09559,2.04355],[97.09537,2.04378],[97.09504,2.0437],[97.09472,2.04382],[97.09462,2.04408],[97.09446,2.04412],[97.0943,2.04444],[97.09403,2.04463],[97.09406,2.04482],[97.09371,2.04482],[97.09334,2.04512],[97.09309,2.04561],[97.09325,2.04578],[97.09311,2.04672],[97.09286,2.04686],[97.09286,2.04712],[97.09203,2.04787],[97.09204,2.04809],[97.09188,2.04802],[97.0918,2.04812],[97.0917,2.04866],[97.09197,2.04888],[97.09194,2.04968],[97.09179,2.04999],[97.09181,2.05045],[97.09161,2.05075],[97.09166,2.05097],[97.09149,2.0511],[97.09159,2.05148],[97.09149,2.05158],[97.09149,2.05192],[97.09159,2.05206],[97.09139,2.05208],[97.09169,2.05272],[97.09169,2.05308],[97.09087,2.055],[97.08999,2.05599],[97.08975,2.05642],[97.08929,2.05669],[97.08927,2.05686],[97.08839,2.05774],[97.08829,2.058],[97.08812,2.05805],[97.08776,2.05876],[97.08782,2.05904],[97.08722,2.0598],[97.08695,2.05989],[97.08697,2.06001],[97.08662,2.05997],[97.08654,2.06022],[97.08553,2.06086],[97.08552,2.06099],[97.08529,2.0609],[97.08529,2.06102],[97.08485,2.06113],[97.08479,2.0613],[97.08466,2.0613],[97.08465,2.06116],[97.08449,2.06144],[97.08407,2.06133],[97.08395,2.06116],[97.08396,2.0615],[97.08358,2.06119],[97.08349,2.06127],[97.08366,2.06154],[97.08328,2.06147],[97.08303,2.06122],[97.08278,2.06153],[97.08249,2.06118],[97.08221,2.0616],[97.08224,2.06193],[97.08213,2.0619],[97.08212,2.06173],[97.08164,2.06164],[97.08169,2.06204],[97.08157,2.06193],[97.08149,2.06204],[97.08156,2.0623],[97.08131,2.06219],[97.08129,2.06246],[97.08078,2.06279],[97.08091,2.06294],[97.08075,2.06306],[97.08091,2.06325],[97.08152,2.06349],[97.08144,2.06388],[97.08122,2.06397],[97.0813,2.06412],[97.08115,2.06409],[97.08106,2.06431],[97.08084,2.06443],[97.08062,2.06435],[97.08047,2.06449],[97.08025,2.06436],[97.08033,2.06407],[97.08024,2.06386],[97.07994,2.0634],[97.07967,2.0633],[97.07898,2.06375],[97.07887,2.06446],[97.0791,2.06473],[97.07915,2.06526],[97.08009,2.06517],[97.08023,2.06499],[97.08017,2.06486],[97.08045,2.06469],[97.08095,2.06515],[97.08156,2.06596],[97.0817,2.06634],[97.08208,2.06645],[97.08234,2.06715],[97.08206,2.06691],[97.08194,2.06695],[97.08152,2.06842],[97.08081,2.06968],[97.08042,2.06982],[97.08002,2.06957],[97.08012,2.06996],[97.08004,2.07034],[97.07976,2.07058],[97.07981,2.07093],[97.07954,2.07097],[97.0793,2.07159],[97.07935,2.07179],[97.07919,2.07165],[97.07915,2.07192],[97.07888,2.07204],[97.07901,2.07222],[97.07896,2.07247],[97.07882,2.07242],[97.07871,2.07262],[97.07881,2.07284],[97.07859,2.0727],[97.07865,2.07305],[97.07851,2.073],[97.07855,2.07322],[97.07823,2.07336],[97.07804,2.07368],[97.07819,2.07405],[97.07804,2.07468],[97.0778,2.07469],[97.07773,2.07526],[97.07738,2.07578],[97.07694,2.07606],[97.07682,2.07634],[97.0765,2.07642],[97.07644,2.07659],[97.07646,2.07684],[97.07658,2.07687],[97.07681,2.07736],[97.07668,2.07753],[97.0771,2.07863],[97.07708,2.07886],[97.0769,2.07889],[97.07689,2.0791],[97.07667,2.0793],[97.07681,2.08007],[97.07697,2.08016],[97.07694,2.08031],[97.07786,2.0808],[97.07852,2.08075],[97.07887,2.08135],[97.07874,2.08148],[97.0789,2.08166],[97.07878,2.08227],[97.07888,2.08339],[97.07903,2.08352],[97.07886,2.08409],[97.07863,2.0842],[97.07865,2.08445],[97.0782,2.08454],[97.07802,2.08525],[97.07832,2.08557],[97.07821,2.08607],[97.07798,2.08627],[97.07799,2.0866],[97.0781,2.08681],[97.07868,2.08714],[97.07906,2.08766],[97.0794,2.08765],[97.07939,2.08803],[97.08007,2.08864],[97.08004,2.08883],[97.08031,2.08902],[97.08048,2.08892],[97.08064,2.08908],[97.08067,2.08885],[97.08095,2.08895],[97.08104,2.08938],[97.08094,2.08967],[97.08102,2.08985],[97.08083,2.08989],[97.08092,2.08999],[97.08205,2.08988],[97.08287,2.08915],[97.08314,2.08934],[97.08331,2.08931],[97.08328,2.08942],[97.0835,2.08959],[97.08385,2.08954],[97.08392,2.08936],[97.08421,2.08937],[97.08442,2.08958],[97.08456,2.08949],[97.08485,2.08974],[97.08513,2.08974],[97.08589,2.09013],[97.08687,2.09023],[97.087,2.0901],[97.08697,2.08988],[97.08781,2.08938],[97.09063,2.08894],[97.09156,2.08862],[97.0919,2.08868],[97.09235,2.08858],[97.09285,2.08822],[97.0933,2.0882],[97.0934,2.08806],[97.0953,2.08856],[97.09632,2.08929],[97.09706,2.09005],[97.09711,2.0905],[97.09731,2.09063],[97.09754,2.09121],[97.09818,2.09209],[97.09838,2.09325],[97.09762,2.09445],[97.09757,2.0948],[97.09736,2.09483],[97.09745,2.09512],[97.09722,2.09677],[97.09651,2.09748],[97.0964,2.098],[97.09575,2.09932],[97.095,2.10042],[97.09407,2.10093],[97.09363,2.10137],[97.09343,2.10175],[97.09356,2.10232],[97.09345,2.10241],[97.09357,2.10261],[97.09375,2.10262],[97.09366,2.103],[97.09397,2.10376],[97.09382,2.10395],[97.0938,2.10464],[97.09304,2.10554],[97.09334,2.10617],[97.09304,2.1067],[97.09353,2.10749],[97.09372,2.10874],[97.09412,2.10906],[97.0945,2.10961],[97.09553,2.11036],[97.09642,2.11148],[97.09674,2.11198],[97.09668,2.11206],[97.09713,2.11226],[97.09786,2.11328],[97.09846,2.1137],[97.0984,2.11396],[97.09864,2.1141],[97.09911,2.11393],[97.09904,2.11307],[97.09923,2.11273],[97.09983,2.11264],[97.10105,2.11278],[97.10104,2.11261],[97.10134,2.11228],[97.103,2.11203],[97.10338,2.11164],[97.10354,2.11177],[97.10402,2.11159],[97.10545,2.11203],[97.10607,2.11235],[97.10726,2.11247],[97.10765,2.11281],[97.10851,2.11313],[97.10921,2.11381],[97.10941,2.11366],[97.10947,2.11398],[97.11002,2.11428],[97.11039,2.11415],[97.11043,2.11381],[97.1106,2.11394],[97.11075,2.11379],[97.11186,2.11422],[97.11192,2.11445],[97.11207,2.11427],[97.11204,2.11445],[97.11227,2.11442],[97.11303,2.11467],[97.11322,2.1145]]]}},{"type":"Feature","properties":{"nama":"Aceh Singkil","provinsi":"Aceh","sumber":"Batas_Kab"},"geometry":{"type":"Polygon","coordinates":[[[97.34615,2.11686],[97.34678,2.11638],[97.34716,2.11555],[97.34706,2.11544],[97.34675,2.11549],[97.34617,2.1149],[97.34539,2.11472],[97.3442,2.11472],[97.34384,2.11457],[97.34322,2.11475],[97.34171,2.11416],[97.34123,2.11425],[97.34114,2.11441],[97.34112,2.11494],[97.34137,2.11554],[97.34181,2.11635],[97.34212,2.1165],[97.34352,2.11654],[97.34499,2.11682],[97.34521,2.11661],[97.34615,2.11686]]]}},{"type":"Feature","properties":{"nama":"Aceh Singkil","provinsi":"Aceh","sumber":"Batas_Kab"},"geometry":{"type":"Polygon","coordinates":[[[97.3501,2.12558],[97.35043,2.12532],[97.35032,2.12507],[97.34997,2.1252],[97.34994,2.12548],[97.3501,2.12558]]]}},{"type":"Feature","properties":{"nama":"Aceh Singkil","provinsi":"Aceh","sumber":"Batas_Kab"},"geometry":{"type":"Polygon","coordinates":[[[97.35,2.13396],[97.35066,2.13394],[97.35104,2.13361],[97.35133,2.13353],[97.35153,2.13365],[97.35176,2.13348],[97.35264,2.13165],[97.35311,2.13126],[97.35322,2.13083],[97.3531,2.13062],[97.35333,2.12917],[97.35315,2.12862],[97.35285,2.12833],[97.35207,2.12824],[97.35191,2.12853],[97.35113,2.12858],[97.35016,2.1292],[97.34974,2.12932],[97.34964,2.12992],[97.34943,2.13006],[97.34941,2.13057],[97.34887,2.13099],[97.34902,2.13158],[97.34965,2.1324],[97.35038,2.13233],[97.35018,2.13286],[97.35037,2.13302],[97.35038,2.13325],[97.3502,2.13341],[97.35008,2.13325],[97.34986,2.13343],[97.34985,2.13373],[97.35,2.13396]]]}},{"type":"Feature","properties":{"nama":"Aceh Singkil","provinsi":"Aceh","sumber":"Batas_Kab"},"geometry":{"type":"Polygon","coordinates":[[[97.3316,2.16842],[97.33195,2.16828],[97.33186,2.16775],[97.33156,2.16756],[97.33106,2.16793],[97.33094,2.16819],[97.33093,2.16891],[97.33144,2.16895],[97.3316,2.16842]]]}},{"type":"Feature","properties":{"nama":"Aceh Singkil","provinsi":"Aceh","sumber":"Batas_Kab"},"geometry":{"type":"Polygon","coordinates":[[[97.3231,2.18196],[97.32289,2.18192],[97.32278,2.18207],[97.32295,2.18249],[97.3232,2.18236],[97.3231,2.18196]]]}},{"type":"Feature","properties":{"nama":"Aceh Singkil","provinsi":"Aceh","sumber":"Batas_Kab"},"geometry":{"type":"Polygon","coordinates":[[[97.32173,2.18297],[97.3215,2.18299],[97.32143,2.1832],[97.32176,2.18316],[97.32173,2.18297]]]}},{"type":"Feature","properties":{"nama":"Aceh Singkil","provinsi":"Aceh","sumber":"Batas_Kab"},"geometry":{"type":"Polygon","coordinates":[[[97.46205,2.18394],[97.46325,2.1811],[97.46395,2.18011],[97.46425,2.17908],[97.4641,2.17749],[97.46389,2.17738],[97.46372,2.17746],[97.46363,2.17726],[97.46332,2.17715],[97.46286,2.17762],[97.46259,2.17856],[97.46238,2.17868],[97.46257,2.17905],[97.46268,2.17971],[97.46266,2.18063],[97.46246,2.18163],[97.46208,2.18226],[97.46144,2.18296],[97.46144,2.18339],[97.46124,2.18351],[97.4612,2.1842],[97.46103,2.18452],[97.46136,2.18459],[97.46168,2.18439],[97.46205,2.18394]]]}},{"type":"Feature","properties":{"nama":"Aceh Singkil","provinsi":"Aceh","sumber":"Batas_Kab"},"geometry":{"type":"Polygon","coordinates":[[[97.30585,2.18392],[97.30521,2.18402],[97.30502,2.18434],[97.30507,2.18475],[97.30544,2.18483],[97.30584,2.1845],[97.30597,2.18427],[97.30585,2.18392]]]}},{"type":"Feature","properties":{"nama":"Aceh Singkil","provinsi":"Aceh","sumber":"Batas_Kab"},"geometry":{"type":"Polygon","coordinates":[[[97.31921,2.18441],[97.31839,2.18439],[97.31744,2.18463],[97.31726,2.18482],[97.31779,2.18574],[97.31901,2.18674],[97.31999,2.18691],[97.32072,2.18684],[97.32112,2.18667],[97.32092,2.18609],[97.32093,2.18568],[97.32068,2.18514],[97.32009,2.18474],[97.31921,2.18441]]]}},{"type":"Feature","properties":{"nama":"Aceh Singkil","provinsi":"Aceh","sumber":"Batas_Kab"},"geometry":{"type":"Polygon","coordinates":[[[97.44345,2.18852],[97.44349,2.18714],[97.44334,2.18644],[97.44323,2.18636],[97.44331,2.18615],[97.44282,2.18523],[97.44147,2.18423],[97.44108,2.18427],[97.44049,2.18406],[97.43962,2.18352],[97.43842,2.18176],[97.43816,2.1807],[97.43825,2.1793],[97.43889,2.17701],[97.43961,2.17558],[97.43942,2.17518],[97.43965,2.17529],[97.43973,2.17485],[97.43945,2.17297],[97.43959,2.17009],[97.43885,2.16807],[97.43865,2.16697],[97.4386,2.16619],[97.43888,2.16454],[97.43942,2.16258],[97.4402,2.16097],[97.44079,2.16014],[97.4421,2.15885],[97.44066,2.15923],[97.43863,2.16036],[97.43694,2.1611],[97.43605,2.16142],[97.43549,2.16145],[97.43415,2.16205],[97.43266,2.16254],[97.43228,2.16333],[97.43195,2.16353],[97.43144,2.16417],[97.43077,2.16447],[97.43094,2.16547],[97.43137,2.16684],[97.43151,2.16697],[97.43153,2.16748],[97.43167,2.16756],[97.43141,2.17343],[97.4309,2.17562],[97.42983,2.17709],[97.42965,2.1777],[97.42973,2.17816],[97.42904,2.17985],[97.42872,2.18033],[97.42874,2.18048],[97.42947,2.18096],[97.43216,2.18245],[97.43392,2.18364],[97.43485,2.18449],[97.43766,2.18758],[97.43839,2.18813],[97.43849,2.18805],[97.43866,2.18838],[97.44,2.18954],[97.44059,2.1903],[97.44171,2.19069],[97.44251,2.19041],[97.4431,2.18959],[97.44345,2.18852]]]}},{"type":"Feature","properties":{"nama":"Aceh Singkil","provinsi":"Aceh","sumber":"Batas_Kab"},"geometry":{"type":"Polygon","coordinates":[[[98.03753,2.18771],[98.03695,2.1878],[98.03602,2.18845],[98.03584,2.18902],[98.03592,2.18972],[98.03623,2.19029],[98.03694,2.19085],[98.03861,2.19115],[98.03882,2.19081],[98.03878,2.18884],[98.03817,2.18803],[98.03753,2.18771]]]}},{"type":"Feature","properties":{"nama":"Aceh Singkil","provinsi":"Aceh","sumber":"Batas_Kab"},"geometry":{"type":"Polygon","coordinates":[[[97.32929,2.18489],[97.33007,2.18495],[97.33025,2.18478],[97.33029,2.18445],[97.33001,2.18441],[97.32957,2.18384],[97.32902,2.18368],[97.3288,2.18347],[97.32861,2.1829],[97.32838,2.18281],[97.32711,2.18337],[97.32686,2.18383],[97.32673,2.18459],[97.32692,2.18567],[97.32685,2.18597],[97.32558,2.18737],[97.32536,2.18801],[97.32482,2.1884],[97.32421,2.18904],[97.32405,2.18937],[97.32399,2.1906],[97.32426,2.19114],[97.32506,2.19131],[97.32594,2.19128],[97.32776,2.19085],[97.32806,2.19066],[97.32827,2.19036],[97.32838,2.18984],[97.32745,2.18921],[97.32805,2.18799],[97.32805,2.18779],[97.32772,2.1875],[97.32768,2.18716],[97.32823,2.1859],[97.32929,2.18489]]]}},{"type":"Feature","properties":{"nama":"Aceh Singkil","provinsi":"Aceh","sumber":"Batas_Kab"},"geometry":{"type":"Polygon","coordinates":[[[97.31459,2.19379],[97.31558,2.19292],[97.31661,2.19176],[97.3173,2.19053],[97.31711,2.18949],[97.31777,2.18873],[97.31837,2.1883],[97.31857,2.18793],[97.31855,2.18759],[97.31798,2.18704],[97.31753,2.1869],[97.31699,2.18694],[97.31641,2.18748],[97.31551,2.18743],[97.31545,2.18776],[97.31597,2.18844],[97.31592,2.18867],[97.31497,2.18917],[97.31424,2.18897],[97.31388,2.18862],[97.3136,2.18867],[97.31297,2.1894],[97.31275,2.19063],[97.31231,2.19069],[97.31162,2.18974],[97.31166,2.18854],[97.31185,2.18758],[97.31219,2.18695],[97.31275,2.18635],[97.31273,2.18573],[97.31307,2.18536],[97.31323,2.18489],[97.31371,2.18438],[97.31388,2.18351],[97.31357,2.18307],[97.31341,2.18241],[97.31297,2.18198],[97.31186,2.18127],[97.31131,2.18116],[97.31021,2.18198],[97.30904,2.18236],[97.30814,2.18283],[97.30739,2.18333],[97.30667,2.18409],[97.30653,2.18489],[97.30625,2.18536],[97.30595,2.18655],[97.30528,2.18806],[97.30532,2.19001],[97.30552,2.19131],[97.30567,2.19172],[97.30641,2.19218],[97.30722,2.19214],[97.30832,2.19145],[97.30956,2.19198],[97.30947,2.19222],[97.30901,2.19241],[97.30872,2.19285],[97.30867,2.19325],[97.30874,2.19391],[97.30941,2.19421],[97.30979,2.19421],[97.31139,2.19367],[97.3116,2.19383],[97.31179,2.19458],[97.31217,2.19481],[97.31337,2.19441],[97.31459,2.19379]]]}},{"type":"Feature","properties":{"nama":"Aceh Singkil","provinsi":"Aceh","sumber":"Batas_Kab"},"geometry":{"type":"Polygon","coordinates":[[[97.32067,2.20511],[97.31987,2.20491],[97.31922,2.20384],[97.31922,2.20331],[97.31977,2.20286],[97.31987,2.20196],[97.32009,2.2015],[97.3207,2.20113],[97.3212,2.20114],[97.32174,2.20208],[97.32226,2.20223],[97.32322,2.20285],[97.3235,2.20281],[97.32417,2.20223],[97.32397,2.20142],[97.32423,2.20114],[97.32477,2.20089],[97.3249,2.20057],[97.32476,2.20004],[97.32431,2.19965],[97.32426,2.19919],[97.32483,2.19906],[97.32591,2.19959],[97.32606,2.19944],[97.32599,2.1989],[97.32638,2.19846],[97.32783,2.19799],[97.32838,2.19705],[97.32849,2.1966],[97.32843,2.19531],[97.32879,2.19495],[97.32878,2.19439],[97.32921,2.19391],[97.32914,2.1938],[97.32881,2.19386],[97.32787,2.19501],[97.32742,2.1951],[97.32602,2.195],[97.32551,2.19521],[97.32474,2.19589],[97.32473,2.19663],[97.32454,2.19694],[97.32315,2.19769],[97.32218,2.19855],[97.32174,2.1985],[97.32034,2.19757],[97.31955,2.19767],[97.31907,2.1981],[97.31804,2.19973],[97.31791,2.20137],[97.31707,2.20235],[97.31693,2.20275],[97.31687,2.20358],[97.31719,2.20441],[97.31711,2.2053],[97.31593,2.20593],[97.31569,2.20627],[97.31569,2.20649],[97.3165,2.20771],[97.31672,2.20791],[97.31701,2.20791],[97.31732,2.20779],[97.31852,2.20682],[97.32061,2.20578],[97.32078,2.20552],[97.32067,2.20511]]]}},{"type":"Feature","properties":{"nama":"Aceh Singkil","provinsi":"Aceh","sumber":"Batas_Kab"},"geometry":{"type":"Polygon","coordinates":[[[97.21218,2.20952],[97.21122,2.20936],[97.21091,2.20964],[97.21095,2.21024],[97.21124,2.21052],[97.21164,2.21058],[97.2124,2.20992],[97.21218,2.20952]]]}},{"type":"Feature","properties":{"nama":"Aceh Singkil","provinsi":"Aceh","sumber":"Batas_Kab"},"geometry":{"type":"Polygon","coordinates":[[[97.20857,2.21519],[97.20927,2.21509],[97.20966,2.21524],[97.20978,2.21498],[97.21022,2.21488],[97.21114,2.21425],[97.21118,2.21367],[97.21101,2.21347],[97.21103,2.21327],[97.21074,2.21335],[97.21053,2.21318],[97.21075,2.21287],[97.21058,2.21263],[97.20986,2.21261],[97.20975,2.21315],[97.20956,2.21322],[97.2094,2.21309],[97.20934,2.21273],[97.20902,2.21248],[97.20829,2.21283],[97.20787,2.21353],[97.2076,2.21457],[97.20761,2.21502],[97.20779,2.21533],[97.20804,2.21547],[97.20843,2.21539],[97.20857,2.21519]]]}},{"type":"Feature","properties":{"nama":"Aceh Singkil","provinsi":"Aceh","sumber":"Batas_Kab"},"geometry":{"type":"Polygon","coordinates":[[[97.20754,2.21554],[97.20734,2.21552],[97.20706,2.21582],[97.20707,2.21623],[97.20747,2.21615],[97.20754,2.21554]]]}},{"type":"Feature","properties":{"nama":"Aceh Singkil","provinsi":"Aceh","sumber":"Batas_Kab"},"geometry":{"type":"Polygon","coordinates":[[[97.30247,2.21592],[97.30204,2.21591],[97.30198,2.21617],[97.3024,2.21694],[97.3029,2.21701],[97.30318,2.2168],[97.30323,2.21652],[97.30302,2.21621],[97.30247,2.21592]]]}},{"type":"Feature","properties":{"nama":"Aceh Singkil","provinsi":"Aceh","sumber":"Batas_Kab"},"geometry":{"type":"Polygon","coordinates":[[[97.22482,2.22072],[97.22436,2.22062],[97.22413,2.22071],[97.22351,2.22168],[97.22375,2.22251],[97.22439,2.2229],[97.22475,2.22335],[97.22543,2.22536],[97.22627,2.22702],[97.22642,2.22762],[97.2269,2.2284],[97.22722,2.2287],[97.22755,2.22861],[97.22777,2.22833],[97.22789,2.22714],[97.22745,2.22627],[97.22748,2.22567],[97.22709,2.22501],[97.22644,2.22429],[97.22517,2.2212],[97.22482,2.22072]]]}},{"type":"Feature","properties":{"nama":"Aceh Singkil","provinsi":"Aceh","sumber":"Batas_Kab"},"geometry":{"type":"Polygon","coordinates":[[[97.16885,2.23645],[97.169,2.23585],[97.16922,2.23552],[97.17085,2.23457],[97.17139,2.23438],[97.1735,2.23419],[97.17441,2.23448],[97.1755,2.2345],[97.17643,2.23418],[97.17786,2.23403],[97.17858,2.23375],[97.17934,2.23314],[97.17951,2.23274],[97.17947,2.232],[97.17925,2.23119],[97.17916,2.22998],[97.17922,2.22961],[97.1795,2.22912],[97.1796,2.22825],[97.17991,2.22821],[97.17975,2.22788],[97.17945,2.22762],[97.17945,2.22741],[97.17993,2.22642],[97.17986,2.22549],[97.17955,2.22459],[97.17958,2.22421],[97.17872,2.22315],[97.17806,2.21961],[97.17784,2.21932],[97.17778,2.21803],[97.17816,2.2176],[97.17857,2.21668],[97.17885,2.21678],[97.17925,2.21716],[97.18048,2.21913],[97.18061,2.22015],[97.18053,2.22088],[97.18078,2.22163],[97.18114,2.22204],[97.18176,2.22239],[97.18232,2.22238],[97.18501,2.22174],[97.1857,2.22226],[97.18562,2.22249],[97.18481,2.22302],[97.1853,2.22422],[97.18581,2.22502],[97.18601,2.22572],[97.18602,2.22642],[97.18581,2.22745],[97.18604,2.22788],[97.18661,2.22804],[97.18688,2.22867],[97.18749,2.22825],[97.18734,2.22781],[97.18948,2.22541],[97.1901,2.22317],[97.19019,2.22106],[97.18997,2.22014],[97.19021,2.2192],[97.19033,2.21911],[97.19057,2.21925],[97.19087,2.2192],[97.19098,2.21878],[97.19161,2.21839],[97.19182,2.2181],[97.1917,2.21738],[97.19135,2.21717],[97.19084,2.21698],[97.19051,2.21711],[97.1904,2.21738],[97.19017,2.21719],[97.18958,2.21556],[97.1895,2.2148],[97.18953,2.21439],[97.18973,2.21401],[97.19186,2.21259],[97.19212,2.21177],[97.19272,2.20838],[97.19293,2.20792],[97.19273,2.2057],[97.19241,2.20401],[97.19276,2.20351],[97.193,2.2034],[97.19395,2.20351],[97.19424,2.20284],[97.19495,2.20212],[97.19566,2.20219],[97.19564,2.20368],[97.19549,2.2044],[97.19556,2.20479],[97.19531,2.20629],[97.1951,2.20659],[97.19516,2.20688],[97.19553,2.20639],[97.19563,2.20679],[97.19591,2.20664],[97.19592,2.2069],[97.19607,2.20692],[97.19641,2.20733],[97.19708,2.20673],[97.19755,2.20759],[97.19754,2.20809],[97.19817,2.2086],[97.19872,2.20856],[97.20002,2.21132],[97.2004,2.21176],[97.20084,2.21193],[97.20378,2.21163],[97.20471,2.21091],[97.20525,2.20966],[97.20591,2.20871],[97.20582,2.20854],[97.20629,2.20827],[97.20623,2.20815],[97.20687,2.20779],[97.20682,2.20737],[97.20702,2.20695],[97.2068,2.20637],[97.2072,2.20524],[97.20751,2.20494],[97.20833,2.20472],[97.20942,2.20486],[97.21,2.20513],[97.2111,2.20596],[97.21136,2.20622],[97.21173,2.20702],[97.21244,2.2077],[97.2126,2.20858],[97.2131,2.20883],[97.21361,2.20937],[97.21408,2.20939],[97.21445,2.20917],[97.21738,2.20622],[97.21758,2.20595],[97.2177,2.20531],[97.21793,2.20501],[97.21843,2.20503],[97.21898,2.20463],[97.21953,2.20452],[97.22003,2.2045],[97.22046,2.20467],[97.22324,2.20626],[97.22378,2.20685],[97.22426,2.20715],[97.22468,2.20771],[97.22506,2.20772],[97.2253,2.20759],[97.22574,2.2088],[97.22688,2.20987],[97.22856,2.21191],[97.23023,2.21456],[97.23067,2.21661],[97.23022,2.21745],[97.23018,2.21861],[97.22955,2.21951],[97.22927,2.2196],[97.22903,2.21941],[97.22811,2.21948],[97.22741,2.22019],[97.2267,2.21966],[97.22648,2.21966],[97.2254,2.2202],[97.22509,2.22057],[97.22587,2.22146],[97.22606,2.2219],[97.22674,2.22428],[97.22746,2.22498],[97.22786,2.22581],[97.22773,2.22641],[97.22827,2.2273],[97.22817,2.22798],[97.22848,2.22984],[97.22907,2.23023],[97.23002,2.23047],[97.23091,2.23114],[97.23081,2.23127],[97.23091,2.23135],[97.23125,2.23096],[97.23108,2.23084],[97.2317,2.23004],[97.23264,2.23037],[97.23264,2.2308],[97.23231,2.23204],[97.23233,2.23256],[97.2333,2.23361],[97.23378,2.23381],[97.23417,2.23451],[97.23578,2.23541],[97.23646,2.23541],[97.23733,2.23507],[97.23968,2.23507],[97.24058,2.23487],[97.24249,2.23355],[97.24328,2.23324],[97.24468,2.23326],[97.24662,2.234],[97.24704,2.234],[97.24788,2.23371],[97.24885,2.23382],[97.25041,2.23344],[97.25141,2.23362],[97.2536,2.23363],[97.25444,2.23319],[97.25492,2.23311],[97.25557,2.23338],[97.25592,2.23378],[97.256,2.23419],[97.25566,2.23458],[97.25564,2.23495],[97.25586,2.23543],[97.25643,2.23565],[97.25686,2.23553],[97.25775,2.2348],[97.25867,2.23466],[97.25963,2.23399],[97.26053,2.23296],[97.26123,2.23242],[97.2622,2.23208],[97.2637,2.232],[97.26576,2.23222],[97.26656,2.23219],[97.26882,2.23262],[97.27001,2.23245],[97.27231,2.23168],[97.27362,2.23076],[97.27433,2.23007],[97.27492,2.23],[97.27493,2.22978],[97.27472,2.22956],[97.27476,2.22861],[97.27441,2.22733],[97.27424,2.22595],[97.27438,2.22529],[97.2747,2.22482],[97.27503,2.22458],[97.27619,2.22458],[97.2773,2.22429],[97.27847,2.22434],[97.27926,2.22413],[97.27982,2.22444],[97.28039,2.22417],[97.28105,2.22416],[97.28113,2.22294],[97.28079,2.22239],[97.28043,2.22222],[97.28052,2.22211],[97.28107,2.22223],[97.28129,2.22208],[97.28126,2.22437],[97.28137,2.22467],[97.28266,2.22473],[97.28394,2.22536],[97.28505,2.22524],[97.28578,2.22575],[97.28739,2.22547],[97.28829,2.2256],[97.2887,2.22592],[97.28911,2.22598],[97.28954,2.22636],[97.29067,2.22672],[97.29315,2.22917],[97.29452,2.2302],[97.29636,2.2307],[97.29681,2.23046],[97.29705,2.23053],[97.29749,2.23043],[97.29867,2.22938],[97.29929,2.22842],[97.30023,2.22643],[97.30044,2.22572],[97.30035,2.22539],[97.3007,2.22546],[97.30121,2.22424],[97.30084,2.22374],[97.30087,2.22349],[97.30136,2.22305],[97.30124,2.22245],[97.30154,2.22155],[97.30123,2.22064],[97.30194,2.21856],[97.30221,2.21728],[97.30136,2.21609],[97.30141,2.21529],[97.30117,2.21472],[97.30118,2.21414],[97.30201,2.21307],[97.30207,2.21277],[97.30147,2.21201],[97.30255,2.2113],[97.30281,2.21027],[97.30334,2.21033],[97.3042,2.20997],[97.30441,2.21002],[97.30444,2.2104],[97.30475,2.21068],[97.30502,2.21062],[97.30534,2.21031],[97.30569,2.20855],[97.30599,2.20782],[97.30581,2.20673],[97.30542,2.20602],[97.30512,2.20575],[97.30503,2.20541],[97.30375,2.20539],[97.30343,2.20561],[97.30324,2.20552],[97.30149,2.20614],[97.3009,2.20669],[97.30048,2.20733],[97.30031,2.2074],[97.29912,2.20686],[97.29827,2.20524],[97.29796,2.20496],[97.29773,2.20504],[97.29761,2.20468],[97.2972,2.20439],[97.29584,2.20449],[97.2953,2.20494],[97.29485,2.20511],[97.29187,2.20525],[97.29141,2.20491],[97.2914,2.20454],[97.29259,2.2029],[97.29271,2.20239],[97.29264,2.20178],[97.29208,2.20064],[97.29116,2.20064],[97.29173,2.20041],[97.29219,2.20048],[97.29268,2.20094],[97.29334,2.20091],[97.29572,2.19984],[97.29584,2.19942],[97.29551,2.19878],[97.29604,2.19822],[97.29622,2.19772],[97.29575,2.19702],[97.29587,2.19659],[97.29682,2.19591],[97.29742,2.19526],[97.29787,2.19396],[97.2985,2.19374],[97.29853,2.19327],[97.29956,2.19326],[97.29979,2.19314],[97.3001,2.19277],[97.30004,2.19249],[97.30063,2.1921],[97.30072,2.19156],[97.3011,2.1911],[97.30166,2.19057],[97.30252,2.19004],[97.30318,2.18909],[97.30397,2.18917],[97.30436,2.18901],[97.30445,2.18849],[97.30431,2.18767],[97.3046,2.18606],[97.30449,2.18531],[97.30377,2.18338],[97.30374,2.18293],[97.30424,2.18236],[97.30588,2.1817],[97.30694,2.18086],[97.30765,2.17984],[97.3082,2.17839],[97.3091,2.17807],[97.31047,2.17701],[97.31072,2.17647],[97.31045,2.17574],[97.31061,2.17548],[97.31205,2.17472],[97.31243,2.17465],[97.31259,2.17494],[97.31252,2.17518],[97.31181,2.17602],[97.31245,2.17683],[97.31272,2.17784],[97.3131,2.17831],[97.31247,2.17875],[97.31248,2.17896],[97.31377,2.17934],[97.31452,2.17913],[97.31458,2.17879],[97.31436,2.17819],[97.31446,2.17775],[97.31489,2.17721],[97.31494,2.17651],[97.31537,2.17603],[97.31533,2.17464],[97.31545,2.17423],[97.31543,2.17365],[97.31485,2.17295],[97.31461,2.17201],[97.31476,2.17157],[97.31544,2.17055],[97.31557,2.16986],[97.31577,2.1695],[97.31611,2.16936],[97.31646,2.16942],[97.31711,2.16979],[97.31626,2.17076],[97.31617,2.17109],[97.31625,2.17203],[97.3171,2.17288],[97.31841,2.17383],[97.31846,2.17457],[97.31786,2.17514],[97.31769,2.17615],[97.31806,2.17667],[97.3193,2.17753],[97.31961,2.17752],[97.32051,2.17705],[97.32075,2.17705],[97.32111,2.17727],[97.32126,2.17772],[97.32191,2.1779],[97.32357,2.17742],[97.32398,2.17715],[97.32435,2.17519],[97.32495,2.17437],[97.32483,2.17413],[97.32427,2.17404],[97.32379,2.17351],[97.32375,2.17271],[97.32404,2.17229],[97.32444,2.17222],[97.32493,2.17241],[97.32557,2.17242],[97.32604,2.17199],[97.32623,2.17198],[97.32671,2.17222],[97.32699,2.17269],[97.327,2.17312],[97.32687,2.17327],[97.32664,2.17341],[97.32595,2.17338],[97.32538,2.17365],[97.32571,2.17411],[97.32563,2.17431],[97.32586,2.17452],[97.32597,2.17486],[97.32628,2.17495],[97.32651,2.17471],[97.3269,2.17464],[97.32709,2.17474],[97.32721,2.17441],[97.32796,2.17412],[97.32826,2.17371],[97.32891,2.17366],[97.32932,2.17348],[97.32978,2.17289],[97.33046,2.17245],[97.33063,2.17214],[97.33031,2.17195],[97.33029,2.17179],[97.33066,2.17166],[97.3308,2.17145],[97.33062,2.17117],[97.32974,2.17065],[97.33002,2.1688],[97.32889,2.16724],[97.32852,2.167],[97.3281,2.167],[97.32758,2.16748],[97.32737,2.16752],[97.32757,2.16703],[97.32753,2.1666],[97.32723,2.16603],[97.32696,2.16587],[97.32553,2.16578],[97.32498,2.16634],[97.32463,2.16627],[97.32464,2.16481],[97.32334,2.16456],[97.32302,2.16438],[97.32265,2.16385],[97.3228,2.16304],[97.32303,2.16284],[97.32395,2.1631],[97.32594,2.16303],[97.32675,2.16259],[97.32717,2.16177],[97.32751,2.16164],[97.32785,2.16174],[97.32834,2.16259],[97.3297,2.16274],[97.33027,2.16337],[97.33061,2.16355],[97.33131,2.16354],[97.33198,2.16368],[97.3324,2.16359],[97.33275,2.16335],[97.33368,2.1619],[97.33392,2.16097],[97.33355,2.16018],[97.3333,2.15999],[97.33264,2.15988],[97.3325,2.15971],[97.33333,2.15868],[97.33382,2.15777],[97.33369,2.15722],[97.33295,2.15587],[97.33234,2.15525],[97.33159,2.15488],[97.33151,2.15454],[97.33169,2.15432],[97.33161,2.15412],[97.33171,2.15394],[97.33156,2.15365],[97.3327,2.15315],[97.33271,2.15269],[97.33321,2.15215],[97.33355,2.15198],[97.33421,2.15216],[97.33444,2.15254],[97.33405,2.15294],[97.33407,2.15316],[97.33428,2.15339],[97.33458,2.15347],[97.33541,2.15323],[97.33684,2.15203],[97.33724,2.15224],[97.33726,2.15253],[97.33674,2.15348],[97.33646,2.15461],[97.3368,2.15497],[97.33779,2.15507],[97.33801,2.15542],[97.33801,2.15581],[97.3375,2.15678],[97.33745,2.15724],[97.33766,2.15934],[97.33766,2.16009],[97.33756,2.16021],[97.33777,2.16038],[97.33768,2.16062],[97.33787,2.16085],[97.3379,2.16155],[97.33807,2.16179],[97.33723,2.1624],[97.3371,2.16284],[97.33685,2.1631],[97.33712,2.16308],[97.33763,2.16331],[97.33815,2.16328],[97.33841,2.16281],[97.33877,2.16261],[97.33908,2.1613],[97.33901,2.15934],[97.33913,2.15908],[97.33947,2.15889],[97.34014,2.15708],[97.34029,2.15648],[97.34019,2.15606],[97.34047,2.15564],[97.34072,2.15472],[97.34045,2.15238],[97.34006,2.1514],[97.34012,2.15114],[97.34028,2.15108],[97.34015,2.1509],[97.34007,2.14995],[97.34021,2.14971],[97.34077,2.14968],[97.34093,2.14955],[97.34124,2.1486],[97.34098,2.14808],[97.34105,2.14765],[97.3409,2.14698],[97.34131,2.146],[97.34129,2.14568],[97.34119,2.14537],[97.34078,2.14503],[97.34035,2.14434],[97.34041,2.14397],[97.33993,2.14371],[97.34018,2.14343],[97.34002,2.14322],[97.34008,2.14287],[97.33996,2.14252],[97.34025,2.14198],[97.34024,2.14129],[97.34084,2.13902],[97.3421,2.13936],[97.34213,2.13956],[97.34133,2.14034],[97.34164,2.14107],[97.34213,2.14118],[97.34261,2.14103],[97.34315,2.1405],[97.34365,2.13933],[97.34343,2.13909],[97.34281,2.13936],[97.34253,2.13923],[97.34252,2.13907],[97.34308,2.13895],[97.34316,2.13883],[97.34304,2.13842],[97.344,2.13766],[97.3441,2.13734],[97.34352,2.13723],[97.34316,2.13682],[97.34277,2.13661],[97.3416,2.13673],[97.33956,2.13634],[97.33913,2.13641],[97.33797,2.13727],[97.33745,2.13743],[97.33742,2.13696],[97.33762,2.1365],[97.33848,2.13515],[97.33849,2.13496],[97.33785,2.13455],[97.33777,2.13431],[97.33829,2.1343],[97.33835,2.13408],[97.3381,2.1338],[97.33704,2.13383],[97.33646,2.13356],[97.33643,2.13288],[97.33624,2.13253],[97.33634,2.13208],[97.33608,2.13181],[97.3362,2.13083],[97.33647,2.13032],[97.33702,2.13015],[97.33837,2.13118],[97.33965,2.13186],[97.34085,2.13208],[97.34195,2.13194],[97.34223,2.13175],[97.34237,2.13143],[97.34149,2.13102],[97.34126,2.13104],[97.34085,2.13136],[97.34074,2.13129],[97.34079,2.13111],[97.34119,2.13085],[97.34143,2.13002],[97.34286,2.13018],[97.34366,2.13043],[97.34399,2.13033],[97.34416,2.12907],[97.34458,2.12824],[97.3446,2.12796],[97.34449,2.12755],[97.34404,2.12691],[97.34374,2.12678],[97.34345,2.12685],[97.34328,2.12733],[97.343,2.12741],[97.34266,2.12711],[97.34268,2.12662],[97.34317,2.12607],[97.34322,2.12578],[97.3431,2.12526],[97.34321,2.12452],[97.34312,2.12422],[97.34196,2.12378],[97.34072,2.12379],[97.3402,2.12405],[97.33948,2.12546],[97.33914,2.12574],[97.33888,2.12563],[97.33822,2.12472],[97.33738,2.12394],[97.33707,2.12331],[97.33606,2.12188],[97.33538,2.11979],[97.3347,2.11915],[97.33414,2.1181],[97.33452,2.11752],[97.33673,2.11629],[97.33713,2.11552],[97.33758,2.11514],[97.33797,2.11459],[97.3381,2.1135],[97.33783,2.11327],[97.33714,2.11334],[97.33658,2.11365],[97.33575,2.11383],[97.33533,2.11439],[97.33513,2.11446],[97.33469,2.11449],[97.33461,2.11417],[97.33489,2.11377],[97.33533,2.11352],[97.33674,2.11344],[97.33749,2.11272],[97.33915,2.11199],[97.33994,2.11179],[97.34114,2.11189],[97.34215,2.11211],[97.34281,2.1124],[97.3427,2.11315],[97.34295,2.11382],[97.34321,2.11397],[97.34373,2.11385],[97.34428,2.11305],[97.34536,2.11301],[97.34575,2.11266],[97.34603,2.11215],[97.34626,2.11209],[97.34658,2.11219],[97.34736,2.11275],[97.34801,2.11293],[97.3481,2.11278],[97.34805,2.11219],[97.34821,2.11207],[97.34833,2.11213],[97.34856,2.11258],[97.3486,2.11349],[97.34892,2.11349],[97.34919,2.11307],[97.34975,2.11292],[97.34985,2.11272],[97.34976,2.11253],[97.34919,2.11252],[97.34906,2.11214],[97.34966,2.11052],[97.35054,2.10971],[97.35065,2.10938],[97.3506,2.10903],[97.34941,2.10795],[97.34895,2.10772],[97.34769,2.10785],[97.34736,2.108],[97.34694,2.10842],[97.34673,2.10839],[97.34649,2.10721],[97.34591,2.10655],[97.34638,2.10531],[97.34644,2.10473],[97.34724,2.10453],[97.34918,2.10481],[97.34938,2.10477],[97.34974,2.10442],[97.3499,2.10444],[97.35021,2.10482],[97.35058,2.105],[97.35038,2.10563],[97.35106,2.10654],[97.35191,2.107],[97.35238,2.10708],[97.35267,2.10675],[97.35261,2.10619],[97.35231,2.10539],[97.35187,2.10527],[97.35161,2.10499],[97.35157,2.1045],[97.35171,2.10406],[97.35234,2.10404],[97.35316,2.10364],[97.35396,2.10382],[97.35449,2.10355],[97.35475,2.10367],[97.35485,2.10409],[97.35502,2.10427],[97.35548,2.1041],[97.35596,2.10306],[97.35592,2.10236],[97.3561,2.102],[97.35607,2.10103],[97.35621,2.10033],[97.35664,2.09976],[97.3576,2.09951],[97.35763,2.09886],[97.35824,2.0978],[97.35766,2.09556],[97.35752,2.09543],[97.35556,2.09445],[97.35531,2.09442],[97.35508,2.09448],[97.35449,2.09504],[97.35387,2.09511],[97.35366,2.09503],[97.35334,2.09414],[97.35301,2.09381],[97.35244,2.09366],[97.35073,2.09356],[97.3508,2.09314],[97.35099,2.09292],[97.35165,2.09257],[97.35231,2.09254],[97.3533,2.09272],[97.35392,2.09262],[97.35432,2.09208],[97.35442,2.09124],[97.35459,2.09119],[97.35495,2.09126],[97.35572,2.09222],[97.35619,2.09235],[97.35705,2.0923],[97.35798,2.09199],[97.35817,2.0919],[97.35836,2.09144],[97.35835,2.09007],[97.3582,2.08972],[97.35792,2.08965],[97.35785,2.08978],[97.35803,2.09033],[97.35796,2.09045],[97.35698,2.09038],[97.35659,2.09],[97.35671,2.0896],[97.35707,2.08956],[97.35723,2.08928],[97.35706,2.08675],[97.35752,2.08444],[97.35716,2.08397],[97.35676,2.08421],[97.35635,2.08426],[97.35603,2.08492],[97.35575,2.08505],[97.35519,2.08415],[97.35455,2.08382],[97.35422,2.08383],[97.35384,2.0844],[97.35348,2.08455],[97.35269,2.08415],[97.35246,2.08384],[97.3525,2.08363],[97.3532,2.08316],[97.35363,2.08267],[97.35367,2.08179],[97.35354,2.08137],[97.35321,2.08141],[97.35162,2.08286],[97.35097,2.08307],[97.34998,2.083],[97.34987,2.08312],[97.34937,2.08299],[97.34924,2.08313],[97.34854,2.08315],[97.34822,2.0834],[97.34808,2.0845],[97.34818,2.08557],[97.34837,2.08577],[97.34788,2.08637],[97.3479,2.08702],[97.34807,2.08719],[97.34916,2.08713],[97.34948,2.08731],[97.34962,2.08756],[97.34929,2.08793],[97.34885,2.08793],[97.34865,2.08806],[97.34869,2.08857],[97.34853,2.08869],[97.34788,2.08841],[97.34623,2.08892],[97.34574,2.0889],[97.345,2.08877],[97.3439,2.08802],[97.34366,2.08801],[97.34348,2.0883],[97.34332,2.08829],[97.34235,2.08779],[97.3425,2.08753],[97.34225,2.08752],[97.34149,2.08665],[97.34119,2.08657],[97.3413,2.08625],[97.34116,2.08595],[97.34132,2.08535],[97.34122,2.08512],[97.34129,2.08445],[97.34119,2.08438],[97.34147,2.0842],[97.34135,2.08389],[97.34167,2.08363],[97.34156,2.08307],[97.34188,2.08276],[97.3417,2.08239],[97.3418,2.08232],[97.34185,2.08164],[97.342,2.08224],[97.34216,2.08241],[97.34235,2.08174],[97.3425,2.08177],[97.34293,2.08277],[97.34292,2.08376],[97.34314,2.08423],[97.34513,2.08536],[97.34543,2.08578],[97.34586,2.08574],[97.34606,2.08467],[97.34563,2.08392],[97.34552,2.08326],[97.34562,2.08277],[97.34614,2.08221],[97.34633,2.08166],[97.34635,2.08103],[97.34659,2.08084],[97.34688,2.07982],[97.34725,2.0792],[97.34754,2.07897],[97.3474,2.07878],[97.34761,2.07811],[97.3475,2.07796],[97.34769,2.07744],[97.3478,2.07762],[97.34797,2.07743],[97.34803,2.0772],[97.34792,2.07693],[97.34803,2.07671],[97.34767,2.07622],[97.34731,2.07613],[97.34752,2.07597],[97.34728,2.07488],[97.34705,2.07455],[97.34627,2.07402],[97.34599,2.07345],[97.34595,2.0729],[97.34544,2.07235],[97.3452,2.0725],[97.34487,2.07328],[97.34519,2.07383],[97.3455,2.07385],[97.34559,2.07406],[97.34545,2.07423],[97.3455,2.07446],[97.34495,2.07461],[97.34451,2.0744],[97.34372,2.0744],[97.34365,2.07459],[97.34376,2.07468],[97.34343,2.07496],[97.3427,2.07718],[97.34224,2.07767],[97.342,2.07717],[97.34134,2.07641],[97.34123,2.07603],[97.34107,2.07606],[97.34119,2.07538],[97.34084,2.07497],[97.34071,2.07401],[97.34075,2.07294],[97.34045,2.07221],[97.34069,2.07144],[97.34147,2.07079],[97.34175,2.07021],[97.34166,2.06943],[97.34228,2.06857],[97.34214,2.06826],[97.34193,2.06827],[97.34179,2.06813],[97.34126,2.06572],[97.33969,2.06426],[97.33943,2.06261],[97.33985,2.06203],[97.33981,2.06139],[97.34008,2.0618],[97.34018,2.06265],[97.34057,2.06328],[97.34169,2.06435],[97.34174,2.0641],[97.34227,2.06514],[97.3426,2.06542],[97.34349,2.06558],[97.34397,2.06599],[97.34443,2.06585],[97.34511,2.06591],[97.34521,2.06625],[97.34565,2.06636],[97.34564,2.06657],[97.34576,2.06664],[97.34625,2.06643],[97.34637,2.06655],[97.34671,2.06651],[97.34667,2.06623],[97.34651,2.06609],[97.34665,2.06578],[97.347,2.06626],[97.34725,2.06609],[97.34731,2.06627],[97.34785,2.0661],[97.34825,2.06619],[97.3486,2.06673],[97.34901,2.06664],[97.34909,2.06694],[97.34919,2.06665],[97.34884,2.06631],[97.34899,2.06598],[97.34888,2.06556],[97.349,2.06526],[97.34914,2.06528],[97.34893,2.06547],[97.3491,2.06566],[97.34915,2.06595],[97.34902,2.06617],[97.34913,2.06646],[97.34936,2.06649],[97.34948,2.06624],[97.34927,2.06601],[97.34943,2.06584],[97.34973,2.06603],[97.34991,2.06581],[97.34976,2.06563],[97.34948,2.0657],[97.34935,2.06538],[97.34957,2.06501],[97.34942,2.06489],[97.34907,2.065],[97.34895,2.06455],[97.34918,2.06424],[97.34863,2.06384],[97.34898,2.06345],[97.34896,2.0632],[97.34922,2.06305],[97.34906,2.06268],[97.34908,2.06238],[97.34876,2.06242],[97.34867,2.06232],[97.34828,2.06266],[97.34799,2.06262],[97.34802,2.06274],[97.34776,2.06286],[97.34771,2.06306],[97.34725,2.06325],[97.34716,2.06304],[97.34725,2.06285],[97.3471,2.06274],[97.34697,2.06289],[97.34666,2.06279],[97.34666,2.06262],[97.34642,2.06257],[97.34634,2.06243],[97.34652,2.06218],[97.34614,2.06184],[97.34597,2.06198],[97.34587,2.06159],[97.34596,2.0614],[97.34559,2.06134],[97.34559,2.06103],[97.34532,2.06102],[97.3452,2.06088],[97.3452,2.06044],[97.3453,2.06042],[97.34593,2.05919],[97.3459,2.05885],[97.34542,2.05831],[97.34377,2.05539],[97.34374,2.05447],[97.34434,2.0542],[97.34488,2.05375],[97.34515,2.05292],[97.34525,2.04976],[97.34503,2.04693],[97.34515,2.04668],[97.3458,2.04634],[97.34614,2.046],[97.34666,2.04504],[97.34653,2.0447],[97.34662,2.04456],[97.34635,2.04409],[97.34652,2.04297],[97.34631,2.04169],[97.34569,2.04037],[97.34429,2.03929],[97.34373,2.03854],[97.34191,2.03686],[97.34172,2.03662],[97.34154,2.036],[97.34,2.03466],[97.33938,2.03432],[97.33934,2.03449],[97.33923,2.03443],[97.33917,2.03402],[97.33857,2.03385],[97.33785,2.03392],[97.33706,2.03446],[97.33669,2.03455],[97.3358,2.03522],[97.33412,2.03592],[97.33268,2.03618],[97.3318,2.03671],[97.33119,2.03682],[97.33041,2.03751],[97.33011,2.03759],[97.33006,2.038],[97.32984,2.03804],[97.32887,2.0391],[97.32837,2.03978],[97.3283,2.0401],[97.32845,2.04061],[97.32835,2.04081],[97.32854,2.04086],[97.32906,2.04191],[97.32952,2.04238],[97.3298,2.04241],[97.33013,2.04268],[97.33025,2.04315],[97.33066,2.04335],[97.33185,2.04444],[97.33217,2.04452],[97.33339,2.04526],[97.33425,2.04533],[97.33463,2.04512],[97.33429,2.04491],[97.33436,2.04478],[97.33497,2.0446],[97.33503,2.0444],[97.33478,2.04425],[97.33484,2.04413],[97.33501,2.04416],[97.33535,2.04436],[97.33549,2.04465],[97.3352,2.04532],[97.33526,2.04582],[97.3358,2.04573],[97.33642,2.0453],[97.33672,2.04525],[97.33785,2.04563],[97.33796,2.04584],[97.33812,2.04583],[97.33819,2.04612],[97.33858,2.04612],[97.3386,2.04624],[97.33845,2.0463],[97.33872,2.04659],[97.33877,2.04764],[97.33847,2.04916],[97.3394,2.04976],[97.33963,2.05023],[97.34097,2.052],[97.34135,2.05292],[97.3412,2.05321],[97.34141,2.05332],[97.34133,2.05373],[97.34145,2.05397],[97.34128,2.05497],[97.34109,2.05517],[97.34119,2.05537],[97.34107,2.05556],[97.34086,2.05554],[97.34079,2.05565],[97.34092,2.05611],[97.34062,2.05607],[97.34011,2.05625],[97.33976,2.05666],[97.33996,2.05727],[97.33978,2.05828],[97.33961,2.05853],[97.33932,2.05859],[97.33915,2.05903],[97.33922,2.05927],[97.33975,2.05989],[97.33962,2.06049],[97.33945,2.06051],[97.33927,2.06032],[97.33926,2.05969],[97.33904,2.05946],[97.33907,2.05879],[97.33865,2.05862],[97.33879,2.05821],[97.33861,2.05744],[97.33875,2.0571],[97.33855,2.05685],[97.33816,2.05684],[97.33792,2.05732],[97.33804,2.05797],[97.33785,2.0586],[97.33699,2.05927],[97.33664,2.05922],[97.33645,2.0595],[97.33648,2.05969],[97.33619,2.0596],[97.33594,2.05967],[97.33591,2.05994],[97.33556,2.05995],[97.33468,2.06059],[97.33409,2.06066],[97.33402,2.06083],[97.33357,2.06108],[97.33326,2.0611],[97.33255,2.06146],[97.33148,2.0615],[97.33091,2.06131],[97.32992,2.0608],[97.32918,2.05986],[97.32911,2.05901],[97.32956,2.0565],[97.3294,2.05609],[97.32951,2.0558],[97.32951,2.05495],[97.3289,2.05464],[97.32868,2.05466],[97.32785,2.05528],[97.32689,2.05486],[97.32664,2.0547],[97.32662,2.05453],[97.32597,2.05448],[97.32489,2.05477],[97.32422,2.05526],[97.32355,2.05534],[97.32353,2.05585],[97.3234,2.05605],[97.32321,2.05583],[97.32285,2.05634],[97.32235,2.05629],[97.32201,2.05649],[97.32185,2.05698],[97.32193,2.05738],[97.32175,2.05774],[97.32084,2.05907],[97.32035,2.05932],[97.32007,2.05928],[97.31887,2.05824],[97.31824,2.05744],[97.31816,2.057],[97.31755,2.05655],[97.31654,2.05692],[97.31598,2.05736],[97.31506,2.05722],[97.31487,2.05738],[97.31442,2.0574],[97.31401,2.05767],[97.31371,2.05826],[97.3136,2.05822],[97.31278,2.05889],[97.3121,2.05907],[97.31198,2.05899],[97.3118,2.05923],[97.31196,2.05964],[97.31186,2.05983],[97.31199,2.05984],[97.31165,2.06082],[97.31176,2.06094],[97.31162,2.06113],[97.31155,2.06238],[97.31244,2.06424],[97.31234,2.06447],[97.31266,2.06458],[97.31279,2.06514],[97.3126,2.06544],[97.31106,2.06559],[97.31057,2.06549],[97.30996,2.065],[97.31004,2.06472],[97.30986,2.06426],[97.30797,2.06331],[97.30734,2.06323],[97.30689,2.06332],[97.30636,2.06396],[97.30634,2.06445],[97.30592,2.06535],[97.30598,2.06564],[97.30592,2.06602],[97.30579,2.06608],[97.30564,2.06721],[97.3053,2.06759],[97.30498,2.06899],[97.30502,2.06931],[97.3051,2.06928],[97.30504,2.06951],[97.30524,2.06967],[97.3051,2.06978],[97.30538,2.0702],[97.30509,2.07379],[97.3054,2.07434],[97.30532,2.07497],[97.30457,2.07564],[97.30357,2.07697],[97.30286,2.07763],[97.30219,2.0779],[97.30026,2.07908],[97.29991,2.07955],[97.2996,2.07958],[97.2992,2.08002],[97.29805,2.08059],[97.29661,2.08211],[97.29601,2.08237],[97.29557,2.08366],[97.29465,2.08525],[97.2948,2.08539],[97.29456,2.08554],[97.29438,2.08588],[97.29409,2.08601],[97.29403,2.08632],[97.29343,2.08705],[97.29233,2.08804],[97.29224,2.08842],[97.29194,2.08879],[97.2919,2.0891],[97.29054,2.09097],[97.29039,2.0917],[97.2905,2.09192],[97.2903,2.0927],[97.28952,2.0943],[97.28783,2.09657],[97.28694,2.09744],[97.28696,2.0976],[97.28669,2.09801],[97.28629,2.09833],[97.28613,2.09863],[97.28601,2.09969],[97.28554,2.10044],[97.28497,2.10072],[97.28441,2.10063],[97.28412,2.10045],[97.28291,2.10069],[97.28215,2.10068],[97.28193,2.1009],[97.28155,2.10197],[97.28119,2.10252],[97.28068,2.10287],[97.27934,2.10323],[97.27792,2.10391],[97.27693,2.10412],[97.27652,2.10476],[97.27602,2.10489],[97.27526,2.10545],[97.27534,2.10608],[97.2751,2.10636],[97.27459,2.10656],[97.27445,2.10676],[97.27399,2.10685],[97.27392,2.10702],[97.27367,2.10713],[97.27232,2.10738],[97.27148,2.10728],[97.27076,2.10685],[97.27048,2.10643],[97.27014,2.10636],[97.26946,2.10586],[97.2692,2.10582],[97.2692,2.10562],[97.26908,2.10577],[97.26872,2.10539],[97.26813,2.10531],[97.26765,2.10534],[97.267,2.1056],[97.26654,2.10591],[97.26542,2.10704],[97.26529,2.10781],[97.26502,2.10803],[97.26494,2.10891],[97.26461,2.10924],[97.26441,2.10983],[97.26446,2.11031],[97.26413,2.11102],[97.26415,2.11198],[97.2639,2.11324],[97.26351,2.11363],[97.26338,2.11425],[97.2631,2.11454],[97.26299,2.11496],[97.26222,2.11579],[97.26187,2.116],[97.26197,2.11637],[97.26161,2.11691],[97.26161,2.11715],[97.26134,2.11718],[97.26073,2.11788],[97.25988,2.12007],[97.26013,2.1204],[97.25999,2.12077],[97.26017,2.12131],[97.26036,2.12147],[97.26155,2.1212],[97.26193,2.12172],[97.26219,2.12161],[97.26284,2.12196],[97.26315,2.12277],[97.26256,2.12369],[97.26173,2.124],[97.26157,2.12421],[97.26078,2.12459],[97.26022,2.125],[97.2593,2.126],[97.25889,2.12666],[97.25903,2.12688],[97.25933,2.1269],[97.25934,2.12749],[97.25884,2.12784],[97.25844,2.12775],[97.25798,2.1279],[97.25789,2.12818],[97.25799,2.12837],[97.25836,2.12853],[97.25858,2.12805],[97.25886,2.12817],[97.25934,2.12807],[97.25943,2.12819],[97.25925,2.12855],[97.25897,2.12876],[97.25906,2.12884],[97.26093,2.12851],[97.26146,2.12795],[97.26253,2.12809],[97.26299,2.12849],[97.26314,2.12915],[97.26286,2.13134],[97.26208,2.13413],[97.26137,2.1353],[97.26033,2.1362],[97.26007,2.13613],[97.2592,2.13626],[97.2586,2.13653],[97.25828,2.13709],[97.25653,2.13739],[97.25607,2.13792],[97.2557,2.13889],[97.25484,2.13961],[97.25448,2.13964],[97.25416,2.1395],[97.25352,2.13877],[97.25311,2.13868],[97.25285,2.13876],[97.25267,2.13862],[97.25182,2.13983],[97.25199,2.14086],[97.25237,2.14123],[97.25225,2.14147],[97.25259,2.14217],[97.25252,2.14239],[97.25265,2.14245],[97.2526,2.1431],[97.25243,2.14336],[97.25179,2.14371],[97.25,2.14408],[97.24948,2.14404],[97.24839,2.14387],[97.24679,2.14308],[97.24559,2.14296],[97.24397,2.14368],[97.24247,2.14501],[97.24213,2.14575],[97.24209,2.14637],[97.24225,2.14694],[97.24213,2.14734],[97.24118,2.14839],[97.24054,2.14858],[97.23959,2.14822],[97.23895,2.14817],[97.23783,2.14846],[97.23719,2.14882],[97.23676,2.14855],[97.23393,2.1482],[97.23297,2.14848],[97.23109,2.15022],[97.231,2.15079],[97.23117,2.15117],[97.23086,2.15231],[97.23126,2.15427],[97.23112,2.15477],[97.23117,2.15619],[97.23162,2.15729],[97.23174,2.15845],[97.23167,2.1591],[97.23238,2.16052],[97.23266,2.16174],[97.23324,2.163],[97.23378,2.16347],[97.23426,2.16419],[97.23464,2.16435],[97.23559,2.16597],[97.23428,2.16761],[97.23346,2.16821],[97.23162,2.1689],[97.23096,2.16888],[97.22992,2.16857],[97.22844,2.16783],[97.2284,2.16764],[97.22857,2.16744],[97.22848,2.16683],[97.22882,2.16656],[97.22903,2.16585],[97.22887,2.16503],[97.22846,2.16405],[97.22718,2.162],[97.22629,2.16101],[97.22581,2.15999],[97.22433,2.15884],[97.22396,2.15826],[97.22366,2.15809],[97.22322,2.15806],[97.22222,2.15834],[97.21896,2.15984],[97.21827,2.15943],[97.21796,2.15955],[97.21765,2.15991],[97.21708,2.16165],[97.21703,2.16299],[97.21673,2.16369],[97.21673,2.16434],[97.21619,2.166],[97.21591,2.16617],[97.21554,2.16676],[97.21577,2.16688],[97.21552,2.16693],[97.21552,2.16713],[97.21445,2.16904],[97.21465,2.1697],[97.21424,2.17041],[97.21385,2.17071],[97.21383,2.17119],[97.21401,2.17167],[97.21468,2.17179],[97.21558,2.17347],[97.21561,2.17399],[97.21518,2.17516],[97.21435,2.17692],[97.21347,2.17811],[97.21149,2.17999],[97.2098,2.18111],[97.20566,2.18306],[97.20352,2.18369],[97.19802,2.18489],[97.19457,2.18515],[97.19404,2.18493],[97.19224,2.18353],[97.19113,2.18288],[97.19045,2.18281],[97.18804,2.18081],[97.18519,2.17955],[97.18185,2.17837],[97.18125,2.17834],[97.18097,2.17847],[97.18087,2.17871],[97.18092,2.17961],[97.17993,2.17999],[97.17913,2.18007],[97.17735,2.18054],[97.17666,2.18021],[97.17641,2.18025],[97.17552,2.17951],[97.17445,2.17891],[97.17439,2.17872],[97.17381,2.17867],[97.17277,2.17998],[97.17252,2.18132],[97.17168,2.18261],[97.17107,2.18393],[97.17042,2.18461],[97.17,2.18541],[97.17032,2.18663],[97.17024,2.1876],[97.17002,2.18812],[97.16741,2.18943],[97.16635,2.18939],[97.16543,2.1895],[97.16454,2.19032],[97.1638,2.19072],[97.16326,2.1908],[97.16239,2.19057],[97.16146,2.19112],[97.16032,2.19147],[97.16016,2.19246],[97.15993,2.19273],[97.1591,2.19321],[97.15797,2.19357],[97.15712,2.1946],[97.15646,2.19571],[97.1549,2.1969],[97.15473,2.19688],[97.1542,2.19777],[97.15234,2.19907],[97.15129,2.19943],[97.1491,2.20075],[97.14759,2.20102],[97.14713,2.2012],[97.14705,2.20142],[97.14652,2.20134],[97.1453,2.20172],[97.14431,2.20182],[97.14282,2.2022],[97.14202,2.20218],[97.14033,2.20244],[97.1401,2.20237],[97.13845,2.20281],[97.13747,2.20246],[97.13677,2.20242],[97.13617,2.20216],[97.13567,2.2021],[97.13496,2.20156],[97.13308,2.20139],[97.13201,2.20106],[97.13006,2.20012],[97.12979,2.19919],[97.12964,2.19905],[97.12885,2.199],[97.12863,2.19857],[97.12793,2.19855],[97.12675,2.19884],[97.12584,2.19933],[97.1254,2.19988],[97.12524,2.19982],[97.12399,2.20029],[97.12162,2.20228],[97.12123,2.20306],[97.12092,2.20323],[97.11974,2.20472],[97.11937,2.20501],[97.1186,2.20618],[97.11729,2.20694],[97.11711,2.20724],[97.11679,2.2074],[97.11603,2.20866],[97.11611,2.20899],[97.11573,2.20947],[97.11555,2.21079],[97.11496,2.21165],[97.11477,2.21244],[97.11428,2.21295],[97.11417,2.2134],[97.11327,2.21447],[97.11272,2.21554],[97.11291,2.21626],[97.11313,2.2165],[97.1136,2.21767],[97.11356,2.21785],[97.11393,2.21808],[97.11388,2.21846],[97.1143,2.21846],[97.11516,2.21817],[97.11672,2.21806],[97.11737,2.21863],[97.11761,2.219],[97.11758,2.22006],[97.11787,2.22086],[97.11771,2.22125],[97.11771,2.22227],[97.1183,2.22435],[97.11912,2.22565],[97.12009,2.22617],[97.12028,2.22645],[97.12074,2.22629],[97.12129,2.22662],[97.12146,2.22652],[97.12225,2.22671],[97.12268,2.22661],[97.12301,2.22674],[97.12311,2.22691],[97.12356,2.22668],[97.12439,2.22675],[97.12447,2.22696],[97.12576,2.22643],[97.12592,2.22654],[97.12619,2.22649],[97.12611,2.22638],[97.12625,2.22621],[97.1271,2.22649],[97.12804,2.22636],[97.12825,2.22649],[97.12842,2.22639],[97.12845,2.22656],[97.12867,2.22646],[97.12887,2.2266],[97.12931,2.22639],[97.1298,2.22657],[97.13002,2.22638],[97.1302,2.22651],[97.13042,2.22637],[97.13049,2.22648],[97.13081,2.22648],[97.13153,2.22621],[97.13293,2.22617],[97.13347,2.22607],[97.13417,2.22551],[97.13483,2.2254],[97.13571,2.22478],[97.13603,2.22436],[97.13631,2.22446],[97.13659,2.2243],[97.13687,2.22436],[97.13731,2.22408],[97.13859,2.22406],[97.13916,2.22392],[97.14042,2.22324],[97.14159,2.22322],[97.14186,2.22308],[97.14227,2.22321],[97.14305,2.22286],[97.14402,2.22276],[97.14488,2.22232],[97.14534,2.22259],[97.14552,2.22248],[97.14613,2.22275],[97.14651,2.2228],[97.14677,2.22263],[97.14694,2.22287],[97.14798,2.22273],[97.14898,2.22278],[97.15037,2.22408],[97.15132,2.22533],[97.15186,2.22569],[97.15283,2.22593],[97.15371,2.22572],[97.15494,2.22509],[97.15747,2.22497],[97.15975,2.22409],[97.16079,2.22396],[97.16157,2.22413],[97.162,2.22439],[97.16278,2.22556],[97.16287,2.22736],[97.16249,2.22832],[97.16259,2.22869],[97.16283,2.22899],[97.16273,2.22908],[97.16289,2.22962],[97.1632,2.23001],[97.16294,2.23045],[97.16317,2.23105],[97.1631,2.23144],[97.16319,2.23164],[97.16346,2.23197],[97.164,2.2322],[97.16455,2.23311],[97.16444,2.23357],[97.1647,2.23415],[97.16543,2.23491],[97.16636,2.23545],[97.1677,2.23583],[97.16769,2.2362],[97.16885,2.23645]]]}},{"type":"Feature","properties":{"nama":"Aceh Singkil","provinsi":"Aceh","sumber":"Batas_Kab"},"geometry":{"type":"Polygon","coordinates":[[[97.27297,2.23709],[97.27262,2.23681],[97.27253,2.23704],[97.27256,2.23717],[97.27281,2.23727],[97.27297,2.23709]]]}},{"type":"Feature","properties":{"nama":"Aceh Singkil","provinsi":"Aceh","sumber":"Batas_Kab"},"geometry":{"type":"Polygon","coordinates":[[[97.26738,2.24095],[97.26714,2.24099],[97.26719,2.24125],[97.26761,2.24131],[97.26765,2.24116],[97.26738,2.24095]]]}},{"type":"Feature","properties":{"nama":"Aceh Singkil","provinsi":"Aceh","sumber":"Batas_Kab"},"geometry":{"type":"Polygon","coordinates":[[[97.21773,2.24179],[97.21792,2.24169],[97.21792,2.24156],[97.21726,2.24172],[97.2168,2.24145],[97.2175,2.241],[97.21773,2.24112],[97.21847,2.24114],[97.21863,2.2407],[97.21888,2.24052],[97.21942,2.24044],[97.21986,2.24055],[97.22007,2.24043],[97.22066,2.23961],[97.22071,2.23923],[97.22093,2.23902],[97.22115,2.2384],[97.22164,2.23795],[97.22164,2.23779],[97.22204,2.23796],[97.2221,2.23755],[97.22239,2.23741],[97.22257,2.23715],[97.22276,2.23706],[97.22298,2.23714],[97.22341,2.23652],[97.22347,2.23607],[97.2237,2.23579],[97.22368,2.23556],[97.22405,2.23525],[97.22381,2.23494],[97.22377,2.2345],[97.22414,2.23356],[97.22419,2.23309],[97.22382,2.23283],[97.22428,2.23264],[97.22439,2.23223],[97.22508,2.2313],[97.22514,2.23097],[97.2256,2.23049],[97.22568,2.23008],[97.22554,2.22966],[97.22597,2.22947],[97.22582,2.22913],[97.22574,2.22813],[97.22505,2.22661],[97.22486,2.22657],[97.22488,2.22608],[97.22367,2.22397],[97.22315,2.22361],[97.22305,2.22336],[97.22217,2.22348],[97.22099,2.22385],[97.21969,2.22504],[97.21911,2.22682],[97.21919,2.22766],[97.21906,2.228],[97.21875,2.22823],[97.21873,2.22862],[97.21772,2.22961],[97.21754,2.22957],[97.21673,2.23052],[97.21671,2.23112],[97.21704,2.23207],[97.21705,2.23257],[97.21594,2.234],[97.2155,2.23421],[97.21533,2.23402],[97.21517,2.23411],[97.21486,2.23383],[97.21441,2.2333],[97.21459,2.23285],[97.2143,2.23239],[97.21369,2.23264],[97.21298,2.23387],[97.21287,2.23527],[97.21308,2.23614],[97.21315,2.23848],[97.21343,2.23918],[97.21387,2.2396],[97.2138,2.24018],[97.21471,2.24127],[97.21552,2.24168],[97.21598,2.24164],[97.21659,2.24215],[97.21724,2.24219],[97.21759,2.24205],[97.21773,2.24179]]]}},{"type":"Feature","properties":{"nama":"Aceh Singkil","provinsi":"Aceh","sumber":"Batas_Kab"},"geometry":{"type":"Polygon","coordinates":[[[97.21107,2.2419],[97.21054,2.24188],[97.21038,2.24206],[97.21048,2.24252],[97.21099,2.24292],[97.21146,2.24277],[97.2115,2.24244],[97.21119,2.24232],[97.21107,2.2419]]]}},{"type":"Feature","properties":{"nama":"Aceh Singkil","provinsi":"Aceh","sumber":"Batas_Kab"},"geometry":{"type":"Polygon","coordinates":[[[97.21023,2.24128],[97.20986,2.24127],[97.20853,2.24166],[97.20796,2.24205],[97.2078,2.24247],[97.20814,2.24293],[97.20871,2.24288],[97.20939,2.24222],[97.21028,2.24184],[97.21037,2.2414],[97.21023,2.24128]]]}},{"type":"Feature","properties":{"nama":"Aceh Singkil","provinsi":"Aceh","sumber":"Batas_Kab"},"geometry":{"type":"Polygon","coordinates":[[[97.31265,2.24276],[97.31356,2.24153],[97.31476,2.24079],[97.31567,2.23954],[97.31594,2.23904],[97.31588,2.23884],[97.3156,2.23884],[97.31457,2.23972],[97.31284,2.24032],[97.31231,2.24041],[97.31071,2.24009],[97.31024,2.24014],[97.30979,2.24043],[97.30977,2.24087],[97.30938,2.24158],[97.30946,2.24223],[97.30936,2.24238],[97.31199,2.24318],[97.31265,2.24276]]]}},{"type":"Feature","properties":{"nama":"Aceh Singkil","provinsi":"Aceh","sumber":"Batas_Kab"},"geometry":{"type":"Polygon","coordinates":[[[97.43467,2.24432],[97.43598,2.24421],[97.43663,2.2435],[97.4364,2.24288],[97.43552,2.24265],[97.43315,2.24304],[97.43327,2.24321],[97.43326,2.24375],[97.43341,2.24383],[97.43354,2.24419],[97.43467,2.24432]]]}},{"type":"Feature","properties":{"nama":"Aceh Singkil","provinsi":"Aceh","sumber":"Batas_Kab"},"geometry":{"type":"Polygon","coordinates":[[[97.2742,2.24474],[97.27567,2.24451],[97.27604,2.24421],[97.27714,2.24367],[97.27719,2.24348],[97.27535,2.24288],[97.27506,2.24321],[97.27464,2.24339],[97.274,2.24462],[97.2742,2.24474]]]}},{"type":"Feature","properties":{"nama":"Aceh Singkil","provinsi":"Aceh","sumber":"Batas_Kab"},"geometry":{"type":"Polygon","coordinates":[[[97.3438,2.24693],[97.34329,2.24686],[97.34267,2.24711],[97.34254,2.24779],[97.3428,2.24815],[97.34348,2.24837],[97.34374,2.24825],[97.34399,2.24771],[97.3438,2.24693]]]}},{"type":"Feature","properties":{"nama":"Aceh Singkil","provinsi":"Aceh","sumber":"Batas_Kab"},"geometry":{"type":"Polygon","coordinates":[[[97.42599,2.24996],[97.42721,2.24981],[97.42854,2.24903],[97.42926,2.24895],[97.42916,2.24868],[97.42937,2.24847],[97.43131,2.24749],[97.43125,2.24729],[97.4314,2.24703],[97.43131,2.24666],[97.43101,2.24655],[97.43041,2.24713],[97.42978,2.24743],[97.42863,2.247],[97.42778,2.24622],[97.42759,2.24573],[97.42773,2.24473],[97.42749,2.24407],[97.4275,2.24327],[97.42787,2.24273],[97.42787,2.24228],[97.42826,2.24129],[97.42821,2.24114],[97.42837,2.24098],[97.42828,2.24083],[97.42843,2.24069],[97.42843,2.24039],[97.42834,2.24006],[97.42805,2.23996],[97.42818,2.23968],[97.42802,2.23964],[97.42795,2.23977],[97.42778,2.23967],[97.42787,2.23928],[97.42776,2.23936],[97.42761,2.23911],[97.42708,2.23905],[97.4256,2.23938],[97.42479,2.23934],[97.42426,2.23962],[97.42432,2.23982],[97.42397,2.2402],[97.42378,2.24081],[97.42352,2.24303],[97.42302,2.24493],[97.42317,2.24533],[97.42308,2.24561],[97.42332,2.24596],[97.42317,2.24599],[97.42298,2.24581],[97.42292,2.2459],[97.42324,2.24644],[97.42322,2.24662],[97.42473,2.24889],[97.42526,2.24931],[97.42562,2.24932],[97.42547,2.2495],[97.42561,2.24951],[97.42562,2.24965],[97.42599,2.24996]]]}},{"type":"Feature","properties":{"nama":"Aceh Singkil","provinsi":"Aceh","sumber":"Batas_Kab"},"geometry":{"type":"Polygon","coordinates":[[[97.25777,2.24988],[97.25751,2.24993],[97.25738,2.25042],[97.25794,2.2514],[97.25816,2.25144],[97.25836,2.25133],[97.25845,2.25087],[97.25777,2.24988]]]}},{"type":"Feature","properties":{"nama":"Aceh Singkil","provinsi":"Aceh","sumber":"Batas_Kab"},"geometry":{"type":"Polygon","coordinates":[[[97.42195,2.2551],[97.42198,2.2554],[97.42227,2.25531],[97.4222,2.25518],[97.42195,2.2551]]]}},{"type":"Feature","properties":{"nama":"Aceh Singkil","provinsi":"Aceh","sumber":"Batas_Kab"},"geometry":{"type":"Polygon","coordinates":[[[97.18557,2.25615],[97.18629,2.25528],[97.18649,2.25465],[97.18508,2.25551],[97.18477,2.25595],[97.18465,2.25595],[97.18468,2.25608],[97.1843,2.25638],[97.18428,2.2568],[97.18472,2.25675],[97.18557,2.25615]]]}},{"type":"Feature","properties":{"nama":"Aceh Singkil","provinsi":"Aceh","sumber":"Batas_Kab"},"geometry":{"type":"Polygon","coordinates":[[[97.3006,2.25326],[97.30023,2.25328],[97.29978,2.2539],[97.29913,2.25445],[97.29769,2.2564],[97.29735,2.25662],[97.29718,2.25692],[97.29735,2.25735],[97.29836,2.25743],[97.29886,2.25634],[97.29939,2.25594],[97.30078,2.25434],[97.3006,2.25326]]]}},{"type":"Feature","properties":{"nama":"Aceh Singkil","provinsi":"Aceh","sumber":"Batas_Kab"},"geometry":{"type":"Polygon","coordinates":[[[97.28707,2.26008],[97.28634,2.25996],[97.28627,2.26018],[97.28678,2.26055],[97.28708,2.26048],[97.28716,2.26021],[97.28707,2.26008]]]}},{"type":"Feature","properties":{"nama":"Aceh Singkil","provinsi":"Aceh","sumber":"Batas_Kab"},"geometry":{"type":"Polygon","coordinates":[[[97.29344,2.25856],[97.29252,2.25851],[97.29224,2.25874],[97.29215,2.25981],[97.29177,2.26076],[97.29104,2.26149],[97.29101,2.26183],[97.29055,2.26242],[97.28941,2.26361],[97.28997,2.26458],[97.29031,2.26468],[97.29092,2.26424],[97.2923,2.26259],[97.29324,2.25933],[97.29348,2.25885],[97.29344,2.25856]]]}},{"type":"Feature","properties":{"nama":"Aceh Singkil","provinsi":"Aceh","sumber":"Batas_Kab"},"geometry":{"type":"Polygon","coordinates":[[[97.24929,2.25309],[97.24905,2.25291],[97.24882,2.25297],[97.24855,2.25257],[97.24882,2.25166],[97.24839,2.25064],[97.24815,2.25042],[97.24768,2.25036],[97.24734,2.25049],[97.24654,2.25127],[97.24504,2.252],[97.24394,2.2529],[97.24345,2.2535],[97.24348,2.25372],[97.24424,2.25463],[97.24492,2.25603],[97.24608,2.26108],[97.24613,2.26161],[97.24595,2.26273],[97.24558,2.26423],[97.24494,2.26496],[97.24507,2.26523],[97.24538,2.26507],[97.24546,2.2646],[97.24569,2.26426],[97.24659,2.26351],[97.24693,2.26338],[97.24699,2.26251],[97.24731,2.26198],[97.24752,2.26032],[97.2477,2.25978],[97.24862,2.25845],[97.24899,2.25668],[97.24981,2.25506],[97.24976,2.25455],[97.24943,2.25412],[97.24929,2.25309]]]}},{"type":"Feature","properties":{"nama":"Aceh Singkil","provinsi":"Aceh","sumber":"Batas_Kab"},"geometry":{"type":"Polygon","coordinates":[[[97.21026,2.24893],[97.20962,2.24866],[97.20925,2.2488],[97.20846,2.24874],[97.20819,2.24936],[97.20837,2.2504],[97.20835,2.25192],[97.20822,2.25443],[97.20803,2.25518],[97.20755,2.2559],[97.20752,2.25629],[97.2066,2.25681],[97.20606,2.25755],[97.20472,2.25855],[97.20404,2.25926],[97.20292,2.26151],[97.20263,2.26248],[97.20269,2.26462],[97.2029,2.2649],[97.20411,2.26545],[97.20433,2.26545],[97.20525,2.2649],[97.20558,2.26452],[97.20631,2.26277],[97.20885,2.25893],[97.20944,2.25847],[97.20951,2.25797],[97.20986,2.25737],[97.20983,2.25694],[97.20997,2.25658],[97.21148,2.25516],[97.21081,2.25444],[97.21068,2.25412],[97.21065,2.25196],[97.21097,2.25041],[97.21048,2.24993],[97.21048,2.24915],[97.21026,2.24893]]]}},{"type":"Feature","properties":{"nama":"Aceh Singkil","provinsi":"Aceh","sumber":"Batas_Kab"},"geometry":{"type":"Polygon","coordinates":[[[97.2442,2.26639],[97.24404,2.2666],[97.24404,2.26703],[97.24423,2.26702],[97.24452,2.26675],[97.24452,2.26659],[97.2442,2.26639]]]}},{"type":"Feature","properties":{"nama":"Aceh Singkil","provinsi":"Aceh","sumber":"Batas_Kab"},"geometry":{"type":"Polygon","coordinates":[[[97.24376,2.26711],[97.2435,2.26722],[97.24343,2.26753],[97.24393,2.26725],[97.24376,2.26711]]]}},{"type":"Feature","properties":{"nama":"Aceh Singkil","provinsi":"Aceh","sumber":"Batas_Kab"},"geometry":{"type":"Polygon","coordinates":[[[97.28348,2.26814],[97.2833,2.26818],[97.28303,2.269],[97.28324,2.2689],[97.28348,2.26814]]]}},{"type":"Feature","properties":{"nama":"Aceh Singkil","provinsi":"Aceh","sumber":"Batas_Kab"},"geometry":{"type":"Polygon","coordinates":[[[97.32944,2.26124],[97.32915,2.26126],[97.3289,2.26147],[97.32859,2.26241],[97.32876,2.26425],[97.32825,2.26595],[97.32765,2.26676],[97.3264,2.26741],[97.32585,2.26786],[97.32583,2.26821],[97.32603,2.26883],[97.32624,2.2691],[97.32659,2.26928],[97.32696,2.26935],[97.32727,2.26928],[97.32746,2.26908],[97.32796,2.2674],[97.32875,2.26589],[97.3289,2.26486],[97.32915,2.26421],[97.32984,2.26311],[97.32991,2.26201],[97.32944,2.26124]]]}},{"type":"Feature","properties":{"nama":"Aceh Singkil","provinsi":"Aceh","sumber":"Batas_Kab"},"geometry":{"type":"Polygon","coordinates":[[[97.23127,2.2768],[97.2307,2.27688],[97.2301,2.27721],[97.22956,2.27767],[97.2295,2.2779],[97.22953,2.27826],[97.22983,2.27864],[97.23094,2.2796],[97.23181,2.27945],[97.23259,2.27899],[97.23282,2.27868],[97.23266,2.27817],[97.23127,2.2768]]]}},{"type":"Feature","properties":{"nama":"Aceh Singkil","provinsi":"Aceh","sumber":"Batas_Kab"},"geometry":{"type":"Polygon","coordinates":[[[97.34047,2.27969],[97.34021,2.2798],[97.34019,2.28037],[97.34023,2.28101],[97.34039,2.28131],[97.34031,2.2819],[97.34043,2.28206],[97.34063,2.28195],[97.34116,2.28053],[97.34101,2.27999],[97.34047,2.27969]]]}},{"type":"Feature","properties":{"nama":"Aceh Singkil","provinsi":"Aceh","sumber":"Batas_Kab"},"geometry":{"type":"Polygon","coordinates":[[[97.26412,2.28554],[97.26972,2.28416],[97.27111,2.28408],[97.27235,2.28333],[97.27583,2.28058],[97.27717,2.28003],[97.278,2.27944],[97.28068,2.27817],[97.2824,2.27595],[97.28254,2.27483],[97.28236,2.27406],[97.28206,2.274],[97.28174,2.2743],[97.28091,2.27436],[97.28054,2.27405],[97.27968,2.27408],[97.27811,2.273],[97.27787,2.27295],[97.27629,2.27393],[97.27596,2.27405],[97.27544,2.27402],[97.27412,2.27446],[97.27316,2.27522],[97.27215,2.27626],[97.2705,2.27716],[97.27009,2.27771],[97.26815,2.27896],[97.26651,2.2792],[97.26576,2.27958],[97.26554,2.27977],[97.26518,2.28115],[97.26478,2.28157],[97.26218,2.28181],[97.25921,2.28245],[97.25923,2.28294],[97.26007,2.28381],[97.25999,2.28475],[97.2601,2.28499],[97.26303,2.2856],[97.26412,2.28554]]]}},{"type":"Feature","properties":{"nama":"Aceh Singkil","provinsi":"Aceh","sumber":"Batas_Kab"},"geometry":{"type":"Polygon","coordinates":[[[97.41859,2.26303],[97.41792,2.26304],[97.41762,2.26321],[97.41615,2.26614],[97.41539,2.26735],[97.41482,2.26781],[97.41369,2.2681],[97.41288,2.26978],[97.41195,2.27094],[97.40883,2.27655],[97.4082,2.2779],[97.40775,2.27974],[97.40643,2.28316],[97.40655,2.28436],[97.40721,2.28585],[97.4075,2.28619],[97.40771,2.28605],[97.40778,2.28486],[97.4098,2.27884],[97.41058,2.27737],[97.41155,2.27608],[97.41208,2.27381],[97.41261,2.27298],[97.41424,2.27111],[97.41474,2.27029],[97.41538,2.26987],[97.41596,2.26866],[97.41706,2.26554],[97.41811,2.26408],[97.41875,2.2636],[97.41878,2.26318],[97.41859,2.26303]]]}},{"type":"Feature","properties":{"nama":"Aceh Singkil","provinsi":"Aceh","sumber":"Batas_Kab"},"geometry":{"type":"Polygon","coordinates":[[[97.25628,2.27817],[97.25566,2.27817],[97.25492,2.27858],[97.25383,2.27978],[97.25356,2.2805],[97.25291,2.28101],[97.25225,2.28184],[97.25,2.28391],[97.24976,2.28438],[97.24913,2.28709],[97.24696,2.29021],[97.24673,2.29187],[97.24689,2.29289],[97.2473,2.29347],[97.24761,2.29352],[97.24879,2.29319],[97.24941,2.29273],[97.25048,2.29147],[97.25379,2.28933],[97.25442,2.28836],[97.25489,2.28787],[97.25592,2.28719],[97.25666,2.28624],[97.25726,2.2859],[97.25751,2.2855],[97.25761,2.28479],[97.25801,2.28439],[97.25784,2.28381],[97.25815,2.28328],[97.25829,2.28247],[97.25876,2.28171],[97.25922,2.28147],[97.25931,2.28094],[97.25817,2.28],[97.25718,2.27868],[97.25628,2.27817]]]}},{"type":"Feature","properties":{"nama":"Aceh Singkil","provinsi":"Aceh","sumber":"Batas_Kab"},"geometry":{"type":"Polygon","coordinates":[[[97.40521,2.29005],[97.40386,2.29007],[97.40311,2.29032],[97.40212,2.29121],[97.40109,2.29166],[97.40088,2.29187],[97.40049,2.29322],[97.40043,2.29395],[97.40052,2.29596],[97.40103,2.29712],[97.40129,2.29713],[97.40549,2.29161],[97.40641,2.29096],[97.40635,2.29052],[97.40595,2.29026],[97.40521,2.29005]]]}},{"type":"Feature","properties":{"nama":"Aceh Singkil","provinsi":"Aceh","sumber":"Batas_Kab"},"geometry":{"type":"Polygon","coordinates":[[[97.426,2.28566],[97.42549,2.285],[97.42468,2.28475],[97.4236,2.28506],[97.42308,2.28548],[97.42306,2.28582],[97.4232,2.28592],[97.42362,2.28593],[97.42445,2.2856],[97.42471,2.28562],[97.42492,2.28591],[97.42531,2.28704],[97.42547,2.28845],[97.42537,2.28988],[97.42515,2.29061],[97.42469,2.29156],[97.42439,2.29191],[97.42393,2.29323],[97.4234,2.29421],[97.42154,2.29586],[97.42049,2.29618],[97.41999,2.29659],[97.41998,2.29711],[97.41943,2.29945],[97.41985,2.30099],[97.41996,2.3019],[97.42013,2.3021],[97.42057,2.30206],[97.42156,2.30148],[97.42188,2.30112],[97.42289,2.29908],[97.42424,2.29697],[97.426,2.2928],[97.42638,2.29009],[97.42637,2.28857],[97.42612,2.28773],[97.426,2.28566]]]}},{"type":"Feature","properties":{"nama":"Aceh Singkil","provinsi":"Aceh","sumber":"Batas_Kab"},"geometry":{"type":"Polygon","coordinates":[[[97.23199,2.30244],[97.23173,2.30259],[97.23158,2.30298],[97.23158,2.30313],[97.23179,2.30327],[97.2321,2.30324],[97.2322,2.30311],[97.23215,2.30265],[97.23199,2.30244]]]}},{"type":"Feature","properties":{"nama":"Aceh Singkil","provinsi":"Aceh","sumber":"Batas_Kab"},"geometry":{"type":"Polygon","coordinates":[[[97.24771,2.30573],[97.24855,2.30452],[97.2485,2.30317],[97.24834,2.30307],[97.24776,2.30312],[97.24717,2.30287],[97.24672,2.3013],[97.24679,2.30021],[97.24661,2.29958],[97.24621,2.29947],[97.24465,2.30013],[97.24234,2.30048],[97.24204,2.30096],[97.24214,2.30271],[97.24288,2.30538],[97.24344,2.3057],[97.24518,2.30569],[97.24707,2.30605],[97.24771,2.30573]]]}},{"type":"Feature","properties":{"nama":"Aceh Singkil","provinsi":"Aceh","sumber":"Batas_Kab"},"geometry":{"type":"Polygon","coordinates":[[[97.31462,2.29229],[97.31403,2.29186],[97.31352,2.29186],[97.31251,2.29224],[97.312,2.29252],[97.31067,2.29372],[97.30903,2.29601],[97.3082,2.29641],[97.30753,2.29714],[97.30706,2.29792],[97.30671,2.29886],[97.30667,2.30057],[97.30738,2.30469],[97.30806,2.30759],[97.30897,2.30936],[97.31016,2.31001],[97.311,2.31018],[97.31251,2.30983],[97.31479,2.30852],[97.31531,2.30782],[97.31571,2.30629],[97.31488,2.3048],[97.31488,2.3035],[97.31508,2.30301],[97.31515,2.30149],[97.31466,2.30101],[97.31449,2.3006],[97.31444,2.29987],[97.31481,2.29795],[97.31571,2.29467],[97.31575,2.29407],[97.31527,2.29363],[97.31462,2.29229]]]}},{"type":"Feature","properties":{"nama":"Aceh Singkil","provinsi":"Aceh","sumber":"Batas_Kab"},"geometry":{"type":"Polygon","coordinates":[[[97.40543,2.31344],[97.40615,2.31337],[97.40604,2.31234],[97.40639,2.31111],[97.40666,2.31079],[97.40723,2.31056],[97.40741,2.31033],[97.40749,2.30871],[97.40761,2.30832],[97.40824,2.30745],[97.40859,2.30671],[97.40858,2.30561],[97.409,2.30519],[97.4093,2.30432],[97.40994,2.30375],[97.41007,2.30297],[97.41035,2.30254],[97.41046,2.30186],[97.41096,2.3009],[97.41108,2.30013],[97.41242,2.29944],[97.41261,2.29918],[97.4124,2.2986],[97.41274,2.29777],[97.4126,2.29729],[97.41292,2.29655],[97.4124,2.29603],[97.41219,2.29564],[97.41157,2.29509],[97.41065,2.29459],[97.41017,2.29458],[97.40948,2.29477],[97.40835,2.29525],[97.40818,2.29659],[97.40725,2.29858],[97.407,2.30073],[97.40678,2.30122],[97.40658,2.30267],[97.40488,2.30552],[97.40427,2.30612],[97.40394,2.30728],[97.40337,2.30808],[97.40318,2.30869],[97.4028,2.30898],[97.40242,2.3096],[97.40306,2.31232],[97.40395,2.31406],[97.40486,2.3138],[97.40543,2.31344]]]}},{"type":"Feature","properties":{"nama":"Aceh Singkil","provinsi":"Aceh","sumber":"Batas_Kab"},"geometry":{"type":"Polygon","coordinates":[[[97.22668,2.32545],[97.22831,2.32123],[97.22846,2.31998],[97.2284,2.31944],[97.22783,2.31888],[97.22749,2.31877],[97.22702,2.31809],[97.22572,2.31803],[97.22461,2.3176],[97.224,2.31745],[97.22362,2.31749],[97.22107,2.31847],[97.21982,2.31913],[97.21891,2.31996],[97.21938,2.3205],[97.22012,2.32111],[97.22038,2.32112],[97.22093,2.32151],[97.22154,2.32216],[97.2218,2.32215],[97.22202,2.32237],[97.22279,2.32271],[97.22441,2.32395],[97.22476,2.32403],[97.22476,2.32425],[97.22622,2.32549],[97.22651,2.32557],[97.22668,2.32545]]]}},{"type":"Feature","properties":{"nama":"Aceh Singkil","provinsi":"Aceh","sumber":"Batas_Kab"},"geometry":{"type":"Polygon","coordinates":[[[97.53345,2.35134],[97.53307,2.35139],[97.53282,2.3516],[97.5328,2.35188],[97.53295,2.35217],[97.53406,2.35268],[97.53448,2.35264],[97.53465,2.3525],[97.53491,2.35203],[97.53491,2.35178],[97.53345,2.35134]]]}},{"type":"Feature","properties":{"nama":"Aceh Singkil","provinsi":"Aceh","sumber":"Batas_Kab"},"geometry":{"type":"Polygon","coordinates":[[[97.38118,2.36257],[97.38223,2.36261],[97.38338,2.36226],[97.38429,2.36151],[97.38461,2.36148],[97.38519,2.36171],[97.38672,2.36084],[97.38876,2.36056],[97.38904,2.36039],[97.38943,2.35988],[97.39223,2.35821],[97.39306,2.35721],[97.3943,2.35607],[97.39559,2.35513],[97.39627,2.35442],[97.39721,2.35341],[97.39804,2.35211],[97.3994,2.35089],[97.40122,2.34881],[97.40245,2.34807],[97.40353,2.34776],[97.40582,2.34635],[97.40665,2.34603],[97.40793,2.34486],[97.40836,2.34395],[97.40962,2.3423],[97.4108,2.34031],[97.41197,2.33779],[97.41412,2.33157],[97.41537,2.32833],[97.41565,2.32621],[97.41609,2.32596],[97.41642,2.32374],[97.41708,2.32123],[97.41873,2.31798],[97.4193,2.31506],[97.42054,2.31],[97.42083,2.30765],[97.42074,2.30436],[97.42051,2.30355],[97.41998,2.30299],[97.41965,2.30295],[97.41945,2.30315],[97.41921,2.30411],[97.41896,2.3045],[97.41893,2.30478],[97.41925,2.30533],[97.4192,2.30551],[97.41908,2.30551],[97.41883,2.30519],[97.41853,2.30517],[97.41838,2.30532],[97.41831,2.30602],[97.41805,2.30519],[97.41762,2.3052],[97.41647,2.3063],[97.41563,2.30675],[97.41559,2.30736],[97.41614,2.30764],[97.41619,2.30781],[97.41493,2.3099],[97.41391,2.311],[97.4132,2.31236],[97.41287,2.31249],[97.41218,2.31237],[97.41147,2.31255],[97.41145,2.31312],[97.41127,2.31338],[97.41163,2.31379],[97.41167,2.3141],[97.41151,2.31426],[97.41096,2.31418],[97.41055,2.31488],[97.41098,2.31652],[97.41078,2.31845],[97.41025,2.31918],[97.40976,2.31936],[97.40927,2.32084],[97.40899,2.3213],[97.40878,2.32146],[97.4084,2.32151],[97.40836,2.32197],[97.40799,2.3227],[97.40787,2.32331],[97.4073,2.32446],[97.40688,2.32625],[97.40618,2.32703],[97.40583,2.32721],[97.40598,2.32831],[97.40552,2.32874],[97.40515,2.32944],[97.40406,2.33081],[97.40343,2.33128],[97.40307,2.33136],[97.40288,2.33196],[97.40189,2.33281],[97.40164,2.33333],[97.40104,2.3339],[97.40093,2.33431],[97.39994,2.33496],[97.39936,2.33578],[97.39856,2.33652],[97.39807,2.33742],[97.39653,2.33939],[97.39565,2.33997],[97.39494,2.34087],[97.39351,2.34207],[97.39204,2.34292],[97.39181,2.34348],[97.39016,2.34497],[97.38965,2.34519],[97.38837,2.34534],[97.38787,2.34563],[97.38725,2.34539],[97.38693,2.34569],[97.38675,2.3453],[97.3868,2.34458],[97.3869,2.34444],[97.3873,2.34455],[97.38733,2.34435],[97.38602,2.34247],[97.38594,2.34204],[97.38662,2.34085],[97.38696,2.33943],[97.38735,2.33893],[97.3872,2.33812],[97.38726,2.33783],[97.38742,2.33757],[97.38818,2.33748],[97.38846,2.3373],[97.38857,2.33637],[97.38976,2.33509],[97.38983,2.33453],[97.38923,2.3342],[97.38775,2.33233],[97.38742,2.33222],[97.38613,2.33298],[97.38482,2.33398],[97.38376,2.33414],[97.38186,2.33684],[97.38146,2.33699],[97.38127,2.33777],[97.38048,2.33881],[97.38015,2.33961],[97.3802,2.3419],[97.38,2.34232],[97.37959,2.34257],[97.3794,2.34357],[97.37931,2.34517],[97.37961,2.34826],[97.37921,2.34991],[97.37898,2.3525],[97.37834,2.35365],[97.3789,2.35644],[97.37914,2.35851],[97.37894,2.35899],[97.37819,2.35925],[97.37804,2.35958],[97.37812,2.36015],[97.37866,2.36127],[97.37932,2.36146],[97.37991,2.36243],[97.38025,2.3627],[97.3807,2.36277],[97.38118,2.36257]]]}},{"type":"Feature","properties":{"nama":"Aceh Singkil","provinsi":"Aceh","sumber":"Batas_Kab"},"geometry":{"type":"Polygon","coordinates":[[[97.56104,2.382],[97.56076,2.38206],[97.56084,2.38261],[97.56196,2.38409],[97.56211,2.38413],[97.5622,2.38395],[97.56212,2.38343],[97.56153,2.3823],[97.56104,2.382]]]}},{"type":"Feature","properties":{"nama":"Aceh Singkil","provinsi":"Aceh","sumber":"Batas_Kab"},"geometry":{"type":"Polygon","coordinates":[[[98.01285,2.5823],[98.01785,2.58185],[98.01929,2.582],[98.02346,2.58157],[98.03508,2.57986],[98.07666,2.57471],[98.07651,2.57394],[98.07656,2.57156],[98.07699,2.5701],[98.07854,2.56739],[98.07834,2.56519],[98.07748,2.56286],[98.07737,2.56124],[98.07786,2.56027],[98.0809,2.55868],[98.08157,2.55767],[98.08224,2.55514],[98.08189,2.55249],[98.08137,2.5507],[98.08115,2.54865],[98.08164,2.54681],[98.08239,2.54538],[98.08229,2.54146],[98.08206,2.53971],[98.08121,2.53568],[98.08115,2.53087],[98.08138,2.52762],[98.08132,2.51828],[98.08245,2.51093],[98.0844,2.50455],[98.08613,2.50066],[98.0875,2.49855],[98.08934,2.49515],[98.09107,2.4918],[98.09312,2.48731],[98.09572,2.48288],[98.09777,2.4798],[98.10431,2.47115],[98.10707,2.46813],[98.11653,2.45624],[98.12509,2.44575],[98.12871,2.44078],[98.13071,2.43867],[98.13244,2.43608],[98.1372,2.43073],[98.1413,2.42765],[98.14703,2.42403],[98.1474,2.42366],[98.148,2.42262],[98.15191,2.41212],[98.15233,2.4116],[98.15633,2.40063],[98.15662,2.39942],[98.16262,2.38371],[98.16327,2.3816],[98.17105,2.36334],[98.17157,2.36169],[98.1777,2.34626],[98.18381,2.3314],[98.18667,2.326],[98.19283,2.31773],[98.19656,2.31324],[98.19705,2.31189],[98.19714,2.31155],[98.19548,2.31119],[98.19414,2.31055],[98.19129,2.30504],[98.1891,2.30044],[98.18649,2.29422],[98.18582,2.29159],[98.18582,2.28958],[98.18654,2.28034],[98.1865,2.27502],[98.18569,2.27004],[98.18403,2.26277],[98.18132,2.25669],[98.17766,2.24998],[98.176,2.24731],[98.17761,2.2444],[98.17858,2.24073],[98.17889,2.24076],[98.17911,2.24062],[98.17853,2.2397],[98.17851,2.23913],[98.17623,2.23582],[98.16736,2.23559],[98.16309,2.23084],[98.15602,2.22103],[98.15007,2.21303],[98.14343,2.20371],[98.14044,2.19457],[98.13592,2.18198],[98.13454,2.17848],[98.13155,2.17465],[98.12874,2.17149],[98.12731,2.16952],[98.12655,2.17026],[98.12235,2.1755],[98.12141,2.17631],[98.12,2.1781],[98.11779,2.18049],[98.11494,2.18296],[98.1111,2.18603],[98.11032,2.1872],[98.10975,2.18777],[98.10734,2.18915],[98.10335,2.19177],[98.1013,2.19298],[98.09285,2.19749],[98.09015,2.19915],[98.0888,2.19983],[98.08293,2.20348],[98.0812,2.20437],[98.07949,2.20475],[98.078,2.20567],[98.0736,2.20716],[98.07269,2.20784],[98.06838,2.21016],[98.06197,2.213],[98.05679,2.21571],[98.04775,2.2208],[98.04306,2.22319],[98.04241,2.22368],[98.0398,2.22502],[98.03402,2.22833],[98.03007,2.23034],[98.02021,2.23489],[98.01845,2.2355],[98.01789,2.23582],[98.01443,2.23685],[98.01297,2.23753],[98.00584,2.24149],[98.00484,2.24229],[98.00195,2.24415],[97.99015,2.2511],[97.98352,2.25537],[97.9736,2.26063],[97.96176,2.2656],[97.95366,2.26921],[97.95184,2.2699],[97.94969,2.27035],[97.94646,2.27072],[97.94379,2.2706],[97.93858,2.26999],[97.9369,2.27003],[97.93453,2.27045],[97.92735,2.2722],[97.92236,2.27284],[97.91747,2.27271],[97.91344,2.27175],[97.91249,2.27132],[97.91142,2.27057],[97.90676,2.26663],[97.90289,2.26386],[97.90093,2.26186],[97.9002,2.26093],[97.89968,2.26003],[97.89906,2.25858],[97.89901,2.25793],[97.89879,2.25734],[97.89715,2.25467],[97.89516,2.25331],[97.89441,2.25247],[97.8941,2.25126],[97.89418,2.2508],[97.89455,2.25014],[97.89452,2.24977],[97.8943,2.24942],[97.89061,2.24707],[97.88668,2.24485],[97.88478,2.24402],[97.88218,2.24331],[97.88139,2.24321],[97.88005,2.24332],[97.87394,2.24451],[97.86933,2.2459],[97.86671,2.24716],[97.86485,2.24838],[97.86197,2.25],[97.85295,2.25483],[97.85087,2.25564],[97.84655,2.25688],[97.84236,2.2586],[97.84096,2.25953],[97.83854,2.26148],[97.83717,2.26213],[97.83628,2.2629],[97.83546,2.2631],[97.83311,2.26469],[97.83113,2.26564],[97.82586,2.2671],[97.81393,2.26875],[97.81341,2.26877],[97.81306,2.26858],[97.8107,2.26917],[97.81009,2.26978],[97.80974,2.26988],[97.80701,2.2698],[97.80657,2.26988],[97.80607,2.27036],[97.80501,2.27038],[97.80398,2.2703],[97.80232,2.26954],[97.80214,2.26956],[97.80169,2.27022],[97.80113,2.27028],[97.80059,2.27073],[97.8003,2.27077],[97.80013,2.27058],[97.79984,2.26922],[97.79876,2.26726],[97.79828,2.26575],[97.7975,2.26491],[97.7967,2.26334],[97.79677,2.26288],[97.79757,2.26239],[97.79769,2.26209],[97.79646,2.26049],[97.79487,2.25804],[97.79384,2.25549],[97.79375,2.25433],[97.79397,2.25333],[97.79532,2.25096],[97.79546,2.25024],[97.79568,2.24782],[97.79557,2.24632],[97.79533,2.24515],[97.79429,2.24251],[97.78861,2.23483],[97.78669,2.23261],[97.78604,2.2314],[97.78529,2.2314],[97.78469,2.23208],[97.78301,2.2349],[97.7823,2.2364],[97.78212,2.23754],[97.78208,2.239],[97.77787,2.23954],[97.77693,2.24165],[97.77678,2.2425],[97.77565,2.24582],[97.77309,2.25182],[97.77234,2.25388],[97.77105,2.25609],[97.767,2.26124],[97.76446,2.26362],[97.76166,2.26587],[97.75753,2.27041],[97.75501,2.27407],[97.75381,2.27648],[97.75271,2.27838],[97.75195,2.27941],[97.75117,2.28153],[97.7508,2.28222],[97.75088,2.28289],[97.75078,2.28312],[97.75034,2.28358],[97.74878,2.28443],[97.74787,2.28545],[97.74681,2.28796],[97.74494,2.2912],[97.74318,2.29462],[97.74166,2.29725],[97.74005,2.29949],[97.73951,2.3005],[97.73929,2.30158],[97.73902,2.30476],[97.7382,2.30801],[97.73757,2.30983],[97.73561,2.31318],[97.73449,2.31471],[97.73296,2.31649],[97.72857,2.32115],[97.72225,2.32715],[97.72043,2.32955],[97.71873,2.33226],[97.71418,2.34047],[97.7106,2.34559],[97.70546,2.35222],[97.70352,2.35455],[97.69927,2.35914],[97.69587,2.36351],[97.69235,2.36729],[97.68741,2.3715],[97.68387,2.375],[97.68079,2.37838],[97.67525,2.38349],[97.66789,2.39117],[97.66614,2.39326],[97.66504,2.39486],[97.68358,2.40146],[97.6868,2.4027],[97.69144,2.4036],[97.69466,2.40475],[97.69785,2.40544],[97.70436,2.40712],[97.71,2.40909],[97.71787,2.41329],[97.72259,2.41643],[97.725,2.41765],[97.72791,2.41953],[97.7311,2.42182],[97.73305,2.42356],[97.73571,2.42651],[97.73883,2.43024],[97.74196,2.43432],[97.74856,2.44136],[97.75,2.44251],[97.77079,2.4719],[97.78838,2.49532],[97.79095,2.49845],[97.7912,2.50019],[97.81543,2.49988],[97.84061,2.49993],[97.86497,2.49881],[97.8651,2.52744],[97.85526,2.52744],[97.85503,2.56456],[97.89896,2.56441],[97.9006,2.56292],[97.90258,2.5622],[97.90407,2.56223],[97.90504,2.56249],[97.90549,2.56287],[97.9058,2.56493],[97.90626,2.5657],[97.90706,2.56631],[97.90795,2.56766],[97.90906,2.5676],[97.91019,2.56805],[97.91133,2.56967],[97.91196,2.5703],[97.91269,2.57058],[97.91363,2.56988],[97.91506,2.56977],[97.91604,2.56993],[97.92219,2.57003],[97.92522,2.57039],[97.93755,2.57118],[97.93914,2.57141],[97.94147,2.57216],[97.94381,2.57186],[97.94803,2.57243],[97.9514,2.57263],[97.95276,2.57254],[97.95476,2.57262],[97.95669,2.57293],[97.95919,2.5731],[97.96193,2.57376],[97.96637,2.57514],[97.9683,2.57594],[97.97012,2.57617],[97.97217,2.57674],[97.97399,2.57697],[97.97604,2.57743],[97.97774,2.578],[97.9815,2.57866],[97.98605,2.57981],[97.98943,2.58041],[97.99438,2.58198],[97.99876,2.58165],[98.00117,2.58216],[98.00409,2.58259],[98.00663,2.58276],[98.00909,2.58236],[98.01285,2.5823]]]}},{"type":"Feature","properties":{"nama":"Aceh Tamiang","provinsi":"Aceh","sumber":"Batas_Kab"},"geometry":{"type":"Polygon","coordinates":[[[98.28636,4.32569],[98.28579,4.32549],[98.28457,4.32568],[98.28393,4.32548],[98.28148,4.32531],[98.28109,4.32539],[98.28348,4.32552],[98.2852,4.32591],[98.28537,4.32602],[98.28551,4.32642],[98.28587,4.32652],[98.28615,4.32687],[98.28654,4.32633],[98.28636,4.32569]]]}},{"type":"Feature","properties":{"nama":"Aceh Tamiang","provinsi":"Aceh","sumber":"Batas_Kab"},"geometry":{"type":"Polygon","coordinates":[[[98.28483,4.40212],[98.28511,4.40056],[98.28514,4.39909],[98.28546,4.39685],[98.28621,4.39407],[98.28661,4.39159],[98.2871,4.38976],[98.28703,4.38924],[98.28685,4.38905],[98.28613,4.3892],[98.28562,4.38966],[98.28331,4.38995],[98.28232,4.39032],[98.28201,4.39071],[98.28208,4.39081],[98.2827,4.39062],[98.28325,4.39064],[98.28383,4.39101],[98.28389,4.39085],[98.28416,4.39073],[98.28435,4.39036],[98.28453,4.39029],[98.2847,4.39027],[98.28485,4.3905],[98.28502,4.39039],[98.28548,4.39057],[98.28592,4.39034],[98.28546,4.39089],[98.28584,4.3914],[98.28596,4.39207],[98.28515,4.39273],[98.28505,4.39293],[98.28522,4.39303],[98.28554,4.39273],[98.28571,4.39272],[98.28582,4.39239],[98.28592,4.39264],[98.28573,4.39294],[98.28509,4.39346],[98.28539,4.39425],[98.28531,4.39486],[98.28511,4.39514],[98.28509,4.39441],[98.28443,4.39273],[98.28426,4.39303],[98.28439,4.39368],[98.284,4.39392],[98.28411,4.39419],[98.28443,4.39399],[98.28452,4.39406],[98.28418,4.3946],[98.28436,4.39484],[98.28437,4.39537],[98.2841,4.39636],[98.28489,4.39633],[98.28514,4.3967],[98.285,4.39688],[98.28463,4.39679],[98.28454,4.39662],[98.28409,4.39676],[98.28391,4.39703],[98.28384,4.39806],[98.28421,4.39993],[98.28407,4.40027],[98.28426,4.40171],[98.28407,4.40157],[98.28406,4.40123],[98.28384,4.4011],[98.28373,4.40122],[98.28398,4.40141],[98.28402,4.40169],[98.28463,4.40223],[98.28483,4.40212]]]}},{"type":"Feature","properties":{"nama":"Aceh Tamiang","provinsi":"Aceh","sumber":"Batas_Kab"},"geometry":{"type":"Polygon","coordinates":[[[98.28294,4.40612],[98.28275,4.40612],[98.2827,4.40629],[98.28251,4.40711],[98.2825,4.40783],[98.2828,4.40846],[98.2834,4.41073],[98.28378,4.41109],[98.28361,4.41077],[98.28341,4.40946],[98.28339,4.40866],[98.28358,4.40808],[98.28293,4.40739],[98.28303,4.40691],[98.28294,4.40612]]]}},{"type":"Feature","properties":{"nama":"Aceh Tamiang","provinsi":"Aceh","sumber":"Batas_Kab"},"geometry":{"type":"Polygon","coordinates":[[[98.28327,4.41086],[98.28322,4.41102],[98.28344,4.41128],[98.28343,4.41103],[98.28327,4.41086]]]}},{"type":"Feature","properties":{"nama":"Aceh Tamiang","provinsi":"Aceh","sumber":"Batas_Kab"},"geometry":{"type":"Polygon","coordinates":[[[98.25284,4.43905],[98.25355,4.43878],[98.25429,4.43821],[98.25491,4.4374],[98.25573,4.43597],[98.2557,4.43501],[98.25513,4.43394],[98.25501,4.43341],[98.25498,4.43301],[98.25525,4.43218],[98.25495,4.43078],[98.25467,4.43017],[98.25422,4.42962],[98.25372,4.42967],[98.2509,4.42915],[98.24983,4.42932],[98.24927,4.42997],[98.24911,4.43059],[98.24924,4.43169],[98.24936,4.43205],[98.24958,4.43227],[98.24966,4.43282],[98.24941,4.43516],[98.24943,4.43647],[98.24902,4.439],[98.25156,4.4392],[98.25284,4.43905]]]}},{"type":"Feature","properties":{"nama":"Aceh Tamiang","provinsi":"Aceh","sumber":"Batas_Kab"},"geometry":{"type":"Polygon","coordinates":[[[98.25071,4.44432],[98.25265,4.44408],[98.25523,4.4423],[98.25601,4.44138],[98.26062,4.43479],[98.2619,4.43313],[98.26296,4.43205],[98.26455,4.43083],[98.2653,4.43053],[98.26688,4.42937],[98.26735,4.42886],[98.26781,4.42878],[98.27129,4.42638],[98.27344,4.42534],[98.27448,4.42464],[98.27571,4.42412],[98.27586,4.42383],[98.27559,4.42378],[98.27636,4.42323],[98.27667,4.42278],[98.27659,4.4223],[98.27526,4.42133],[98.27272,4.4183],[98.27209,4.41789],[98.27174,4.41782],[98.27177,4.41765],[98.27204,4.41777],[98.27219,4.41767],[98.27244,4.41775],[98.27245,4.41764],[98.27147,4.4166],[98.2673,4.41302],[98.26621,4.41155],[98.26556,4.41089],[98.26514,4.41066],[98.26408,4.41043],[98.26311,4.41047],[98.26191,4.41095],[98.26112,4.41153],[98.25975,4.4122],[98.25964,4.41277],[98.26001,4.41406],[98.2611,4.41704],[98.26239,4.41986],[98.26244,4.42119],[98.26228,4.4221],[98.26179,4.42336],[98.26138,4.42404],[98.25988,4.42582],[98.25607,4.42885],[98.2555,4.42922],[98.25441,4.42963],[98.25483,4.4303],[98.25525,4.43137],[98.25535,4.43237],[98.25554,4.43253],[98.25515,4.43282],[98.25509,4.43335],[98.25599,4.43545],[98.25572,4.4367],[98.25501,4.43773],[98.25424,4.43858],[98.25334,4.43915],[98.25212,4.4394],[98.24936,4.43937],[98.24896,4.43955],[98.24868,4.4399],[98.24839,4.44106],[98.2479,4.44201],[98.24797,4.44268],[98.24785,4.44303],[98.24844,4.44341],[98.24856,4.44363],[98.24839,4.44394],[98.24849,4.44403],[98.25071,4.44432]]]}},{"type":"Feature","properties":{"nama":"Aceh Tamiang","provinsi":"Aceh","sumber":"Batas_Kab"},"geometry":{"type":"Polygon","coordinates":[[[98.11884,4.52317],[98.12085,4.52275],[98.12209,4.52218],[98.12332,4.52184],[98.12466,4.52121],[98.12558,4.52065],[98.1259,4.52015],[98.12586,4.51973],[98.12608,4.51967],[98.12615,4.51982],[98.12665,4.51995],[98.12753,4.51988],[98.13105,4.51837],[98.13152,4.51795],[98.13185,4.51793],[98.13288,4.51748],[98.13293,4.5173],[98.13328,4.5171],[98.13365,4.51663],[98.13365,4.51611],[98.13333,4.51566],[98.13319,4.51499],[98.13371,4.51419],[98.13376,4.514],[98.13356,4.51378],[98.13368,4.51356],[98.13402,4.51368],[98.13439,4.51338],[98.13468,4.5136],[98.13458,4.51379],[98.13433,4.51357],[98.13415,4.51393],[98.13411,4.51456],[98.13452,4.51491],[98.13444,4.51499],[98.13405,4.51467],[98.13404,4.51525],[98.13491,4.51587],[98.13607,4.51594],[98.1369,4.51571],[98.13915,4.51467],[98.14264,4.5128],[98.14311,4.51222],[98.14436,4.51144],[98.14405,4.51072],[98.14398,4.51023],[98.14371,4.51001],[98.14342,4.51008],[98.14373,4.50897],[98.14404,4.50907],[98.14439,4.509],[98.14467,4.50878],[98.14508,4.50877],[98.14516,4.50851],[98.14533,4.50862],[98.14622,4.50864],[98.14642,4.50917],[98.14816,4.50884],[98.14877,4.5084],[98.14907,4.50854],[98.14942,4.5085],[98.14966,4.50871],[98.15014,4.50883],[98.15031,4.50883],[98.15047,4.50857],[98.15132,4.50945],[98.15134,4.5096],[98.15093,4.50967],[98.15085,4.50978],[98.15101,4.51052],[98.15137,4.5108],[98.15174,4.51081],[98.15288,4.51028],[98.15448,4.50985],[98.15692,4.50857],[98.1593,4.50764],[98.16277,4.50594],[98.16484,4.50475],[98.16513,4.50446],[98.16585,4.50428],[98.16912,4.50239],[98.17135,4.5007],[98.17311,4.49876],[98.17494,4.49762],[98.17554,4.49699],[98.17583,4.4959],[98.1768,4.49493],[98.17667,4.49472],[98.17643,4.49469],[98.17654,4.49288],[98.17776,4.49174],[98.17801,4.49083],[98.17791,4.48981],[98.17777,4.48961],[98.17795,4.48906],[98.17804,4.48893],[98.1782,4.48896],[98.17839,4.48854],[98.17993,4.48731],[98.1804,4.48638],[98.18059,4.48635],[98.18074,4.48661],[98.18164,4.48664],[98.1824,4.48656],[98.18297,4.48633],[98.18402,4.48571],[98.18417,4.48536],[98.18474,4.48488],[98.18512,4.48475],[98.18598,4.48389],[98.18628,4.48234],[98.18619,4.48208],[98.18549,4.48144],[98.18655,4.47847],[98.18751,4.47871],[98.1884,4.47864],[98.1903,4.47888],[98.19143,4.47922],[98.19246,4.47974],[98.19268,4.48006],[98.19319,4.48043],[98.19343,4.48095],[98.19365,4.4811],[98.19685,4.4803],[98.19736,4.48038],[98.19756,4.48007],[98.19877,4.4803],[98.19883,4.48075],[98.19908,4.48079],[98.20236,4.48008],[98.20524,4.47886],[98.20593,4.47818],[98.20638,4.47813],[98.20626,4.47839],[98.2066,4.47841],[98.20873,4.47756],[98.21057,4.47648],[98.21316,4.47524],[98.21499,4.4742],[98.21621,4.47335],[98.21708,4.47243],[98.21862,4.47118],[98.22189,4.46937],[98.22248,4.46894],[98.22603,4.46717],[98.23019,4.46572],[98.23112,4.46513],[98.23236,4.46471],[98.23418,4.46358],[98.23451,4.46315],[98.23497,4.46209],[98.23541,4.45961],[98.23636,4.45786],[98.23611,4.45738],[98.23609,4.45686],[98.23647,4.45662],[98.23679,4.45532],[98.23685,4.45446],[98.23621,4.45343],[98.23691,4.45237],[98.23712,4.45257],[98.23742,4.4524],[98.23724,4.45098],[98.23699,4.45029],[98.23696,4.44935],[98.23743,4.44946],[98.23608,4.44729],[98.23407,4.44513],[98.23682,4.44261],[98.23807,4.44302],[98.23957,4.44318],[98.23986,4.44305],[98.23988,4.44281],[98.24125,4.44221],[98.2426,4.4432],[98.24368,4.44361],[98.24416,4.44347],[98.24308,4.44161],[98.24278,4.44044],[98.24286,4.44021],[98.24407,4.44139],[98.24422,4.44145],[98.24427,4.44121],[98.24645,4.44253],[98.24642,4.44222],[98.2466,4.44202],[98.24663,4.44158],[98.24804,4.43897],[98.24837,4.43798],[98.24876,4.4355],[98.24885,4.43407],[98.24858,4.43218],[98.24857,4.4309],[98.24835,4.43078],[98.24838,4.43063],[98.24859,4.4307],[98.24881,4.42995],[98.24916,4.42934],[98.24975,4.42889],[98.25094,4.42855],[98.25237,4.4288],[98.25324,4.42918],[98.25405,4.42915],[98.25493,4.4289],[98.25611,4.42811],[98.25675,4.42752],[98.25746,4.42675],[98.25764,4.42636],[98.25777,4.42626],[98.25769,4.42678],[98.25787,4.42679],[98.25975,4.42543],[98.26083,4.42424],[98.26164,4.42302],[98.26192,4.42224],[98.26209,4.42158],[98.26208,4.42069],[98.2617,4.41918],[98.26038,4.41641],[98.25961,4.41352],[98.25941,4.41323],[98.25882,4.41303],[98.25884,4.4129],[98.25925,4.41281],[98.2595,4.41242],[98.25938,4.41195],[98.25887,4.41164],[98.25929,4.41088],[98.26028,4.41125],[98.26061,4.41125],[98.26109,4.41101],[98.26134,4.41065],[98.26133,4.41038],[98.26167,4.4103],[98.26203,4.40998],[98.26336,4.40954],[98.26429,4.40958],[98.26516,4.40988],[98.26595,4.41041],[98.26721,4.41166],[98.26899,4.41307],[98.27052,4.41408],[98.27224,4.41547],[98.27244,4.41545],[98.27424,4.41708],[98.27466,4.41774],[98.27517,4.41778],[98.2749,4.41793],[98.27499,4.4181],[98.27538,4.41831],[98.27728,4.41869],[98.27822,4.41925],[98.27932,4.42025],[98.28088,4.42001],[98.28224,4.41953],[98.28505,4.41844],[98.28646,4.41764],[98.28735,4.41737],[98.28744,4.41707],[98.28702,4.41665],[98.28667,4.4151],[98.28579,4.41346],[98.28566,4.41291],[98.28515,4.41255],[98.28507,4.41221],[98.28474,4.41174],[98.28419,4.4116],[98.28396,4.41207],[98.28366,4.41209],[98.28296,4.41054],[98.28267,4.41047],[98.28259,4.40981],[98.28204,4.40828],[98.28201,4.40786],[98.28165,4.40807],[98.28141,4.40793],[98.28172,4.40728],[98.2818,4.40654],[98.28167,4.40632],[98.28181,4.40579],[98.28138,4.40527],[98.28135,4.40467],[98.2809,4.40463],[98.28094,4.40445],[98.2813,4.4043],[98.28175,4.40368],[98.2815,4.40297],[98.28145,4.40243],[98.28158,4.40183],[98.28121,4.40073],[98.2812,4.39928],[98.28091,4.39859],[98.28053,4.39807],[98.2801,4.3978],[98.27973,4.39782],[98.27972,4.39762],[98.27927,4.39774],[98.2793,4.39792],[98.27908,4.39786],[98.27917,4.39805],[98.27907,4.39812],[98.27886,4.39803],[98.27878,4.3978],[98.27842,4.39765],[98.27797,4.39766],[98.27741,4.39786],[98.27611,4.39625],[98.27601,4.39587],[98.27549,4.39572],[98.27509,4.39607],[98.27489,4.39577],[98.27474,4.39576],[98.27471,4.39595],[98.27489,4.39614],[98.27471,4.39626],[98.27409,4.39729],[98.27396,4.39731],[98.27369,4.39597],[98.27345,4.39581],[98.2735,4.39566],[98.27415,4.39553],[98.27419,4.39538],[98.27389,4.39447],[98.27355,4.39429],[98.27339,4.39353],[98.27355,4.39327],[98.27336,4.39292],[98.27415,4.3928],[98.27619,4.3932],[98.27628,4.39308],[98.27614,4.39289],[98.27632,4.39259],[98.27665,4.39112],[98.2758,4.39044],[98.27667,4.38946],[98.2769,4.38969],[98.2772,4.38976],[98.27833,4.38961],[98.27967,4.38848],[98.27986,4.38763],[98.27978,4.38687],[98.27936,4.38593],[98.27798,4.38446],[98.2776,4.38367],[98.27737,4.38185],[98.2775,4.38142],[98.27742,4.38055],[98.27761,4.37986],[98.27755,4.37903],[98.27773,4.37914],[98.27773,4.37884],[98.278,4.37869],[98.27801,4.37816],[98.27787,4.37788],[98.2781,4.37741],[98.27793,4.37695],[98.27796,4.37665],[98.27831,4.37622],[98.2782,4.37577],[98.27899,4.37407],[98.2789,4.37358],[98.27873,4.3734],[98.2789,4.37303],[98.27883,4.37286],[98.27905,4.37133],[98.2787,4.37056],[98.27841,4.37021],[98.27867,4.3687],[98.2792,4.3684],[98.27986,4.36771],[98.28054,4.36561],[98.28107,4.36456],[98.28117,4.36404],[98.28096,4.36284],[98.28113,4.36139],[98.28123,4.35666],[98.28164,4.35365],[98.28148,4.35235],[98.28184,4.34949],[98.28177,4.34904],[98.28161,4.34885],[98.28057,4.34855],[98.28002,4.34803],[98.27798,4.3473],[98.27756,4.34691],[98.27759,4.34591],[98.27803,4.34591],[98.27824,4.34576],[98.27818,4.34507],[98.27753,4.3448],[98.27751,4.34388],[98.27786,4.34379],[98.27793,4.34301],[98.27749,4.34184],[98.27725,4.34031],[98.27765,4.33779],[98.27762,4.33727],[98.27805,4.33552],[98.27789,4.33532],[98.27817,4.33511],[98.27811,4.33435],[98.27828,4.33338],[98.2782,4.33316],[98.2784,4.33285],[98.27834,4.33234],[98.27905,4.33205],[98.27924,4.33261],[98.27944,4.33265],[98.28002,4.33142],[98.27991,4.33069],[98.27941,4.32928],[98.2787,4.32808],[98.27668,4.32552],[98.27643,4.32551],[98.27613,4.3253],[98.2759,4.32477],[98.27499,4.3238],[98.27421,4.32332],[98.27336,4.32313],[98.27228,4.32339],[98.27164,4.32378],[98.27087,4.32334],[98.27109,4.32302],[98.27093,4.3228],[98.27073,4.32275],[98.2708,4.32193],[98.26998,4.32097],[98.2698,4.32115],[98.26963,4.32113],[98.26969,4.32044],[98.26957,4.32008],[98.26776,4.31745],[98.26755,4.31677],[98.26766,4.31564],[98.26741,4.31493],[98.26723,4.31481],[98.26587,4.31477],[98.26562,4.31271],[98.26604,4.31261],[98.2665,4.31273],[98.26679,4.31255],[98.26705,4.31221],[98.26694,4.31129],[98.26666,4.31107],[98.26669,4.31088],[98.26624,4.31076],[98.26584,4.31039],[98.26569,4.31061],[98.26582,4.31091],[98.26462,4.30996],[98.26351,4.30796],[98.2628,4.30701],[98.26177,4.30464],[98.26163,4.30404],[98.26087,4.30331],[98.26039,4.30233],[98.25974,4.30008],[98.25931,4.29977],[98.25894,4.29841],[98.25857,4.29805],[98.25863,4.29769],[98.2583,4.29672],[98.25738,4.29592],[98.25695,4.29491],[98.25651,4.2943],[98.25572,4.29204],[98.25511,4.29139],[98.25459,4.29029],[98.25367,4.28989],[98.25339,4.28992],[98.25332,4.29007],[98.25343,4.29018],[98.25324,4.29022],[98.25302,4.28992],[98.25192,4.29041],[98.2478,4.29339],[98.24589,4.29393],[98.24387,4.29399],[98.24268,4.29351],[98.24125,4.29189],[98.23952,4.29021],[98.23875,4.28848],[98.23833,4.2871],[98.23839,4.28453],[98.23786,4.28363],[98.23685,4.28327],[98.23518,4.28351],[98.23375,4.28387],[98.22987,4.28548],[98.22945,4.2862],[98.23016,4.29116],[98.2298,4.29194],[98.22843,4.29248],[98.22599,4.29104],[98.22432,4.28984],[98.22259,4.28828],[98.22075,4.28828],[98.22003,4.28894],[98.2189,4.29031],[98.21818,4.29061],[98.21729,4.29025],[98.21663,4.28953],[98.21598,4.28858],[98.21562,4.28768],[98.21461,4.28732],[98.21383,4.2878],[98.21282,4.28947],[98.21025,4.29467],[98.21031,4.29593],[98.2112,4.29713],[98.21174,4.29814],[98.21144,4.29868],[98.20953,4.29898],[98.20786,4.2988],[98.20464,4.2979],[98.20196,4.29819],[98.20083,4.29903],[98.19993,4.3013],[98.19939,4.30232],[98.19879,4.30255],[98.1982,4.30166],[98.19803,4.29933],[98.19839,4.29813],[98.19863,4.29616],[98.19839,4.29532],[98.19755,4.29514],[98.196,4.29633],[98.19493,4.29759],[98.19433,4.29729],[98.1941,4.29633],[98.19398,4.29478],[98.19308,4.29394],[98.19094,4.29328],[98.18891,4.29309],[98.18752,4.29283],[98.17419,4.28983],[98.16497,4.28892],[98.15672,4.28919],[98.15474,4.28913],[98.15363,4.28821],[98.15239,4.28163],[98.15287,4.27696],[98.15329,4.27505],[98.15371,4.27379],[98.15311,4.27235],[98.15213,4.27159],[98.15102,4.27123],[98.15027,4.26982],[98.15016,4.26914],[98.15081,4.26789],[98.15185,4.26681],[98.15192,4.26627],[98.14811,4.26431],[98.14717,4.26156],[98.14517,4.26038],[98.14377,4.25977],[98.13978,4.25855],[98.13805,4.25879],[98.13111,4.25661],[98.12661,4.25606],[98.12219,4.25583],[98.11958,4.25542],[98.11505,4.25553],[98.11296,4.25499],[98.1073,4.25211],[98.10519,4.25256],[98.10248,4.25354],[98.09598,4.25455],[98.09443,4.25455],[98.09246,4.25335],[98.09157,4.25329],[98.08901,4.25401],[98.08668,4.25544],[98.08364,4.25472],[98.07876,4.25322],[98.07435,4.25148],[98.07202,4.2504],[98.07012,4.24734],[98.06954,4.24525],[98.07191,4.2422],[98.07287,4.2404],[98.07359,4.23843],[98.07514,4.2361],[98.07675,4.23449],[98.08271,4.23288],[98.08486,4.23126],[98.08659,4.23019],[98.09178,4.22846],[98.09255,4.22541],[98.0928,4.21895],[98.0922,4.21344],[98.09395,4.21037],[98.09475,4.20859],[98.09441,4.20658],[98.09286,4.20491],[98.09155,4.20313],[98.09132,4.20152],[98.09144,4.19813],[98.09093,4.19698],[98.0911,4.19618],[98.09179,4.19503],[98.09162,4.19405],[98.08945,4.19164],[98.08756,4.1898],[98.08498,4.1884],[98.08219,4.1883],[98.08041,4.18858],[98.07626,4.19117],[98.07467,4.19094],[98.07143,4.18816],[98.06894,4.18712],[98.06571,4.18705],[98.06399,4.18657],[98.06252,4.18585],[98.06199,4.18513],[98.06167,4.1837],[98.06405,4.17709],[98.06582,4.17418],[98.06797,4.16973],[98.06921,4.16662],[98.07017,4.16351],[98.0716,4.16116],[98.07242,4.1603],[98.07239,4.15913],[98.07109,4.15504],[98.07138,4.15264],[98.07248,4.1503],[98.07514,4.14731],[98.07482,4.14517],[98.07258,4.1434],[98.0671,4.14014],[98.06532,4.13891],[98.06424,4.1376],[98.06296,4.13673],[98.05736,4.13475],[98.05695,4.13385],[98.05696,4.12706],[98.05205,4.1141],[98.05283,4.11001],[98.05246,4.10537],[98.05056,4.10235],[98.04865,4.09971],[98.04656,4.09473],[98.04556,4.09177],[98.04523,4.09014],[98.04528,4.08559],[98.04505,4.08344],[98.04445,4.08037],[98.0453,4.07563],[98.04538,4.07408],[98.0437,4.07137],[98.04514,4.06742],[98.04491,4.06442],[98.04388,4.06237],[98.04382,4.05572],[98.04294,4.0505],[98.04213,4.0483],[98.04187,4.0464],[98.04228,4.04437],[98.04157,4.04284],[98.04024,4.04116],[98.04062,4.0392],[98.04239,4.03681],[98.04763,4.03312],[98.04811,4.03136],[98.04707,4.02935],[98.04659,4.02715],[98.04655,4.02518],[98.04587,4.0227],[98.05386,4.01499],[98.05638,4.01337],[98.05852,4.01266],[98.06067,4.01319],[98.06272,4.01395],[98.06381,4.01372],[98.06448,4.01305],[98.06542,4.01166],[98.06806,4.01004],[98.06868,4.00822],[98.06945,4.00745],[98.0715,4.00678],[98.07255,4.00597],[98.07326,4.00559],[98.0734,4.00707],[98.0756,4.00688],[98.07699,4.00756],[98.07784,4.00665],[98.07908,4.00636],[98.0797,4.00574],[98.08022,4.00584],[98.0816,4.00459],[98.08256,4.00431],[98.08366,4.0022],[98.08494,4.00134],[98.08513,3.99952],[98.08595,3.99953],[98.08676,4.0],[98.08733,3.99948],[98.08752,3.99843],[98.088,3.99776],[98.08771,3.99709],[98.08676,3.99699],[98.08647,3.99685],[98.08652,3.99627],[98.08771,3.9956],[98.08786,3.99503],[98.08714,3.9944],[98.08595,3.99407],[98.08595,3.99316],[98.08719,3.99153],[98.0872,3.99067],[98.08793,3.9901],[98.08867,3.99024],[98.08967,3.99096],[98.09077,3.99077],[98.0913,3.98962],[98.09296,3.9891],[98.09325,3.98872],[98.09306,3.98781],[98.09354,3.98556],[98.09416,3.98503],[98.09573,3.98407],[98.09536,3.98269],[98.09526,3.98144],[98.09459,3.98072],[98.09493,3.97981],[98.09582,3.97974],[98.09376,3.9788],[98.09362,3.97833],[98.09284,3.97769],[98.0925,3.97789],[98.09226,3.97749],[98.09254,3.97737],[98.09238,3.9764],[98.09209,3.97646],[98.09203,3.97565],[98.09231,3.97563],[98.09159,3.97426],[98.09162,3.97407],[98.09078,3.97309],[98.0906,3.97261],[98.09079,3.972],[98.09203,3.97146],[98.09363,3.96958],[98.09381,3.96901],[98.09371,3.96834],[98.0936,3.96807],[98.09336,3.96793],[98.09242,3.96785],[98.0921,3.96803],[98.09169,3.96799],[98.09109,3.96895],[98.09079,3.96914],[98.08999,3.96917],[98.08938,3.96893],[98.08783,3.96685],[98.08801,3.96542],[98.08792,3.96504],[98.08718,3.96398],[98.08448,3.96322],[98.08392,3.96296],[98.08155,3.96253],[98.08106,3.96234],[98.0807,3.96193],[98.08027,3.96097],[98.07941,3.96031],[98.07923,3.96009],[98.07923,3.95978],[98.08003,3.95798],[98.08106,3.95748],[98.08264,3.95591],[98.08308,3.9545],[98.0829,3.95406],[98.08265,3.9539],[98.08066,3.95357],[98.07866,3.95288],[98.07763,3.9527],[98.07677,3.95297],[98.07653,3.95287],[98.0764,3.95197],[98.07654,3.95144],[98.0775,3.95043],[98.0777,3.95004],[98.0776,3.94937],[98.07449,3.95053],[98.07397,3.95079],[98.07356,3.95117],[98.07342,3.95207],[98.07365,3.9549],[98.07389,3.95536],[98.07432,3.95573],[98.07529,3.95611],[98.0755,3.95668],[98.0758,3.957],[98.0757,3.9575],[98.07435,3.95737],[98.07023,3.95624],[98.0664,3.95456],[98.06572,3.95402],[98.06554,3.95154],[98.06567,3.95064],[98.06551,3.95008],[98.06489,3.94996],[98.06399,3.95019],[98.06371,3.95058],[98.0635,3.95135],[98.06253,3.95188],[98.06234,3.95165],[98.06265,3.95047],[98.06247,3.95004],[98.06081,3.94898],[98.05888,3.94829],[98.05785,3.94725],[98.05738,3.9465],[98.05691,3.94658],[98.05611,3.94759],[98.05554,3.94767],[98.05526,3.94751],[98.05481,3.94714],[98.05476,3.94654],[98.05535,3.94567],[98.05565,3.94479],[98.05516,3.9441],[98.05442,3.94382],[98.05338,3.9437],[98.04935,3.94635],[98.04835,3.94745],[98.04839,3.94908],[98.04825,3.94979],[98.04743,3.95],[98.04682,3.95142],[98.04582,3.95209],[98.04491,3.95175],[98.04396,3.95099],[98.04315,3.9507],[98.04244,3.95093],[98.04244,3.9517],[98.04201,3.95241],[98.04119,3.95338],[98.04038,3.95309],[98.03944,3.95199],[98.03896,3.95103],[98.03786,3.95098],[98.03695,3.95055],[98.03614,3.94959],[98.03506,3.94896],[98.03386,3.94969],[98.03419,3.95069],[98.03539,3.95107],[98.03668,3.9525],[98.03647,3.95342],[98.03562,3.95366],[98.03214,3.95275],[98.03181,3.9516],[98.03119,3.95136],[98.03029,3.9516],[98.02864,3.95274],[98.02776,3.95312],[98.02699,3.95312],[98.02638,3.95336],[98.0258,3.95398],[98.02403,3.9546],[98.02289,3.95398],[98.0227,3.9536],[98.02189,3.95412],[98.02132,3.95503],[98.02026,3.95583],[98.0196,3.95546],[98.01931,3.95445],[98.01813,3.95368],[98.01756,3.95311],[98.01627,3.95268],[98.01308,3.952],[98.01232,3.95071],[98.01165,3.95014],[98.01065,3.95018],[98.00984,3.94951],[98.01027,3.94846],[98.01094,3.94736],[98.01185,3.94664],[98.01299,3.94626],[98.0138,3.94559],[98.01371,3.94478],[98.0129,3.94319],[98.01242,3.94258],[98.013,3.94204],[98.01366,3.94195],[98.01409,3.94167],[98.01408,3.9407],[98.01309,3.94033],[98.01138,3.93903],[98.01028,3.93635],[98.01033,3.93291],[98.01124,3.93185],[98.01215,3.93147],[98.01325,3.93042],[98.01336,3.92966],[98.01177,3.92725],[98.0124,3.92314],[98.01197,3.9219],[98.01088,3.92113],[98.00959,3.92146],[98.00806,3.92113],[98.00787,3.92012],[98.00697,3.91816],[98.0058,3.91605],[98.0055,3.91404],[98.00603,3.9127],[98.00755,3.91141],[98.00822,3.91069],[98.00865,3.90926],[98.00813,3.90744],[98.00818,3.90576],[98.00856,3.90418],[98.00856,3.90289],[98.0078,3.90183],[98.00652,3.90169],[98.00261,3.90297],[98.00079,3.90297],[97.99874,3.90446],[97.99755,3.90493],[97.99708,3.90458],[97.99493,3.90192],[97.99375,3.90095],[97.99084,3.90062],[97.98978,3.90114],[97.98859,3.90114],[97.98712,3.90105],[97.9856,3.90076],[97.98416,3.8997],[97.98283,3.89927],[97.98114,3.89754],[97.97978,3.89816],[97.97783,3.89778],[97.97673,3.8974],[97.97568,3.89773],[97.97354,3.89744],[97.97034,3.89734],[97.96343,3.89872],[97.96192,3.89844],[97.96082,3.89656],[97.95896,3.89431],[97.95715,3.89268],[97.95299,3.88991],[97.9512,3.88899],[97.95007,3.88878],[97.94858,3.8898],[97.94705,3.893],[97.94547,3.8954],[97.94388,3.89682],[97.94214,3.8975],[97.94018,3.89696],[97.93689,3.89644],[97.93594,3.89596],[97.93455,3.89444],[97.93394,3.89485],[97.92845,3.90298],[97.9263,3.9047],[97.92316,3.9068],[97.92206,3.90805],[97.91409,3.91367],[97.91328,3.91411],[97.90985,3.91306],[97.90685,3.91286],[97.90209,3.91094],[97.90062,3.91091],[97.90046,3.91064],[97.89952,3.91476],[97.89929,3.91533],[97.8985,3.91656],[97.8971,3.91795],[97.89642,3.9195],[97.89604,3.92149],[97.8959,3.92331],[97.89559,3.92396],[97.89429,3.92473],[97.89327,3.92579],[97.89229,3.92737],[97.89141,3.92836],[97.88977,3.92926],[97.88704,3.92965],[97.88404,3.92871],[97.88258,3.92903],[97.87998,3.92994],[97.87853,3.92991],[97.87638,3.92937],[97.87554,3.92942],[97.87461,3.9316],[97.87323,3.93277],[97.87212,3.93457],[97.86875,3.93817],[97.87044,3.94025],[97.87205,3.94304],[97.87186,3.94483],[97.87083,3.94733],[97.87016,3.94969],[97.86886,3.95186],[97.86704,3.95392],[97.86456,3.95545],[97.86139,3.95884],[97.85892,3.96278],[97.85724,3.96647],[97.85586,3.96875],[97.85549,3.97079],[97.85376,3.97473],[97.84701,3.98293],[97.84293,3.9896],[97.84285,3.99296],[97.84296,3.99589],[97.84202,3.99817],[97.84135,4.00052],[97.8411,4.00082],[97.84014,4.0011],[97.83947,4.00083],[97.83694,4.00051],[97.83493,4.00038],[97.82897,4.00036],[97.82382,4.00132],[97.81834,4.00387],[97.81371,4.00534],[97.81264,4.00666],[97.81186,4.00808],[97.8113,4.01001],[97.81079,4.01094],[97.81008,4.01564],[97.81092,4.02231],[97.81222,4.02819],[97.81245,4.031],[97.8129,4.03357],[97.81343,4.03543],[97.8134,4.03992],[97.81287,4.04146],[97.81192,4.04304],[97.81134,4.04454],[97.81068,4.04682],[97.81019,4.04911],[97.8086,4.05308],[97.80573,4.05699],[97.80504,4.05974],[97.80469,4.06194],[97.80564,4.06902],[97.80548,4.07293],[97.80463,4.07584],[97.80168,4.08731],[97.79979,4.09325],[97.79815,4.09578],[97.7965,4.097],[97.7935,4.09849],[97.79092,4.10023],[97.78496,4.10584],[97.78279,4.10754],[97.77711,4.10835],[97.77317,4.10948],[97.76996,4.11096],[97.76189,4.11346],[97.75943,4.11509],[97.7555,4.11824],[97.75236,4.12143],[97.75056,4.12424],[97.74857,4.12824],[97.74311,4.13672],[97.73868,4.14576],[97.73732,4.15426],[97.73677,4.16168],[97.73334,4.17815],[97.73339,4.18871],[97.73111,4.19263],[97.7287,4.19746],[97.72827,4.19945],[97.72836,4.20078],[97.72825,4.20145],[97.73092,4.20633],[97.73536,4.21182],[97.73626,4.2125],[97.73868,4.21369],[97.74003,4.21487],[97.74056,4.21591],[97.74103,4.21796],[97.74111,4.22014],[97.74089,4.22368],[97.74018,4.23029],[97.74,4.23337],[97.73961,4.23438],[97.73518,4.24178],[97.73407,4.24475],[97.73306,4.24829],[97.73255,4.25076],[97.73709,4.25762],[97.74972,4.29487],[97.75825,4.30379],[97.77239,4.32053],[97.76174,4.33596],[97.76954,4.3402],[97.77199,4.34077],[97.77453,4.34156],[97.77669,4.34587],[97.78074,4.34984],[97.7834,4.35179],[97.78375,4.35217],[97.7849,4.35398],[97.78492,4.3565],[97.78757,4.3571],[97.79037,4.35806],[97.79529,4.35927],[97.80074,4.36102],[97.80201,4.36138],[97.80341,4.36159],[97.80491,4.36213],[97.82049,4.36349],[97.8384,4.36983],[97.85651,4.3868],[97.85805,4.38689],[97.85799,4.38696],[97.87074,4.38763],[97.87879,4.3875],[97.88558,4.38763],[97.89521,4.38747],[97.90751,4.39026],[97.90754,4.38865],[97.90867,4.38749],[97.91011,4.38566],[97.912,4.3842],[97.91381,4.38121],[97.9146,4.38012],[97.91518,4.37965],[97.91562,4.3787],[97.91854,4.37723],[97.91887,4.37691],[97.91904,4.37591],[97.91957,4.37461],[97.92103,4.37361],[97.9235,4.37005],[97.92487,4.36866],[97.92571,4.36792],[97.92641,4.36767],[97.92735,4.36761],[97.92829,4.36681],[97.92866,4.36459],[97.92904,4.36338],[97.93046,4.3619],[97.93085,4.36044],[97.93207,4.3599],[97.93347,4.36011],[97.93493,4.36106],[97.93625,4.36173],[97.93628,4.36208],[97.93704,4.36293],[97.93796,4.36319],[97.93894,4.36281],[97.93965,4.36306],[97.94016,4.36342],[97.94065,4.36404],[97.94157,4.36467],[97.94258,4.36573],[97.94259,4.36665],[97.94333,4.36667],[97.94339,4.36681],[97.94369,4.36682],[97.94416,4.36654],[97.94549,4.36649],[97.9459,4.36704],[97.94641,4.36672],[97.9467,4.3668],[97.94683,4.36703],[97.94708,4.3669],[97.94717,4.36737],[97.94764,4.36801],[97.94902,4.36833],[97.95015,4.36904],[97.95023,4.37076],[97.95112,4.37092],[97.95212,4.37091],[97.95243,4.37079],[97.95296,4.37108],[97.95306,4.37083],[97.95385,4.37067],[97.95356,4.37023],[97.95365,4.36976],[97.95463,4.36997],[97.9564,4.37072],[97.96036,4.37097],[97.96125,4.37068],[97.96263,4.36976],[97.96364,4.36992],[97.96386,4.36985],[97.9632,4.37137],[97.96353,4.37354],[97.9635,4.37445],[97.96377,4.37555],[97.964,4.37601],[97.96493,4.3768],[97.9654,4.3765],[97.96559,4.37603],[97.96618,4.37575],[97.96631,4.37556],[97.96711,4.37538],[97.96732,4.37559],[97.96721,4.37607],[97.96703,4.37624],[97.96724,4.37651],[97.96718,4.37851],[97.9675,4.3792],[97.96749,4.37961],[97.96785,4.38026],[97.96833,4.38045],[97.96952,4.38058],[97.96982,4.38145],[97.97022,4.38165],[97.97039,4.38219],[97.97024,4.38354],[97.97079,4.38471],[97.97191,4.3855],[97.97286,4.38555],[97.97333,4.38536],[97.97368,4.38504],[97.97546,4.38493],[97.97604,4.38506],[97.97696,4.38571],[97.97758,4.38632],[97.977,4.38892],[97.97851,4.38933],[97.97887,4.39066],[97.97808,4.39101],[97.97873,4.3921],[97.97987,4.39327],[97.98047,4.39369],[97.98141,4.39277],[97.98246,4.39342],[97.98375,4.39312],[97.98538,4.39205],[97.98684,4.39213],[97.99127,4.39431],[97.99297,4.39578],[97.99497,4.39703],[97.9975,4.39935],[97.99978,4.3993],[98.00064,4.39977],[98.00266,4.40159],[98.00211,4.40263],[98.00188,4.40421],[98.00189,4.40457],[98.00255,4.40552],[98.00264,4.40589],[98.00244,4.40589],[98.00203,4.4065],[98.00193,4.40744],[98.00194,4.40772],[98.00239,4.40852],[98.00382,4.40921],[98.00409,4.40893],[98.00433,4.40894],[98.00475,4.40948],[98.00481,4.40978],[98.00556,4.40989],[98.00604,4.40973],[98.0072,4.41054],[98.00738,4.41016],[98.00886,4.4107],[98.00945,4.41079],[98.01025,4.41046],[98.01089,4.41043],[98.01304,4.41101],[98.01285,4.41128],[98.013,4.41162],[98.0134,4.412],[98.0134,4.4127],[98.01389,4.4128],[98.01557,4.41256],[98.0154,4.41397],[98.01588,4.41421],[98.01643,4.41477],[98.01694,4.41501],[98.01816,4.41544],[98.01873,4.41549],[98.01901,4.4157],[98.01987,4.41566],[98.0206,4.4166],[98.02087,4.41612],[98.02046,4.41551],[98.02062,4.41529],[98.02098,4.41545],[98.02554,4.41606],[98.02606,4.41166],[98.02607,4.41053],[98.02582,4.40827],[98.02744,4.40948],[98.0273,4.40962],[98.0275,4.4101],[98.02737,4.41047],[98.02769,4.41063],[98.02842,4.41305],[98.02873,4.41297],[98.02898,4.41312],[98.02917,4.41355],[98.02935,4.41359],[98.02943,4.41389],[98.03038,4.41518],[98.03226,4.41707],[98.03242,4.41748],[98.03282,4.41766],[98.03371,4.41761],[98.03403,4.41669],[98.03416,4.41674],[98.03437,4.41621],[98.03448,4.41567],[98.03584,4.41617],[98.03578,4.41636],[98.03668,4.41678],[98.03728,4.41596],[98.03792,4.41623],[98.03825,4.41662],[98.03827,4.41682],[98.03781,4.41693],[98.03788,4.41718],[98.03775,4.41722],[98.03814,4.41884],[98.03858,4.41862],[98.03866,4.41871],[98.03877,4.41941],[98.03858,4.41942],[98.03842,4.42017],[98.03879,4.42018],[98.03736,4.42305],[98.04036,4.42577],[98.04111,4.43041],[98.04102,4.43094],[98.04118,4.43115],[98.04141,4.43259],[98.04232,4.43428],[98.04248,4.43734],[98.04214,4.43928],[98.04283,4.44197],[98.0432,4.44462],[98.04326,4.44727],[98.04355,4.44802],[98.04394,4.44838],[98.04385,4.45085],[98.04425,4.45114],[98.04487,4.45137],[98.04497,4.4518],[98.04534,4.45206],[98.04539,4.45234],[98.04511,4.4528],[98.04521,4.4533],[98.04511,4.4538],[98.04554,4.45432],[98.04565,4.45527],[98.04599,4.45563],[98.04567,4.45618],[98.04565,4.45647],[98.04514,4.4569],[98.0453,4.45762],[98.04515,4.45824],[98.04648,4.4599],[98.04647,4.4617],[98.04684,4.46282],[98.04663,4.4632],[98.04606,4.46337],[98.04587,4.46369],[98.04657,4.46434],[98.04694,4.46562],[98.04776,4.46618],[98.04868,4.46751],[98.04921,4.46744],[98.04929,4.4677],[98.04988,4.46819],[98.04989,4.46854],[98.05017,4.46904],[98.05014,4.46952],[98.05048,4.47012],[98.0507,4.47038],[98.0523,4.47128],[98.0523,4.47144],[98.05349,4.47284],[98.05419,4.47355],[98.05454,4.47366],[98.05473,4.47447],[98.05463,4.47508],[98.05508,4.47525],[98.0551,4.47581],[98.05591,4.47639],[98.05642,4.47661],[98.05695,4.47724],[98.05776,4.47735],[98.0578,4.47764],[98.05758,4.47834],[98.05804,4.47903],[98.05953,4.47814],[98.06068,4.47813],[98.06116,4.47826],[98.06139,4.47856],[98.0623,4.48094],[98.06319,4.48216],[98.06349,4.48293],[98.06346,4.48353],[98.06242,4.48632],[98.06231,4.48692],[98.0624,4.48773],[98.06487,4.48996],[98.06598,4.49144],[98.06663,4.49259],[98.06676,4.49317],[98.06671,4.49405],[98.06611,4.49595],[98.06326,4.50095],[98.06206,4.50373],[98.06129,4.50607],[98.06138,4.50813],[98.06196,4.51093],[98.06558,4.51208],[98.07053,4.51297],[98.07284,4.51297],[98.07622,4.5127],[98.07636,4.51039],[98.07734,4.51001],[98.07841,4.50995],[98.07899,4.50962],[98.07966,4.50996],[98.07983,4.50974],[98.07983,4.50887],[98.08306,4.50748],[98.08427,4.50734],[98.08448,4.50741],[98.08484,4.50787],[98.0854,4.50817],[98.08591,4.5083],[98.08603,4.50799],[98.08616,4.50798],[98.08647,4.5088],[98.08829,4.51016],[98.08885,4.51007],[98.08917,4.50942],[98.09039,4.50953],[98.09053,4.50968],[98.0905,4.5102],[98.09073,4.51042],[98.09114,4.51034],[98.09125,4.5106],[98.09082,4.51081],[98.09024,4.5107],[98.09005,4.51079],[98.08972,4.51144],[98.08987,4.51195],[98.08971,4.51194],[98.08965,4.51225],[98.08975,4.51233],[98.08964,4.51237],[98.0896,4.51273],[98.08977,4.51307],[98.0896,4.51328],[98.08917,4.51263],[98.08899,4.51264],[98.08878,4.51344],[98.08883,4.51377],[98.08848,4.51472],[98.08867,4.51495],[98.08839,4.51516],[98.08824,4.51509],[98.08832,4.51533],[98.08817,4.51546],[98.08786,4.51541],[98.08731,4.51652],[98.0871,4.5187],[98.08734,4.51951],[98.0873,4.52023],[98.08746,4.52042],[98.08715,4.52071],[98.08705,4.521],[98.08747,4.52197],[98.08882,4.52199],[98.08952,4.5222],[98.09076,4.52166],[98.09315,4.52101],[98.0939,4.52153],[98.09331,4.5222],[98.09339,4.52242],[98.09357,4.5225],[98.09527,4.52261],[98.09851,4.52231],[98.09909,4.52235],[98.09951,4.52255],[98.10069,4.52278],[98.10296,4.5226],[98.10363,4.52268],[98.10419,4.52215],[98.10446,4.52214],[98.10449,4.522],[98.10463,4.52202],[98.10468,4.52246],[98.10487,4.52231],[98.10489,4.52243],[98.10508,4.52235],[98.10508,4.52207],[98.10523,4.52208],[98.10532,4.52245],[98.10608,4.52247],[98.10964,4.52143],[98.11038,4.52106],[98.11074,4.52112],[98.11057,4.52081],[98.1109,4.5206],[98.11105,4.52021],[98.1113,4.52022],[98.11171,4.52048],[98.11179,4.51922],[98.11195,4.51899],[98.11401,4.51954],[98.11397,4.52002],[98.11431,4.52062],[98.11534,4.52132],[98.11486,4.52118],[98.1149,4.52136],[98.11451,4.52138],[98.11479,4.52177],[98.11457,4.52201],[98.11426,4.52174],[98.11404,4.52181],[98.11411,4.52153],[98.11369,4.52087],[98.11334,4.5214],[98.11319,4.52215],[98.11339,4.52266],[98.11358,4.52283],[98.11467,4.52301],[98.11634,4.52297],[98.11754,4.52316],[98.11884,4.52317]]]}},{"type":"Feature","properties":{"nama":"Aceh Tengah","provinsi":"Aceh","sumber":"Batas_Kab"},"geometry":{"type":"Polygon","coordinates":[[[96.62116,4.95252],[96.62241,4.95216],[96.62312,4.95169],[96.62657,4.95324],[96.62758,4.95312],[96.62972,4.95353],[96.63091,4.95419],[96.63198,4.95347],[96.63442,4.95341],[96.63555,4.95359],[96.63615,4.95407],[96.6396,4.95502],[96.64079,4.9546],[96.64245,4.95478],[96.64406,4.9552],[96.64465,4.95443],[96.64459,4.95359],[96.64424,4.95276],[96.64531,4.95181],[96.64721,4.95121],[96.64793,4.95139],[96.64763,4.95264],[96.64733,4.9533],[96.64638,4.95472],[96.64727,4.9549],[96.64822,4.95425],[96.64917,4.95431],[96.65144,4.95496],[96.65346,4.95383],[96.65661,4.95413],[96.65893,4.95383],[96.65964,4.9533],[96.66024,4.95175],[96.66083,4.95121],[96.66137,4.95098],[96.66339,4.95216],[96.6647,4.95169],[96.66613,4.95062],[96.6675,4.9508],[96.66928,4.95145],[96.67059,4.95145],[96.67166,4.95062],[96.67406,4.95091],[96.67475,4.95045],[96.67583,4.94945],[96.6759,4.94923],[96.67588,4.94841],[96.67463,4.94692],[96.6734,4.94507],[96.67315,4.94424],[96.67296,4.94278],[96.67245,4.94114],[96.67192,4.94],[96.67163,4.93825],[96.67249,4.93732],[96.67504,4.93336],[96.67614,4.93107],[96.67708,4.93005],[96.67724,4.9276],[96.67776,4.92647],[96.6782,4.92584],[96.67936,4.92486],[96.68012,4.92443],[96.68108,4.92467],[96.68189,4.92504],[96.68225,4.92459],[96.68298,4.92241],[96.68298,4.92205],[96.68249,4.92032],[96.68261,4.91933],[96.6829,4.919],[96.68384,4.91847],[96.684,4.91816],[96.68354,4.91652],[96.68356,4.91348],[96.68318,4.91215],[96.68348,4.91143],[96.68496,4.90953],[96.68541,4.90847],[96.68549,4.90598],[96.68618,4.90402],[96.68792,4.90147],[96.68944,4.90079],[96.68954,4.90034],[96.68923,4.89856],[96.68908,4.89681],[96.68913,4.89615],[96.68968,4.89358],[96.69038,4.89184],[96.69055,4.89048],[96.69009,4.88915],[96.68984,4.88762],[96.68916,4.88608],[96.68932,4.88424],[96.68918,4.88322],[96.68812,4.88011],[96.68695,4.87755],[96.68707,4.87547],[96.68735,4.87473],[96.68852,4.87273],[96.68964,4.87134],[96.68919,4.87078],[96.68857,4.87043],[96.68761,4.86961],[96.68704,4.86784],[96.68648,4.86375],[96.68651,4.86263],[96.68735,4.85967],[96.68814,4.85752],[96.68867,4.85581],[96.68876,4.85513],[96.68973,4.85299],[96.68983,4.85207],[96.68965,4.8511],[96.69065,4.84708],[96.69143,4.84561],[96.69273,4.84436],[96.69304,4.84372],[96.69292,4.84143],[96.69234,4.83973],[96.69108,4.83827],[96.69114,4.8377],[96.69281,4.83509],[96.69349,4.83294],[96.69393,4.83225],[96.69443,4.83178],[96.69522,4.83143],[96.69656,4.83145],[96.69917,4.82938],[96.70113,4.82699],[96.70204,4.82622],[96.70524,4.82534],[96.70675,4.82393],[96.70708,4.82286],[96.70721,4.82139],[96.70835,4.81883],[96.70841,4.81829],[96.70801,4.81766],[96.70681,4.81681],[96.70628,4.81625],[96.70567,4.81489],[96.70729,4.81367],[96.70732,4.8131],[96.70709,4.81237],[96.70527,4.80953],[96.7045,4.80887],[96.70414,4.80781],[96.70418,4.80697],[96.70387,4.80617],[96.70315,4.80546],[96.70275,4.80471],[96.70217,4.80428],[96.70193,4.80379],[96.70103,4.80326],[96.70025,4.80257],[96.69968,4.8013],[96.70075,4.79954],[96.70058,4.79778],[96.70068,4.79724],[96.70113,4.79666],[96.70089,4.79616],[96.70011,4.79563],[96.69965,4.79393],[96.69952,4.79222],[96.6996,4.79103],[96.70009,4.79022],[96.69995,4.78972],[96.70032,4.78839],[96.69995,4.78658],[96.70056,4.78494],[96.70062,4.78275],[96.70103,4.78175],[96.70151,4.77899],[96.70075,4.77827],[96.70052,4.7771],[96.69895,4.77447],[96.69593,4.77225],[96.69539,4.77206],[96.69418,4.77072],[96.69387,4.77019],[96.69305,4.77016],[96.69237,4.7697],[96.69091,4.77046],[96.69012,4.76931],[96.68904,4.76849],[96.68766,4.76825],[96.6865,4.76842],[96.6858,4.76762],[96.68543,4.76646],[96.68556,4.76548],[96.68589,4.76484],[96.68608,4.76355],[96.68586,4.76252],[96.68583,4.76124],[96.68598,4.76008],[96.68477,4.75931],[96.68371,4.75798],[96.68381,4.7563],[96.68362,4.75569],[96.68372,4.75549],[96.68388,4.75537],[96.68474,4.75544],[96.68527,4.75526],[96.6858,4.7553],[96.68695,4.75509],[96.68726,4.75472],[96.68756,4.75372],[96.68839,4.75353],[96.68895,4.75303],[96.68991,4.75259],[96.69056,4.75282],[96.69095,4.75254],[96.69157,4.75255],[96.69187,4.75242],[96.69211,4.752],[96.69191,4.75169],[96.69174,4.75163],[96.69169,4.75139],[96.6925,4.75056],[96.6942,4.75106],[96.69508,4.75097],[96.69528,4.75082],[96.69539,4.75047],[96.69638,4.75024],[96.69648,4.74999],[96.69625,4.74944],[96.69643,4.74867],[96.69697,4.74804],[96.69785,4.74752],[96.69852,4.7468],[96.6986,4.7461],[96.69897,4.74594],[96.6992,4.74564],[96.69973,4.74543],[96.70002,4.74551],[96.70254,4.74457],[96.70313,4.74496],[96.7032,4.74549],[96.70342,4.74581],[96.70469,4.7468],[96.70509,4.74698],[96.70546,4.7469],[96.70595,4.74724],[96.7066,4.74731],[96.70688,4.74762],[96.70688,4.74828],[96.70702,4.74858],[96.70725,4.74879],[96.70814,4.74913],[96.7084,4.74951],[96.70848,4.75004],[96.7083,4.75031],[96.70849,4.75092],[96.70946,4.75205],[96.71031,4.75258],[96.71064,4.75261],[96.71118,4.75187],[96.71121,4.75139],[96.71146,4.75126],[96.71146,4.75071],[96.71129,4.75048],[96.71192,4.74988],[96.71225,4.74904],[96.71286,4.74831],[96.71274,4.74776],[96.71281,4.74754],[96.71307,4.74736],[96.71547,4.74691],[96.716,4.74659],[96.71612,4.74622],[96.71609,4.74557],[96.7166,4.7454],[96.71687,4.74498],[96.71641,4.74397],[96.7159,4.74345],[96.71638,4.74263],[96.7164,4.74228],[96.71652,4.74208],[96.71697,4.74192],[96.71789,4.74093],[96.71808,4.74068],[96.71804,4.74021],[96.71887,4.73989],[96.71923,4.73956],[96.71942,4.73904],[96.72043,4.73875],[96.72101,4.73764],[96.72137,4.73584],[96.72203,4.73542],[96.72337,4.73489],[96.72404,4.73397],[96.72453,4.73385],[96.72458,4.73356],[96.72498,4.73325],[96.72503,4.73251],[96.72491,4.73192],[96.72562,4.73172],[96.72588,4.73104],[96.72593,4.7305],[96.72668,4.73006],[96.7277,4.72978],[96.72883,4.72929],[96.72915,4.72902],[96.7293,4.72846],[96.72971,4.72827],[96.72995,4.72796],[96.73013,4.72769],[96.73009,4.72628],[96.73005,4.72598],[96.72983,4.72568],[96.72981,4.72525],[96.73003,4.72472],[96.7306,4.72445],[96.73093,4.72455],[96.73161,4.72514],[96.73377,4.72525],[96.73698,4.72398],[96.74006,4.72343],[96.74006,4.72328],[96.73948,4.72296],[96.73997,4.72251],[96.73977,4.7223],[96.73966,4.72158],[96.73964,4.71858],[96.73993,4.71828],[96.74047,4.71803],[96.7406,4.71825],[96.74092,4.71832],[96.74121,4.71878],[96.74193,4.71901],[96.74221,4.71941],[96.74244,4.71859],[96.74316,4.71707],[96.74396,4.7165],[96.74499,4.71539],[96.74701,4.71543],[96.74678,4.7137],[96.74684,4.71255],[96.74743,4.71275],[96.74849,4.71259],[96.7492,4.71304],[96.74973,4.71275],[96.74994,4.7128],[96.75067,4.7131],[96.75109,4.71394],[96.75137,4.71401],[96.75192,4.71373],[96.75236,4.71325],[96.75269,4.71328],[96.75371,4.71391],[96.75508,4.71385],[96.7564,4.71405],[96.75733,4.71366],[96.75799,4.71313],[96.75848,4.71336],[96.7584,4.71398],[96.75871,4.71437],[96.75874,4.71531],[96.75899,4.71562],[96.75928,4.71571],[96.75982,4.71557],[96.76019,4.71575],[96.76092,4.71527],[96.76202,4.71556],[96.76278,4.7161],[96.76335,4.7157],[96.76361,4.71579],[96.76382,4.71609],[96.76402,4.71607],[96.76499,4.71484],[96.76471,4.71447],[96.76489,4.71413],[96.76522,4.71404],[96.76671,4.71402],[96.76797,4.71427],[96.76887,4.71379],[96.76941,4.71425],[96.76914,4.71474],[96.76922,4.7149],[96.76977,4.71509],[96.77024,4.71558],[96.77155,4.71608],[96.77184,4.71608],[96.77261,4.71575],[96.77326,4.71495],[96.77357,4.7151],[96.7743,4.71516],[96.77485,4.71545],[96.77557,4.71521],[96.77646,4.71532],[96.77672,4.71552],[96.77761,4.71551],[96.77809,4.71585],[96.77911,4.71559],[96.77945,4.71534],[96.77961,4.71503],[96.78071,4.71504],[96.78139,4.71424],[96.78175,4.71419],[96.78227,4.71463],[96.78319,4.7138],[96.78388,4.71389],[96.78587,4.71334],[96.78649,4.71349],[96.78692,4.71315],[96.78743,4.71318],[96.78741,4.71277],[96.78783,4.71158],[96.78916,4.71033],[96.79005,4.70918],[96.79192,4.70608],[96.79301,4.70347],[96.7975,4.69431],[96.79753,4.69357],[96.79741,4.69315],[96.79758,4.6925],[96.79806,4.69184],[96.7982,4.69112],[96.79895,4.68986],[96.79965,4.68994],[96.80012,4.69022],[96.80061,4.68956],[96.80132,4.68969],[96.80116,4.69075],[96.80147,4.69196],[96.80127,4.69211],[96.8014,4.69281],[96.80155,4.69279],[96.80182,4.69338],[96.80169,4.69407],[96.8033,4.69434],[96.80366,4.69084],[96.80343,4.69037],[96.80344,4.68999],[96.8036,4.68961],[96.80328,4.68887],[96.80306,4.68883],[96.80412,4.68797],[96.80443,4.68727],[96.80465,4.68569],[96.80459,4.68423],[96.80508,4.68375],[96.80806,4.68253],[96.80808,4.68241],[96.80781,4.68103],[96.80751,4.68057],[96.80685,4.68019],[96.80663,4.67981],[96.806,4.67923],[96.80565,4.67851],[96.80528,4.67826],[96.80467,4.67719],[96.80453,4.67647],[96.80907,4.67283],[96.8096,4.67315],[96.81114,4.67513],[96.81223,4.67618],[96.81023,4.67566],[96.81061,4.67659],[96.81114,4.67741],[96.8118,4.67912],[96.81143,4.67949],[96.81132,4.67967],[96.81139,4.67977],[96.81226,4.6803],[96.81353,4.68052],[96.8132,4.68099],[96.81423,4.68163],[96.81462,4.6828],[96.81511,4.68315],[96.81534,4.68305],[96.81546,4.68338],[96.81593,4.68359],[96.81618,4.68392],[96.81621,4.68422],[96.81692,4.685],[96.81796,4.68495],[96.81805,4.68482],[96.81838,4.68489],[96.81881,4.68555],[96.81987,4.68597],[96.82024,4.68592],[96.82047,4.68624],[96.82197,4.68686],[96.82183,4.68625],[96.82214,4.68563],[96.82206,4.6843],[96.82162,4.68325],[96.82112,4.68262],[96.82113,4.68092],[96.82099,4.68077],[96.82041,4.67874],[96.82047,4.67723],[96.82008,4.67635],[96.82061,4.67552],[96.82059,4.67489],[96.8204,4.67464],[96.82109,4.67207],[96.82147,4.67192],[96.82192,4.67201],[96.8222,4.67226],[96.82226,4.67248],[96.82214,4.67317],[96.82248,4.67316],[96.82246,4.67288],[96.8239,4.6695],[96.82422,4.66805],[96.82522,4.668],[96.82589,4.6687],[96.82654,4.66897],[96.82711,4.66951],[96.82753,4.6696],[96.83003,4.66899],[96.83159,4.66944],[96.83247,4.67103],[96.83288,4.67095],[96.83309,4.6707],[96.83564,4.67],[96.83668,4.66949],[96.83806,4.66955],[96.83896,4.66967],[96.84061,4.67029],[96.84359,4.67074],[96.84688,4.67029],[96.84875,4.67091],[96.85011,4.67183],[96.85193,4.67148],[96.85328,4.67103],[96.85623,4.66953],[96.85738,4.66923],[96.85832,4.66941],[96.85905,4.66979],[96.85978,4.66998],[96.86083,4.66984],[96.86246,4.66903],[96.86403,4.66908],[96.86572,4.66881],[96.86797,4.66924],[96.86942,4.66972],[96.87027,4.67025],[96.87372,4.66819],[96.87617,4.66847],[96.87674,4.66843],[96.87685,4.66677],[96.87705,4.66637],[96.87731,4.66487],[96.87779,4.66457],[96.87908,4.66188],[96.87958,4.6615],[96.89494,4.65839],[96.90528,4.65701],[96.90878,4.65642],[96.91309,4.65554],[96.91679,4.65452],[96.9198,4.65389],[96.92829,4.65359],[96.93728,4.65282],[96.93983,4.65244],[96.94363,4.65217],[96.95076,4.65201],[96.95398,4.65127],[96.95746,4.65104],[96.96237,4.65021],[96.96738,4.64999],[96.97258,4.64955],[96.97946,4.64817],[96.98126,4.64766],[96.98746,4.64713],[96.99029,4.64664],[96.99556,4.64599],[96.99853,4.64547],[96.99991,4.64496],[97.0019,4.64497],[97.00259,4.64544],[97.00395,4.64594],[97.00456,4.64586],[97.00751,4.64468],[97.00874,4.64444],[97.00974,4.64404],[97.01096,4.64332],[97.01268,4.64284],[97.01608,4.64286],[97.01823,4.64333],[97.01956,4.6439],[97.0207,4.64389],[97.02102,4.64263],[97.02222,4.63917],[97.02449,4.63401],[97.02563,4.63191],[97.02634,4.63108],[97.02677,4.63007],[97.02954,4.62512],[97.03278,4.62043],[97.03396,4.61822],[97.03513,4.6171],[97.0393,4.61143],[97.0411,4.60971],[97.04383,4.60745],[97.04615,4.60578],[97.0508,4.60325],[97.05616,4.60121],[97.05928,4.60033],[97.06325,4.59981],[97.06443,4.59977],[97.06786,4.59915],[97.07094,4.59827],[97.07348,4.5979],[97.07502,4.59732],[97.07956,4.59507],[97.08649,4.59104],[97.08853,4.59009],[97.09123,4.58908],[97.09389,4.58855],[97.10219,4.58623],[97.10602,4.58585],[97.11103,4.58512],[97.11213,4.58478],[97.11558,4.58409],[97.11755,4.58418],[97.12223,4.58335],[97.12391,4.58262],[97.12587,4.58225],[97.1305,4.58202],[97.133,4.58133],[97.14034,4.5804],[97.14255,4.58],[97.14278,4.57986],[97.14748,4.57913],[97.15864,4.57818],[97.16221,4.57773],[97.16726,4.5776],[97.16962,4.57814],[97.17246,4.58004],[97.17414,4.5809],[97.17727,4.58196],[97.18562,4.58543],[97.19826,4.59028],[97.20067,4.59142],[97.20625,4.59375],[97.2103,4.59521],[97.23056,4.60324],[97.23168,4.60396],[97.23225,4.60417],[97.23354,4.60431],[97.2388,4.60311],[97.24263,4.60183],[97.24338,4.60147],[97.24728,4.60066],[97.24945,4.6005],[97.25117,4.6006],[97.25554,4.6013],[97.25845,4.60158],[97.2684,4.60233],[97.27077,4.60239],[97.27453,4.60303],[97.27847,4.60312],[97.28087,4.60374],[97.28732,4.60449],[97.29047,4.60437],[97.29355,4.6049],[97.29738,4.60607],[97.30006,4.60626],[97.30113,4.60558],[97.30227,4.6057],[97.3049,4.60559],[97.31249,4.60462],[97.31279,4.60386],[97.31295,4.60271],[97.31433,4.59762],[97.31424,4.5885],[97.31447,4.58593],[97.3146,4.57845],[97.31494,4.57382],[97.31537,4.57148],[97.31579,4.56758],[97.31603,4.56371],[97.31695,4.55711],[97.3172,4.55043],[97.31714,4.54857],[97.31692,4.54806],[97.31492,4.54533],[97.30879,4.53925],[97.30489,4.53566],[97.30112,4.53277],[97.30042,4.5319],[97.29834,4.52845],[97.29704,4.5269],[97.29629,4.52657],[97.29132,4.52655],[97.28765,4.52623],[97.28303,4.52608],[97.2814,4.52553],[97.27944,4.52386],[97.27827,4.52253],[97.27748,4.52087],[97.27746,4.51963],[97.27789,4.5177],[97.27817,4.51713],[97.2793,4.51612],[97.27957,4.51543],[97.27959,4.51479],[97.27915,4.51359],[97.2792,4.51306],[97.27946,4.51251],[97.28358,4.50908],[97.28424,4.50831],[97.28453,4.50756],[97.28493,4.50501],[97.28939,4.50102],[97.29003,4.50063],[97.29082,4.5005],[97.29191,4.50054],[97.29325,4.5009],[97.2944,4.50104],[97.29566,4.50146],[97.29627,4.50179],[97.29815,4.50353],[97.2987,4.50444],[97.29912,4.50483],[97.30244,4.50635],[97.30385,4.5068],[97.30577,4.50713],[97.30813,4.50791],[97.30946,4.50821],[97.31319,4.50848],[97.31627,4.5082],[97.31925,4.50721],[97.32038,4.50655],[97.32155,4.50551],[97.32337,4.50483],[97.32569,4.50428],[97.33492,4.50282],[97.33904,4.50182],[97.34063,4.50112],[97.34291,4.49986],[97.34299,4.49844],[97.34406,4.49371],[97.34414,4.4922],[97.34425,4.48349],[97.34371,4.47374],[97.34374,4.47262],[97.34466,4.46507],[97.34497,4.45676],[97.34496,4.45175],[97.34554,4.4438],[97.34658,4.43789],[97.34795,4.43407],[97.35052,4.43006],[97.3535,4.42507],[97.35534,4.42153],[97.35686,4.41937],[97.35939,4.41655],[97.36035,4.41497],[97.36301,4.40696],[97.36403,4.40326],[97.36498,4.3991],[97.36556,4.39734],[97.36649,4.39327],[97.36725,4.38919],[97.3678,4.38593],[97.3682,4.38224],[97.3686,4.37214],[97.36854,4.3703],[97.36798,4.36531],[97.36779,4.36456],[97.3668,4.36289],[97.36536,4.36114],[97.36409,4.36003],[97.3628,4.35866],[97.36208,4.3576],[97.36168,4.35674],[97.35935,4.34947],[97.35836,4.34283],[97.35828,4.33878],[97.35738,4.33156],[97.35731,4.32607],[97.35652,4.31477],[97.35588,4.29733],[97.35594,4.29366],[97.3555,4.28475],[97.35559,4.28324],[97.35629,4.27956],[97.35667,4.27678],[97.35675,4.27517],[97.35621,4.27136],[97.35586,4.26548],[97.3548,4.26048],[97.35446,4.25959],[97.35137,4.2543],[97.34937,4.25],[97.35094,4.23994],[97.35192,4.23602],[97.35274,4.23349],[97.35472,4.22508],[97.35563,4.22256],[97.35804,4.21729],[97.35888,4.21426],[97.35257,4.21194],[97.35065,4.21075],[97.34873,4.21044],[97.34435,4.20894],[97.34204,4.20789],[97.33944,4.20738],[97.33609,4.20621],[97.33348,4.20488],[97.33137,4.20431],[97.32597,4.20233],[97.32495,4.20178],[97.32185,4.20086],[97.30795,4.19541],[97.29719,4.19167],[97.28746,4.18733],[97.27696,4.18345],[97.26585,4.17858],[97.26179,4.17693],[97.25388,4.17401],[97.24876,4.17325],[97.24212,4.17404],[97.24067,4.17445],[97.23927,4.17501],[97.23694,4.1764],[97.23729,4.17751],[97.23739,4.17866],[97.23709,4.18031],[97.23714,4.18075],[97.23742,4.18119],[97.2379,4.18158],[97.2383,4.18245],[97.23835,4.18308],[97.2376,4.18441],[97.23732,4.18469],[97.23703,4.18496],[97.23548,4.18557],[97.23495,4.18636],[97.23488,4.18722],[97.23497,4.18843],[97.23475,4.18938],[97.23467,4.19099],[97.23416,4.19212],[97.23441,4.1941],[97.23388,4.1958],[97.2339,4.19783],[97.23375,4.1988],[97.23234,4.20079],[97.23152,4.20522],[97.22916,4.20865],[97.22563,4.21322],[97.22469,4.21496],[97.2237,4.21824],[97.22373,4.22174],[97.22345,4.22358],[97.22312,4.22453],[97.22239,4.22604],[97.22099,4.22832],[97.21894,4.2306],[97.21815,4.23224],[97.2159,4.23572],[97.21394,4.23774],[97.21175,4.24042],[97.21052,4.24062],[97.2076,4.24188],[97.20682,4.24274],[97.20573,4.24448],[97.20404,4.2484],[97.20333,4.24984],[97.20288,4.25043],[97.20069,4.25219],[97.1985,4.25333],[97.19513,4.25623],[97.19359,4.25913],[97.1929,4.26],[97.19199,4.26022],[97.18956,4.25992],[97.18848,4.26011],[97.1877,4.26107],[97.18621,4.26256],[97.18529,4.26307],[97.18284,4.26373],[97.1819,4.26378],[97.18083,4.26343],[97.17994,4.26297],[97.17879,4.26265],[97.17747,4.26265],[97.1761,4.26548],[97.1723,4.26747],[97.17038,4.26936],[97.16914,4.27334],[97.16852,4.27465],[97.16802,4.27528],[97.16529,4.27708],[97.163,4.27812],[97.16256,4.27889],[97.16202,4.27907],[97.16189,4.27893],[97.16166,4.27739],[97.16113,4.27692],[97.15742,4.27454],[97.15396,4.2716],[97.15107,4.268],[97.15002,4.26623],[97.14788,4.26487],[97.14469,4.26414],[97.14256,4.2638],[97.13941,4.26293],[97.13862,4.26243],[97.13678,4.26099],[97.13298,4.25716],[97.13104,4.25558],[97.1284,4.25409],[97.12671,4.25289],[97.12438,4.25089],[97.12401,4.25044],[97.12405,4.2499],[97.12121,4.24626],[97.11992,4.24533],[97.11772,4.24331],[97.11574,4.24135],[97.11516,4.2406],[97.11321,4.23887],[97.10954,4.23647],[97.10668,4.23511],[97.10369,4.23435],[97.09774,4.2331],[97.09478,4.23289],[97.08744,4.23346],[97.08267,4.23244],[97.07809,4.23039],[97.07357,4.22871],[97.06697,4.22517],[97.06417,4.22133],[97.06072,4.21934],[97.05317,4.21642],[97.05227,4.21634],[97.04572,4.21423],[97.04164,4.21273],[97.03769,4.21087],[97.03538,4.21019],[97.03096,4.20843],[97.02791,4.20813],[97.02571,4.20848],[97.02405,4.20844],[97.023,4.20806],[97.02172,4.20699],[97.02079,4.20643],[97.01752,4.20555],[97.0151,4.20451],[97.01013,4.20082],[97.00876,4.19883],[97.00866,4.19738],[97.00939,4.19234],[97.00819,4.18875],[97.00721,4.18636],[97.00669,4.18421],[97.00637,4.17883],[97.00597,4.17775],[97.00538,4.17704],[97.00364,4.17635],[97.00184,4.17578],[96.99918,4.17586],[96.99579,4.17659],[96.99311,4.17772],[96.98679,4.18436],[96.98254,4.18843],[96.98077,4.19127],[96.97612,4.19706],[96.97302,4.20018],[96.97193,4.20011],[96.97002,4.20096],[96.96885,4.20105],[96.95406,4.19734],[96.94819,4.19642],[96.9453,4.19663],[96.94426,4.19711],[96.94259,4.19726],[96.93396,4.19885],[96.92998,4.19965],[96.92811,4.20017],[96.9274,4.2005],[96.92699,4.20098],[96.9257,4.20188],[96.92479,4.20289],[96.92076,4.20664],[96.90945,4.21463],[96.90575,4.21613],[96.90453,4.21645],[96.90125,4.21654],[96.89815,4.21684],[96.8964,4.21853],[96.89602,4.21925],[96.89472,4.21994],[96.8919,4.22055],[96.8893,4.22035],[96.88848,4.22057],[96.88755,4.22112],[96.88613,4.22273],[96.88502,4.22439],[96.8829,4.22901],[96.87871,4.23644],[96.87748,4.23824],[96.87645,4.23934],[96.87457,4.24098],[96.87265,4.24219],[96.86755,4.24411],[96.86359,4.24604],[96.8618,4.24711],[96.85961,4.2487],[96.85868,4.2496],[96.85714,4.25358],[96.85398,4.25855],[96.84721,4.26764],[96.84546,4.27016],[96.84387,4.27207],[96.83931,4.27902],[96.83772,4.28083],[96.83658,4.2816],[96.83381,4.28196],[96.83068,4.28199],[96.82676,4.28226],[96.81501,4.28209],[96.80675,4.28264],[96.80321,4.28255],[96.79981,4.28218],[96.79366,4.2804],[96.79085,4.28267],[96.78744,4.28484],[96.78421,4.28611],[96.78144,4.28701],[96.77831,4.28763],[96.77135,4.28987],[96.76308,4.2933],[96.76117,4.29393],[96.75849,4.29534],[96.75695,4.29665],[96.75135,4.30196],[96.75,4.30362],[96.74773,4.30851],[96.74449,4.3114],[96.742,4.31338],[96.73914,4.31463],[96.72853,4.32115],[96.72369,4.32389],[96.71891,4.32621],[96.71765,4.32728],[96.71603,4.32896],[96.71477,4.33105],[96.71386,4.33607],[96.71409,4.33875],[96.71533,4.3448],[96.71686,4.35019],[96.71894,4.354],[96.70545,4.36119],[96.70412,4.36172],[96.70279,4.36171],[96.69964,4.36285],[96.69737,4.36545],[96.6943,4.36437],[96.6922,4.3634],[96.69011,4.36263],[96.68839,4.36263],[96.68715,4.36309],[96.68613,4.36416],[96.68515,4.36483],[96.68289,4.36549],[96.68149,4.36624],[96.67942,4.36595],[96.67742,4.36604],[96.67623,4.3668],[96.67608,4.36749],[96.67523,4.36927],[96.6751,4.37116],[96.67451,4.37291],[96.67443,4.37463],[96.67409,4.37529],[96.67324,4.37603],[96.67305,4.37646],[96.67278,4.37816],[96.67207,4.37933],[96.6718,4.38187],[96.67294,4.38374],[96.67345,4.38537],[96.67418,4.38689],[96.67524,4.3871],[96.67637,4.38771],[96.67825,4.38793],[96.67903,4.38824],[96.67972,4.38895],[96.68068,4.39046],[96.68146,4.392],[96.68244,4.3933],[96.68393,4.39417],[96.68058,4.39485],[96.67827,4.39505],[96.67528,4.39658],[96.67384,4.39754],[96.67274,4.39793],[96.67073,4.3981],[96.6676,4.39768],[96.66362,4.39821],[96.65209,4.40003],[96.63418,4.40345],[96.63143,4.40452],[96.62784,4.4063],[96.62795,4.40999],[96.63818,4.41648],[96.63957,4.4188],[96.63896,4.42133],[96.63997,4.42246],[96.64041,4.4232],[96.64082,4.42584],[96.64128,4.42642],[96.64251,4.42743],[96.64305,4.43018],[96.64494,4.43312],[96.64562,4.43366],[96.64806,4.43464],[96.64834,4.43501],[96.64871,4.43597],[96.65001,4.4375],[96.65023,4.4381],[96.65082,4.44105],[96.65117,4.44169],[96.65216,4.4427],[96.65261,4.44394],[96.65402,4.44679],[96.65442,4.44877],[96.65473,4.44939],[96.65515,4.44968],[96.6564,4.45012],[96.65724,4.45147],[96.65839,4.45256],[96.65948,4.45387],[96.65997,4.45406],[96.66168,4.45402],[96.66212,4.45423],[96.66239,4.45489],[96.66248,4.45585],[96.66271,4.45607],[96.6647,4.45619],[96.66538,4.4564],[96.66614,4.4569],[96.66686,4.45783],[96.66783,4.45963],[96.66836,4.46027],[96.66877,4.46193],[96.66964,4.46349],[96.67049,4.46447],[96.67272,4.46543],[96.6752,4.46537],[96.67938,4.46664],[96.68253,4.46893],[96.68873,4.46978],[96.68884,4.47205],[96.68824,4.47448],[96.68716,4.47647],[96.68512,4.47874],[96.68258,4.4829],[96.6815,4.48323],[96.67909,4.48348],[96.67843,4.48374],[96.67775,4.48419],[96.67659,4.48433],[96.67531,4.48497],[96.67392,4.48509],[96.67335,4.48529],[96.67173,4.48631],[96.67085,4.48656],[96.66941,4.48724],[96.66802,4.48887],[96.66679,4.48951],[96.66605,4.49009],[96.66569,4.49015],[96.66495,4.48992],[96.6627,4.49962],[96.65945,4.50231],[96.65181,4.50534],[96.639,4.51016],[96.63389,4.50872],[96.62996,4.50889],[96.62847,4.50865],[96.6271,4.50786],[96.62644,4.50834],[96.625,4.51216],[96.62357,4.51228],[96.6231,4.51372],[96.62202,4.51419],[96.61976,4.51149],[96.61845,4.51112],[96.61828,4.50975],[96.61459,4.50669],[96.61419,4.50346],[96.61199,4.5019],[96.61247,4.5001],[96.6117,4.49938],[96.61063,4.49908],[96.60878,4.50025],[96.60799,4.50089],[96.60662,4.50272],[96.60793,4.50398],[96.60822,4.50529],[96.60661,4.50648],[96.60845,4.50798],[96.60863,4.5096],[96.60557,4.51383],[96.60789,4.51707],[96.60931,4.51833],[96.61025,4.52198],[96.61185,4.52359],[96.61477,4.52407],[96.61544,4.52398],[96.61582,4.52576],[96.61708,4.52773],[96.61762,4.52911],[96.61857,4.53064],[96.62274,4.53215],[96.62407,4.53311],[96.62607,4.53322],[96.62792,4.53461],[96.62964,4.53466],[96.63164,4.53395],[96.63298,4.53228],[96.6357,4.53229],[96.63702,4.53269],[96.64076,4.53097],[96.64481,4.52988],[96.64897,4.52958],[96.65273,4.52885],[96.65566,4.52974],[96.65575,4.53115],[96.65547,4.53389],[96.65443,4.53677],[96.65403,4.54048],[96.6528,4.54241],[96.65264,4.54312],[96.65282,4.54505],[96.65405,4.54726],[96.65395,4.54813],[96.65277,4.55005],[96.6494,4.55402],[96.64617,4.55694],[96.64365,4.55838],[96.64104,4.55956],[96.64061,4.55987],[96.63959,4.56103],[96.63844,4.56142],[96.63564,4.56163],[96.63355,4.56144],[96.63055,4.56085],[96.6277,4.56096],[96.62426,4.56048],[96.62294,4.5605],[96.61813,4.56137],[96.61711,4.56175],[96.61514,4.56297],[96.61448,4.56321],[96.61303,4.56335],[96.61097,4.56302],[96.60948,4.56307],[96.60826,4.56374],[96.60741,4.56469],[96.60556,4.5663],[96.60406,4.56715],[96.59884,4.56887],[96.59629,4.56951],[96.59389,4.57042],[96.58949,4.5716],[96.58534,4.57324],[96.58433,4.57347],[96.58101,4.5738],[96.57729,4.57493],[96.57601,4.57555],[96.57375,4.57752],[96.57177,4.57787],[96.57007,4.57922],[96.56873,4.58066],[96.56451,4.58641],[96.5618,4.58933],[96.5588,4.5921],[96.55544,4.59333],[96.55077,4.59561],[96.54804,4.59772],[96.54478,4.59965],[96.54141,4.60135],[96.53893,4.6036],[96.53701,4.60557],[96.53398,4.60906],[96.52831,4.6145],[96.52561,4.61508],[96.5246,4.61559],[96.52376,4.61641],[96.52168,4.61901],[96.52095,4.61974],[96.52023,4.62018],[96.51766,4.62131],[96.51666,4.62193],[96.51581,4.62252],[96.51173,4.62643],[96.50906,4.62854],[96.50723,4.62985],[96.50305,4.63219],[96.50115,4.63199],[96.5,4.63155],[96.49808,4.62911],[96.49385,4.62558],[96.49287,4.6249],[96.4921,4.62459],[96.49102,4.62451],[96.49007,4.62476],[96.48868,4.62564],[96.48718,4.627],[96.48671,4.62772],[96.48629,4.62951],[96.48577,4.63018],[96.4851,4.63064],[96.48438,4.63087],[96.48358,4.63079],[96.47973,4.62984],[96.47822,4.62994],[96.47709,4.62927],[96.47252,4.6259],[96.47157,4.6247],[96.47075,4.624],[96.46972,4.62369],[96.46312,4.62263],[96.45592,4.62271],[96.45137,4.62217],[96.44754,4.62309],[96.44488,4.62478],[96.4431,4.6262],[96.44007,4.62996],[96.43896,4.63189],[96.43543,4.63628],[96.43453,4.6377],[96.43398,4.63883],[96.42974,4.64561],[96.42833,4.64756],[96.42316,4.6535],[96.42226,4.6543],[96.41981,4.65604],[96.41852,4.65676],[96.41673,4.65832],[96.41311,4.66243],[96.41054,4.66645],[96.40943,4.66768],[96.40809,4.66887],[96.40625,4.66996],[96.40519,4.67036],[96.40372,4.67067],[96.40241,4.67074],[96.3958,4.67005],[96.39497,4.67022],[96.39118,4.67204],[96.38787,4.67312],[96.3845,4.67486],[96.38243,4.67568],[96.38102,4.67588],[96.37917,4.67569],[96.37796,4.67533],[96.37591,4.67434],[96.37378,4.67371],[96.37152,4.67324],[96.36553,4.67128],[96.36316,4.67034],[96.36202,4.67002],[96.36125,4.67004],[96.36027,4.67032],[96.35741,4.67194],[96.35444,4.67337],[96.3527,4.67441],[96.34803,4.67772],[96.34654,4.67854],[96.34049,4.68095],[96.33508,4.68269],[96.33247,4.68379],[96.32737,4.68542],[96.32233,4.68659],[96.31738,4.68851],[96.31205,4.68988],[96.30958,4.69031],[96.30184,4.69104],[96.29924,4.69173],[96.29664,4.69272],[96.28951,4.69487],[96.28627,4.69519],[96.28155,4.69595],[96.27962,4.69643],[96.27389,4.69708],[96.27051,4.69766],[96.26876,4.69845],[96.26175,4.70256],[96.25964,4.70439],[96.25747,4.70673],[96.25709,4.70731],[96.26028,4.71238],[96.25899,4.7148],[96.26004,4.71775],[96.26044,4.71946],[96.26108,4.72103],[96.26171,4.7241],[96.26173,4.72572],[96.26121,4.72709],[96.26092,4.72851],[96.26102,4.73006],[96.26152,4.73352],[96.26183,4.73472],[96.26285,4.73586],[96.26452,4.73708],[96.26572,4.73817],[96.26826,4.74161],[96.26934,4.74273],[96.27223,4.74509],[96.27285,4.74603],[96.2736,4.74668],[96.27377,4.74769],[96.27377,4.74913],[96.27298,4.7534],[96.27314,4.75617],[96.27435,4.76262],[96.27495,4.76449],[96.27702,4.76984],[96.27839,4.77391],[96.27998,4.77698],[96.28208,4.7798],[96.28405,4.77931],[96.28797,4.77795],[96.28798,4.77638],[96.28937,4.77448],[96.29211,4.77221],[96.29665,4.76935],[96.30135,4.76619],[96.30694,4.76333],[96.32127,4.76748],[96.32746,4.76902],[96.33985,4.7684],[96.34015,4.76805],[96.34099,4.76763],[96.34566,4.76664],[96.34978,4.76637],[96.35264,4.76633],[96.35815,4.76457],[96.36161,4.76423],[96.36317,4.76424],[96.36633,4.76397],[96.37224,4.76401],[96.37625,4.76361],[96.37774,4.7632],[96.38081,4.76292],[96.39149,4.76138],[96.39583,4.76046],[96.39884,4.75999],[96.39955,4.76011],[96.40355,4.76026],[96.40505,4.76051],[96.41131,4.76079],[96.42022,4.76146],[96.42286,4.76212],[96.42437,4.76228],[96.42834,4.76313],[96.43528,4.76383],[96.43957,4.76461],[96.44172,4.7647],[96.44251,4.7646],[96.44684,4.76477],[96.45229,4.76387],[96.45924,4.76331],[96.4601,4.76313],[96.46247,4.76221],[96.46846,4.76125],[96.46929,4.76136],[96.47043,4.76198],[96.47171,4.76314],[96.47199,4.76361],[96.47231,4.76462],[96.47237,4.76559],[96.47219,4.76638],[96.47218,4.76764],[96.47228,4.76887],[96.47263,4.76973],[96.47455,4.77284],[96.47511,4.77356],[96.47571,4.77486],[96.47547,4.77961],[96.4752,4.78112],[96.47524,4.78577],[96.47541,4.78811],[96.47569,4.78944],[96.47584,4.79279],[96.47643,4.79581],[96.47713,4.79852],[96.47713,4.7992],[96.47737,4.80046],[96.4771,4.8023],[96.47652,4.8038],[96.47587,4.80463],[96.47423,4.80908],[96.47349,4.81184],[96.47297,4.81468],[96.47344,4.8198],[96.47444,4.82574],[96.47443,4.8265],[96.47474,4.8287],[96.47512,4.83042],[96.47518,4.83244],[96.47538,4.83475],[96.47562,4.83568],[96.47592,4.84029],[96.4764,4.84231],[96.47728,4.84473],[96.47479,4.84564],[96.47327,4.84574],[96.47146,4.84669],[96.46727,4.84707],[96.46661,4.84793],[96.46641,4.84993],[96.46499,4.85088],[96.46346,4.8525],[96.46365,4.85326],[96.46346,4.85411],[96.46118,4.85678],[96.46004,4.85783],[96.45823,4.85868],[96.45661,4.86011],[96.45623,4.86154],[96.45757,4.86312],[96.45975,4.86373],[96.46166,4.86487],[96.46603,4.86858],[96.46756,4.87239],[96.46988,4.88744],[96.46936,4.88894],[96.46885,4.88983],[96.4687,4.8918],[96.46903,4.89296],[96.46989,4.89414],[96.47091,4.89131],[96.47218,4.89067],[96.47467,4.89067],[96.48072,4.88924],[96.48657,4.88969],[96.48985,4.88926],[96.49188,4.8895],[96.49298,4.89001],[96.49405,4.89155],[96.49508,4.89273],[96.4957,4.89374],[96.49647,4.89458],[96.49854,4.8959],[96.50269,4.89783],[96.50687,4.899],[96.5091,4.90006],[96.51115,4.90081],[96.51184,4.90159],[96.51273,4.90321],[96.51324,4.90369],[96.51483,4.90435],[96.51592,4.90462],[96.51624,4.90511],[96.51659,4.90661],[96.51694,4.90727],[96.51936,4.90949],[96.5207,4.91107],[96.52136,4.91225],[96.52157,4.91332],[96.52151,4.91382],[96.52169,4.91422],[96.5222,4.91472],[96.52279,4.91582],[96.52381,4.91922],[96.52419,4.91988],[96.53574,4.93299],[96.53721,4.93451],[96.53871,4.93596],[96.54076,4.93687],[96.55063,4.9406],[96.55372,4.94153],[96.55644,4.94251],[96.55967,4.94329],[96.5617,4.94398],[96.56498,4.94481],[96.56755,4.94577],[96.57043,4.9466],[96.57314,4.94768],[96.58181,4.94203],[96.58438,4.9406],[96.58648,4.93979],[96.58868,4.93985],[96.59005,4.93973],[96.59076,4.93896],[96.59647,4.93884],[96.59843,4.93854],[96.59873,4.93896],[96.60063,4.93949],[96.60153,4.94015],[96.60206,4.94128],[96.60218,4.94193],[96.602,4.94366],[96.60367,4.94622],[96.60557,4.94705],[96.60617,4.94663],[96.60753,4.94735],[96.60938,4.94794],[96.61128,4.95222],[96.61194,4.9524],[96.61515,4.95222],[96.61598,4.9527],[96.61646,4.95306],[96.61598,4.95395],[96.61646,4.9546],[96.61646,4.95562],[96.61788,4.95562],[96.61878,4.95413],[96.6202,4.95389],[96.6205,4.95318],[96.62116,4.95252]]]}},{"type":"Feature","properties":{"nama":"Aceh Tenggara","provinsi":"Aceh","sumber":"Batas_Kab"},"geometry":{"type":"Polygon","coordinates":[[[98.02925,3.33075],[98.02045,3.31979],[98.01896,3.31692],[98.01546,3.31311],[98.00985,3.30655],[98.0,3.29828],[97.9992,3.29776],[97.99779,3.29745],[97.99707,3.29702],[97.99655,3.29692],[97.99571,3.29704],[97.99483,3.29696],[97.99392,3.296],[97.99307,3.29586],[97.99219,3.29544],[97.99166,3.29476],[97.99057,3.29465],[97.98866,3.29348],[97.98814,3.29248],[97.98704,3.29203],[97.98686,3.29156],[97.98605,3.29097],[97.98529,3.2907],[97.98492,3.29011],[97.98485,3.28954],[97.98426,3.28884],[97.98399,3.28801],[97.98318,3.28731],[97.98238,3.28632],[97.98138,3.28628],[97.98089,3.28597],[97.98033,3.28602],[97.97975,3.28567],[97.97871,3.28529],[97.97856,3.28486],[97.97903,3.28415],[97.97904,3.28394],[97.97891,3.28355],[97.97856,3.28314],[97.97709,3.28253],[97.97674,3.28218],[97.97621,3.28198],[97.97531,3.28129],[97.97511,3.28128],[97.97475,3.2817],[97.97441,3.28169],[97.97421,3.2809],[97.97376,3.28075],[97.97338,3.28037],[97.97312,3.27963],[97.97267,3.27955],[97.9726,3.27888],[97.97153,3.27846],[97.97147,3.278],[97.9711,3.27776],[97.97135,3.27738],[97.97137,3.27711],[97.97084,3.2764],[97.97054,3.27535],[97.97011,3.27496],[97.96961,3.27494],[97.96945,3.27425],[97.96905,3.27415],[97.96901,3.27371],[97.96837,3.27378],[97.96776,3.27435],[97.96723,3.27402],[97.96529,3.27414],[97.9645,3.27387],[97.96406,3.27341],[97.96352,3.27371],[97.9633,3.27368],[97.96257,3.27281],[97.96212,3.27293],[97.96178,3.27366],[97.96119,3.27364],[97.96082,3.274],[97.96041,3.27365],[97.96041,3.27346],[97.96066,3.2732],[97.96058,3.27309],[97.95949,3.27318],[97.95934,3.27374],[97.95917,3.2738],[97.95821,3.27355],[97.95771,3.27318],[97.95726,3.27324],[97.95673,3.27311],[97.95609,3.27336],[97.95566,3.27229],[97.95533,3.27222],[97.95497,3.27191],[97.95484,3.27204],[97.95499,3.273],[97.95482,3.27326],[97.95458,3.27326],[97.95335,3.2726],[97.95253,3.27175],[97.95198,3.27092],[97.95118,3.26897],[97.95037,3.26918],[97.9501,3.26872],[97.94983,3.26865],[97.9495,3.26889],[97.94839,3.26886],[97.94821,3.26955],[97.94776,3.26937],[97.94726,3.26939],[97.94695,3.26898],[97.94625,3.26844],[97.94612,3.26847],[97.94606,3.26882],[97.94585,3.26882],[97.94567,3.2686],[97.94557,3.26792],[97.9454,3.26761],[97.94523,3.2676],[97.94492,3.26794],[97.94466,3.26798],[97.94448,3.26742],[97.94406,3.26761],[97.94329,3.26739],[97.943,3.26687],[97.94359,3.26664],[97.94359,3.26648],[97.94305,3.26621],[97.94294,3.26581],[97.94265,3.26586],[97.94242,3.26632],[97.94222,3.26615],[97.94253,3.26541],[97.94319,3.26473],[97.94318,3.26443],[97.94249,3.2643],[97.94179,3.265],[97.94116,3.26595],[97.94098,3.26603],[97.94053,3.26584],[97.94028,3.26587],[97.93981,3.26657],[97.9394,3.26572],[97.93849,3.26546],[97.93811,3.26484],[97.93817,3.26452],[97.93857,3.26449],[97.93894,3.26422],[97.93904,3.26375],[97.93798,3.2637],[97.93732,3.26339],[97.93638,3.26207],[97.93617,3.26202],[97.93476,3.26261],[97.93369,3.2627],[97.93346,3.26255],[97.93341,3.26192],[97.9324,3.26128],[97.93153,3.26124],[97.93061,3.26147],[97.92968,3.26145],[97.92868,3.26078],[97.92827,3.26077],[97.92796,3.26059],[97.92821,3.25986],[97.92806,3.25945],[97.92768,3.2595],[97.92638,3.26145],[97.92536,3.26226],[97.92373,3.2628],[97.92244,3.26291],[97.92098,3.26339],[97.92033,3.26334],[97.91922,3.26349],[97.91853,3.26332],[97.9175,3.26279],[97.91683,3.26136],[97.91561,3.25983],[97.91541,3.25971],[97.91497,3.25962],[97.91363,3.25972],[97.91203,3.26024],[97.91016,3.26033],[97.90756,3.26013],[97.90707,3.25985],[97.9069,3.25961],[97.90617,3.25928],[97.90561,3.25862],[97.90476,3.25835],[97.90464,3.25812],[97.90473,3.25708],[97.90455,3.25669],[97.90461,3.2561],[97.90514,3.25523],[97.90581,3.25445],[97.90699,3.2535],[97.90804,3.25286],[97.90924,3.25237],[97.91116,3.25184],[97.91932,3.24351],[97.92099,3.24141],[97.92108,3.23966],[97.92194,3.23893],[97.92216,3.23856],[97.92244,3.23848],[97.92294,3.23769],[97.923,3.23701],[97.92282,3.23643],[97.92329,3.23509],[97.92357,3.23465],[97.92357,3.23334],[97.92426,3.23286],[97.9249,3.23294],[97.92515,3.23283],[97.9253,3.23243],[97.9251,3.23146],[97.9246,3.23067],[97.92434,3.22831],[97.92401,3.22707],[97.92434,3.22667],[97.92515,3.22633],[97.92729,3.22608],[97.92752,3.2241],[97.9271,3.22288],[97.92779,3.22119],[97.92892,3.21773],[97.93006,3.21513],[97.9306,3.2134],[97.93225,3.21043],[97.93353,3.20937],[97.93395,3.20935],[97.93491,3.20978],[97.93639,3.20928],[97.93743,3.20943],[97.93875,3.20884],[97.93909,3.20884],[97.93936,3.20848],[97.93973,3.20927],[97.9401,3.20913],[97.94057,3.20923],[97.94162,3.20906],[97.94245,3.20909],[97.9425,3.20874],[97.9421,3.2078],[97.94228,3.20708],[97.94263,3.20701],[97.94469,3.20758],[97.94504,3.20608],[97.94508,3.20511],[97.9456,3.20425],[97.94564,3.20344],[97.94612,3.20296],[97.94665,3.20264],[97.94714,3.20129],[97.94772,3.2008],[97.94777,3.20012],[97.94753,3.19874],[97.94776,3.19843],[97.94806,3.1985],[97.94818,3.19767],[97.94845,3.19703],[97.9484,3.19608],[97.94889,3.19543],[97.94889,3.19509],[97.9482,3.19381],[97.94819,3.19244],[97.9485,3.19145],[97.94841,3.19023],[97.94849,3.18976],[97.94876,3.18879],[97.94915,3.1881],[97.94815,3.18632],[97.94814,3.18599],[97.94862,3.1854],[97.94873,3.18504],[97.94788,3.18434],[97.94763,3.18388],[97.94768,3.18365],[97.94829,3.18315],[97.94844,3.18287],[97.94824,3.18232],[97.9472,3.18123],[97.946,3.18059],[97.9435,3.17975],[97.94105,3.17978],[97.94064,3.17958],[97.94091,3.17807],[97.94121,3.17761],[97.94327,3.1764],[97.94344,3.17535],[97.94301,3.17525],[97.94144,3.17563],[97.94092,3.17528],[97.94067,3.17423],[97.94014,3.17347],[97.93999,3.17302],[97.94011,3.17201],[97.94102,3.17],[97.9411,3.1695],[97.94212,3.16838],[97.9419,3.16668],[97.9421,3.16479],[97.94237,3.16406],[97.94272,3.16375],[97.9437,3.16397],[97.94453,3.16381],[97.94901,3.1608],[97.95022,3.15958],[97.95078,3.1576],[97.95129,3.15679],[97.95299,3.15553],[97.95311,3.15432],[97.95275,3.15223],[97.953,3.15206],[97.95416,3.15054],[97.95418,3.14986],[97.9545,3.14909],[97.95561,3.14838],[97.95768,3.14563],[97.95959,3.14562],[97.95989,3.14548],[97.96099,3.14432],[97.96325,3.14335],[97.96419,3.14266],[97.96476,3.14261],[97.9656,3.14232],[97.96625,3.14234],[97.96742,3.14197],[97.97056,3.13845],[97.97202,3.13666],[97.97624,3.13088],[97.9791,3.12499],[97.98218,3.11607],[97.98234,3.11364],[97.98196,3.1098],[97.98121,3.10662],[97.98061,3.10489],[97.98002,3.10083],[97.98002,3.09943],[97.98024,3.09651],[97.98294,3.0897],[97.98337,3.08797],[97.98353,3.0863],[97.98381,3.08614],[97.98376,3.08564],[97.98279,3.0858],[97.98197,3.0851],[97.98198,3.08459],[97.9823,3.08374],[97.98229,3.08331],[97.98211,3.08294],[97.98131,3.0821],[97.9814,3.08117],[97.98129,3.08011],[97.98091,3.07928],[97.98036,3.07895],[97.97973,3.0789],[97.97932,3.07905],[97.97888,3.07945],[97.97773,3.07964],[97.97605,3.07799],[97.9758,3.07688],[97.97602,3.076],[97.9759,3.07476],[97.97559,3.07364],[97.97519,3.07304],[97.97317,3.0725],[97.97192,3.07192],[97.97147,3.07001],[97.97106,3.06938],[97.97054,3.06899],[97.97,3.06903],[97.96951,3.06952],[97.9686,3.06897],[97.96752,3.06882],[97.96664,3.06894],[97.9652,3.06942],[97.96495,3.06793],[97.96424,3.06689],[97.96354,3.06647],[97.96262,3.06622],[97.96144,3.06512],[97.96108,3.06493],[97.96039,3.065],[97.95969,3.06552],[97.95777,3.06521],[97.95594,3.0655],[97.95477,3.06553],[97.95371,3.06509],[97.95276,3.065],[97.95224,3.06516],[97.95157,3.06599],[97.95109,3.06618],[97.95079,3.06647],[97.95063,3.06641],[97.95045,3.06594],[97.94995,3.06529],[97.94965,3.06513],[97.94917,3.06519],[97.94835,3.06574],[97.94733,3.06721],[97.9473,3.06783],[97.9476,3.06854],[97.94914,3.06973],[97.94905,3.07077],[97.94953,3.0731],[97.94995,3.07416],[97.94992,3.07483],[97.94945,3.07482],[97.94879,3.07416],[97.94797,3.07395],[97.94658,3.07403],[97.9456,3.07449],[97.94425,3.07458],[97.94383,3.07395],[97.94332,3.07364],[97.94291,3.0731],[97.94243,3.07282],[97.94197,3.07276],[97.94146,3.07301],[97.94013,3.07423],[97.93995,3.0746],[97.93989,3.07556],[97.93976,3.0759],[97.93877,3.0762],[97.93702,3.075],[97.93645,3.07426],[97.93471,3.06724],[97.93204,3.06075],[97.9301,3.05472],[97.93136,3.05405],[97.93381,3.05213],[97.93476,3.05161],[97.93586,3.05118],[97.93775,3.05072],[97.94056,3.04935],[97.94174,3.04854],[97.94278,3.04751],[97.94312,3.04698],[97.94381,3.04462],[97.94389,3.0436],[97.94377,3.04306],[97.94341,3.04237],[97.94285,3.04179],[97.94194,3.04038],[97.9409,3.03954],[97.93977,3.03774],[97.9387,3.03658],[97.93794,3.0335],[97.93787,3.03142],[97.93761,3.02925],[97.93823,3.02542],[97.93938,3.02265],[97.93989,3.02063],[97.94232,3.01674],[97.94329,3.01544],[97.94343,3.01388],[97.94405,3.01216],[97.94519,3.01037],[97.94698,3.00831],[97.94737,3.00745],[97.94742,3.0069],[97.9474,3.00646],[97.94708,3.00551],[97.94454,3.00207],[97.94351,2.99981],[97.94312,2.99921],[97.94287,2.99804],[97.94215,2.99656],[97.94142,2.99434],[97.94022,2.99265],[97.93669,2.98965],[97.93619,2.9895],[97.93577,2.99],[97.93532,2.99026],[97.93477,2.99037],[97.93312,2.99009],[97.93222,2.99008],[97.93097,2.99029],[97.93007,2.99071],[97.92937,2.9913],[97.92868,2.9921],[97.92823,2.99308],[97.92701,2.99416],[97.92611,2.99468],[97.92464,2.99499],[97.92319,2.99509],[97.92211,2.99488],[97.92066,2.99422],[97.92003,2.99425],[97.91962,2.99457],[97.91854,2.9968],[97.91781,2.99774],[97.9167,2.99854],[97.9135,2.99902],[97.91305,2.99923],[97.91221,3.0],[97.90558,3.00283],[97.90039,3.00745],[97.89783,3.00831],[97.89517,3.00869],[97.89068,3.00879],[97.88377,3.0085],[97.87921,3.00864],[97.87658,3.00888],[97.87382,3.00936],[97.86925,3.00953],[97.86646,3.00779],[97.86349,3.00567],[97.86038,3.00414],[97.85879,3.00341],[97.8571,3.00288],[97.85364,3.00214],[97.84839,3.00155],[97.84614,3.00116],[97.84518,3.00123],[97.84428,3.00182],[97.84248,3.00269],[97.84047,3.00345],[97.83951,3.00355],[97.83723,3.00327],[97.83336,3.00136],[97.8299,3.00055],[97.82807,2.99947],[97.82479,2.9951],[97.81778,2.9868],[97.81479,2.98304],[97.81403,2.98147],[97.81413,2.98102],[97.81586,2.97844],[97.81634,2.97469],[97.81534,2.97038],[97.81436,2.96795],[97.81354,2.96665],[97.80822,2.96132],[97.80727,2.96075],[97.8061,2.9604],[97.80553,2.96053],[97.80487,2.9611],[97.80448,2.96172],[97.80432,2.96263],[97.80333,2.96552],[97.80185,2.97149],[97.80131,2.97286],[97.79998,2.97443],[97.79819,2.975],[97.79701,2.97493],[97.79516,2.97453],[97.79234,2.9737],[97.78994,2.97273],[97.78848,2.97197],[97.78339,2.96894],[97.78099,2.96775],[97.77922,2.9667],[97.77511,2.96343],[97.77414,2.96234],[97.77217,2.96093],[97.77036,2.95875],[97.76995,2.95787],[97.76892,2.95369],[97.76919,2.95118],[97.76876,2.94864],[97.76619,2.94081],[97.76477,2.93799],[97.76323,2.93527],[97.7625,2.93432],[97.75869,2.93101],[97.75743,2.92979],[97.75559,2.92767],[97.75511,2.92734],[97.75357,2.92712],[97.7507,2.9276],[97.74717,2.92756],[97.74206,2.92837],[97.73226,2.93199],[97.72127,2.93448],[97.71904,2.93484],[97.71642,2.93546],[97.7118,2.93667],[97.70566,2.93882],[97.70266,2.93928],[97.6934,2.94188],[97.68873,2.9425],[97.67673,2.94474],[97.6744,2.94536],[97.66839,2.94589],[97.65709,2.94725],[97.6557,2.94766],[97.65256,2.94828],[97.64791,2.95008],[97.64651,2.95037],[97.64397,2.9513],[97.64244,2.95202],[97.64061,2.95345],[97.63815,2.9565],[97.63725,2.95815],[97.63429,2.96709],[97.63301,2.96966],[97.63284,2.97626],[97.63303,2.97735],[97.63299,2.97985],[97.63335,2.9845],[97.63318,2.9866],[97.63338,2.98838],[97.63341,2.99267],[97.63363,2.99451],[97.63348,3.00722],[97.63379,3.01179],[97.6346,3.01485],[97.63574,3.01645],[97.64233,3.0245],[97.64291,3.02989],[97.64222,3.03257],[97.64058,3.03527],[97.63743,3.04166],[97.63528,3.04447],[97.63352,3.04765],[97.63118,3.05417],[97.62803,3.06238],[97.62359,3.07219],[97.62039,3.08165],[97.6178,3.08712],[97.61642,3.08968],[97.61547,3.09206],[97.61446,3.0941],[97.61292,3.09607],[97.61168,3.09881],[97.61017,3.10122],[97.60603,3.10592],[97.60385,3.10862],[97.5974,3.11365],[97.59296,3.11639],[97.5907,3.11805],[97.58811,3.11969],[97.58642,3.12111],[97.58087,3.12429],[97.57864,3.1258],[97.57272,3.13036],[97.56574,3.13715],[97.56292,3.13943],[97.56059,3.14169],[97.55214,3.14876],[97.54979,3.14997],[97.54764,3.15126],[97.54192,3.15503],[97.53621,3.15808],[97.52945,3.1621],[97.52646,3.16319],[97.52391,3.16479],[97.51853,3.16903],[97.51685,3.17049],[97.51437,3.17326],[97.50912,3.18019],[97.5043,3.18596],[97.50263,3.18859],[97.49974,3.19189],[97.4978,3.19379],[97.49574,3.19621],[97.49028,3.20139],[97.48829,3.20348],[97.48315,3.20966],[97.48113,3.21245],[97.47998,3.2137],[97.47906,3.21507],[97.47736,3.21697],[97.47624,3.21984],[97.47582,3.22141],[97.47502,3.22282],[97.47468,3.22404],[97.47342,3.22732],[97.47326,3.23076],[97.47329,3.23414],[97.47297,3.2359],[97.47195,3.23877],[97.47027,3.2424],[97.46728,3.25],[97.46671,3.25211],[97.46663,3.25306],[97.46633,3.25402],[97.46581,3.25666],[97.46535,3.26029],[97.46462,3.26398],[97.46406,3.26787],[97.4642,3.27264],[97.46453,3.27603],[97.46453,3.2776],[97.46545,3.28569],[97.46587,3.28823],[97.46647,3.29084],[97.46784,3.29609],[97.47347,3.31078],[97.47506,3.31433],[97.47528,3.316],[97.47588,3.31833],[97.47466,3.32317],[97.47337,3.32654],[97.47239,3.32799],[97.46858,3.33512],[97.46752,3.33808],[97.46393,3.34482],[97.4619,3.3497],[97.45397,3.36633],[97.45297,3.36885],[97.45002,3.37508],[97.44915,3.3763],[97.44728,3.3808],[97.44541,3.38462],[97.44477,3.38706],[97.44118,3.39332],[97.44064,3.3955],[97.44035,3.39607],[97.43591,3.40249],[97.43179,3.40877],[97.43006,3.41167],[97.4282,3.41367],[97.42647,3.41609],[97.42148,3.42239],[97.41614,3.42843],[97.41138,3.43486],[97.40117,3.44724],[97.3983,3.45044],[97.39822,3.45084],[97.3984,3.45132],[97.40334,3.45944],[97.41021,3.47155],[97.41315,3.47611],[97.41882,3.48561],[97.42138,3.49028],[97.42709,3.5],[97.42962,3.50334],[97.43144,3.50603],[97.4325,3.50796],[97.43598,3.51166],[97.4391,3.51527],[97.44055,3.51734],[97.44694,3.52828],[97.44923,3.53286],[97.45094,3.53585],[97.4519,3.53677],[97.45386,3.53812],[97.45728,3.53947],[97.45808,3.53961],[97.46433,3.53974],[97.47115,3.54012],[97.47356,3.54032],[97.47791,3.5409],[97.48024,3.54093],[97.48221,3.54116],[97.48388,3.54265],[97.4841,3.54315],[97.48429,3.54394],[97.48468,3.54772],[97.48549,3.55246],[97.48537,3.55536],[97.48516,3.55679],[97.48417,3.55912],[97.48337,3.56009],[97.48278,3.56056],[97.48045,3.56188],[97.47843,3.56273],[97.47496,3.56468],[97.47379,3.56554],[97.47315,3.56634],[97.47228,3.56787],[97.47094,3.57058],[97.46972,3.57408],[97.4691,3.57853],[97.46953,3.58406],[97.46899,3.58608],[97.46525,3.59678],[97.46369,3.60057],[97.46244,3.60395],[97.4623,3.60468],[97.46257,3.60899],[97.46373,3.61598],[97.46363,3.61751],[97.46314,3.61866],[97.46229,3.61964],[97.46029,3.62095],[97.45772,3.62299],[97.45572,3.62438],[97.455,3.62463],[97.45424,3.62472],[97.44874,3.62884],[97.44679,3.6299],[97.44618,3.63011],[97.44534,3.63034],[97.44226,3.63074],[97.44161,3.63105],[97.44091,3.63147],[97.43989,3.63244],[97.43821,3.63485],[97.43764,3.63533],[97.43625,3.63594],[97.43509,3.63605],[97.433,3.63574],[97.4296,3.63443],[97.42747,3.6338],[97.42665,3.63368],[97.42389,3.63365],[97.42297,3.63351],[97.42192,3.63313],[97.42047,3.63225],[97.41951,3.63136],[97.4192,3.63072],[97.41679,3.62049],[97.41666,3.61953],[97.41636,3.61898],[97.41136,3.61737],[97.407,3.61581],[97.40592,3.61557],[97.40351,3.61559],[97.40179,3.61608],[97.4006,3.6166],[97.3992,3.61737],[97.39853,3.61792],[97.39779,3.62001],[97.3974,3.6221],[97.39605,3.6267],[97.39429,3.63129],[97.39393,3.63199],[97.39339,3.63258],[97.3918,3.63352],[97.38993,3.6344],[97.38768,3.63545],[97.38611,3.63601],[97.38491,3.63629],[97.38189,3.63603],[97.38089,3.63619],[97.37725,3.63816],[97.37559,3.63882],[97.3747,3.639],[97.3739,3.639],[97.37329,3.63891],[97.37132,3.63787],[97.36924,3.63594],[97.36828,3.63476],[97.36627,3.63188],[97.36418,3.62857],[97.36305,3.62715],[97.36156,3.62543],[97.35753,3.62206],[97.35606,3.6213],[97.35282,3.61998],[97.35055,3.61971],[97.34966,3.61983],[97.34736,3.62063],[97.34581,3.62128],[97.34527,3.62164],[97.34483,3.62161],[97.34441,3.6209],[97.34417,3.6201],[97.34309,3.61778],[97.34201,3.61653],[97.34164,3.61627],[97.33707,3.61478],[97.33419,3.61341],[97.33041,3.61024],[97.32898,3.6099],[97.32755,3.60981],[97.32373,3.60898],[97.32263,3.60832],[97.31892,3.60492],[97.31729,3.60402],[97.31363,3.60248],[97.30579,3.59978],[97.29914,3.59696],[97.29696,3.59628],[97.29511,3.59521],[97.29497,3.59524],[97.2956,3.60084],[97.29571,3.60301],[97.29565,3.60691],[97.29532,3.60896],[97.29381,3.61371],[97.29075,3.62107],[97.2865,3.63312],[97.28615,3.63435],[97.28549,3.63785],[97.28455,3.6413],[97.28407,3.64252],[97.28279,3.64486],[97.28177,3.64621],[97.28048,3.64742],[97.27937,3.64818],[97.27874,3.64844],[97.27573,3.64911],[97.27487,3.64918],[97.26848,3.64892],[97.26777,3.6488],[97.26672,3.6489],[97.26345,3.65097],[97.25962,3.65256],[97.25559,3.65524],[97.25218,3.65723],[97.24657,3.66213],[97.23216,3.6713],[97.2255,3.67524],[97.22245,3.67743],[97.21087,3.68652],[97.20649,3.69129],[97.21214,3.69133],[97.22,3.69168],[97.22575,3.69225],[97.22866,3.69232],[97.23434,3.69207],[97.2403,3.69225],[97.25082,3.69231],[97.25235,3.69156],[97.25472,3.68965],[97.25596,3.68835],[97.2586,3.68466],[97.26087,3.68275],[97.26337,3.68191],[97.27403,3.68097],[97.27737,3.68055],[97.28192,3.67954],[97.28685,3.67736],[97.28927,3.67592],[97.29138,3.67434],[97.29346,3.67323],[97.32805,3.67481],[97.33614,3.67541],[97.34644,3.67547],[97.35138,3.67593],[97.35828,3.67675],[97.36759,3.67954],[97.38165,3.68331],[97.39936,3.68833],[97.41336,3.69045],[97.43367,3.69288],[97.44614,3.69492],[97.45435,3.69461],[97.45917,3.69614],[97.46699,3.69765],[97.47736,3.70008],[97.48125,3.70032],[97.48549,3.7004],[97.49906,3.7017],[97.50255,3.70278],[97.50493,3.70322],[97.51127,3.70408],[97.51545,3.70504],[97.51719,3.70526],[97.52083,3.706],[97.52332,3.70622],[97.52712,3.70695],[97.52936,3.70715],[97.53135,3.70756],[97.53547,3.70794],[97.53977,3.70917],[97.54128,3.71065],[97.5434,3.71018],[97.54505,3.70998],[97.54614,3.71175],[97.5559,3.71414],[97.55746,3.71367],[97.5603,3.71129],[97.56311,3.71059],[97.56375,3.71027],[97.5691,3.71068],[97.57412,3.71164],[97.57624,3.71238],[97.57836,3.71295],[97.582,3.71489],[97.58468,3.71526],[97.58751,3.71659],[97.58981,3.717],[97.59279,3.71731],[97.59886,3.71832],[97.60346,3.7193],[97.61591,3.72088],[97.6187,3.72159],[97.6249,3.72285],[97.626,3.72359],[97.62626,3.72411],[97.62623,3.72577],[97.62791,3.72763],[97.62937,3.72858],[97.63002,3.73046],[97.63058,3.73165],[97.63482,3.73347],[97.63598,3.73372],[97.64231,3.73222],[97.64473,3.73244],[97.64758,3.73251],[97.65027,3.73294],[97.65218,3.73226],[97.65862,3.7324],[97.66159,3.73233],[97.67047,3.73334],[97.67729,3.73348],[97.68398,3.73384],[97.68893,3.73429],[97.69306,3.73443],[97.69992,3.73518],[97.7039,3.73546],[97.71021,3.73655],[97.71647,3.73727],[97.73173,3.73975],[97.73571,3.74064],[97.74191,3.74275],[97.74668,3.74416],[97.75023,3.74542],[97.75258,3.74537],[97.75537,3.74592],[97.75777,3.74657],[97.75993,3.74732],[97.76357,3.74747],[97.77258,3.74837],[97.77726,3.74898],[97.77875,3.74904],[97.77991,3.74886],[97.7815,3.74883],[97.78361,3.74901],[97.78496,3.74913],[97.78659,3.74958],[97.79934,3.74914],[97.81311,3.74926],[97.82086,3.74996],[97.82491,3.75057],[97.82513,3.74977],[97.81791,3.74257],[97.81605,3.73811],[97.81523,3.73649],[97.81272,3.73389],[97.81126,3.73284],[97.8098,3.7313],[97.8064,3.72854],[97.8038,3.72603],[97.8005,3.72256],[97.80217,3.72059],[97.80389,3.71687],[97.80421,3.71525],[97.80445,3.71136],[97.80656,3.70852],[97.8098,3.70341],[97.81329,3.69936],[97.8188,3.69182],[97.82148,3.68501],[97.82213,3.68266],[97.8265,3.67512],[97.83039,3.67155],[97.8325,3.6705],[97.8385,3.66864],[97.83899,3.66791],[97.84093,3.66564],[97.84255,3.66393],[97.84474,3.66061],[97.84596,3.65526],[97.84669,3.65315],[97.85317,3.64221],[97.85398,3.6401],[97.85423,3.63872],[97.8539,3.63726],[97.85325,3.63175],[97.85285,3.62932],[97.85374,3.62684],[97.85556,3.62535],[97.85719,3.62348],[97.85881,3.62211],[97.86229,3.62048],[97.86537,3.61862],[97.86756,3.61692],[97.86951,3.6153],[97.87178,3.61262],[97.87202,3.61116],[97.8717,3.60922],[97.87064,3.60735],[97.86951,3.60589],[97.86756,3.60395],[97.86497,3.60176],[97.86383,3.59981],[97.86351,3.59746],[97.86359,3.5956],[97.86408,3.59317],[97.86489,3.5909],[97.86602,3.58887],[97.86691,3.58636],[97.86716,3.58376],[97.86691,3.57922],[97.86691,3.57663],[97.86724,3.57363],[97.86813,3.57112],[97.86959,3.56974],[97.87413,3.56658],[97.87948,3.56374],[97.88629,3.56074],[97.88961,3.55969],[97.89245,3.5592],[97.89456,3.55977],[97.89772,3.56034],[97.89942,3.56009],[97.90104,3.55952],[97.90307,3.55839],[97.90461,3.55677],[97.90663,3.55523],[97.90858,3.55207],[97.91077,3.54777],[97.91239,3.54323],[97.91279,3.54072],[97.91271,3.53829],[97.91239,3.53626],[97.91239,3.53415],[97.91356,3.53131],[97.91511,3.52848],[97.9164,3.52629],[97.91827,3.52386],[97.92037,3.52061],[97.9237,3.51251],[97.92378,3.51016],[97.9237,3.50837],[97.92264,3.50416],[97.92094,3.50116],[97.92062,3.4997],[97.92118,3.49848],[97.92232,3.49759],[97.92354,3.49621],[97.92532,3.49548],[97.92637,3.49484],[97.92743,3.49386],[97.93018,3.49248],[97.93683,3.49143],[97.93853,3.49078],[97.94323,3.48973],[97.94494,3.48965],[97.94607,3.48932],[97.94818,3.48697],[97.94931,3.48551],[97.95118,3.48438],[97.95361,3.48341],[97.95556,3.48308],[97.9588,3.48324],[97.95912,3.48219],[97.95904,3.48138],[97.95495,3.47724],[97.95252,3.47546],[97.94992,3.47311],[97.94895,3.47125],[97.94798,3.46727],[97.94595,3.4633],[97.94392,3.46087],[97.94052,3.45487],[97.93938,3.45357],[97.93776,3.4522],[97.93647,3.45082],[97.93549,3.44855],[97.93436,3.44652],[97.93387,3.44474],[97.93355,3.44223],[97.93355,3.43947],[97.93395,3.43777],[97.93574,3.43412],[97.93849,3.42998],[97.94862,3.41693],[97.94992,3.41499],[97.95065,3.41296],[97.95162,3.40866],[97.9513,3.40672],[97.9496,3.40267],[97.94822,3.39869],[97.94757,3.39424],[97.94798,3.39148],[97.94871,3.39002],[97.96451,3.38167],[97.9714,3.37729],[97.97303,3.37592],[97.97586,3.37292],[97.97781,3.37178],[97.97951,3.37146],[97.98729,3.37113],[97.9894,3.37065],[97.99232,3.37048],[97.9928,3.37097],[97.9937,3.37235],[97.99467,3.37292],[97.99564,3.37292],[97.99718,3.37267],[97.99864,3.37186],[97.99994,3.37081],[98.00342,3.36894],[98.00634,3.36586],[98.00942,3.36124],[98.01121,3.35768],[98.01412,3.34981],[98.01575,3.34762],[98.01729,3.34616],[98.01875,3.34519],[98.02053,3.34446],[98.02223,3.34357],[98.0228,3.34284],[98.02345,3.34154],[98.02369,3.33976],[98.02474,3.33741],[98.02661,3.33425],[98.02766,3.33295],[98.02839,3.33165],[98.02925,3.33075]]]}},{"type":"Feature","properties":{"nama":"Aceh Timur","provinsi":"Aceh","sumber":"Batas_Kab"},"geometry":{"type":"Polygon","coordinates":[[[98.01775,4.58818],[98.01763,4.58822],[98.01768,4.58848],[98.01745,4.58855],[98.01741,4.58879],[98.01748,4.58926],[98.01775,4.58951],[98.01729,4.59003],[98.01794,4.59126],[98.01768,4.59217],[98.01782,4.59284],[98.01848,4.59392],[98.01861,4.59435],[98.01832,4.59505],[98.01728,4.59608],[98.0173,4.59623],[98.01792,4.59643],[98.01796,4.59684],[98.01648,4.59812],[98.01667,4.59838],[98.01642,4.59888],[98.01638,4.59931],[98.01717,4.60019],[98.01793,4.60002],[98.01811,4.59953],[98.01847,4.59925],[98.01866,4.59858],[98.01924,4.59843],[98.01952,4.59809],[98.01868,4.59681],[98.01955,4.59467],[98.01978,4.59353],[98.01968,4.59262],[98.01868,4.5905],[98.01871,4.58982],[98.01843,4.58899],[98.01815,4.58852],[98.01775,4.58818]]]}},{"type":"Feature","properties":{"nama":"Aceh Timur","provinsi":"Aceh","sumber":"Batas_Kab"},"geometry":{"type":"Polygon","coordinates":[[[98.01435,4.60475],[98.01526,4.60352],[98.01507,4.60337],[98.01485,4.60357],[98.01469,4.60345],[98.0142,4.60349],[98.01389,4.6037],[98.0133,4.60366],[98.01294,4.60389],[98.01291,4.60424],[98.01345,4.6049],[98.01428,4.60537],[98.01435,4.60475]]]}},{"type":"Feature","properties":{"nama":"Aceh Timur","provinsi":"Aceh","sumber":"Batas_Kab"},"geometry":{"type":"Polygon","coordinates":[[[98.01778,4.6037],[98.01769,4.60361],[98.0172,4.60366],[98.01716,4.60307],[98.01641,4.60309],[98.01618,4.60331],[98.01595,4.6031],[98.01573,4.60317],[98.01563,4.60329],[98.01582,4.60333],[98.01578,4.60356],[98.01561,4.60354],[98.0148,4.60446],[98.0146,4.60453],[98.01443,4.60518],[98.01464,4.60553],[98.01623,4.60608],[98.01688,4.60644],[98.01779,4.60754],[98.01796,4.60748],[98.01822,4.60688],[98.018,4.60628],[98.01805,4.60494],[98.01789,4.60443],[98.01755,4.60403],[98.01778,4.6037]]]}},{"type":"Feature","properties":{"nama":"Aceh Timur","provinsi":"Aceh","sumber":"Batas_Kab"},"geometry":{"type":"Polygon","coordinates":[[[98.00002,4.62522],[98.00079,4.62525],[98.00221,4.62465],[98.00267,4.62472],[98.00442,4.62386],[98.00527,4.62358],[98.00905,4.62129],[98.01109,4.61969],[98.01403,4.61654],[98.01577,4.61436],[98.01642,4.61335],[98.0173,4.61163],[98.0175,4.61055],[98.01801,4.60901],[98.01805,4.60803],[98.01797,4.60779],[98.01786,4.60808],[98.01771,4.60805],[98.01749,4.60736],[98.01661,4.60641],[98.01365,4.6052],[98.01279,4.60454],[98.0123,4.60355],[98.01247,4.60297],[98.01225,4.60308],[98.01203,4.60354],[98.01199,4.60336],[98.01177,4.60336],[98.01167,4.604],[98.01153,4.60416],[98.01034,4.60423],[98.0085,4.6027],[98.0087,4.60242],[98.00855,4.60215],[98.00822,4.60216],[98.00805,4.60233],[98.00756,4.60223],[98.00628,4.60114],[98.0054,4.60063],[98.00487,4.59964],[98.00471,4.59892],[98.0044,4.59886],[98.00381,4.59841],[98.0035,4.59787],[98.00207,4.5965],[98.00155,4.59529],[98.00105,4.59457],[98.00064,4.59423],[97.99996,4.5932],[97.99968,4.59252],[97.99921,4.59217],[97.99898,4.5918],[97.99833,4.59155],[97.99797,4.59117],[97.99773,4.59115],[97.99742,4.59122],[97.99715,4.59156],[97.99595,4.59378],[97.99569,4.59583],[97.99574,4.59665],[97.99608,4.59803],[97.99787,4.59832],[97.99968,4.59894],[98.00208,4.60061],[98.00312,4.60151],[98.00385,4.60244],[98.00401,4.60248],[98.00482,4.60468],[98.00507,4.60603],[98.00508,4.60737],[98.00475,4.60909],[98.00436,4.61039],[98.00382,4.61124],[98.00411,4.61141],[98.00398,4.6116],[98.00386,4.61151],[98.00355,4.61205],[98.00338,4.6121],[98.0032,4.6127],[98.00146,4.61488],[98.00087,4.61635],[98.00104,4.61651],[98.00073,4.61669],[98.00058,4.61702],[98.00009,4.61904],[98.00017,4.61959],[98.00008,4.61966],[97.99996,4.61943],[97.99986,4.61955],[97.9996,4.62187],[98.00002,4.62323],[97.99997,4.6238],[98.00012,4.62401],[98.00019,4.62481],[98.00002,4.62522]]]}},{"type":"Feature","properties":{"nama":"Aceh Timur","provinsi":"Aceh","sumber":"Batas_Kab"},"geometry":{"type":"Polygon","coordinates":[[[97.96913,4.67969],[97.96879,4.67988],[97.96912,4.68022],[97.96931,4.67994],[97.96913,4.67969]]]}},{"type":"Feature","properties":{"nama":"Aceh Timur","provinsi":"Aceh","sumber":"Batas_Kab"},"geometry":{"type":"Polygon","coordinates":[[[97.96662,4.68167],[97.96626,4.68134],[97.96616,4.68146],[97.96621,4.68176],[97.96648,4.68204],[97.96662,4.68167]]]}},{"type":"Feature","properties":{"nama":"Aceh Timur","provinsi":"Aceh","sumber":"Batas_Kab"},"geometry":{"type":"Polygon","coordinates":[[[97.96842,4.67981],[97.96863,4.67968],[97.96828,4.67932],[97.9681,4.67951],[97.96815,4.67972],[97.96776,4.67958],[97.96712,4.68012],[97.96666,4.68089],[97.96692,4.68175],[97.9669,4.68308],[97.96736,4.68448],[97.96783,4.6841],[97.9682,4.68347],[97.96825,4.68304],[97.96844,4.6827],[97.96839,4.68239],[97.96886,4.6807],[97.96876,4.68027],[97.96842,4.67981]]]}},{"type":"Feature","properties":{"nama":"Aceh Timur","provinsi":"Aceh","sumber":"Batas_Kab"},"geometry":{"type":"Polygon","coordinates":[[[97.9672,4.68595],[97.96693,4.68601],[97.96677,4.68644],[97.96684,4.68654],[97.96733,4.68633],[97.9672,4.68595]]]}},{"type":"Feature","properties":{"nama":"Aceh Timur","provinsi":"Aceh","sumber":"Batas_Kab"},"geometry":{"type":"Polygon","coordinates":[[[97.96592,4.68982],[97.96671,4.68827],[97.96703,4.68693],[97.96657,4.68692],[97.96606,4.68781],[97.96583,4.688],[97.96567,4.68829],[97.96577,4.68874],[97.96567,4.68907],[97.96536,4.6893],[97.96519,4.68896],[97.96502,4.68917],[97.96481,4.69014],[97.96488,4.69046],[97.96514,4.69074],[97.96529,4.69072],[97.96592,4.68982]]]}},{"type":"Feature","properties":{"nama":"Aceh Timur","provinsi":"Aceh","sumber":"Batas_Kab"},"geometry":{"type":"Polygon","coordinates":[[[97.96466,4.69053],[97.96455,4.69053],[97.96417,4.69112],[97.96381,4.69203],[97.96346,4.69311],[97.96362,4.69333],[97.96395,4.69323],[97.96469,4.69172],[97.96488,4.69105],[97.96466,4.69053]]]}},{"type":"Feature","properties":{"nama":"Aceh Timur","provinsi":"Aceh","sumber":"Batas_Kab"},"geometry":{"type":"Polygon","coordinates":[[[97.96359,4.69364],[97.96317,4.6939],[97.96287,4.69432],[97.96234,4.69544],[97.96204,4.69716],[97.96233,4.69708],[97.96281,4.69629],[97.96364,4.69404],[97.96359,4.69364]]]}},{"type":"Feature","properties":{"nama":"Aceh Timur","provinsi":"Aceh","sumber":"Batas_Kab"},"geometry":{"type":"Polygon","coordinates":[[[97.96027,4.70422],[97.95977,4.70534],[97.9597,4.7063],[97.96014,4.7059],[97.96046,4.70519],[97.96048,4.70456],[97.96027,4.70422]]]}},{"type":"Feature","properties":{"nama":"Aceh Timur","provinsi":"Aceh","sumber":"Batas_Kab"},"geometry":{"type":"Polygon","coordinates":[[[97.95974,4.7039],[97.95958,4.70391],[97.95927,4.70424],[97.95897,4.70483],[97.95905,4.7067],[97.95922,4.7065],[97.95984,4.70428],[97.95974,4.7039]]]}},{"type":"Feature","properties":{"nama":"Aceh Timur","provinsi":"Aceh","sumber":"Batas_Kab"},"geometry":{"type":"Polygon","coordinates":[[[97.96366,4.70372],[97.96506,4.69881],[97.96754,4.69199],[97.9699,4.68663],[97.97366,4.6792],[97.97476,4.67628],[97.97632,4.6713],[97.97627,4.6708],[97.97577,4.66996],[97.97417,4.67088],[97.97403,4.67139],[97.97427,4.67136],[97.97429,4.67145],[97.97406,4.67161],[97.97362,4.67166],[97.97348,4.6721],[97.97362,4.67251],[97.97404,4.6725],[97.97417,4.67272],[97.97305,4.67371],[97.9729,4.67403],[97.97271,4.67404],[97.97273,4.67428],[97.97244,4.6743],[97.97177,4.67482],[97.97172,4.67514],[97.97196,4.67513],[97.97201,4.6754],[97.97165,4.67616],[97.97146,4.67571],[97.97128,4.67579],[97.97099,4.67774],[97.97123,4.67809],[97.97122,4.67839],[97.97084,4.67926],[97.97087,4.67952],[97.97065,4.67966],[97.97079,4.68002],[97.9704,4.68011],[97.97039,4.68035],[97.97006,4.68074],[97.96995,4.68202],[97.96969,4.68227],[97.96965,4.68267],[97.96922,4.68339],[97.9692,4.68371],[97.96899,4.68388],[97.96871,4.68492],[97.96819,4.68604],[97.9673,4.68921],[97.96595,4.69153],[97.9659,4.69182],[97.96605,4.69226],[97.96553,4.69222],[97.96541,4.69234],[97.96518,4.69279],[97.965,4.69364],[97.9646,4.69404],[97.96465,4.69434],[97.96438,4.69487],[97.96417,4.69581],[97.96428,4.69608],[97.96403,4.69617],[97.96383,4.69646],[97.96328,4.69773],[97.96333,4.69795],[97.96355,4.69813],[97.96327,4.6985],[97.96254,4.69904],[97.96316,4.69965],[97.96336,4.7004],[97.96324,4.70045],[97.96303,4.69991],[97.96257,4.6995],[97.96231,4.69954],[97.96226,4.69975],[97.96173,4.69987],[97.96157,4.70013],[97.96136,4.70128],[97.96148,4.70157],[97.96197,4.70183],[97.96208,4.70201],[97.96103,4.70222],[97.96077,4.70312],[97.96011,4.70322],[97.95997,4.70345],[97.96047,4.70415],[97.96073,4.70365],[97.9607,4.70448],[97.96089,4.70485],[97.96058,4.7057],[97.95982,4.7068],[97.96013,4.70781],[97.96079,4.70862],[97.96095,4.70916],[97.96105,4.71008],[97.96079,4.71132],[97.96097,4.71153],[97.96092,4.71173],[97.96107,4.71194],[97.9611,4.71234],[97.96128,4.7123],[97.96163,4.71187],[97.96229,4.71156],[97.96267,4.71095],[97.96284,4.71023],[97.96304,4.70761],[97.96366,4.70372]]]}},{"type":"Feature","properties":{"nama":"Aceh Timur","provinsi":"Aceh","sumber":"Batas_Kab"},"geometry":{"type":"Polygon","coordinates":[[[97.4971,5.24947],[97.49917,5.24865],[97.50001,5.24848],[97.50278,5.24702],[97.50368,5.24637],[97.50879,5.24415],[97.51451,5.24109],[97.51947,5.23806],[97.51959,5.23788],[97.51982,5.23786],[97.52102,5.2371],[97.52315,5.23565],[97.52388,5.2351],[97.52401,5.23486],[97.52447,5.23468],[97.52518,5.23401],[97.52667,5.23309],[97.52678,5.23287],[97.52777,5.23224],[97.52895,5.23118],[97.52918,5.23117],[97.52924,5.23096],[97.52966,5.23076],[97.53079,5.2297],[97.53194,5.22881],[97.53219,5.22876],[97.53229,5.22856],[97.53534,5.22631],[97.53835,5.22387],[97.54065,5.22212],[97.54103,5.22199],[97.54292,5.22062],[97.54418,5.21941],[97.54582,5.21835],[97.54702,5.21735],[97.55061,5.2149],[97.55336,5.21231],[97.55406,5.21085],[97.55397,5.2103],[97.55369,5.21023],[97.55314,5.21043],[97.55243,5.21044],[97.5498,5.20994],[97.54944,5.20997],[97.5494,5.2101],[97.55035,5.21014],[97.55019,5.2107],[97.54883,5.2106],[97.54599,5.20881],[97.54526,5.20884],[97.54508,5.20903],[97.54395,5.20453],[97.54506,5.2043],[97.54622,5.20433],[97.54727,5.20396],[97.54782,5.20263],[97.54913,5.20184],[97.54949,5.20131],[97.55009,5.20081],[97.55147,5.20009],[97.55212,5.19901],[97.5531,5.19854],[97.55331,5.19797],[97.55286,5.19654],[97.55345,5.19594],[97.55441,5.19596],[97.55478,5.19616],[97.55594,5.19562],[97.55747,5.19393],[97.5584,5.19334],[97.55925,5.19255],[97.56058,5.19167],[97.56174,5.19069],[97.56395,5.18817],[97.56491,5.18735],[97.56515,5.18693],[97.56553,5.18672],[97.56702,5.18491],[97.56775,5.18389],[97.56798,5.18301],[97.56733,5.18303],[97.56656,5.18273],[97.56631,5.18142],[97.5677,5.18014],[97.56776,5.18001],[97.56752,5.17944],[97.56791,5.17887],[97.56831,5.17856],[97.5686,5.1781],[97.56905,5.17806],[97.56911,5.17778],[97.56861,5.17773],[97.56864,5.17725],[97.56889,5.17671],[97.56927,5.17655],[97.56939,5.17587],[97.56959,5.17564],[97.56961,5.17539],[97.56991,5.17509],[97.57005,5.17461],[97.57087,5.17413],[97.57161,5.17405],[97.57159,5.17335],[97.57191,5.17246],[97.57268,5.17112],[97.57323,5.16977],[97.57324,5.16956],[97.57274,5.16891],[97.57785,5.16609],[97.57813,5.16606],[97.57871,5.16554],[97.58115,5.16251],[97.58159,5.16171],[97.58165,5.16134],[97.58222,5.16069],[97.58331,5.15852],[97.58512,5.15611],[97.5857,5.15478],[97.58736,5.15227],[97.58989,5.14933],[97.5927,5.1469],[97.59317,5.14629],[97.59296,5.14578],[97.59269,5.14562],[97.59133,5.14591],[97.59053,5.14428],[97.591,5.14374],[97.5915,5.14339],[97.59163,5.14338],[97.59178,5.14362],[97.59451,5.14218],[97.59495,5.14214],[97.59736,5.14099],[97.59494,5.14212],[97.59456,5.14199],[97.59497,5.14163],[97.59664,5.1408],[97.59697,5.14083],[97.59725,5.14043],[97.59843,5.13981],[97.5986,5.13932],[97.59991,5.13846],[97.60256,5.13719],[97.60778,5.134],[97.61023,5.13297],[97.613,5.13211],[97.61687,5.13131],[97.62251,5.13133],[97.6243,5.13094],[97.62469,5.13068],[97.6254,5.12935],[97.6251,5.12894],[97.62584,5.12788],[97.62759,5.12853],[97.62812,5.12855],[97.62829,5.12895],[97.6294,5.13023],[97.62965,5.13081],[97.63042,5.13103],[97.63032,5.13114],[97.62993,5.13104],[97.63002,5.13134],[97.63035,5.13139],[97.63066,5.13185],[97.63107,5.13172],[97.63091,5.13194],[97.63097,5.13232],[97.63108,5.1323],[97.6315,5.1327],[97.63241,5.13374],[97.63312,5.13404],[97.63315,5.1346],[97.63381,5.13462],[97.6345,5.13422],[97.63562,5.1338],[97.63549,5.1329],[97.63505,5.1319],[97.63534,5.1316],[97.63549,5.13167],[97.63594,5.13148],[97.63647,5.131],[97.63673,5.13116],[97.63697,5.13107],[97.63713,5.13132],[97.63761,5.13088],[97.63804,5.13089],[97.63765,5.13129],[97.63754,5.13158],[97.63815,5.13155],[97.6376,5.132],[97.63665,5.13236],[97.63587,5.1322],[97.6358,5.13239],[97.63599,5.13259],[97.63639,5.13265],[97.63726,5.13233],[97.64121,5.12935],[97.64361,5.12793],[97.64524,5.12642],[97.64676,5.12578],[97.64722,5.12539],[97.64867,5.12464],[97.65127,5.12375],[97.65199,5.12324],[97.65235,5.12275],[97.65245,5.12227],[97.65209,5.1211],[97.65155,5.11997],[97.65093,5.11976],[97.65032,5.12011],[97.65083,5.11997],[97.65052,5.1202],[97.65051,5.12036],[97.65144,5.121],[97.65154,5.12118],[97.65139,5.12127],[97.65048,5.12065],[97.65028,5.12035],[97.64939,5.12043],[97.64937,5.12065],[97.64958,5.12047],[97.6496,5.12081],[97.64908,5.12114],[97.64893,5.12057],[97.64915,5.1204],[97.64897,5.12],[97.64943,5.11928],[97.64987,5.11896],[97.64963,5.11875],[97.6502,5.11801],[97.65015,5.11764],[97.65059,5.11733],[97.6507,5.11711],[97.65052,5.11663],[97.65186,5.11477],[97.65261,5.11471],[97.65329,5.11325],[97.65343,5.11101],[97.65318,5.10962],[97.65368,5.10888],[97.65377,5.10846],[97.65413,5.10398],[97.65394,5.10376],[97.65387,5.10338],[97.65391,5.10274],[97.6536,5.10014],[97.65332,5.09944],[97.65352,5.09766],[97.65401,5.0955],[97.65393,5.09514],[97.6542,5.09402],[97.6541,5.09374],[97.65431,5.09299],[97.65452,5.09273],[97.65428,5.09232],[97.65451,5.09221],[97.65506,5.08943],[97.65605,5.08621],[97.65784,5.0813],[97.65777,5.08083],[97.65643,5.08047],[97.65483,5.08131],[97.65368,5.08164],[97.65242,5.08236],[97.65164,5.08314],[97.65147,5.08351],[97.6512,5.08336],[97.65041,5.08432],[97.64935,5.08398],[97.64917,5.08354],[97.64875,5.08363],[97.64871,5.08341],[97.64888,5.08325],[97.64864,5.08306],[97.64732,5.08282],[97.64693,5.08303],[97.64621,5.08305],[97.64584,5.08334],[97.64552,5.08403],[97.64567,5.08434],[97.646,5.08433],[97.64575,5.08452],[97.64519,5.08472],[97.64423,5.08472],[97.64414,5.08443],[97.64433,5.08388],[97.64411,5.08379],[97.64465,5.08204],[97.64582,5.08076],[97.64633,5.07974],[97.64617,5.07888],[97.64529,5.07735],[97.64473,5.07564],[97.64572,5.07518],[97.64653,5.07537],[97.64795,5.0744],[97.64852,5.0737],[97.64871,5.07365],[97.64982,5.07255],[97.6504,5.07181],[97.65227,5.07011],[97.65436,5.0685],[97.6559,5.06772],[97.65757,5.06636],[97.65799,5.06625],[97.65803,5.06585],[97.6593,5.06456],[97.65979,5.06441],[97.66134,5.06288],[97.66194,5.06278],[97.6637,5.06094],[97.66372,5.0608],[97.66358,5.06074],[97.66364,5.06053],[97.66465,5.06014],[97.66579,5.05932],[97.66642,5.05913],[97.66773,5.05808],[97.66755,5.05762],[97.66799,5.0578],[97.66896,5.0571],[97.6695,5.05642],[97.66949,5.05608],[97.66994,5.056],[97.67095,5.0553],[97.67171,5.05446],[97.67221,5.05332],[97.67281,5.05254],[97.6731,5.05116],[97.67294,5.05036],[97.67348,5.04999],[97.67458,5.05039],[97.67478,5.05027],[97.67489,5.04966],[97.67529,5.04891],[97.67514,5.04836],[97.67525,5.0479],[97.67552,5.04795],[97.67577,5.04766],[97.67656,5.04806],[97.67799,5.04748],[97.6946,5.03344],[97.69581,5.03255],[97.69761,5.03078],[97.69913,5.02959],[97.69996,5.02845],[97.70016,5.02787],[97.70301,5.02652],[97.70629,5.02356],[97.72805,5.00552],[97.73289,5.00183],[97.73646,4.99971],[97.7369,4.99899],[97.73586,4.99815],[97.73597,4.9979],[97.73661,4.99768],[97.7385,4.99572],[97.73877,4.99561],[97.7407,4.99388],[97.74652,4.98931],[97.75304,4.98371],[97.7583,4.97946],[97.75941,4.97831],[97.75951,4.97795],[97.75912,4.97754],[97.75943,4.97673],[97.76053,4.97655],[97.76251,4.97513],[97.76377,4.97403],[97.76427,4.97376],[97.76572,4.9724],[97.76625,4.9721],[97.76656,4.97158],[97.76812,4.97046],[97.76902,4.96956],[97.77069,4.9682],[97.77448,4.96533],[97.77701,4.96369],[97.77931,4.96264],[97.78181,4.96507],[97.78234,4.96512],[97.78182,4.96497],[97.77806,4.96122],[97.77806,4.96091],[97.77883,4.96007],[97.77914,4.96015],[97.78309,4.96374],[97.78327,4.96422],[97.78313,4.96369],[97.77925,4.96004],[97.78006,4.95833],[97.78161,4.95665],[97.78299,4.95539],[97.78959,4.95015],[97.79156,4.94802],[97.79141,4.94808],[97.79131,4.94796],[97.79135,4.94771],[97.79278,4.94639],[97.79313,4.94581],[97.79315,4.94555],[97.79345,4.94541],[97.79358,4.94577],[97.79381,4.94573],[97.79612,4.94384],[97.79657,4.94316],[97.79939,4.94069],[97.8057,4.93535],[97.80925,4.93257],[97.8096,4.93223],[97.80978,4.93163],[97.81005,4.93172],[97.81058,4.93146],[97.81459,4.92852],[97.81503,4.92804],[97.81602,4.92748],[97.8257,4.92083],[97.82992,4.91775],[97.83174,4.9166],[97.84072,4.91025],[97.84094,4.91],[97.84096,4.90969],[97.8406,4.90965],[97.84004,4.90931],[97.8396,4.90863],[97.83964,4.90785],[97.84032,4.90718],[97.84082,4.90743],[97.84059,4.90809],[97.84082,4.90814],[97.84384,4.90698],[97.84816,4.9038],[97.85796,4.89865],[97.85828,4.89824],[97.85789,4.89829],[97.85789,4.89807],[97.85878,4.8978],[97.86013,4.89693],[97.86167,4.89617],[97.86255,4.89528],[97.86325,4.89498],[97.86405,4.89433],[97.86705,4.89297],[97.87092,4.89158],[97.87522,4.89038],[97.87913,4.88949],[97.8817,4.88909],[97.88433,4.88886],[97.88847,4.88895],[97.88917,4.88886],[97.89082,4.88833],[97.89223,4.88764],[97.89274,4.88696],[97.89248,4.88656],[97.89327,4.88572],[97.89447,4.88623],[97.89509,4.88661],[97.89561,4.88711],[97.89783,4.88843],[97.8981,4.88869],[97.89855,4.88978],[97.89921,4.89016],[97.90453,4.89177],[97.90582,4.89184],[97.90719,4.8914],[97.90721,4.89129],[97.90635,4.89069],[97.90606,4.89002],[97.90606,4.8889],[97.90591,4.88864],[97.90575,4.8887],[97.90573,4.88885],[97.90584,4.88932],[97.90571,4.89014],[97.90574,4.89128],[97.90524,4.89151],[97.90514,4.89146],[97.90525,4.89097],[97.90452,4.8914],[97.90427,4.89113],[97.90367,4.89101],[97.90413,4.89006],[97.9045,4.89024],[97.90471,4.89021],[97.90478,4.89006],[97.90459,4.88989],[97.90439,4.89],[97.90424,4.88983],[97.90399,4.88843],[97.90407,4.88759],[97.90448,4.88595],[97.9044,4.88441],[97.90471,4.8837],[97.90466,4.88293],[97.90483,4.88312],[97.9049,4.88387],[97.90505,4.88409],[97.90514,4.88377],[97.90504,4.88304],[97.90519,4.88227],[97.90754,4.87598],[97.90779,4.87513],[97.90786,4.87432],[97.90988,4.86977],[97.91135,4.8669],[97.9114,4.86643],[97.91238,4.86364],[97.91929,4.84685],[97.91948,4.84582],[97.91941,4.84524],[97.91925,4.84496],[97.91866,4.84478],[97.91867,4.8441],[97.91933,4.84352],[97.92042,4.84168],[97.92074,4.84036],[97.92327,4.83367],[97.92325,4.83327],[97.92279,4.83308],[97.92272,4.83281],[97.92306,4.83266],[97.92358,4.83193],[97.92397,4.83104],[97.92424,4.82998],[97.92678,4.82415],[97.92683,4.8238],[97.92654,4.82338],[97.92654,4.82313],[97.92787,4.82049],[97.9281,4.81915],[97.92861,4.81805],[97.92868,4.81655],[97.92898,4.8165],[97.93027,4.8144],[97.9401,4.79222],[97.94197,4.78646],[97.94217,4.78559],[97.9422,4.7848],[97.94252,4.78431],[97.94385,4.78016],[97.94398,4.77793],[97.94447,4.77611],[97.94443,4.77573],[97.94426,4.77569],[97.94289,4.77358],[97.94314,4.77349],[97.94305,4.77308],[97.94334,4.77204],[97.94636,4.76827],[97.94824,4.76657],[97.94852,4.76613],[97.9484,4.76564],[97.94883,4.76511],[97.94887,4.76483],[97.94916,4.76463],[97.9496,4.76474],[97.94988,4.76452],[97.9509,4.76291],[97.95202,4.76033],[97.95339,4.75789],[97.95685,4.75056],[97.95727,4.74928],[97.95967,4.74388],[97.96056,4.74137],[97.96058,4.74048],[97.96077,4.74],[97.96055,4.73875],[97.96043,4.73851],[97.95991,4.73817],[97.95981,4.73825],[97.95992,4.73889],[97.95969,4.7391],[97.95963,4.73937],[97.96003,4.7388],[97.96024,4.73875],[97.96051,4.73919],[97.96051,4.7398],[97.96043,4.73986],[97.96028,4.73969],[97.95974,4.73994],[97.95963,4.74027],[97.95982,4.74087],[97.95978,4.74123],[97.95825,4.74311],[97.95788,4.74383],[97.95634,4.74477],[97.95505,4.74536],[97.95415,4.74571],[97.9538,4.74564],[97.95295,4.74581],[97.9528,4.74432],[97.95337,4.74433],[97.95392,4.74414],[97.95387,4.74315],[97.95401,4.74243],[97.95391,4.74226],[97.9542,4.74155],[97.954,4.74066],[97.95375,4.74032],[97.9539,4.73971],[97.95375,4.73941],[97.95352,4.73942],[97.95355,4.73914],[97.95376,4.73886],[97.95389,4.73899],[97.95457,4.73907],[97.95478,4.73897],[97.95474,4.73817],[97.95505,4.73784],[97.95509,4.73674],[97.95527,4.73608],[97.95597,4.73543],[97.9564,4.73456],[97.95695,4.73429],[97.95794,4.7325],[97.95913,4.73175],[97.95949,4.73123],[97.95993,4.73014],[97.96033,4.7281],[97.96052,4.7263],[97.96054,4.72341],[97.96086,4.72256],[97.96083,4.72198],[97.96122,4.71991],[97.96227,4.71558],[97.96218,4.71483],[97.96191,4.71449],[97.96145,4.71433],[97.9613,4.7147],[97.96113,4.7147],[97.96106,4.71402],[97.9603,4.71296],[97.96031,4.71066],[97.96056,4.70994],[97.96062,4.70934],[97.96047,4.70889],[97.95924,4.70765],[97.95914,4.70688],[97.95893,4.70686],[97.95852,4.70724],[97.95821,4.70706],[97.95853,4.70669],[97.95867,4.70602],[97.9583,4.70509],[97.95792,4.70499],[97.95795,4.70453],[97.95835,4.70447],[97.95856,4.70423],[97.96039,4.70027],[97.96145,4.69852],[97.96152,4.69783],[97.96196,4.69669],[97.96245,4.69461],[97.96276,4.6942],[97.9631,4.69329],[97.96368,4.69083],[97.96449,4.68839],[97.96513,4.68708],[97.96632,4.68582],[97.96666,4.68507],[97.96659,4.68367],[97.96612,4.68282],[97.96597,4.68155],[97.96573,4.6815],[97.9654,4.68174],[97.96397,4.68069],[97.96447,4.67954],[97.96427,4.67796],[97.9634,4.67754],[97.9627,4.67684],[97.96216,4.67698],[97.96204,4.67735],[97.96192,4.6773],[97.96182,4.67689],[97.96136,4.67636],[97.96107,4.67624],[97.96105,4.67601],[97.96172,4.67607],[97.96187,4.67597],[97.96183,4.67454],[97.96212,4.67326],[97.962,4.67194],[97.96269,4.67018],[97.96263,4.66984],[97.96291,4.66947],[97.96312,4.66766],[97.96371,4.66693],[97.96359,4.66672],[97.96368,4.66595],[97.96343,4.66559],[97.96297,4.66535],[97.96344,4.66474],[97.96426,4.6649],[97.96502,4.66437],[97.96555,4.66435],[97.96619,4.66402],[97.9672,4.66376],[97.96773,4.66342],[97.96779,4.66302],[97.968,4.66313],[97.96849,4.66305],[97.96864,4.6628],[97.96934,4.66259],[97.96948,4.66236],[97.9699,4.66249],[97.97056,4.66245],[97.97118,4.66269],[97.97111,4.66231],[97.97143,4.66201],[97.97153,4.66133],[97.97202,4.6608],[97.97248,4.65932],[97.9724,4.65898],[97.97161,4.65833],[97.97232,4.65803],[97.97356,4.65709],[97.97406,4.65598],[97.9745,4.65398],[97.97512,4.65273],[97.97682,4.65272],[97.97777,4.65229],[97.97826,4.65249],[97.97875,4.65246],[97.97898,4.65204],[97.97952,4.65205],[97.9804,4.65143],[97.98055,4.65062],[97.98074,4.65061],[97.98078,4.65043],[97.98066,4.64993],[97.98035,4.65001],[97.98007,4.6503],[97.98043,4.64945],[97.983,4.64693],[97.98372,4.64659],[97.98518,4.64443],[97.98582,4.6438],[97.98622,4.64291],[97.9869,4.64247],[97.9872,4.64259],[97.98766,4.64232],[97.98806,4.64229],[97.98811,4.64176],[97.98835,4.64152],[97.98851,4.64153],[97.98879,4.6418],[97.98905,4.6416],[97.98915,4.64182],[97.98939,4.64183],[97.98983,4.64145],[97.98994,4.64176],[97.99026,4.64195],[97.9906,4.64196],[97.99077,4.64179],[97.99117,4.64207],[97.99192,4.64199],[97.99265,4.64162],[97.99311,4.64152],[97.99341,4.64109],[97.99368,4.64104],[97.99457,4.64035],[97.9947,4.6401],[97.99496,4.6401],[97.99584,4.63933],[97.99623,4.63847],[97.99637,4.63739],[97.99601,4.63596],[97.99503,4.63409],[97.99466,4.6339],[97.99447,4.63403],[97.99437,4.63433],[97.99414,4.63433],[97.99419,4.63378],[97.99388,4.63319],[97.99385,4.6327],[97.99355,4.63239],[97.99254,4.632],[97.99265,4.63172],[97.99258,4.63109],[97.99186,4.62996],[97.99176,4.62939],[97.99192,4.62899],[97.99234,4.62855],[97.99248,4.62779],[97.99274,4.62739],[97.99288,4.62598],[97.99329,4.62475],[97.99364,4.62414],[97.99399,4.62382],[97.99406,4.62335],[97.99386,4.62301],[97.99444,4.62216],[97.99501,4.62082],[97.9949,4.61962],[97.99447,4.61946],[97.99435,4.61964],[97.99425,4.6193],[97.99347,4.61899],[97.99362,4.61743],[97.99456,4.61754],[97.9948,4.61744],[97.99476,4.61667],[97.99501,4.61517],[97.99545,4.61432],[97.99581,4.61395],[97.9961,4.61384],[97.99642,4.61345],[97.99753,4.61286],[97.99822,4.61262],[97.99887,4.61265],[97.99915,4.61252],[97.99906,4.61236],[97.99679,4.61192],[97.99692,4.61156],[97.9978,4.61165],[97.99924,4.61155],[97.99949,4.61132],[97.99969,4.61058],[98.00018,4.61005],[98.00056,4.60993],[98.00121,4.60997],[98.00207,4.60814],[98.00218,4.60764],[98.00213,4.60695],[98.00197,4.60599],[98.00164,4.60524],[98.00123,4.60466],[98.0004,4.60397],[97.99925,4.60346],[97.99406,4.60177],[97.99159,4.60082],[97.99267,4.59762],[97.99298,4.59779],[97.99431,4.59806],[97.99488,4.59797],[97.99524,4.59752],[97.99525,4.59511],[97.99558,4.59356],[97.99634,4.59192],[97.99637,4.59163],[97.99673,4.59126],[97.99692,4.59074],[97.99714,4.59051],[97.9971,4.59023],[97.99736,4.59013],[97.99804,4.58927],[97.99825,4.58875],[97.99817,4.58818],[97.99791,4.588],[97.99671,4.58793],[97.99648,4.58812],[97.99631,4.58787],[97.99587,4.58793],[97.9952,4.58754],[97.99463,4.58739],[97.99431,4.58659],[97.9938,4.58588],[97.99331,4.5846],[97.99266,4.58447],[97.99234,4.58404],[97.99182,4.58412],[97.99117,4.5839],[97.99039,4.58315],[97.99026,4.58285],[97.99006,4.58277],[97.98972,4.58208],[97.98832,4.58026],[97.98823,4.57991],[97.98789,4.57942],[97.98711,4.57731],[97.98616,4.57607],[97.98591,4.57515],[97.98553,4.57482],[97.98518,4.57412],[97.98451,4.57221],[97.98437,4.57107],[97.98442,4.57059],[97.98408,4.57016],[97.98377,4.57007],[97.98362,4.57218],[97.98327,4.57344],[97.9828,4.57413],[97.98193,4.57368],[97.98202,4.57283],[97.98195,4.57228],[97.98181,4.57199],[97.98131,4.57155],[97.98118,4.57103],[97.98094,4.5669],[97.98039,4.56601],[97.97877,4.56479],[97.97725,4.56448],[97.9767,4.56459],[97.97564,4.56424],[97.97526,4.56388],[97.97461,4.56374],[97.97356,4.56305],[97.97213,4.56117],[97.97214,4.55893],[97.97265,4.55789],[97.9725,4.55622],[97.97277,4.55589],[97.97282,4.55562],[97.97467,4.55659],[97.97512,4.55535],[97.97614,4.5533],[97.98043,4.54648],[97.98055,4.54569],[97.98032,4.54472],[97.98001,4.54367],[97.97918,4.54219],[97.97727,4.54044],[97.97508,4.53909],[97.97218,4.53706],[97.97109,4.53615],[97.96989,4.534],[97.96829,4.53183],[97.96666,4.53085],[97.96519,4.53028],[97.96363,4.53008],[97.96165,4.53088],[97.9595,4.53269],[97.95761,4.53536],[97.95655,4.53631],[97.95544,4.5368],[97.95419,4.53691],[97.9529,4.53679],[97.95152,4.53632],[97.9512,4.53614],[97.95076,4.53547],[97.95066,4.53417],[97.95096,4.53324],[97.95159,4.53195],[97.9515,4.53139],[97.95124,4.53107],[97.9506,4.53091],[97.94861,4.53098],[97.94716,4.53063],[97.94544,4.53093],[97.94509,4.53072],[97.94481,4.53032],[97.94473,4.52902],[97.94418,4.52906],[97.94328,4.52864],[97.94223,4.52855],[97.94178,4.52884],[97.94069,4.52882],[97.9399,4.52866],[97.93949,4.52944],[97.93543,4.53049],[97.93658,4.53456],[97.9332,4.53538],[97.93225,4.53548],[97.93224,4.53565],[97.92902,4.53576],[97.92702,4.53553],[97.92457,4.53452],[97.92121,4.5339],[97.91996,4.53285],[97.91679,4.5314],[97.91531,4.52928],[97.91489,4.52819],[97.91419,4.52692],[97.91357,4.52649],[97.91344,4.52528],[97.91271,4.52476],[97.91253,4.5244],[97.91231,4.52346],[97.91228,4.52259],[97.91085,4.52142],[97.90963,4.52101],[97.90868,4.52085],[97.90821,4.51922],[97.90782,4.51857],[97.9057,4.51559],[97.90365,4.51365],[97.90338,4.51279],[97.90306,4.51225],[97.90256,4.51216],[97.90191,4.51167],[97.90183,4.51146],[97.90088,4.51096],[97.9003,4.51094],[97.8995,4.51006],[97.8981,4.50935],[97.89738,4.50828],[97.89671,4.50764],[97.89659,4.50725],[97.89586,4.50641],[97.8958,4.50613],[97.89481,4.50474],[97.8947,4.5043],[97.89513,4.50363],[97.89486,4.5035],[97.8945,4.50307],[97.89397,4.50279],[97.89363,4.50171],[97.89373,4.5014],[97.89354,4.50128],[97.89325,4.50022],[97.89311,4.50014],[97.89294,4.49922],[97.89253,4.49882],[97.89237,4.49833],[97.89193,4.49804],[97.89129,4.49733],[97.89059,4.4958],[97.89055,4.49522],[97.89088,4.49445],[97.89093,4.49344],[97.89134,4.4927],[97.89136,4.49237],[97.89098,4.492],[97.89158,4.48971],[97.89094,4.48699],[97.89052,4.48609],[97.8904,4.48526],[97.89072,4.4837],[97.8914,4.48156],[97.89173,4.47992],[97.8916,4.4794],[97.8911,4.47898],[97.89082,4.47826],[97.89051,4.47822],[97.88904,4.47743],[97.88869,4.47736],[97.88822,4.47766],[97.88593,4.47738],[97.88468,4.47749],[97.88464,4.47691],[97.8838,4.4771],[97.88226,4.47787],[97.88241,4.47717],[97.88239,4.47587],[97.88271,4.47478],[97.88304,4.4742],[97.88279,4.47409],[97.88199,4.47423],[97.88044,4.47413],[97.87993,4.47427],[97.87904,4.47416],[97.87755,4.47451],[97.8744,4.4743],[97.87375,4.47451],[97.8711,4.47475],[97.8708,4.47517],[97.87047,4.47525],[97.86983,4.47482],[97.86943,4.47413],[97.8694,4.47375],[97.86819,4.47252],[97.86828,4.47233],[97.86804,4.47096],[97.86906,4.46995],[97.86842,4.46809],[97.86807,4.46779],[97.86793,4.46741],[97.86859,4.4667],[97.86835,4.46637],[97.8688,4.46587],[97.86923,4.46369],[97.86929,4.46187],[97.86974,4.46132],[97.87017,4.46017],[97.87004,4.45838],[97.86966,4.45832],[97.86892,4.45772],[97.8688,4.45698],[97.86832,4.45609],[97.86822,4.45546],[97.86773,4.45519],[97.8678,4.45482],[97.86826,4.45464],[97.86946,4.45544],[97.87071,4.45462],[97.87223,4.45428],[97.87264,4.45435],[97.87286,4.4538],[97.87362,4.45306],[97.87396,4.45215],[97.87391,4.45158],[97.87364,4.4509],[97.87404,4.44983],[97.87571,4.44861],[97.87653,4.44822],[97.87682,4.44829],[97.87701,4.44873],[97.8777,4.44908],[97.87861,4.44918],[97.87989,4.44973],[97.8804,4.44979],[97.88113,4.45027],[97.88187,4.45026],[97.88225,4.45046],[97.88283,4.45106],[97.883,4.45088],[97.88382,4.45088],[97.88422,4.45051],[97.88472,4.45074],[97.88521,4.45045],[97.88551,4.45071],[97.88568,4.45131],[97.8875,4.44836],[97.88836,4.44752],[97.8883,4.44811],[97.88849,4.44863],[97.88921,4.44891],[97.88976,4.44953],[97.89023,4.44967],[97.89079,4.45042],[97.89217,4.45172],[97.8927,4.45118],[97.89291,4.45051],[97.89373,4.45005],[97.89411,4.44962],[97.89663,4.44778],[97.89742,4.4467],[97.8979,4.44632],[97.89798,4.44554],[97.89838,4.44528],[97.89867,4.44489],[97.89898,4.44471],[97.9,4.44462],[97.90193,4.44354],[97.90308,4.44369],[97.90345,4.44426],[97.90312,4.44571],[97.90194,4.44706],[97.9018,4.44725],[97.90184,4.44748],[97.90211,4.4475],[97.90246,4.44727],[97.90327,4.44721],[97.90404,4.44764],[97.90429,4.44823],[97.90365,4.4488],[97.90339,4.44946],[97.90391,4.44979],[97.90555,4.45164],[97.9066,4.45207],[97.90706,4.45211],[97.90786,4.45192],[97.90858,4.45155],[97.90866,4.45121],[97.90844,4.4503],[97.90813,4.45017],[97.90743,4.45055],[97.90706,4.4506],[97.90695,4.45082],[97.90702,4.45135],[97.90676,4.45163],[97.90652,4.45165],[97.90626,4.45114],[97.90636,4.45057],[97.9061,4.45013],[97.90624,4.44975],[97.90763,4.44952],[97.9076,4.44923],[97.90713,4.44905],[97.90696,4.44875],[97.90704,4.44854],[97.90748,4.4483],[97.90771,4.4471],[97.90798,4.44688],[97.90849,4.44708],[97.90887,4.44753],[97.90898,4.44785],[97.90891,4.44821],[97.9082,4.44871],[97.90807,4.44906],[97.9082,4.44921],[97.90888,4.44937],[97.9093,4.44978],[97.90968,4.44958],[97.91044,4.44836],[97.91124,4.44795],[97.91153,4.44789],[97.91204,4.44809],[97.91315,4.44804],[97.91395,4.44767],[97.91414,4.44769],[97.91431,4.44809],[97.91424,4.44877],[97.91381,4.44892],[97.91297,4.4487],[97.91189,4.44973],[97.91189,4.45095],[97.91204,4.45117],[97.91263,4.45116],[97.91311,4.45136],[97.91386,4.45137],[97.91638,4.45177],[97.91709,4.45135],[97.91705,4.45102],[97.91723,4.45092],[97.91738,4.45119],[97.91774,4.45099],[97.91798,4.45032],[97.9184,4.45031],[97.91888,4.45011],[97.91846,4.44949],[97.91763,4.44879],[97.9176,4.44809],[97.9168,4.44665],[97.91739,4.44648],[97.91773,4.44612],[97.91782,4.44541],[97.91773,4.44466],[97.91923,4.44206],[97.91985,4.44165],[97.92141,4.44174],[97.922,4.44238],[97.92236,4.44256],[97.92401,4.44231],[97.92492,4.44195],[97.92597,4.44208],[97.92641,4.44125],[97.92659,4.44059],[97.92649,4.43891],[97.92662,4.43767],[97.92699,4.43688],[97.92748,4.4364],[97.92757,4.43575],[97.92712,4.4351],[97.92642,4.43481],[97.92634,4.43465],[97.9264,4.4342],[97.92678,4.43376],[97.92685,4.43322],[97.92627,4.43078],[97.92557,4.4297],[97.92485,4.42903],[97.92482,4.42883],[97.92374,4.4282],[97.92271,4.4262],[97.92107,4.42694],[97.91784,4.42673],[97.91517,4.42535],[97.91373,4.42086],[97.91718,4.41952],[97.91944,4.42043],[97.92191,4.42175],[97.92287,4.42284],[97.92341,4.42265],[97.92389,4.4222],[97.92488,4.42228],[97.92519,4.42215],[97.92535,4.42082],[97.92529,4.42041],[97.92571,4.42057],[97.92639,4.42062],[97.92796,4.4203],[97.92827,4.42031],[97.92862,4.42052],[97.92901,4.42164],[97.92906,4.42243],[97.92922,4.42291],[97.9304,4.42352],[97.93106,4.42461],[97.9321,4.42532],[97.93257,4.42506],[97.93313,4.42501],[97.93373,4.42526],[97.93415,4.42563],[97.93415,4.42598],[97.93393,4.42628],[97.93392,4.42655],[97.93403,4.42685],[97.93458,4.4271],[97.93482,4.42734],[97.93504,4.42869],[97.93544,4.42884],[97.93595,4.42863],[97.93659,4.42877],[97.93678,4.42913],[97.93695,4.42998],[97.93719,4.43018],[97.93801,4.43039],[97.93934,4.43047],[97.93998,4.43078],[97.94045,4.43077],[97.94067,4.43175],[97.94093,4.43219],[97.9409,4.43284],[97.94002,4.43358],[97.93925,4.43394],[97.93936,4.43451],[97.93999,4.43534],[97.94021,4.43602],[97.94042,4.43613],[97.94141,4.4362],[97.94219,4.43659],[97.94313,4.43677],[97.94332,4.43667],[97.9433,4.4365],[97.94346,4.4365],[97.94364,4.43663],[97.94369,4.43694],[97.94385,4.4371],[97.94395,4.43714],[97.94407,4.43694],[97.94522,4.43737],[97.94565,4.43742],[97.94652,4.43694],[97.94675,4.43723],[97.94737,4.43741],[97.94797,4.43803],[97.94862,4.43824],[97.94913,4.43877],[97.94998,4.43905],[97.9517,4.4388],[97.95199,4.43858],[97.95229,4.43863],[97.95282,4.43973],[97.95306,4.43987],[97.95446,4.4399],[97.95548,4.44024],[97.9565,4.44039],[97.95747,4.44018],[97.95856,4.44027],[97.95883,4.44037],[97.95918,4.44102],[97.95995,4.4412],[97.96057,4.44114],[97.96138,4.44127],[97.96213,4.44097],[97.96248,4.44121],[97.96293,4.4418],[97.96444,4.44248],[97.96594,4.44339],[97.96595,4.44261],[97.9666,4.44198],[97.96688,4.44085],[97.96741,4.44012],[97.96797,4.43995],[97.97161,4.43684],[97.97113,4.43591],[97.97147,4.43511],[97.97135,4.43428],[97.9716,4.43384],[97.97152,4.43272],[97.97106,4.43195],[97.97084,4.43127],[97.97045,4.43074],[97.97034,4.43004],[97.97037,4.42901],[97.96992,4.42802],[97.96991,4.42741],[97.96943,4.427],[97.96897,4.42632],[97.96889,4.4259],[97.96912,4.42548],[97.96908,4.4251],[97.96894,4.42454],[97.96869,4.4242],[97.96873,4.4241],[97.96921,4.42421],[97.96941,4.42398],[97.97006,4.42377],[97.97013,4.42343],[97.97074,4.42315],[97.97093,4.42285],[97.97145,4.42249],[97.97171,4.42126],[97.97195,4.41898],[97.97214,4.41853],[97.97195,4.41803],[97.97415,4.41872],[97.97427,4.41879],[97.97426,4.41938],[97.97442,4.41941],[97.98254,4.41934],[97.98251,4.41839],[97.98269,4.41779],[97.98224,4.41505],[97.98258,4.41084],[97.98418,4.41136],[97.98548,4.41095],[97.98633,4.41045],[97.98679,4.41058],[97.98736,4.41048],[97.98791,4.41062],[97.98889,4.41064],[97.98897,4.41038],[97.98929,4.41008],[97.99001,4.40976],[97.99044,4.40928],[97.9903,4.40873],[97.98995,4.40858],[97.99004,4.40811],[97.99019,4.40798],[97.99038,4.40813],[97.99054,4.40855],[97.99124,4.40867],[97.99156,4.40895],[97.99208,4.40885],[97.99289,4.40952],[97.99349,4.40936],[97.99367,4.40915],[97.99349,4.40878],[97.99352,4.40854],[97.99384,4.4083],[97.99436,4.40744],[97.99483,4.40696],[97.99493,4.40648],[97.99531,4.40628],[97.9957,4.40658],[97.99594,4.40708],[97.99628,4.40705],[97.99685,4.40723],[97.99745,4.40685],[97.99797,4.40686],[97.99903,4.40654],[97.99953,4.40673],[97.99988,4.40659],[98.00027,4.40618],[98.00076,4.40602],[98.00089,4.40586],[98.00071,4.40552],[98.00024,4.40551],[98.00027,4.40535],[98.00076,4.40542],[98.00089,4.40508],[98.0011,4.40504],[98.0013,4.40516],[98.00149,4.40553],[98.00193,4.40554],[98.00212,4.40524],[98.00227,4.40522],[98.00189,4.40457],[98.00188,4.40421],[98.00211,4.40263],[98.00266,4.40159],[98.00064,4.39977],[97.99978,4.3993],[97.9975,4.39935],[97.99497,4.39703],[97.99297,4.39578],[97.99127,4.39431],[97.98684,4.39213],[97.98538,4.39205],[97.98375,4.39312],[97.98246,4.39342],[97.98141,4.39277],[97.98047,4.39369],[97.97987,4.39327],[97.97873,4.3921],[97.97808,4.39101],[97.97887,4.39066],[97.97851,4.38933],[97.977,4.38892],[97.97758,4.38632],[97.97696,4.38571],[97.97604,4.38506],[97.97546,4.38493],[97.97368,4.38504],[97.97333,4.38536],[97.97286,4.38555],[97.97191,4.3855],[97.97148,4.38528],[97.97079,4.38471],[97.97024,4.38354],[97.97039,4.38219],[97.97022,4.38165],[97.96982,4.38145],[97.96952,4.38058],[97.96833,4.38045],[97.96785,4.38026],[97.96749,4.37961],[97.9675,4.3792],[97.96718,4.37851],[97.96724,4.37651],[97.96703,4.37624],[97.96721,4.37607],[97.96732,4.37559],[97.96711,4.37538],[97.96631,4.37556],[97.96618,4.37575],[97.96559,4.37603],[97.9654,4.3765],[97.96493,4.3768],[97.964,4.37601],[97.9635,4.37445],[97.96353,4.37354],[97.9632,4.37137],[97.96386,4.36985],[97.96364,4.36992],[97.96263,4.36976],[97.96125,4.37068],[97.96036,4.37097],[97.9564,4.37072],[97.95463,4.36997],[97.95365,4.36976],[97.95356,4.37023],[97.95385,4.37067],[97.95306,4.37083],[97.95296,4.37108],[97.95243,4.37079],[97.95212,4.37091],[97.95112,4.37092],[97.95023,4.37076],[97.95015,4.36904],[97.94902,4.36833],[97.94764,4.36801],[97.94717,4.36737],[97.94708,4.3669],[97.94683,4.36703],[97.9467,4.3668],[97.94641,4.36672],[97.9459,4.36704],[97.94549,4.36649],[97.94416,4.36654],[97.94369,4.36682],[97.94339,4.36681],[97.94333,4.36667],[97.94259,4.36665],[97.94258,4.36573],[97.94135,4.36447],[97.94046,4.36386],[97.94005,4.36332],[97.93923,4.36284],[97.93894,4.36281],[97.93796,4.36319],[97.93704,4.36293],[97.93628,4.36208],[97.93625,4.36173],[97.93493,4.36106],[97.93347,4.36011],[97.93207,4.3599],[97.93085,4.36044],[97.93046,4.3619],[97.92904,4.36338],[97.92866,4.36459],[97.92829,4.36681],[97.92735,4.36761],[97.92641,4.36767],[97.92571,4.36792],[97.92487,4.36866],[97.9235,4.37005],[97.92103,4.37361],[97.91957,4.37461],[97.91904,4.37591],[97.91887,4.37691],[97.91854,4.37723],[97.91562,4.3787],[97.91518,4.37965],[97.9146,4.38012],[97.91381,4.38121],[97.912,4.3842],[97.91011,4.38566],[97.90867,4.38749],[97.90754,4.38865],[97.90751,4.39026],[97.90743,4.39027],[97.89521,4.38747],[97.88558,4.38763],[97.87879,4.3875],[97.87074,4.38763],[97.85651,4.3868],[97.8384,4.36983],[97.82049,4.36349],[97.80491,4.36213],[97.80341,4.36159],[97.80201,4.36138],[97.80074,4.36102],[97.79529,4.35927],[97.79037,4.35806],[97.78757,4.3571],[97.78492,4.3565],[97.7849,4.35398],[97.78375,4.35217],[97.7834,4.35179],[97.78074,4.34984],[97.77669,4.34587],[97.77453,4.34156],[97.77199,4.34077],[97.76954,4.3402],[97.76174,4.33596],[97.77239,4.32053],[97.75825,4.30379],[97.74972,4.29487],[97.73709,4.25762],[97.73255,4.25076],[97.7329,4.24923],[97.72741,4.24798],[97.72515,4.24766],[97.72314,4.24746],[97.70997,4.24686],[97.70687,4.24658],[97.70162,4.24647],[97.69265,4.24709],[97.6879,4.2471],[97.68699,4.24687],[97.68618,4.24615],[97.68515,4.24454],[97.68507,4.24309],[97.6847,4.24186],[97.6837,4.24008],[97.6821,4.23874],[97.68155,4.2384],[97.68105,4.23826],[97.67897,4.23809],[97.67764,4.23827],[97.67578,4.23882],[97.6734,4.23907],[97.67104,4.23908],[97.66973,4.2388],[97.66796,4.23776],[97.66731,4.23722],[97.66545,4.23469],[97.66152,4.23038],[97.65959,4.22792],[97.65797,4.2255],[97.65652,4.22387],[97.65578,4.2233],[97.65229,4.22147],[97.64841,4.22053],[97.64746,4.22],[97.64633,4.21993],[97.64376,4.22012],[97.64254,4.22052],[97.64112,4.22118],[97.6395,4.2223],[97.63687,4.22304],[97.63529,4.22427],[97.63429,4.22457],[97.63195,4.22473],[97.63118,4.22498],[97.63051,4.22537],[97.63008,4.22623],[97.62989,4.22759],[97.62932,4.22995],[97.62889,4.23072],[97.62797,4.23172],[97.62707,4.23326],[97.62519,4.23712],[97.62417,4.24061],[97.62383,4.2412],[97.62232,4.24261],[97.61854,4.24551],[97.61673,4.24657],[97.61445,4.247],[97.61325,4.24749],[97.61272,4.24793],[97.61156,4.24925],[97.61096,4.2494],[97.60975,4.24945],[97.60946,4.24965],[97.60898,4.25041],[97.60814,4.25126],[97.60687,4.25132],[97.6055,4.25097],[97.60433,4.25096],[97.60311,4.25078],[97.60255,4.25058],[97.60205,4.25032],[97.60111,4.24917],[97.59439,4.24341],[97.58641,4.23351],[97.58414,4.22946],[97.58198,4.22621],[97.57839,4.22157],[97.57378,4.21339],[97.57346,4.21219],[97.5725,4.21036],[97.56919,4.20564],[97.56249,4.1981],[97.55924,4.19618],[97.55416,4.19352],[97.55078,4.19263],[97.54719,4.19202],[97.54343,4.19192],[97.53753,4.19109],[97.53618,4.19112],[97.53327,4.19087],[97.53143,4.18973],[97.52907,4.18926],[97.52871,4.18905],[97.52788,4.18806],[97.52543,4.18717],[97.52339,4.18504],[97.52251,4.18491],[97.52118,4.18544],[97.52042,4.18522],[97.51876,4.18441],[97.51791,4.18374],[97.51632,4.18193],[97.51474,4.17584],[97.51389,4.1743],[97.5133,4.17356],[97.51279,4.17245],[97.51266,4.17061],[97.51134,4.16926],[97.50887,4.16716],[97.50819,4.16603],[97.50798,4.16535],[97.50722,4.16455],[97.50691,4.1639],[97.50679,4.16323],[97.50532,4.16127],[97.50477,4.15976],[97.50339,4.15789],[97.5,4.1566],[97.49952,4.15612],[97.49882,4.15569],[97.49804,4.15566],[97.49237,4.15632],[97.48461,4.15835],[97.47402,4.15959],[97.46655,4.16109],[97.45796,4.16244],[97.45466,4.16364],[97.4491,4.16507],[97.44246,4.16771],[97.43464,4.1701],[97.42456,4.17426],[97.41906,4.17711],[97.41413,4.17918],[97.4097,4.18205],[97.40265,4.18571],[97.39735,4.18909],[97.39424,4.1909],[97.38543,4.19554],[97.38095,4.19847],[97.37102,4.20382],[97.36622,4.20586],[97.36381,4.20752],[97.36033,4.21215],[97.35888,4.21427],[97.35804,4.21729],[97.35563,4.22256],[97.35472,4.22508],[97.35274,4.23349],[97.35192,4.23602],[97.35094,4.23994],[97.34937,4.25],[97.35137,4.2543],[97.35446,4.25959],[97.3548,4.26048],[97.35586,4.26548],[97.35621,4.27136],[97.35675,4.27517],[97.35667,4.27678],[97.35629,4.27956],[97.35559,4.28324],[97.3555,4.28475],[97.35594,4.29366],[97.35588,4.29733],[97.35652,4.31477],[97.35731,4.32607],[97.35738,4.33156],[97.35828,4.33878],[97.35836,4.34283],[97.35935,4.34947],[97.36168,4.35674],[97.36208,4.3576],[97.3628,4.35866],[97.36409,4.36003],[97.36536,4.36114],[97.3668,4.36289],[97.36779,4.36456],[97.36798,4.36531],[97.36854,4.3703],[97.3686,4.37214],[97.3682,4.38224],[97.3678,4.38593],[97.36725,4.38919],[97.36649,4.39327],[97.36556,4.39734],[97.36498,4.3991],[97.36403,4.40326],[97.36301,4.40696],[97.36035,4.41497],[97.35939,4.41655],[97.35686,4.41937],[97.35534,4.42153],[97.3535,4.42507],[97.35052,4.43006],[97.34795,4.43407],[97.34658,4.43789],[97.34554,4.4438],[97.34496,4.45175],[97.34497,4.45676],[97.34466,4.46507],[97.34374,4.47262],[97.34371,4.47374],[97.34425,4.48349],[97.34414,4.4922],[97.34406,4.49371],[97.34299,4.49844],[97.34291,4.49986],[97.34063,4.50112],[97.33904,4.50182],[97.33492,4.50282],[97.32569,4.50428],[97.32337,4.50483],[97.32155,4.50551],[97.32038,4.50655],[97.31925,4.50721],[97.31627,4.5082],[97.31319,4.50848],[97.30946,4.50821],[97.30813,4.50791],[97.30577,4.50713],[97.30385,4.5068],[97.30244,4.50635],[97.29912,4.50483],[97.2987,4.50444],[97.29815,4.50353],[97.29627,4.50179],[97.29566,4.50146],[97.2944,4.50104],[97.29325,4.5009],[97.29191,4.50054],[97.29082,4.5005],[97.29003,4.50063],[97.28939,4.50102],[97.28493,4.50501],[97.28453,4.50756],[97.28424,4.50831],[97.28358,4.50908],[97.27946,4.51251],[97.2792,4.51306],[97.27915,4.51359],[97.27959,4.51479],[97.27957,4.51543],[97.2793,4.51612],[97.27817,4.51713],[97.27789,4.5177],[97.27746,4.51963],[97.27748,4.52087],[97.2777,4.52146],[97.27827,4.52253],[97.27944,4.52386],[97.2814,4.52553],[97.28303,4.52608],[97.28765,4.52623],[97.29132,4.52655],[97.29629,4.52657],[97.29704,4.5269],[97.29834,4.52845],[97.30042,4.5319],[97.30112,4.53277],[97.30489,4.53566],[97.30879,4.53925],[97.31492,4.54533],[97.31692,4.54806],[97.31714,4.54857],[97.3172,4.55043],[97.31695,4.55711],[97.31603,4.56371],[97.31579,4.56758],[97.31537,4.57148],[97.31494,4.57382],[97.3146,4.57845],[97.31447,4.58593],[97.31424,4.5885],[97.31433,4.59762],[97.31295,4.60271],[97.31279,4.60386],[97.31111,4.60768],[97.31041,4.61083],[97.30681,4.61818],[97.30565,4.62019],[97.30448,4.62161],[97.30379,4.62218],[97.29641,4.62491],[97.29478,4.62524],[97.29127,4.62632],[97.28811,4.62691],[97.28712,4.62735],[97.28601,4.62757],[97.28275,4.6271],[97.28129,4.62732],[97.27947,4.62878],[97.2789,4.62891],[97.27566,4.6285],[97.27418,4.62721],[97.27095,4.62523],[97.26925,4.62329],[97.26848,4.62201],[97.26778,4.61979],[97.26582,4.61704],[97.26523,4.6164],[97.26439,4.6162],[97.2632,4.61615],[97.26187,4.61661],[97.26143,4.61707],[97.26121,4.61772],[97.2603,4.62377],[97.25843,4.63164],[97.25791,4.63463],[97.25739,4.63848],[97.2569,4.64083],[97.25647,4.64448],[97.25631,4.6492],[97.2573,4.65748],[97.25856,4.66119],[97.25898,4.66164],[97.25942,4.66179],[97.27295,4.65872],[97.27699,4.658],[97.28032,4.65794],[97.28955,4.65832],[97.29122,4.6587],[97.29489,4.65995],[97.29816,4.66049],[97.29929,4.66085],[97.30149,4.66216],[97.30478,4.6647],[97.30579,4.66583],[97.30895,4.67081],[97.31011,4.67287],[97.31117,4.6752],[97.31321,4.68093],[97.31455,4.68375],[97.31551,4.68636],[97.31877,4.69319],[97.32044,4.69554],[97.3271,4.70306],[97.32763,4.70397],[97.32818,4.70596],[97.32872,4.71074],[97.32869,4.71167],[97.32853,4.71302],[97.32791,4.71519],[97.32659,4.72243],[97.32607,4.72415],[97.32438,4.7286],[97.32239,4.73273],[97.3209,4.73532],[97.32032,4.73609],[97.31962,4.73667],[97.31861,4.73715],[97.31865,4.73902],[97.31891,4.7398],[97.31955,4.74072],[97.3199,4.74171],[97.32357,4.74538],[97.32436,4.74677],[97.32507,4.74866],[97.32541,4.75115],[97.32574,4.75153],[97.32566,4.75247],[97.32604,4.75464],[97.32756,4.75841],[97.32787,4.76007],[97.3287,4.76159],[97.33037,4.76325],[97.33153,4.76398],[97.33299,4.76463],[97.33424,4.76544],[97.33588,4.76686],[97.33626,4.76736],[97.33644,4.76874],[97.33629,4.77042],[97.33535,4.7718],[97.33531,4.77213],[97.3355,4.77311],[97.33706,4.77744],[97.33746,4.77839],[97.33792,4.77887],[97.33885,4.77961],[97.33976,4.78004],[97.34048,4.78017],[97.34127,4.78013],[97.34549,4.77877],[97.34761,4.77946],[97.34865,4.7796],[97.34937,4.77958],[97.35009,4.77935],[97.35081,4.77868],[97.35128,4.77804],[97.35175,4.77703],[97.35296,4.77292],[97.35347,4.77228],[97.35412,4.77188],[97.3549,4.77191],[97.35602,4.77246],[97.35646,4.77315],[97.35667,4.77394],[97.35674,4.77537],[97.35647,4.77691],[97.35652,4.77745],[97.35707,4.7785],[97.35821,4.77973],[97.35922,4.78145],[97.35977,4.78274],[97.36073,4.78367],[97.36132,4.78396],[97.36239,4.78422],[97.36388,4.78413],[97.36496,4.78343],[97.36572,4.78232],[97.36608,4.78062],[97.36605,4.7793],[97.36587,4.77839],[97.36437,4.77528],[97.36225,4.77246],[97.36086,4.77014],[97.36072,4.7694],[97.3609,4.7687],[97.3612,4.76834],[97.36206,4.76782],[97.36394,4.76755],[97.36568,4.76772],[97.36756,4.7693],[97.36832,4.76967],[97.3693,4.76974],[97.37161,4.76918],[97.3726,4.76907],[97.37501,4.76914],[97.37898,4.769],[97.38587,4.76962],[97.38655,4.76959],[97.38718,4.76935],[97.3876,4.76892],[97.3879,4.76798],[97.3869,4.76277],[97.38714,4.76173],[97.38774,4.76115],[97.38843,4.76091],[97.3907,4.7607],[97.39292,4.75984],[97.39404,4.75962],[97.39447,4.75969],[97.39494,4.76006],[97.39584,4.76034],[97.39772,4.76024],[97.39909,4.76039],[97.39966,4.76031],[97.40102,4.75875],[97.40165,4.75733],[97.4022,4.75679],[97.40333,4.7563],[97.40443,4.75611],[97.40533,4.75616],[97.40655,4.75643],[97.4076,4.75706],[97.40893,4.75828],[97.40966,4.75931],[97.41078,4.76002],[97.41178,4.76017],[97.41525,4.76017],[97.41644,4.75977],[97.41734,4.75931],[97.42205,4.75585],[97.42332,4.75538],[97.42418,4.75542],[97.42458,4.75606],[97.42426,4.7589],[97.42373,4.76134],[97.42254,4.76487],[97.42175,4.76618],[97.4207,4.76728],[97.41996,4.76778],[97.41776,4.76889],[97.4169,4.76924],[97.41588,4.76946],[97.41508,4.76928],[97.4143,4.76876],[97.41344,4.76789],[97.41077,4.76386],[97.41025,4.76338],[97.40981,4.76332],[97.4059,4.76334],[97.40255,4.76414],[97.40086,4.76581],[97.40032,4.76665],[97.39994,4.76751],[97.39981,4.76868],[97.40024,4.77217],[97.4022,4.78021],[97.40274,4.78583],[97.40319,4.78696],[97.40406,4.78845],[97.40448,4.79165],[97.40502,4.7926],[97.40566,4.79497],[97.40677,4.79611],[97.40756,4.79652],[97.40913,4.79685],[97.41073,4.79694],[97.41219,4.79671],[97.41494,4.79508],[97.41582,4.79423],[97.41694,4.7921],[97.41867,4.79003],[97.41915,4.78895],[97.41919,4.78833],[97.41879,4.7876],[97.41775,4.78754],[97.41651,4.78787],[97.41498,4.7881],[97.41248,4.78811],[97.41046,4.78798],[97.40929,4.78751],[97.40869,4.78698],[97.40719,4.7851],[97.40703,4.78463],[97.40721,4.78364],[97.4081,4.7828],[97.41026,4.78114],[97.4114,4.78072],[97.41233,4.78066],[97.4132,4.78077],[97.41995,4.78242],[97.42076,4.78289],[97.42349,4.78508],[97.42441,4.78566],[97.42665,4.78641],[97.42822,4.78657],[97.43154,4.78628],[97.43239,4.78633],[97.43398,4.78675],[97.43522,4.78754],[97.43611,4.78853],[97.43682,4.78964],[97.43659,4.79136],[97.43665,4.79271],[97.43638,4.79389],[97.43587,4.7946],[97.4354,4.79633],[97.43363,4.79742],[97.43263,4.79866],[97.43067,4.80261],[97.42966,4.80405],[97.42842,4.80652],[97.42848,4.80713],[97.42886,4.80793],[97.42962,4.80851],[97.4304,4.80868],[97.43321,4.80836],[97.43431,4.8085],[97.43505,4.80875],[97.43591,4.80949],[97.43757,4.81203],[97.43777,4.81276],[97.43736,4.81443],[97.43541,4.81884],[97.43524,4.8205],[97.43544,4.82101],[97.43584,4.82161],[97.43647,4.82203],[97.43715,4.82214],[97.4379,4.82209],[97.44601,4.82009],[97.44991,4.81938],[97.45262,4.8191],[97.45345,4.81918],[97.45548,4.81982],[97.45708,4.82218],[97.45709,4.82262],[97.45676,4.82313],[97.45354,4.82555],[97.45125,4.82755],[97.44994,4.82843],[97.44833,4.82898],[97.44735,4.82902],[97.44624,4.82878],[97.4453,4.82879],[97.44167,4.8291],[97.44141,4.8293],[97.44132,4.83003],[97.44198,4.83154],[97.44278,4.83288],[97.44339,4.83357],[97.44418,4.83407],[97.44523,4.83441],[97.44861,4.83494],[97.45158,4.83587],[97.45251,4.83634],[97.45521,4.83935],[97.45608,4.84082],[97.45734,4.84489],[97.45777,4.84572],[97.45833,4.84631],[97.4591,4.84661],[97.45978,4.84667],[97.46033,4.84651],[97.46131,4.84579],[97.46203,4.84454],[97.46209,4.84397],[97.46182,4.84195],[97.46191,4.84147],[97.46215,4.84099],[97.4626,4.84064],[97.46409,4.83994],[97.46505,4.84002],[97.46569,4.8404],[97.46643,4.84171],[97.46668,4.84262],[97.46703,4.84332],[97.46741,4.84361],[97.46869,4.84382],[97.46913,4.84369],[97.46967,4.84334],[97.47015,4.84254],[97.4703,4.842],[97.4702,4.84121],[97.46988,4.84064],[97.4686,4.83994],[97.46793,4.8394],[97.46767,4.83903],[97.46758,4.83847],[97.46808,4.83789],[97.46881,4.83759],[97.46976,4.83742],[97.4706,4.83749],[97.47132,4.83783],[97.47167,4.83834],[97.47192,4.83919],[97.47208,4.84162],[97.47237,4.84232],[97.4728,4.8441],[97.47304,4.8444],[97.47364,4.84465],[97.47427,4.84443],[97.47458,4.84401],[97.4741,4.84242],[97.47409,4.84171],[97.47443,4.84027],[97.47473,4.83975],[97.47515,4.83927],[97.476,4.83898],[97.4765,4.83902],[97.47702,4.83934],[97.48402,4.84613],[97.4851,4.84741],[97.48632,4.84926],[97.48859,4.85401],[97.48925,4.8562],[97.48938,4.85818],[97.4893,4.85932],[97.48907,4.86035],[97.48779,4.86494],[97.48782,4.86605],[97.4881,4.86684],[97.4887,4.86758],[97.48956,4.86823],[97.49036,4.8684],[97.49136,4.86844],[97.49221,4.86828],[97.49373,4.86768],[97.49482,4.86759],[97.4956,4.86813],[97.49604,4.86868],[97.49655,4.87004],[97.49699,4.87077],[97.49762,4.87133],[97.49836,4.87145],[97.50053,4.87124],[97.5014,4.8714],[97.50209,4.87246],[97.50217,4.87314],[97.50183,4.8763],[97.50215,4.8767],[97.50254,4.87698],[97.50308,4.87713],[97.50376,4.87709],[97.50523,4.87648],[97.50587,4.87666],[97.50674,4.87781],[97.50702,4.87854],[97.50723,4.87964],[97.50788,4.88055],[97.50872,4.88114],[97.51097,4.88186],[97.51155,4.88248],[97.51171,4.88308],[97.51155,4.8836],[97.5112,4.88403],[97.50958,4.88525],[97.50869,4.88569],[97.50797,4.88586],[97.50705,4.88575],[97.50641,4.88553],[97.50519,4.88467],[97.50449,4.88363],[97.50345,4.88015],[97.50266,4.87901],[97.49944,4.87747],[97.49899,4.87701],[97.49866,4.87634],[97.49795,4.87542],[97.49753,4.87515],[97.49716,4.87513],[97.49683,4.87534],[97.49638,4.87626],[97.49515,4.88027],[97.49533,4.88162],[97.49611,4.88264],[97.49653,4.88294],[97.49702,4.88324],[97.49908,4.88398],[97.5,4.88477],[97.5006,4.88596],[97.50116,4.88782],[97.50148,4.88827],[97.50179,4.88845],[97.50294,4.88864],[97.50345,4.88851],[97.50541,4.88755],[97.50607,4.88746],[97.5066,4.88768],[97.5069,4.88799],[97.50704,4.88837],[97.50699,4.88897],[97.50664,4.89071],[97.50622,4.89132],[97.50523,4.89231],[97.50456,4.89265],[97.50371,4.89279],[97.5019,4.89275],[97.50139,4.89254],[97.49989,4.89104],[97.49903,4.88965],[97.49653,4.88776],[97.49576,4.887],[97.49424,4.88648],[97.49347,4.88646],[97.49283,4.88668],[97.49248,4.88701],[97.4923,4.8876],[97.49228,4.88826],[97.49251,4.88896],[97.49303,4.88974],[97.49429,4.89115],[97.49569,4.89217],[97.49698,4.89292],[97.49761,4.89365],[97.49896,4.89582],[97.49922,4.89671],[97.49916,4.89739],[97.49896,4.89834],[97.4985,4.89922],[97.49689,4.90041],[97.49567,4.90078],[97.49264,4.90075],[97.49243,4.90118],[97.49212,4.90138],[97.49181,4.90189],[97.49147,4.90335],[97.49144,4.90418],[97.49115,4.90486],[97.49102,4.90631],[97.49066,4.90696],[97.48998,4.90722],[97.48936,4.90714],[97.48887,4.90693],[97.48807,4.90648],[97.48739,4.90587],[97.48686,4.90523],[97.48583,4.90346],[97.48508,4.9028],[97.48446,4.90244],[97.48395,4.90234],[97.48353,4.90248],[97.48327,4.90276],[97.4832,4.90335],[97.48335,4.90548],[97.48391,4.90651],[97.48458,4.90732],[97.48591,4.90813],[97.48708,4.9086],[97.4877,4.90913],[97.48787,4.90962],[97.48784,4.91018],[97.48753,4.91073],[97.48702,4.91103],[97.48382,4.91171],[97.48006,4.91147],[97.47939,4.91161],[97.47884,4.91204],[97.47866,4.91244],[97.47822,4.91418],[97.47793,4.91481],[97.47765,4.91511],[97.47712,4.91531],[97.47676,4.9152],[97.47523,4.91366],[97.47463,4.91341],[97.47399,4.91354],[97.4737,4.91383],[97.47347,4.91441],[97.47306,4.91695],[97.47318,4.91774],[97.47347,4.91843],[97.47383,4.91882],[97.47501,4.91903],[97.47642,4.91857],[97.47748,4.91803],[97.4781,4.918],[97.47909,4.91826],[97.47964,4.91909],[97.47968,4.9196],[97.47938,4.92031],[97.47845,4.921],[97.47748,4.92133],[97.47596,4.92145],[97.47513,4.92112],[97.47303,4.92072],[97.4716,4.92015],[97.47067,4.91955],[97.47002,4.91861],[97.46907,4.91614],[97.46774,4.91404],[97.4674,4.91384],[97.46673,4.91382],[97.46636,4.9141],[97.46601,4.91458],[97.46557,4.91586],[97.46552,4.91698],[97.4661,4.91865],[97.46736,4.91994],[97.46839,4.92083],[97.46954,4.92156],[97.47275,4.923],[97.47326,4.92352],[97.47358,4.92411],[97.4736,4.92461],[97.47339,4.92505],[97.47152,4.92709],[97.47019,4.92786],[97.46893,4.9282],[97.46791,4.92899],[97.46755,4.92962],[97.46731,4.93054],[97.4674,4.93131],[97.46766,4.93196],[97.46938,4.93348],[97.47019,4.93445],[97.4723,4.93823],[97.47332,4.94191],[97.4735,4.94287],[97.47346,4.94395],[97.47327,4.94476],[97.47188,4.94654],[97.47168,4.94706],[97.47169,4.94753],[97.47186,4.94796],[97.47233,4.94826],[97.47362,4.94865],[97.47434,4.94858],[97.47498,4.94839],[97.47586,4.94757],[97.4762,4.94612],[97.47618,4.94289],[97.47634,4.9422],[97.47671,4.9415],[97.47722,4.94117],[97.47785,4.94104],[97.47865,4.94114],[97.47948,4.94148],[97.48088,4.94276],[97.48165,4.94419],[97.48226,4.94491],[97.48302,4.94543],[97.48365,4.94561],[97.48438,4.94549],[97.48495,4.94511],[97.48558,4.94407],[97.48635,4.94188],[97.48693,4.94166],[97.48742,4.94172],[97.48815,4.94227],[97.48921,4.94355],[97.49132,4.94704],[97.49217,4.94799],[97.49285,4.94841],[97.49362,4.94854],[97.49519,4.94817],[97.49647,4.94766],[97.49696,4.94765],[97.49728,4.94786],[97.49845,4.95229],[97.49866,4.95513],[97.49903,4.95612],[97.49994,4.95697],[97.5007,4.95731],[97.50294,4.95771],[97.50391,4.95804],[97.50452,4.95834],[97.50498,4.95885],[97.50509,4.96006],[97.50474,4.96074],[97.50386,4.96126],[97.5025,4.96132],[97.50165,4.96109],[97.50065,4.96046],[97.49816,4.95796],[97.49764,4.95763],[97.49692,4.95734],[97.49579,4.95716],[97.49522,4.95728],[97.49465,4.95758],[97.49165,4.95972],[97.49084,4.95997],[97.48935,4.96021],[97.48781,4.95996],[97.48648,4.95945],[97.48571,4.95954],[97.48512,4.95985],[97.48482,4.96024],[97.48462,4.96081],[97.48461,4.96134],[97.48483,4.96202],[97.48543,4.96262],[97.48698,4.96368],[97.48838,4.96377],[97.49102,4.96325],[97.49182,4.96341],[97.49242,4.96383],[97.4929,4.96447],[97.49319,4.96534],[97.49349,4.9672],[97.49397,4.96788],[97.49461,4.96825],[97.49563,4.96825],[97.49599,4.96807],[97.49621,4.96778],[97.49645,4.96745],[97.49675,4.96541],[97.49735,4.96429],[97.49767,4.96398],[97.49796,4.96389],[97.49907,4.96399],[97.5,4.96444],[97.50052,4.96507],[97.50145,4.96668],[97.50166,4.96764],[97.50133,4.96858],[97.50078,4.96922],[97.49953,4.97015],[97.49916,4.9707],[97.49886,4.97152],[97.49878,4.97249],[97.49907,4.97359],[97.49967,4.9746],[97.4996,4.97609],[97.49928,4.9769],[97.49823,4.97776],[97.49752,4.97797],[97.49687,4.97798],[97.49596,4.97782],[97.49387,4.97625],[97.4925,4.97622],[97.49177,4.97644],[97.4912,4.9769],[97.4907,4.97806],[97.49067,4.97889],[97.49098,4.97985],[97.4916,4.98075],[97.4921,4.98118],[97.49321,4.98177],[97.49442,4.98211],[97.49655,4.9822],[97.49725,4.98269],[97.49783,4.98332],[97.49824,4.98485],[97.4982,4.98556],[97.49666,4.9881],[97.49651,4.98898],[97.49651,4.99017],[97.49671,4.99112],[97.49692,4.9914],[97.49764,4.99191],[97.49897,4.99214],[97.50135,4.99172],[97.50217,4.9918],[97.50318,4.99239],[97.50464,4.99368],[97.50506,4.99392],[97.50663,4.99432],[97.50739,4.99482],[97.50794,4.99579],[97.50786,4.99704],[97.50771,4.99757],[97.50717,4.99838],[97.50668,4.99872],[97.50568,4.99904],[97.50369,4.99933],[97.50313,4.99958],[97.50257,5.0],[97.50173,5.00124],[97.50163,5.00157],[97.50155,5.00247],[97.50177,5.00303],[97.50211,5.00344],[97.50459,5.00441],[97.50513,5.00504],[97.50525,5.00537],[97.5053,5.00591],[97.50476,5.01058],[97.50442,5.01144],[97.50372,5.01222],[97.50271,5.01295],[97.50166,5.01312],[97.4999,5.01286],[97.4976,5.01108],[97.49704,5.01087],[97.49623,5.01076],[97.49479,5.01095],[97.49415,5.01136],[97.49366,5.0119],[97.49314,5.01337],[97.4932,5.01459],[97.49379,5.0159],[97.49459,5.01651],[97.49572,5.01674],[97.49819,5.01654],[97.50069,5.01655],[97.50197,5.01696],[97.50324,5.01786],[97.50598,5.02125],[97.50662,5.02281],[97.50666,5.02368],[97.50612,5.02577],[97.50612,5.02742],[97.5064,5.02862],[97.50701,5.02947],[97.50788,5.02982],[97.50852,5.02992],[97.51051,5.02982],[97.51222,5.02936],[97.51337,5.02939],[97.51388,5.02962],[97.51452,5.03053],[97.51456,5.03125],[97.51416,5.03302],[97.51259,5.0354],[97.51057,5.03777],[97.5101,5.03861],[97.50936,5.04284],[97.50909,5.04341],[97.50823,5.0442],[97.50685,5.04451],[97.50597,5.04446],[97.50552,5.0442],[97.50483,5.04278],[97.50451,5.03978],[97.50365,5.03855],[97.50322,5.03822],[97.50265,5.0379],[97.50142,5.03774],[97.50076,5.03788],[97.50001,5.03828],[97.4994,5.03927],[97.49918,5.04063],[97.49916,5.04135],[97.49932,5.0422],[97.49967,5.04286],[97.50003,5.04337],[97.50156,5.04437],[97.50239,5.04476],[97.50485,5.04543],[97.50537,5.04589],[97.5056,5.04655],[97.50554,5.04708],[97.50531,5.04784],[97.50488,5.04834],[97.50433,5.04873],[97.50192,5.04921],[97.50003,5.04937],[97.49829,5.04969],[97.49765,5.05019],[97.49755,5.05078],[97.49774,5.05131],[97.49827,5.05174],[97.50002,5.05239],[97.50474,5.05482],[97.50576,5.05505],[97.50702,5.05484],[97.50862,5.05394],[97.50998,5.05252],[97.51098,5.0511],[97.51155,5.05059],[97.51231,5.05048],[97.5135,5.05087],[97.514,5.05181],[97.51392,5.05269],[97.51363,5.05331],[97.51184,5.056],[97.51113,5.05691],[97.50942,5.05811],[97.50794,5.05888],[97.50739,5.05934],[97.50675,5.06001],[97.50628,5.06111],[97.50654,5.06221],[97.5095,5.06515],[97.51016,5.06565],[97.51077,5.06595],[97.51167,5.06615],[97.51313,5.06589],[97.51396,5.06526],[97.51441,5.06429],[97.51455,5.06334],[97.51443,5.06245],[97.5132,5.05919],[97.51324,5.05856],[97.51382,5.05751],[97.5143,5.05719],[97.51516,5.05699],[97.51566,5.05845],[97.51629,5.05908],[97.51647,5.06046],[97.5165,5.06256],[97.51574,5.06673],[97.51493,5.06937],[97.51495,5.07249],[97.51482,5.07276],[97.51468,5.07295],[97.51416,5.07301],[97.51375,5.07293],[97.5125,5.07224],[97.51189,5.07219],[97.51164,5.07275],[97.51178,5.07582],[97.51152,5.07622],[97.51089,5.07625],[97.50996,5.07575],[97.50921,5.07501],[97.509,5.07461],[97.5088,5.07368],[97.50864,5.06934],[97.50816,5.06837],[97.50677,5.06647],[97.50621,5.06644],[97.50595,5.06662],[97.50419,5.0691],[97.50371,5.0695],[97.50242,5.06948],[97.5015,5.0693],[97.50012,5.06867],[97.4987,5.06852],[97.49837,5.06876],[97.49827,5.06902],[97.49827,5.07009],[97.4995,5.07326],[97.49997,5.07527],[97.50079,5.07667],[97.50081,5.07741],[97.50057,5.0779],[97.49999,5.07833],[97.49944,5.07834],[97.49889,5.07785],[97.49782,5.07577],[97.49685,5.07413],[97.49636,5.07355],[97.49495,5.07284],[97.49342,5.07181],[97.49257,5.07168],[97.49167,5.07189],[97.49094,5.07274],[97.49071,5.07364],[97.49077,5.07449],[97.49122,5.07538],[97.49284,5.07658],[97.4946,5.07755],[97.49573,5.07904],[97.49683,5.0814],[97.49691,5.08203],[97.49675,5.08278],[97.49524,5.08586],[97.49428,5.08676],[97.49339,5.08702],[97.49165,5.0868],[97.49074,5.08637],[97.49018,5.08576],[97.48936,5.08393],[97.48781,5.08153],[97.48773,5.08101],[97.48818,5.07931],[97.48811,5.07882],[97.48749,5.07837],[97.4866,5.07808],[97.4856,5.07809],[97.48432,5.07844],[97.48295,5.07998],[97.48159,5.08189],[97.48151,5.08445],[97.48114,5.08526],[97.48063,5.08564],[97.47945,5.086],[97.47776,5.08601],[97.47758,5.08612],[97.47731,5.08665],[97.47735,5.08715],[97.47758,5.0876],[97.47838,5.08832],[97.48077,5.08917],[97.48104,5.08963],[97.48116,5.09029],[97.48096,5.09096],[97.48057,5.09142],[97.47941,5.09206],[97.47697,5.093],[97.47651,5.09413],[97.47661,5.09479],[97.4771,5.09531],[97.47778,5.09562],[97.47862,5.09571],[97.48005,5.09555],[97.48053,5.09567],[97.48167,5.09658],[97.48191,5.09694],[97.48184,5.09747],[97.48092,5.09855],[97.47935,5.09883],[97.4775,5.09884],[97.47632,5.09985],[97.47585,5.09998],[97.47522,5.0999],[97.47469,5.09934],[97.47461,5.09846],[97.47475,5.09782],[97.47597,5.09622],[97.47596,5.09566],[97.47576,5.0954],[97.4749,5.09493],[97.47391,5.0947],[97.47315,5.0948],[97.47192,5.09544],[97.47129,5.09554],[97.47051,5.09508],[97.46978,5.09348],[97.46948,5.09313],[97.46885,5.09299],[97.46818,5.09323],[97.46764,5.09377],[97.46729,5.0944],[97.46721,5.09527],[97.46763,5.09652],[97.46797,5.09721],[97.46948,5.09912],[97.47085,5.10034],[97.47209,5.10115],[97.47275,5.10178],[97.47294,5.10257],[97.47276,5.10349],[97.47237,5.10401],[97.47144,5.10448],[97.46975,5.1048],[97.46752,5.10486],[97.46681,5.10519],[97.46631,5.10566],[97.46609,5.10616],[97.46618,5.10677],[97.46642,5.10734],[97.46834,5.10889],[97.46852,5.10928],[97.46836,5.10966],[97.46761,5.10988],[97.46461,5.10927],[97.46308,5.10933],[97.46195,5.10978],[97.46023,5.11118],[97.4596,5.11201],[97.45968,5.11251],[97.46011,5.11329],[97.46219,5.11661],[97.46305,5.11781],[97.46373,5.11842],[97.46442,5.11875],[97.46504,5.11875],[97.46632,5.11818],[97.46789,5.117],[97.4685,5.11716],[97.46944,5.11814],[97.47012,5.11914],[97.47038,5.11994],[97.4702,5.12127],[97.46962,5.12365],[97.46972,5.12408],[97.47008,5.12452],[97.47056,5.12484],[97.47166,5.12499],[97.47552,5.12418],[97.47656,5.12423],[97.47716,5.12455],[97.47747,5.12494],[97.47812,5.12648],[97.47819,5.12815],[97.47811,5.12858],[97.47781,5.12905],[97.47742,5.12944],[97.47673,5.12983],[97.47499,5.13053],[97.47328,5.13176],[97.47282,5.13185],[97.47246,5.13178],[97.46993,5.13083],[97.46904,5.13115],[97.46859,5.13178],[97.46829,5.13252],[97.46814,5.13418],[97.46877,5.13604],[97.46984,5.1381],[97.47001,5.13899],[97.46964,5.14082],[97.46867,5.14282],[97.46745,5.14479],[97.46729,5.1455],[97.46789,5.14719],[97.46988,5.14941],[97.47,5.15016],[97.46987,5.15051],[97.46847,5.15149],[97.46633,5.15236],[97.46584,5.15282],[97.46569,5.15315],[97.46578,5.15354],[97.46623,5.15399],[97.46694,5.15425],[97.46795,5.15426],[97.46848,5.15409],[97.47135,5.15255],[97.47322,5.15185],[97.47398,5.15136],[97.47534,5.14954],[97.4761,5.14961],[97.4768,5.14997],[97.47795,5.15103],[97.47874,5.15143],[97.47911,5.15139],[97.47939,5.1512],[97.48039,5.14952],[97.48085,5.14903],[97.48126,5.14891],[97.4816,5.14908],[97.48178,5.14946],[97.48196,5.15144],[97.48215,5.1519],[97.48246,5.15213],[97.48367,5.15232],[97.48488,5.15218],[97.48541,5.15192],[97.48671,5.1507],[97.4871,5.15074],[97.48728,5.15104],[97.48818,5.15322],[97.48839,5.15406],[97.48806,5.15624],[97.48689,5.15989],[97.48707,5.16093],[97.48734,5.16129],[97.48822,5.16155],[97.48901,5.16131],[97.4892,5.16099],[97.48932,5.15936],[97.48946,5.1589],[97.4904,5.15748],[97.49088,5.15718],[97.49139,5.15735],[97.49252,5.15822],[97.49349,5.15873],[97.49475,5.15907],[97.49588,5.1592],[97.49707,5.15907],[97.49791,5.15878],[97.4983,5.15848],[97.49801,5.15993],[97.49666,5.16261],[97.49651,5.16314],[97.4967,5.16345],[97.49728,5.16389],[97.49804,5.16418],[97.49846,5.1645],[97.49881,5.16521],[97.49856,5.16606],[97.49741,5.16717],[97.49732,5.16767],[97.4974,5.1679],[97.4976,5.16813],[97.49777,5.16815],[97.49902,5.16769],[97.4995,5.16772],[97.49988,5.1679],[97.50012,5.16831],[97.50018,5.16865],[97.50007,5.16907],[97.49933,5.17026],[97.49918,5.17179],[97.49895,5.172],[97.4987,5.172],[97.49799,5.17121],[97.49757,5.17101],[97.49678,5.17108],[97.49629,5.1713],[97.49579,5.17172],[97.49552,5.17223],[97.49509,5.17399],[97.49435,5.17441],[97.49395,5.17441],[97.49278,5.17382],[97.49058,5.17352],[97.48947,5.1729],[97.48864,5.17196],[97.48838,5.17117],[97.48829,5.16885],[97.48802,5.16849],[97.48752,5.16855],[97.4872,5.16889],[97.48698,5.16978],[97.48697,5.17107],[97.48724,5.17237],[97.48755,5.17309],[97.48837,5.17428],[97.48923,5.17635],[97.49051,5.17798],[97.49088,5.1786],[97.49096,5.17906],[97.49083,5.17926],[97.49056,5.17926],[97.48917,5.17858],[97.48882,5.17853],[97.488,5.17855],[97.48716,5.1789],[97.48637,5.17956],[97.48582,5.1803],[97.48546,5.18105],[97.48535,5.18209],[97.48548,5.18274],[97.48584,5.18335],[97.48774,5.18534],[97.48801,5.18532],[97.48826,5.18511],[97.48862,5.18349],[97.489,5.1824],[97.48965,5.1816],[97.48987,5.18157],[97.49005,5.18169],[97.49049,5.18247],[97.49053,5.18322],[97.49015,5.1842],[97.48896,5.18595],[97.48727,5.18754],[97.48719,5.1878],[97.48732,5.18805],[97.4892,5.18829],[97.49098,5.18913],[97.49156,5.18916],[97.49172,5.18883],[97.49134,5.18609],[97.49156,5.18527],[97.49204,5.18508],[97.49372,5.18553],[97.49516,5.18629],[97.49556,5.18667],[97.4967,5.18827],[97.49723,5.18864],[97.49816,5.18858],[97.49987,5.18779],[97.50056,5.18783],[97.50093,5.18819],[97.50106,5.18934],[97.50068,5.19056],[97.49967,5.19196],[97.49824,5.19312],[97.49784,5.19365],[97.49794,5.19405],[97.49817,5.19427],[97.50056,5.1952],[97.50065,5.19565],[97.50021,5.19608],[97.49894,5.19657],[97.4982,5.19716],[97.49751,5.20012],[97.49664,5.20248],[97.4962,5.203],[97.49551,5.20312],[97.495,5.20295],[97.49436,5.20249],[97.49389,5.2018],[97.49374,5.20125],[97.4932,5.19825],[97.49243,5.19762],[97.49118,5.19778],[97.48872,5.19869],[97.48788,5.19916],[97.4874,5.19979],[97.48737,5.20008],[97.48745,5.2005],[97.48764,5.20067],[97.49039,5.20181],[97.49081,5.2024],[97.49094,5.2032],[97.4907,5.20464],[97.49003,5.20664],[97.48819,5.2087],[97.48801,5.20916],[97.48844,5.20942],[97.48891,5.20949],[97.49037,5.20901],[97.4916,5.20795],[97.49204,5.20733],[97.49263,5.20602],[97.49291,5.20558],[97.49315,5.20543],[97.49349,5.20542],[97.49397,5.2058],[97.49434,5.2065],[97.49439,5.20737],[97.49428,5.20785],[97.49369,5.20957],[97.49336,5.21013],[97.4925,5.21101],[97.492,5.21126],[97.49151,5.21145],[97.49,5.21165],[97.48917,5.21208],[97.489,5.21232],[97.48895,5.21303],[97.48957,5.21394],[97.49003,5.2143],[97.49056,5.21445],[97.49161,5.21444],[97.49205,5.2142],[97.49262,5.21365],[97.49412,5.21181],[97.49491,5.21153],[97.49529,5.21155],[97.49715,5.21228],[97.49933,5.21253],[97.49959,5.2128],[97.49964,5.21307],[97.49937,5.21383],[97.49895,5.21442],[97.49597,5.21634],[97.4956,5.21676],[97.49529,5.21751],[97.49525,5.2178],[97.49562,5.21868],[97.49734,5.22085],[97.49732,5.22134],[97.49674,5.22153],[97.49606,5.22132],[97.49433,5.21925],[97.49351,5.21883],[97.49304,5.21892],[97.49247,5.21917],[97.49204,5.21963],[97.48849,5.22421],[97.4879,5.22565],[97.48775,5.22743],[97.48785,5.22899],[97.48778,5.23148],[97.48684,5.23283],[97.48637,5.23418],[97.48567,5.23488],[97.48466,5.23723],[97.48385,5.2386],[97.48344,5.23982],[97.4835,5.24129],[97.48374,5.24198],[97.4837,5.24288],[97.48358,5.24312],[97.48427,5.24376],[97.4843,5.24409],[97.48403,5.24485],[97.48434,5.24534],[97.48549,5.24583],[97.48702,5.24625],[97.48881,5.24706],[97.48941,5.24719],[97.49069,5.24793],[97.49352,5.24902],[97.49482,5.24935],[97.49628,5.24949],[97.4971,5.24947]]]}},{"type":"Feature","properties":{"nama":"Aceh Utara","provinsi":"Aceh","sumber":"Batas_Kab"},"geometry":{"type":"Polygon","coordinates":[[[96.97708,5.26266],[96.97744,5.26233],[96.97928,5.26189],[96.97973,5.262],[96.98046,5.26195],[96.98128,5.26176],[96.98207,5.26136],[96.98251,5.26147],[96.98317,5.26188],[96.98339,5.26188],[96.99092,5.26099],[96.99615,5.2601],[97.00021,5.25918],[97.01231,5.25586],[97.01998,5.25431],[97.02169,5.25412],[97.02184,5.25438],[97.02195,5.25443],[97.02174,5.25411],[97.02217,5.25386],[97.02192,5.2534],[97.02215,5.25329],[97.02264,5.25406],[97.02226,5.25343],[97.02235,5.25334],[97.02287,5.25296],[97.02452,5.25234],[97.02702,5.25163],[97.02855,5.25142],[97.03081,5.25132],[97.03303,5.25047],[97.03211,5.24794],[97.03222,5.24724],[97.03262,5.24687],[97.03251,5.24672],[97.03203,5.24707],[97.02984,5.24776],[97.02875,5.24432],[97.03341,5.24152],[97.03348,5.24113],[97.03299,5.2411],[97.03269,5.24057],[97.03276,5.23991],[97.03299,5.23963],[97.03853,5.23793],[97.03886,5.23771],[97.03995,5.23762],[97.04038,5.23793],[97.04111,5.24016],[97.04086,5.24024],[97.04082,5.24011],[97.04076,5.24025],[97.04051,5.24033],[97.04045,5.24013],[97.03815,5.24086],[97.03821,5.24108],[97.03813,5.24111],[97.03864,5.24254],[97.0399,5.24229],[97.04038,5.244],[97.04025,5.24434],[97.03828,5.24518],[97.03666,5.24561],[97.03622,5.24612],[97.03589,5.24606],[97.03585,5.24648],[97.03496,5.24656],[97.03498,5.24674],[97.03558,5.24671],[97.03586,5.24688],[97.03651,5.24942],[97.03592,5.24695],[97.03601,5.24687],[97.03676,5.24641],[97.0384,5.24587],[97.03853,5.24573],[97.03745,5.24613],[97.03845,5.24558],[97.03859,5.24568],[97.03863,5.24538],[97.03893,5.24529],[97.03902,5.24546],[97.03899,5.24527],[97.03929,5.24516],[97.03946,5.2453],[97.03944,5.24508],[97.03985,5.24507],[97.03984,5.24492],[97.04001,5.24479],[97.0402,5.24476],[97.04032,5.24505],[97.04025,5.24462],[97.0408,5.24446],[97.04091,5.24471],[97.04085,5.24426],[97.04142,5.24413],[97.04148,5.24439],[97.04155,5.24405],[97.04211,5.24396],[97.04216,5.2438],[97.04267,5.24363],[97.04274,5.2438],[97.04272,5.24339],[97.0433,5.24315],[97.04341,5.24342],[97.04332,5.24313],[97.0434,5.24302],[97.04418,5.24283],[97.04429,5.24309],[97.0442,5.24275],[97.04502,5.24258],[97.04515,5.24281],[97.04509,5.24249],[97.04555,5.24236],[97.0459,5.24231],[97.04603,5.24257],[97.04581,5.24199],[97.04628,5.24181],[97.04586,5.24192],[97.04587,5.24179],[97.04271,5.23761],[97.03953,5.23158],[97.0376,5.23048],[97.03686,5.22958],[97.03665,5.2291],[97.03648,5.22791],[97.0366,5.22637],[97.03758,5.22473],[97.03781,5.22412],[97.03779,5.22361],[97.03607,5.22102],[97.03521,5.22064],[97.03497,5.22042],[97.03493,5.21931],[97.03534,5.21831],[97.03604,5.2174],[97.03668,5.21686],[97.03843,5.21641],[97.0387,5.216],[97.03867,5.21572],[97.03781,5.21524],[97.03754,5.21491],[97.03688,5.21332],[97.03499,5.2121],[97.03464,5.212],[97.03267,5.21202],[97.03083,5.21161],[97.02953,5.21113],[97.02892,5.2106],[97.02858,5.21049],[97.02768,5.21049],[97.02624,5.20893],[97.02609,5.20837],[97.02626,5.20782],[97.02976,5.2063],[97.03084,5.20543],[97.0312,5.20458],[97.03117,5.20368],[97.03088,5.20225],[97.02985,5.20111],[97.02944,5.20036],[97.02847,5.20013],[97.02795,5.19957],[97.02719,5.19919],[97.02665,5.19809],[97.02657,5.19736],[97.02685,5.19702],[97.02799,5.19622],[97.02854,5.19608],[97.02935,5.19624],[97.03014,5.19662],[97.03126,5.19678],[97.03224,5.19717],[97.03377,5.19724],[97.03417,5.1974],[97.03507,5.19721],[97.03594,5.19747],[97.03673,5.19729],[97.03734,5.19745],[97.03847,5.19742],[97.03938,5.1976],[97.0402,5.19753],[97.04104,5.19778],[97.04195,5.1978],[97.04537,5.1984],[97.04618,5.19861],[97.04759,5.19925],[97.04806,5.19929],[97.04863,5.19901],[97.04937,5.19822],[97.04985,5.19732],[97.05032,5.19692],[97.05142,5.19633],[97.05135,5.19495],[97.05196,5.19351],[97.05177,5.19258],[97.05197,5.19222],[97.05181,5.19095],[97.05217,5.18959],[97.0521,5.18926],[97.05182,5.18909],[97.05179,5.18885],[97.05226,5.18859],[97.053,5.18783],[97.05342,5.18785],[97.05361,5.18828],[97.05372,5.18829],[97.05397,5.18787],[97.05467,5.18786],[97.05446,5.18625],[97.0547,5.18569],[97.05504,5.18521],[97.05633,5.18412],[97.05746,5.18288],[97.05862,5.18198],[97.05959,5.18062],[97.06009,5.17893],[97.06091,5.17819],[97.06102,5.17765],[97.06094,5.17706],[97.06025,5.17587],[97.05979,5.17566],[97.05951,5.17524],[97.05797,5.17243],[97.06451,5.17028],[97.06423,5.16945],[97.06472,5.16689],[97.06445,5.16494],[97.06531,5.16364],[97.0655,5.16207],[97.06655,5.16324],[97.06649,5.16355],[97.06664,5.16461],[97.06707,5.16634],[97.06921,5.16531],[97.06976,5.16638],[97.07065,5.16621],[97.07074,5.1654],[97.07136,5.16542],[97.07365,5.16723],[97.07456,5.16708],[97.08151,5.17343],[97.08179,5.17245],[97.08285,5.172],[97.08313,5.17164],[97.08368,5.17149],[97.08401,5.17112],[97.0851,5.17154],[97.08586,5.17095],[97.08637,5.17078],[97.08779,5.17084],[97.08816,5.17072],[97.08825,5.17054],[97.08814,5.17033],[97.0879,5.17024],[97.08809,5.16947],[97.08849,5.16909],[97.08943,5.16858],[97.08971,5.1682],[97.09027,5.16803],[97.09001,5.16768],[97.08954,5.16607],[97.08944,5.16495],[97.0889,5.16319],[97.08834,5.16304],[97.08808,5.16309],[97.08738,5.16227],[97.08715,5.16173],[97.08711,5.16097],[97.08731,5.16045],[97.08728,5.15996],[97.08706,5.15963],[97.08671,5.15944],[97.08659,5.15855],[97.08693,5.15735],[97.08697,5.15678],[97.08682,5.15602],[97.08599,5.15483],[97.08583,5.15373],[97.08543,5.1534],[97.0849,5.1533],[97.08424,5.15289],[97.08411,5.15236],[97.0842,5.15201],[97.0839,5.15174],[97.08409,5.15132],[97.08405,5.15059],[97.08465,5.14974],[97.08503,5.14893],[97.08467,5.14694],[97.08451,5.14508],[97.08628,5.14406],[97.08623,5.14298],[97.08892,5.14099],[97.08933,5.13993],[97.09049,5.13969],[97.0911,5.13871],[97.09394,5.13729],[97.09931,5.13495],[97.1011,5.13319],[97.10238,5.13469],[97.10867,5.12866],[97.10813,5.12744],[97.10812,5.12565],[97.10794,5.12479],[97.10715,5.12393],[97.10775,5.12304],[97.1083,5.12261],[97.10842,5.12236],[97.10741,5.12147],[97.10634,5.11866],[97.10625,5.11679],[97.10655,5.11686],[97.1064,5.11459],[97.10612,5.11444],[97.10514,5.1143],[97.10115,5.11434],[97.10101,5.11425],[97.10108,5.11352],[97.10154,5.11349],[97.10276,5.11313],[97.1058,5.11277],[97.1059,5.11341],[97.11083,5.11245],[97.11056,5.11035],[97.11066,5.11031],[97.11062,5.1099],[97.11141,5.10983],[97.11137,5.10967],[97.11315,5.10896],[97.1129,5.1084],[97.11439,5.10786],[97.11431,5.10755],[97.11569,5.10766],[97.11627,5.10709],[97.1167,5.10694],[97.11729,5.10701],[97.11739,5.1072],[97.11801,5.10709],[97.1196,5.10611],[97.12199,5.10519],[97.12154,5.10425],[97.12189,5.10417],[97.12052,5.1013],[97.12107,5.10078],[97.12258,5.09979],[97.12373,5.09924],[97.12465,5.09853],[97.12474,5.09821],[97.12532,5.0979],[97.12577,5.09736],[97.12665,5.09712],[97.12697,5.09683],[97.12729,5.09624],[97.12716,5.09587],[97.12815,5.09521],[97.12858,5.09511],[97.12845,5.09467],[97.1278,5.09486],[97.12781,5.09462],[97.12837,5.09436],[97.12817,5.09341],[97.12873,5.09327],[97.12878,5.09267],[97.13069,5.09229],[97.13077,5.09161],[97.13064,5.0909],[97.13454,5.09164],[97.13575,5.09169],[97.13678,5.09148],[97.13747,5.09104],[97.1378,5.09116],[97.13813,5.0911],[97.13826,5.0913],[97.13953,5.09091],[97.14036,5.09016],[97.14117,5.08975],[97.1413,5.08941],[97.14178,5.0893],[97.14206,5.09055],[97.14359,5.09141],[97.14422,5.09152],[97.14506,5.09242],[97.14569,5.09238],[97.14633,5.09195],[97.14651,5.09204],[97.15207,5.08761],[97.15373,5.08648],[97.15305,5.08489],[97.15267,5.08437],[97.15246,5.08348],[97.15209,5.08085],[97.15213,5.08038],[97.15245,5.08027],[97.15408,5.08034],[97.1546,5.08201],[97.15516,5.08232],[97.15647,5.084],[97.15632,5.08549],[97.15639,5.08577],[97.15754,5.08569],[97.15777,5.08421],[97.15905,5.08394],[97.159,5.0831],[97.15939,5.08182],[97.15975,5.08135],[97.16063,5.08305],[97.16097,5.08319],[97.16297,5.08297],[97.16385,5.08267],[97.16464,5.08275],[97.16573,5.0839],[97.16661,5.08398],[97.16737,5.08365],[97.16777,5.08433],[97.16863,5.08418],[97.16856,5.08387],[97.17113,5.08406],[97.17121,5.08358],[97.17149,5.08306],[97.17235,5.08314],[97.17289,5.08271],[97.17299,5.08238],[97.1739,5.08251],[97.17402,5.08212],[97.17456,5.08206],[97.17471,5.0819],[97.17597,5.08195],[97.17635,5.08212],[97.17608,5.08238],[97.17705,5.08294],[97.17727,5.08343],[97.17719,5.08374],[97.17774,5.08365],[97.17778,5.08413],[97.17714,5.08424],[97.17708,5.0851],[97.17818,5.08512],[97.17816,5.08793],[97.1778,5.08792],[97.17754,5.08964],[97.17689,5.09162],[97.1768,5.09275],[97.17591,5.09279],[97.17589,5.09312],[97.17617,5.09312],[97.17631,5.09416],[97.17578,5.0942],[97.17482,5.09465],[97.1749,5.09598],[97.17463,5.09601],[97.17481,5.09686],[97.17444,5.0969],[97.17461,5.09789],[97.1739,5.098],[97.17383,5.09829],[97.17326,5.09834],[97.1734,5.09889],[97.17304,5.09886],[97.17304,5.09945],[97.17296,5.09945],[97.1731,5.10015],[97.17288,5.10021],[97.17314,5.10109],[97.17278,5.1012],[97.17292,5.10177],[97.17247,5.10205],[97.17297,5.10331],[97.17309,5.10326],[97.17355,5.10491],[97.17324,5.10497],[97.17335,5.10547],[97.17435,5.10521],[97.17492,5.10914],[97.1753,5.10909],[97.17536,5.10949],[97.17571,5.10944],[97.1761,5.11223],[97.17613,5.11281],[97.17602,5.11288],[97.17614,5.11534],[97.17627,5.11531],[97.17649,5.11646],[97.17645,5.11689],[97.17669,5.11748],[97.17648,5.11758],[97.17641,5.11742],[97.17573,5.11761],[97.17668,5.11986],[97.17651,5.11993],[97.17673,5.12036],[97.17665,5.12041],[97.17677,5.12065],[97.17665,5.12073],[97.17681,5.12101],[97.1746,5.1221],[97.17475,5.12239],[97.17459,5.12256],[97.17529,5.12406],[97.17541,5.12401],[97.17562,5.12452],[97.17604,5.12435],[97.17614,5.1246],[97.17685,5.12427],[97.17664,5.12852],[97.17669,5.12971],[97.17555,5.12955],[97.175,5.12977],[97.17497,5.13119],[97.17553,5.131],[97.17611,5.13113],[97.17655,5.13139],[97.17693,5.13136],[97.17697,5.1324],[97.17747,5.13314],[97.17726,5.13661],[97.17708,5.13685],[97.17763,5.13788],[97.17805,5.13835],[97.17831,5.13832],[97.17862,5.13855],[97.17846,5.13866],[97.17877,5.13965],[97.17666,5.14028],[97.1768,5.14119],[97.17614,5.14132],[97.17625,5.14212],[97.18067,5.14157],[97.18349,5.14139],[97.18418,5.14151],[97.18677,5.14132],[97.18701,5.14113],[97.18739,5.14111],[97.1932,5.14155],[97.20082,5.1426],[97.20164,5.14254],[97.20176,5.1419],[97.20214,5.14183],[97.20257,5.14256],[97.20314,5.14283],[97.20731,5.14385],[97.20812,5.14419],[97.20847,5.14418],[97.21117,5.14504],[97.21619,5.14703],[97.22047,5.14914],[97.22709,5.15273],[97.22737,5.15296],[97.22742,5.1534],[97.22696,5.1555],[97.22707,5.15541],[97.22733,5.15432],[97.22744,5.1543],[97.22781,5.15429],[97.23105,5.15512],[97.23018,5.15448],[97.22959,5.15436],[97.22836,5.15382],[97.22838,5.1537],[97.22881,5.15364],[97.22883,5.15326],[97.22694,5.15124],[97.22752,5.15076],[97.22824,5.15143],[97.22918,5.15198],[97.23058,5.15228],[97.23132,5.15285],[97.23349,5.15368],[97.23488,5.15401],[97.23571,5.1537],[97.23833,5.15373],[97.23993,5.15398],[97.24158,5.15446],[97.24694,5.15648],[97.25232,5.15912],[97.25835,5.16267],[97.26537,5.16705],[97.26744,5.16805],[97.26834,5.1682],[97.2692,5.16768],[97.26931,5.16662],[97.27032,5.16522],[97.27108,5.16584],[97.271,5.16597],[97.27124,5.16625],[97.27322,5.16714],[97.27448,5.16787],[97.27516,5.16838],[97.2763,5.16953],[97.27714,5.16939],[97.27963,5.16961],[97.28132,5.16956],[97.2815,5.16961],[97.28154,5.1698],[97.2844,5.17031],[97.28813,5.17185],[97.29183,5.17357],[97.29486,5.17517],[97.30423,5.18078],[97.30499,5.18137],[97.30528,5.18176],[97.30446,5.18306],[97.30521,5.18203],[97.30557,5.18226],[97.30534,5.18266],[97.30599,5.18173],[97.30605,5.18161],[97.30592,5.18172],[97.30577,5.18154],[97.30577,5.18089],[97.30618,5.18083],[97.30623,5.18115],[97.30627,5.18092],[97.30662,5.18094],[97.30891,5.18219],[97.31187,5.18356],[97.31678,5.18541],[97.32143,5.1874],[97.32748,5.18965],[97.33096,5.19057],[97.33333,5.19135],[97.3341,5.19147],[97.33456,5.19123],[97.33462,5.19102],[97.33429,5.19089],[97.33334,5.19088],[97.3339,5.18979],[97.33457,5.19007],[97.33575,5.19023],[97.33737,5.19101],[97.33883,5.19109],[97.34009,5.19137],[97.34851,5.19396],[97.36323,5.19912],[97.36504,5.19952],[97.36541,5.19945],[97.36561,5.19926],[97.36613,5.1997],[97.36572,5.20078],[97.36586,5.20066],[97.36613,5.20082],[97.3659,5.20161],[97.3665,5.20012],[97.36738,5.20035],[97.37444,5.20335],[97.38451,5.20795],[97.38465,5.20811],[97.38477,5.20807],[97.38933,5.21002],[97.39743,5.21318],[97.42001,5.2211],[97.43611,5.22629],[97.44098,5.22774],[97.4499,5.23094],[97.45922,5.23473],[97.45979,5.23485],[97.45959,5.23462],[97.46039,5.23418],[97.46198,5.23471],[97.46279,5.2353],[97.46373,5.23645],[97.46455,5.23704],[97.47391,5.2411],[97.47875,5.24302],[97.47936,5.24318],[97.48073,5.24313],[97.48213,5.24329],[97.48298,5.24304],[97.48324,5.24284],[97.48358,5.24312],[97.4837,5.24288],[97.48374,5.24198],[97.4835,5.24129],[97.48344,5.23982],[97.48385,5.2386],[97.48466,5.23723],[97.48567,5.23488],[97.48637,5.23418],[97.48684,5.23283],[97.48778,5.23148],[97.48785,5.22899],[97.48775,5.22743],[97.4879,5.22565],[97.48849,5.22421],[97.49204,5.21963],[97.49247,5.21917],[97.49304,5.21892],[97.49351,5.21883],[97.49433,5.21925],[97.49606,5.22132],[97.49674,5.22153],[97.49732,5.22134],[97.49734,5.22085],[97.49562,5.21868],[97.49525,5.2178],[97.49529,5.21751],[97.4956,5.21676],[97.49597,5.21634],[97.49895,5.21442],[97.49937,5.21383],[97.49964,5.21307],[97.49959,5.2128],[97.49933,5.21253],[97.49715,5.21228],[97.49529,5.21155],[97.49491,5.21153],[97.49412,5.21181],[97.49262,5.21365],[97.49205,5.2142],[97.49161,5.21444],[97.49056,5.21445],[97.49003,5.2143],[97.48957,5.21394],[97.48895,5.21303],[97.489,5.21232],[97.48917,5.21208],[97.49,5.21165],[97.49151,5.21145],[97.492,5.21126],[97.4925,5.21101],[97.49336,5.21013],[97.49369,5.20957],[97.49428,5.20785],[97.49439,5.20737],[97.49434,5.2065],[97.49397,5.2058],[97.49349,5.20542],[97.49315,5.20543],[97.49291,5.20558],[97.49263,5.20602],[97.49204,5.20733],[97.4916,5.20795],[97.49037,5.20901],[97.48891,5.20949],[97.48844,5.20942],[97.48801,5.20916],[97.48819,5.2087],[97.49003,5.20664],[97.4907,5.20464],[97.49094,5.2032],[97.49081,5.2024],[97.49039,5.20181],[97.48764,5.20067],[97.48739,5.20032],[97.4874,5.19979],[97.48788,5.19916],[97.48872,5.19869],[97.49118,5.19778],[97.49243,5.19762],[97.4932,5.19825],[97.49374,5.20125],[97.49389,5.2018],[97.49436,5.20249],[97.495,5.20295],[97.49551,5.20312],[97.4962,5.203],[97.49664,5.20248],[97.49751,5.20012],[97.4982,5.19716],[97.49894,5.19657],[97.50021,5.19608],[97.50065,5.19565],[97.50056,5.1952],[97.49817,5.19427],[97.49794,5.19405],[97.49784,5.19365],[97.49824,5.19312],[97.49967,5.19196],[97.50025,5.19126],[97.50091,5.19],[97.50108,5.18906],[97.50081,5.18796],[97.50032,5.18776],[97.49953,5.18786],[97.49816,5.18858],[97.49723,5.18864],[97.4967,5.18827],[97.49556,5.18667],[97.49516,5.18629],[97.49372,5.18553],[97.49204,5.18508],[97.49156,5.18527],[97.49134,5.18609],[97.49172,5.18883],[97.49156,5.18916],[97.49098,5.18913],[97.4892,5.18829],[97.48759,5.18812],[97.48724,5.18797],[97.48721,5.18765],[97.48749,5.18726],[97.48896,5.18595],[97.48999,5.18446],[97.49047,5.18347],[97.49049,5.18247],[97.49005,5.18169],[97.48987,5.18157],[97.48965,5.1816],[97.489,5.1824],[97.48862,5.18349],[97.48826,5.18511],[97.48801,5.18532],[97.48774,5.18534],[97.48604,5.1836],[97.48557,5.18294],[97.48535,5.18209],[97.48546,5.18105],[97.48582,5.1803],[97.48637,5.17956],[97.48716,5.1789],[97.48769,5.17867],[97.488,5.17855],[97.48917,5.17858],[97.49073,5.17929],[97.49097,5.17897],[97.49051,5.17798],[97.48923,5.17635],[97.48837,5.17428],[97.48729,5.17252],[97.48697,5.17107],[97.48698,5.16978],[97.48712,5.16908],[97.48736,5.16867],[97.4877,5.16848],[97.48802,5.16849],[97.48823,5.1687],[97.48848,5.17159],[97.48898,5.17244],[97.48947,5.1729],[97.4903,5.17343],[97.49278,5.17382],[97.49402,5.17443],[97.49462,5.17432],[97.49509,5.17399],[97.49552,5.17223],[97.49579,5.17172],[97.49629,5.1713],[97.49678,5.17108],[97.49757,5.17101],[97.49799,5.17121],[97.4987,5.172],[97.49886,5.17204],[97.49911,5.17187],[97.49933,5.17026],[97.49957,5.16972],[97.50002,5.16918],[97.50017,5.1685],[97.49997,5.168],[97.49964,5.16775],[97.49902,5.16769],[97.49768,5.16815],[97.49732,5.16767],[97.49741,5.16717],[97.49856,5.16606],[97.49881,5.16521],[97.49846,5.1645],[97.4967,5.16345],[97.49653,5.16328],[97.49652,5.16302],[97.49801,5.15993],[97.4983,5.15848],[97.49791,5.15878],[97.49707,5.15907],[97.49588,5.1592],[97.49475,5.15907],[97.49349,5.15873],[97.49252,5.15822],[97.49139,5.15735],[97.49088,5.15718],[97.4904,5.15748],[97.48946,5.1589],[97.48932,5.15936],[97.4892,5.16099],[97.48901,5.16131],[97.48822,5.16155],[97.4878,5.16147],[97.48734,5.16129],[97.48707,5.16093],[97.48689,5.15989],[97.48806,5.15624],[97.48839,5.15406],[97.48818,5.15322],[97.48728,5.15104],[97.48691,5.15065],[97.4863,5.151],[97.48541,5.15192],[97.48488,5.15218],[97.48367,5.15232],[97.48292,5.15225],[97.48246,5.15213],[97.48215,5.1519],[97.48196,5.15144],[97.48178,5.14946],[97.4816,5.14908],[97.48126,5.14891],[97.48085,5.14903],[97.48039,5.14952],[97.47939,5.1512],[97.47911,5.15139],[97.47874,5.15143],[97.47795,5.15103],[97.4768,5.14997],[97.47565,5.14949],[97.47534,5.14954],[97.47398,5.15136],[97.47322,5.15185],[97.47135,5.15255],[97.46848,5.15409],[97.46795,5.15426],[97.46694,5.15425],[97.46623,5.15399],[97.46578,5.15354],[97.46569,5.15315],[97.46584,5.15282],[97.46633,5.15236],[97.46847,5.15149],[97.46987,5.15051],[97.47,5.15016],[97.46988,5.14941],[97.46789,5.14719],[97.46729,5.1455],[97.46745,5.14479],[97.46867,5.14282],[97.46964,5.14082],[97.47001,5.13899],[97.46984,5.1381],[97.46877,5.13604],[97.46814,5.13418],[97.46829,5.13252],[97.46859,5.13178],[97.46904,5.13115],[97.46993,5.13083],[97.47246,5.13178],[97.47282,5.13185],[97.47328,5.13176],[97.47499,5.13053],[97.47673,5.12983],[97.47742,5.12944],[97.47781,5.12905],[97.47811,5.12858],[97.47819,5.12815],[97.47812,5.12648],[97.47747,5.12494],[97.47716,5.12455],[97.47656,5.12423],[97.47552,5.12418],[97.47166,5.12499],[97.47056,5.12484],[97.47008,5.12452],[97.46972,5.12408],[97.46962,5.12365],[97.4702,5.12127],[97.47038,5.11994],[97.47012,5.11914],[97.46944,5.11814],[97.4685,5.11716],[97.46789,5.117],[97.46632,5.11818],[97.46504,5.11875],[97.46442,5.11875],[97.46373,5.11842],[97.46305,5.11781],[97.46219,5.11661],[97.46011,5.11329],[97.45968,5.11251],[97.4596,5.11201],[97.46023,5.11118],[97.46195,5.10978],[97.46308,5.10933],[97.46461,5.10927],[97.46761,5.10988],[97.46836,5.10966],[97.46852,5.10928],[97.46834,5.10889],[97.46642,5.10734],[97.46618,5.10677],[97.46609,5.10616],[97.46631,5.10566],[97.46681,5.10519],[97.46752,5.10486],[97.46975,5.1048],[97.47144,5.10448],[97.47237,5.10401],[97.47276,5.10349],[97.47294,5.10257],[97.47275,5.10178],[97.47209,5.10115],[97.47085,5.10034],[97.46948,5.09912],[97.46797,5.09721],[97.46763,5.09652],[97.46721,5.09527],[97.46729,5.0944],[97.46764,5.09377],[97.46818,5.09323],[97.46885,5.09299],[97.46948,5.09313],[97.46978,5.09348],[97.47051,5.09508],[97.47129,5.09554],[97.47192,5.09544],[97.47315,5.0948],[97.47391,5.0947],[97.4749,5.09493],[97.47576,5.0954],[97.47596,5.09566],[97.47597,5.09622],[97.47475,5.09782],[97.47461,5.09846],[97.47469,5.09934],[97.47522,5.0999],[97.47585,5.09998],[97.47632,5.09985],[97.4775,5.09884],[97.47935,5.09883],[97.48092,5.09855],[97.48184,5.09747],[97.48191,5.09694],[97.48167,5.09658],[97.48053,5.09567],[97.48005,5.09555],[97.47862,5.09571],[97.47778,5.09562],[97.4771,5.09531],[97.47661,5.09479],[97.47651,5.09413],[97.47697,5.093],[97.47941,5.09206],[97.48057,5.09142],[97.48096,5.09096],[97.48116,5.09029],[97.48104,5.08963],[97.48077,5.08917],[97.47838,5.08832],[97.47758,5.0876],[97.47735,5.08715],[97.47731,5.08665],[97.47758,5.08612],[97.47776,5.08601],[97.47945,5.086],[97.48063,5.08564],[97.48114,5.08526],[97.48151,5.08445],[97.48159,5.08189],[97.48295,5.07998],[97.48432,5.07844],[97.4856,5.07809],[97.4866,5.07808],[97.48749,5.07837],[97.48811,5.07882],[97.48818,5.07931],[97.48773,5.08101],[97.48781,5.08153],[97.48936,5.08393],[97.49018,5.08576],[97.49074,5.08637],[97.49165,5.0868],[97.49339,5.08702],[97.49428,5.08676],[97.49524,5.08586],[97.49675,5.08278],[97.49691,5.08203],[97.49683,5.0814],[97.49573,5.07904],[97.4946,5.07755],[97.49284,5.07658],[97.49122,5.07538],[97.49077,5.07449],[97.49071,5.07364],[97.49094,5.07274],[97.49167,5.07189],[97.49257,5.07168],[97.49342,5.07181],[97.49495,5.07284],[97.49636,5.07355],[97.49685,5.07413],[97.49911,5.07815],[97.4994,5.07834],[97.49999,5.07833],[97.50039,5.07809],[97.50072,5.0777],[97.50079,5.07667],[97.49997,5.07527],[97.4995,5.07326],[97.49827,5.07009],[97.49822,5.06943],[97.49837,5.06876],[97.4987,5.06852],[97.49918,5.0685],[97.50012,5.06867],[97.5015,5.0693],[97.50242,5.06948],[97.50371,5.0695],[97.50419,5.0691],[97.50595,5.06662],[97.50621,5.06644],[97.50677,5.06647],[97.50816,5.06837],[97.50864,5.06934],[97.5088,5.07368],[97.509,5.07461],[97.50921,5.07501],[97.50996,5.07575],[97.51089,5.07625],[97.51152,5.07622],[97.51178,5.07582],[97.51182,5.07549],[97.51164,5.07275],[97.51177,5.0723],[97.51203,5.07216],[97.5125,5.07224],[97.51375,5.07293],[97.51416,5.07301],[97.51468,5.07295],[97.51495,5.07249],[97.51493,5.06937],[97.51574,5.06673],[97.5165,5.06256],[97.51647,5.06046],[97.51629,5.05908],[97.51566,5.05845],[97.51516,5.05699],[97.5143,5.05719],[97.51382,5.05751],[97.51355,5.05783],[97.51317,5.05891],[97.51361,5.0605],[97.51443,5.06245],[97.51454,5.06297],[97.51452,5.06382],[97.51427,5.06465],[97.51376,5.0655],[97.51313,5.06589],[97.51256,5.06605],[97.51122,5.06609],[97.51016,5.06565],[97.5095,5.06515],[97.50654,5.06221],[97.50628,5.06111],[97.50675,5.06001],[97.50739,5.05934],[97.50794,5.05888],[97.50942,5.05811],[97.51113,5.05691],[97.51184,5.056],[97.51363,5.05331],[97.51392,5.05269],[97.514,5.05181],[97.5135,5.05087],[97.51231,5.05048],[97.51155,5.05059],[97.51098,5.0511],[97.50998,5.05252],[97.50862,5.05394],[97.50702,5.05484],[97.50576,5.05505],[97.50474,5.05482],[97.50002,5.05239],[97.49827,5.05174],[97.49774,5.05131],[97.49755,5.05078],[97.49765,5.05019],[97.49829,5.04969],[97.50003,5.04937],[97.50192,5.04921],[97.50433,5.04873],[97.50488,5.04834],[97.50531,5.04784],[97.50554,5.04708],[97.5056,5.04655],[97.50537,5.04589],[97.50485,5.04543],[97.50239,5.04476],[97.50156,5.04437],[97.50003,5.04337],[97.49967,5.04286],[97.49932,5.0422],[97.49916,5.04135],[97.49918,5.04063],[97.4994,5.03927],[97.50001,5.03828],[97.50076,5.03788],[97.50142,5.03774],[97.50265,5.0379],[97.50322,5.03822],[97.50365,5.03855],[97.50451,5.03978],[97.50483,5.04278],[97.50552,5.0442],[97.50597,5.04446],[97.50685,5.04451],[97.50823,5.0442],[97.50909,5.04341],[97.50936,5.04284],[97.5101,5.03861],[97.51057,5.03777],[97.51259,5.0354],[97.51416,5.03302],[97.51456,5.03125],[97.51452,5.03053],[97.51388,5.02962],[97.51337,5.02939],[97.51222,5.02936],[97.51051,5.02982],[97.50852,5.02992],[97.50788,5.02982],[97.50701,5.02947],[97.5064,5.02862],[97.50612,5.02742],[97.50612,5.02577],[97.50666,5.02368],[97.50662,5.02281],[97.50598,5.02125],[97.50324,5.01786],[97.50197,5.01696],[97.50069,5.01655],[97.49819,5.01654],[97.49572,5.01674],[97.49459,5.01651],[97.49379,5.0159],[97.4932,5.01459],[97.49314,5.01337],[97.49366,5.0119],[97.49415,5.01136],[97.49479,5.01095],[97.49623,5.01076],[97.49704,5.01087],[97.4976,5.01108],[97.4999,5.01286],[97.50166,5.01312],[97.50271,5.01295],[97.50372,5.01222],[97.50442,5.01144],[97.50476,5.01058],[97.5053,5.00591],[97.50525,5.00537],[97.50513,5.00504],[97.50459,5.00441],[97.50211,5.00344],[97.50177,5.00303],[97.50155,5.00247],[97.50163,5.00157],[97.50173,5.00124],[97.50257,5.0],[97.50313,4.99958],[97.50369,4.99933],[97.50568,4.99904],[97.50668,4.99872],[97.50717,4.99838],[97.50771,4.99757],[97.50786,4.99704],[97.50794,4.99579],[97.50739,4.99482],[97.50663,4.99432],[97.50506,4.99392],[97.50464,4.99368],[97.50318,4.99239],[97.50217,4.9918],[97.50135,4.99172],[97.49897,4.99214],[97.49764,4.99191],[97.49692,4.9914],[97.49671,4.99112],[97.49651,4.99017],[97.49651,4.98898],[97.49666,4.9881],[97.4982,4.98556],[97.49824,4.98485],[97.49783,4.98332],[97.49725,4.98269],[97.49655,4.9822],[97.49442,4.98211],[97.49321,4.98177],[97.4921,4.98118],[97.4916,4.98075],[97.49098,4.97985],[97.49067,4.97889],[97.4907,4.97806],[97.4912,4.9769],[97.49177,4.97644],[97.4925,4.97622],[97.49387,4.97625],[97.49596,4.97782],[97.49687,4.97798],[97.49752,4.97797],[97.49823,4.97776],[97.49928,4.9769],[97.4996,4.97609],[97.49967,4.9746],[97.49907,4.97359],[97.49878,4.97249],[97.49886,4.97152],[97.49916,4.9707],[97.49953,4.97015],[97.50078,4.96922],[97.50133,4.96858],[97.50166,4.96764],[97.50145,4.96668],[97.50052,4.96507],[97.5,4.96444],[97.49907,4.96399],[97.49796,4.96389],[97.49767,4.96398],[97.49735,4.96429],[97.49675,4.96541],[97.49645,4.96745],[97.49621,4.96778],[97.49599,4.96807],[97.49563,4.96825],[97.49461,4.96825],[97.49397,4.96788],[97.49349,4.9672],[97.49319,4.96534],[97.4929,4.96447],[97.49242,4.96383],[97.49182,4.96341],[97.49102,4.96325],[97.48838,4.96377],[97.48698,4.96368],[97.48543,4.96262],[97.48483,4.96202],[97.48461,4.96134],[97.48462,4.96081],[97.48482,4.96024],[97.48512,4.95985],[97.48571,4.95954],[97.48648,4.95945],[97.48781,4.95996],[97.48935,4.96021],[97.49084,4.95997],[97.49165,4.95972],[97.49465,4.95758],[97.49522,4.95728],[97.49579,4.95716],[97.49692,4.95734],[97.49764,4.95763],[97.49816,4.95796],[97.50065,4.96046],[97.50165,4.96109],[97.5025,4.96132],[97.50386,4.96126],[97.50474,4.96074],[97.50509,4.96006],[97.50498,4.95885],[97.50452,4.95834],[97.50391,4.95804],[97.50294,4.95771],[97.5007,4.95731],[97.49994,4.95697],[97.49903,4.95612],[97.49866,4.95513],[97.49845,4.95229],[97.49728,4.94786],[97.49696,4.94765],[97.49647,4.94766],[97.49519,4.94817],[97.49362,4.94854],[97.49285,4.94841],[97.49217,4.94799],[97.49132,4.94704],[97.48921,4.94355],[97.48815,4.94227],[97.48742,4.94172],[97.48693,4.94166],[97.48635,4.94188],[97.48558,4.94407],[97.48495,4.94511],[97.48438,4.94549],[97.48365,4.94561],[97.48302,4.94543],[97.48226,4.94491],[97.48165,4.94419],[97.48088,4.94276],[97.47948,4.94148],[97.47865,4.94114],[97.47785,4.94104],[97.47722,4.94117],[97.47671,4.9415],[97.47634,4.9422],[97.47618,4.94289],[97.4762,4.94612],[97.47586,4.94757],[97.47498,4.94839],[97.47434,4.94858],[97.47362,4.94865],[97.47233,4.94826],[97.47186,4.94796],[97.47169,4.94753],[97.47168,4.94706],[97.47188,4.94654],[97.47327,4.94476],[97.47346,4.94395],[97.4735,4.94287],[97.47332,4.94191],[97.4723,4.93823],[97.47019,4.93445],[97.46938,4.93348],[97.46766,4.93196],[97.4674,4.93131],[97.46731,4.93054],[97.46755,4.92962],[97.46791,4.92899],[97.46893,4.9282],[97.47019,4.92786],[97.47152,4.92709],[97.47339,4.92505],[97.4736,4.92461],[97.47358,4.92411],[97.47326,4.92352],[97.47275,4.923],[97.46954,4.92156],[97.46839,4.92083],[97.46736,4.91994],[97.4661,4.91865],[97.46552,4.91698],[97.46557,4.91586],[97.46601,4.91458],[97.46636,4.9141],[97.46673,4.91382],[97.4674,4.91384],[97.46774,4.91404],[97.46907,4.91614],[97.47002,4.91861],[97.47067,4.91955],[97.4716,4.92015],[97.47303,4.92072],[97.47513,4.92112],[97.47596,4.92145],[97.47748,4.92133],[97.47845,4.921],[97.47938,4.92031],[97.47968,4.9196],[97.47964,4.91909],[97.47909,4.91826],[97.4781,4.918],[97.47748,4.91803],[97.47642,4.91857],[97.47501,4.91903],[97.47383,4.91882],[97.47347,4.91843],[97.47318,4.91774],[97.47306,4.91695],[97.47347,4.91441],[97.4737,4.91383],[97.47399,4.91354],[97.47463,4.91341],[97.47523,4.91366],[97.47676,4.9152],[97.47712,4.91531],[97.47765,4.91511],[97.47793,4.91481],[97.47822,4.91418],[97.47866,4.91244],[97.47884,4.91204],[97.47939,4.91161],[97.48006,4.91147],[97.48382,4.91171],[97.48702,4.91103],[97.48753,4.91073],[97.48784,4.91018],[97.48787,4.90962],[97.4877,4.90913],[97.48708,4.9086],[97.48591,4.90813],[97.48458,4.90732],[97.48391,4.90651],[97.48335,4.90548],[97.4832,4.90335],[97.48327,4.90276],[97.48353,4.90248],[97.48395,4.90234],[97.48446,4.90244],[97.48508,4.9028],[97.48583,4.90346],[97.48686,4.90523],[97.48739,4.90587],[97.48807,4.90648],[97.48887,4.90693],[97.48936,4.90714],[97.48998,4.90722],[97.49066,4.90696],[97.49102,4.90631],[97.49115,4.90486],[97.49144,4.90418],[97.49147,4.90335],[97.49181,4.90189],[97.49212,4.90138],[97.49243,4.90118],[97.49264,4.90075],[97.49567,4.90078],[97.49689,4.90041],[97.4985,4.89922],[97.49896,4.89834],[97.49922,4.89671],[97.49896,4.89582],[97.49761,4.89365],[97.49698,4.89292],[97.49569,4.89217],[97.49429,4.89115],[97.49303,4.88974],[97.49251,4.88896],[97.49228,4.88826],[97.4923,4.8876],[97.49248,4.88701],[97.49283,4.88668],[97.49347,4.88646],[97.49473,4.88658],[97.49576,4.887],[97.49653,4.88776],[97.49903,4.88965],[97.49989,4.89104],[97.50139,4.89254],[97.5019,4.89275],[97.50371,4.89279],[97.50456,4.89265],[97.50523,4.89231],[97.50622,4.89132],[97.50664,4.89071],[97.50699,4.88897],[97.50704,4.88837],[97.5069,4.88799],[97.5066,4.88768],[97.50607,4.88746],[97.50541,4.88755],[97.50345,4.88851],[97.50294,4.88864],[97.50179,4.88845],[97.50148,4.88827],[97.50116,4.88782],[97.5006,4.88596],[97.5,4.88477],[97.49908,4.88398],[97.49702,4.88324],[97.49653,4.88294],[97.49611,4.88264],[97.49533,4.88162],[97.49515,4.88027],[97.49638,4.87626],[97.49683,4.87534],[97.49716,4.87513],[97.49753,4.87515],[97.49795,4.87542],[97.49866,4.87634],[97.49899,4.87701],[97.49944,4.87747],[97.50266,4.87901],[97.50345,4.88015],[97.50449,4.88363],[97.50519,4.88467],[97.50641,4.88553],[97.50705,4.88575],[97.50797,4.88586],[97.50917,4.88549],[97.51008,4.88494],[97.5112,4.88403],[97.51155,4.8836],[97.51171,4.88308],[97.51148,4.88237],[97.51097,4.88186],[97.50872,4.88114],[97.50788,4.88055],[97.50723,4.87964],[97.50702,4.87854],[97.50674,4.87781],[97.50587,4.87666],[97.50523,4.87648],[97.50376,4.87709],[97.50308,4.87713],[97.50254,4.87698],[97.50215,4.8767],[97.50183,4.8763],[97.50217,4.87314],[97.50209,4.87246],[97.5014,4.8714],[97.50053,4.87124],[97.49836,4.87145],[97.49762,4.87133],[97.49699,4.87077],[97.49655,4.87004],[97.49604,4.86868],[97.4956,4.86813],[97.49482,4.86759],[97.49373,4.86768],[97.49221,4.86828],[97.49136,4.86844],[97.49036,4.8684],[97.48956,4.86823],[97.4887,4.86758],[97.4881,4.86684],[97.48782,4.86605],[97.48779,4.86494],[97.48907,4.86035],[97.4893,4.85932],[97.48938,4.85818],[97.48925,4.8562],[97.48859,4.85401],[97.48632,4.84926],[97.4851,4.84741],[97.48402,4.84613],[97.47702,4.83934],[97.4765,4.83902],[97.476,4.83898],[97.47515,4.83927],[97.47473,4.83975],[97.47443,4.84027],[97.47409,4.84171],[97.4741,4.84242],[97.47458,4.84401],[97.47427,4.84443],[97.47364,4.84465],[97.47304,4.8444],[97.4728,4.8441],[97.47237,4.84232],[97.47208,4.84162],[97.47192,4.83919],[97.47167,4.83834],[97.47132,4.83783],[97.4706,4.83749],[97.46976,4.83742],[97.46881,4.83759],[97.46808,4.83789],[97.46758,4.83847],[97.46767,4.83903],[97.46793,4.8394],[97.4686,4.83994],[97.46988,4.84064],[97.4702,4.84121],[97.4703,4.842],[97.47015,4.84254],[97.46967,4.84334],[97.46913,4.84369],[97.46869,4.84382],[97.46741,4.84361],[97.46703,4.84332],[97.46668,4.84262],[97.46643,4.84171],[97.46569,4.8404],[97.46505,4.84002],[97.46409,4.83994],[97.4626,4.84064],[97.46215,4.84099],[97.46191,4.84147],[97.46182,4.84195],[97.46209,4.84397],[97.46203,4.84454],[97.46131,4.84579],[97.46033,4.84651],[97.45978,4.84667],[97.4591,4.84661],[97.45833,4.84631],[97.45777,4.84572],[97.45734,4.84489],[97.45608,4.84082],[97.45521,4.83935],[97.45251,4.83634],[97.45158,4.83587],[97.44861,4.83494],[97.44523,4.83441],[97.44418,4.83407],[97.44339,4.83357],[97.44278,4.83288],[97.44198,4.83154],[97.44132,4.83003],[97.44141,4.8293],[97.44167,4.8291],[97.4453,4.82879],[97.44624,4.82878],[97.44735,4.82902],[97.44833,4.82898],[97.44994,4.82843],[97.45125,4.82755],[97.45354,4.82555],[97.45676,4.82313],[97.45709,4.82262],[97.45708,4.82218],[97.45548,4.81982],[97.45345,4.81918],[97.45262,4.8191],[97.44991,4.81938],[97.44601,4.82009],[97.4379,4.82209],[97.43715,4.82214],[97.43647,4.82203],[97.43584,4.82161],[97.43544,4.82101],[97.43524,4.8205],[97.43541,4.81884],[97.43736,4.81443],[97.43777,4.81276],[97.43757,4.81203],[97.43591,4.80949],[97.43505,4.80875],[97.43431,4.8085],[97.43321,4.80836],[97.4304,4.80868],[97.42962,4.80851],[97.42886,4.80793],[97.42848,4.80713],[97.42842,4.80652],[97.42966,4.80405],[97.43067,4.80261],[97.43263,4.79866],[97.43363,4.79742],[97.4354,4.79633],[97.43587,4.7946],[97.43638,4.79389],[97.43665,4.79271],[97.43659,4.79136],[97.43682,4.78964],[97.43611,4.78853],[97.43522,4.78754],[97.43398,4.78675],[97.43239,4.78633],[97.43154,4.78628],[97.42822,4.78657],[97.42665,4.78641],[97.42441,4.78566],[97.42349,4.78508],[97.42076,4.78289],[97.41995,4.78242],[97.4132,4.78077],[97.41233,4.78066],[97.4114,4.78072],[97.41026,4.78114],[97.4081,4.7828],[97.40721,4.78364],[97.40703,4.78463],[97.40719,4.7851],[97.40869,4.78698],[97.40929,4.78751],[97.41046,4.78798],[97.41248,4.78811],[97.41498,4.7881],[97.41651,4.78787],[97.41775,4.78754],[97.41879,4.7876],[97.41919,4.78833],[97.41915,4.78895],[97.41867,4.79003],[97.41694,4.7921],[97.41582,4.79423],[97.41494,4.79508],[97.41219,4.79671],[97.41073,4.79694],[97.40913,4.79685],[97.40756,4.79652],[97.40677,4.79611],[97.40566,4.79497],[97.40502,4.7926],[97.40448,4.79165],[97.40406,4.78845],[97.40319,4.78696],[97.40274,4.78583],[97.4022,4.78021],[97.40024,4.77217],[97.39981,4.76868],[97.39994,4.76751],[97.40032,4.76665],[97.40086,4.76581],[97.40255,4.76414],[97.4059,4.76334],[97.40981,4.76332],[97.41025,4.76338],[97.41077,4.76386],[97.41344,4.76789],[97.4143,4.76876],[97.41508,4.76928],[97.41588,4.76946],[97.4169,4.76924],[97.41776,4.76889],[97.41996,4.76778],[97.4207,4.76728],[97.42175,4.76618],[97.42254,4.76487],[97.42373,4.76134],[97.42426,4.7589],[97.42458,4.75606],[97.42418,4.75542],[97.42332,4.75538],[97.42205,4.75585],[97.41734,4.75931],[97.41644,4.75977],[97.41525,4.76017],[97.41178,4.76017],[97.41078,4.76002],[97.40966,4.75931],[97.40893,4.75828],[97.4076,4.75706],[97.40655,4.75643],[97.40533,4.75616],[97.40443,4.75611],[97.40333,4.7563],[97.4022,4.75679],[97.40165,4.75733],[97.40102,4.75875],[97.39966,4.76031],[97.39909,4.76039],[97.39772,4.76024],[97.39584,4.76034],[97.39494,4.76006],[97.39447,4.75969],[97.39404,4.75962],[97.39292,4.75984],[97.3907,4.7607],[97.38843,4.76091],[97.38774,4.76115],[97.38714,4.76173],[97.3869,4.76277],[97.3879,4.76798],[97.3876,4.76892],[97.38718,4.76935],[97.38655,4.76959],[97.38587,4.76962],[97.37898,4.769],[97.37501,4.76914],[97.3726,4.76907],[97.37161,4.76918],[97.3693,4.76974],[97.36832,4.76967],[97.36756,4.7693],[97.36568,4.76772],[97.36394,4.76755],[97.36206,4.76782],[97.3612,4.76834],[97.3609,4.7687],[97.36072,4.7694],[97.36086,4.77014],[97.36225,4.77246],[97.36437,4.77528],[97.36587,4.77839],[97.36611,4.77985],[97.366,4.78132],[97.36572,4.78232],[97.36543,4.78281],[97.36496,4.78343],[97.36445,4.78382],[97.36388,4.78413],[97.3632,4.78424],[97.36239,4.78422],[97.36123,4.78393],[97.36073,4.78367],[97.35977,4.78274],[97.35922,4.78145],[97.35821,4.77973],[97.35707,4.7785],[97.35652,4.77745],[97.35647,4.77691],[97.35674,4.77537],[97.35667,4.77394],[97.35646,4.77315],[97.35602,4.77246],[97.3549,4.77191],[97.35412,4.77188],[97.35347,4.77228],[97.35296,4.77292],[97.35175,4.77703],[97.35128,4.77804],[97.35081,4.77868],[97.35009,4.77935],[97.34937,4.77958],[97.34865,4.7796],[97.34761,4.77946],[97.34549,4.77877],[97.34127,4.78013],[97.34048,4.78017],[97.33976,4.78004],[97.33885,4.77961],[97.33775,4.77871],[97.33746,4.77839],[97.33706,4.77744],[97.3355,4.77311],[97.33531,4.77213],[97.33535,4.7718],[97.33629,4.77042],[97.33644,4.76874],[97.33626,4.76736],[97.33588,4.76686],[97.33424,4.76544],[97.33299,4.76463],[97.33153,4.76398],[97.33037,4.76325],[97.3287,4.76159],[97.32787,4.76007],[97.32756,4.75841],[97.32604,4.75464],[97.32566,4.75247],[97.32574,4.75153],[97.32541,4.75115],[97.32507,4.74866],[97.32436,4.74677],[97.32357,4.74538],[97.3199,4.74171],[97.31955,4.74072],[97.31891,4.7398],[97.31865,4.73902],[97.31861,4.73715],[97.3126,4.73852],[97.30757,4.73881],[97.30421,4.73917],[97.30009,4.73987],[97.29543,4.7416],[97.28572,4.74888],[97.28044,4.75173],[97.2778,4.75238],[97.2733,4.75673],[97.2713,4.75409],[97.26923,4.75345],[97.26701,4.75478],[97.26359,4.75473],[97.26017,4.75566],[97.2566,4.7573],[97.25216,4.75803],[97.25391,4.76568],[97.25943,4.7771],[97.26476,4.78167],[97.26895,4.78643],[97.27313,4.79404],[97.27466,4.79975],[97.27999,4.80756],[97.28208,4.81631],[97.28018,4.8264],[97.26952,4.83725],[97.2535,4.86184],[97.24898,4.86772],[97.24267,4.87353],[97.23839,4.87543],[97.23106,4.8781],[97.22925,4.87924],[97.2262,4.87981],[97.21783,4.88248],[97.19908,4.88942],[97.18223,4.89494],[97.17348,4.89837],[97.16691,4.90046],[97.15891,4.90456],[97.1513,4.90812],[97.14601,4.90999],[97.14559,4.91029],[97.14504,4.91035],[97.14314,4.90937],[97.14234,4.90935],[97.14169,4.90958],[97.14091,4.91006],[97.13932,4.91153],[97.13871,4.91191],[97.1377,4.91174],[97.13606,4.91079],[97.13531,4.91063],[97.13457,4.91078],[97.13257,4.912],[97.13164,4.91225],[97.13124,4.9121],[97.13042,4.91117],[97.12979,4.91005],[97.1295,4.90984],[97.12706,4.90982],[97.12626,4.90919],[97.12464,4.90891],[97.12334,4.90901],[97.12234,4.90958],[97.12102,4.90955],[97.11925,4.90852],[97.11776,4.90857],[97.11722,4.90846],[97.11627,4.90772],[97.11448,4.90729],[97.1141,4.90672],[97.11402,4.90624],[97.114,4.90388],[97.11385,4.90348],[97.11308,4.90213],[97.11186,4.90052],[97.11129,4.90039],[97.10937,4.90193],[97.10775,4.90289],[97.10681,4.90333],[97.10632,4.90333],[97.1058,4.90312],[97.10498,4.9024],[97.10474,4.902],[97.10477,4.90151],[97.10532,4.9005],[97.10519,4.90014],[97.10452,4.89993],[97.1025,4.89963],[97.10195,4.89916],[97.10176,4.89874],[97.10128,4.8985],[97.10081,4.89865],[97.10046,4.89909],[97.09887,4.90343],[97.09653,4.90477],[97.09584,4.90487],[97.09527,4.90464],[97.09447,4.90337],[97.09395,4.90316],[97.09376,4.90335],[97.09378,4.90364],[97.09428,4.9044],[97.09428,4.90504],[97.09419,4.90546],[97.0936,4.90588],[97.09278,4.90573],[97.09057,4.90427],[97.09017,4.90414],[97.08974,4.9042],[97.08881,4.90462],[97.08822,4.9047],[97.08787,4.90447],[97.08739,4.90249],[97.08701,4.90234],[97.08667,4.90238],[97.08646,4.90246],[97.08644,4.90339],[97.08584,4.90421],[97.08401,4.90579],[97.08425,4.90673],[97.08408,4.90721],[97.08161,4.90773],[97.08128,4.90798],[97.08053,4.90931],[97.07961,4.90977],[97.07885,4.90977],[97.0785,4.90948],[97.07785,4.90815],[97.07745,4.90827],[97.07675,4.90928],[97.07633,4.90951],[97.07477,4.90928],[97.07424,4.90892],[97.07368,4.9078],[97.07328,4.90765],[97.07309,4.90773],[97.07268,4.9087],[97.07171,4.90927],[97.07087,4.90926],[97.06933,4.90894],[97.0674,4.90881],[97.0653,4.90813],[97.06414,4.90838],[97.06304,4.90892],[97.06188,4.90917],[97.05992,4.9091],[97.05819,4.90864],[97.0576,4.90863],[97.0572,4.90865],[97.0556,4.90928],[97.05503,4.9093],[97.05344,4.90868],[97.04992,4.90804],[97.04724,4.90567],[97.04646,4.90539],[97.04602,4.90543],[97.04532,4.90573],[97.04429,4.90678],[97.04311,4.90728],[97.04194,4.90817],[97.0389,4.90858],[97.03671,4.9084],[97.03479,4.9086],[97.03392,4.90885],[97.03112,4.91038],[97.02883,4.9112],[97.0268,4.91168],[97.02366,4.91274],[97.0224,4.91274],[97.02128,4.91248],[97.0191,4.91139],[97.01654,4.90925],[97.01471,4.90845],[97.01264,4.90725],[97.01186,4.90625],[97.01052,4.90372],[97.01038,4.90293],[97.01051,4.90007],[97.0101,4.89908],[97.00968,4.89845],[97.00924,4.8972],[97.00908,4.89273],[97.00893,4.89193],[97.00797,4.88891],[97.00718,4.88512],[97.00659,4.88383],[97.0045,4.88096],[97.00376,4.88056],[97.00285,4.88045],[97.00262,4.88028],[97.00208,4.87243],[97.00188,4.86703],[97.00169,4.86554],[97.0014,4.86497],[97.00104,4.86468],[97.00071,4.8646],[96.99831,4.86449],[96.98762,4.86351],[96.98574,4.863],[96.97991,4.86178],[96.97523,4.86136],[96.97229,4.86063],[96.96924,4.86021],[96.96479,4.86003],[96.9601,4.85968],[96.95535,4.85882],[96.95127,4.86145],[96.94428,4.8642],[96.94217,4.86538],[96.93908,4.86553],[96.93459,4.86665],[96.92933,4.86844],[96.92779,4.8691],[96.92613,4.86945],[96.92383,4.87022],[96.92073,4.8716],[96.91696,4.87286],[96.91257,4.87411],[96.91056,4.87442],[96.90991,4.87467],[96.9084,4.87484],[96.90151,4.87483],[96.90008,4.87548],[96.89833,4.87601],[96.89595,4.87532],[96.8938,4.87443],[96.88628,4.87388],[96.88196,4.87377],[96.88053,4.87351],[96.87701,4.87362],[96.87191,4.87469],[96.86393,4.87692],[96.85526,4.8798],[96.84987,4.88105],[96.84619,4.88213],[96.84519,4.883],[96.84372,4.88458],[96.84284,4.88883],[96.84241,4.89184],[96.84254,4.89444],[96.84438,4.89813],[96.83503,4.89937],[96.83372,4.9014],[96.83191,4.9049],[96.82988,4.90779],[96.82727,4.91064],[96.82417,4.91306],[96.81808,4.9171],[96.81476,4.91951],[96.81346,4.92025],[96.80582,4.92539],[96.80481,4.92625],[96.80193,4.92791],[96.79976,4.92979],[96.79681,4.93142],[96.79342,4.93423],[96.78945,4.93681],[96.78826,4.93784],[96.78651,4.94001],[96.7872,4.94052],[96.78921,4.94255],[96.79092,4.94454],[96.79181,4.94537],[96.79299,4.94585],[96.79353,4.94621],[96.7967,4.94943],[96.79741,4.95029],[96.80188,4.95697],[96.80321,4.96066],[96.8064,4.96678],[96.8083,4.96903],[96.81082,4.9725],[96.81177,4.97417],[96.81302,4.97574],[96.8134,4.97693],[96.81369,4.97878],[96.81527,4.98157],[96.81534,4.98204],[96.81598,4.98307],[96.81684,4.98542],[96.81715,4.98658],[96.81723,4.98836],[96.81796,4.991],[96.81865,4.99255],[96.821,4.99538],[96.8215,4.99822],[96.82136,5.00098],[96.82028,5.00346],[96.81812,5.00767],[96.81772,5.00936],[96.8178,5.01125],[96.81823,5.01316],[96.819,5.01463],[96.82024,5.01654],[96.82067,5.01754],[96.82067,5.01875],[96.82006,5.02061],[96.81901,5.02324],[96.81847,5.02408],[96.81871,5.02489],[96.81902,5.02821],[96.82005,5.03029],[96.81973,5.03259],[96.81958,5.03527],[96.82018,5.03812],[96.82211,5.04095],[96.82366,5.04301],[96.82458,5.04402],[96.82555,5.04559],[96.82687,5.04949],[96.82769,5.05142],[96.82871,5.05218],[96.83019,5.05355],[96.83252,5.05499],[96.83489,5.05738],[96.83717,5.05886],[96.83802,5.06193],[96.83856,5.06619],[96.83835,5.06777],[96.83802,5.06905],[96.83603,5.07377],[96.83455,5.07586],[96.83337,5.0786],[96.83278,5.08186],[96.83312,5.08389],[96.83324,5.08675],[96.83359,5.08884],[96.83449,5.09048],[96.83542,5.09122],[96.83639,5.09174],[96.83765,5.09209],[96.84163,5.09264],[96.84203,5.09242],[96.8427,5.09229],[96.84332,5.09242],[96.8448,5.09219],[96.84652,5.09361],[96.84669,5.09359],[96.84711,5.09458],[96.84767,5.09549],[96.84773,5.09637],[96.84929,5.09728],[96.85022,5.09754],[96.8504,5.0978],[96.85087,5.09798],[96.85167,5.09933],[96.8524,5.09969],[96.85271,5.10027],[96.85361,5.101],[96.85631,5.10274],[96.85806,5.10292],[96.85955,5.10272],[96.8603,5.10451],[96.86221,5.10717],[96.86555,5.11107],[96.86671,5.11205],[96.86905,5.1134],[96.87205,5.11487],[96.87568,5.11723],[96.8766,5.1185],[96.8766,5.1195],[96.87624,5.12109],[96.87623,5.12371],[96.8767,5.12661],[96.87717,5.1279],[96.87666,5.13086],[96.87633,5.1319],[96.87805,5.13661],[96.88096,5.13879],[96.88218,5.14034],[96.88386,5.14294],[96.88445,5.14429],[96.88493,5.14645],[96.88655,5.14722],[96.88912,5.14879],[96.89027,5.14995],[96.89081,5.15086],[96.89122,5.15186],[96.89138,5.15441],[96.89036,5.15644],[96.89024,5.15798],[96.89141,5.16017],[96.89305,5.16185],[96.89362,5.16341],[96.89345,5.16402],[96.89254,5.16516],[96.89184,5.16655],[96.89043,5.1681],[96.89054,5.16925],[96.89126,5.17034],[96.89128,5.17157],[96.89104,5.17325],[96.89025,5.17492],[96.89042,5.17598],[96.8912,5.17694],[96.89145,5.17765],[96.89155,5.17816],[96.8914,5.17896],[96.89204,5.17991],[96.89388,5.17913],[96.89423,5.17915],[96.89438,5.18017],[96.89434,5.18079],[96.89452,5.18105],[96.89471,5.18109],[96.89576,5.18092],[96.8958,5.18051],[96.89648,5.17963],[96.89731,5.17949],[96.89773,5.17962],[96.89829,5.1805],[96.89969,5.17915],[96.89977,5.17963],[96.89955,5.18039],[96.89965,5.18098],[96.89993,5.18119],[96.90095,5.18118],[96.90211,5.18075],[96.90307,5.18072],[96.90318,5.18167],[96.90312,5.18249],[96.90282,5.18256],[96.90291,5.18325],[96.90355,5.18473],[96.90356,5.18573],[96.90455,5.1875],[96.90599,5.18909],[96.90672,5.18893],[96.90712,5.18974],[96.90806,5.18933],[96.90842,5.18901],[96.90854,5.18865],[96.90924,5.18785],[96.91112,5.18798],[96.91127,5.18868],[96.9102,5.18873],[96.90968,5.18898],[96.90968,5.18942],[96.90989,5.19067],[96.91014,5.19089],[96.91039,5.19083],[96.91076,5.1895],[96.91088,5.18947],[96.91093,5.18963],[96.91084,5.19004],[96.91101,5.19067],[96.91074,5.19108],[96.91072,5.19193],[96.91059,5.19216],[96.91096,5.19274],[96.91097,5.19304],[96.91044,5.1936],[96.91059,5.19458],[96.91075,5.19486],[96.91129,5.19488],[96.91137,5.19515],[96.91135,5.19569],[96.91111,5.19627],[96.91184,5.19608],[96.91202,5.19589],[96.91223,5.19588],[96.91233,5.19564],[96.91258,5.19564],[96.91269,5.19575],[96.91259,5.19608],[96.91167,5.19715],[96.91197,5.1978],[96.91236,5.1977],[96.9149,5.19789],[96.916,5.19961],[96.91736,5.20049],[96.91788,5.20111],[96.91792,5.2016],[96.91772,5.20218],[96.91577,5.2042],[96.91591,5.20533],[96.91631,5.20647],[96.91668,5.20689],[96.91719,5.20714],[96.9203,5.20741],[96.9227,5.20836],[96.92469,5.20998],[96.92516,5.21066],[96.92527,5.21126],[96.92519,5.21219],[96.92484,5.21282],[96.92462,5.21299],[96.92414,5.21304],[96.92367,5.21277],[96.92304,5.21158],[96.92267,5.21045],[96.92229,5.21006],[96.92179,5.20996],[96.92116,5.21008],[96.92015,5.21077],[96.91958,5.21132],[96.91901,5.21228],[96.91848,5.21269],[96.91695,5.21275],[96.9163,5.21301],[96.91601,5.21365],[96.91615,5.21504],[96.91648,5.21553],[96.91725,5.2162],[96.91741,5.21655],[96.91735,5.21702],[96.91693,5.21739],[96.9162,5.21741],[96.9147,5.21662],[96.91373,5.21573],[96.91317,5.21484],[96.91271,5.21454],[96.91211,5.21446],[96.91153,5.21454],[96.91101,5.21505],[96.91086,5.21563],[96.91105,5.21629],[96.91138,5.21682],[96.91182,5.21716],[96.91333,5.21759],[96.91562,5.21775],[96.91633,5.21823],[96.9168,5.21932],[96.91686,5.22081],[96.91718,5.22188],[96.91695,5.22264],[96.91637,5.22278],[96.91612,5.22272],[96.91576,5.22228],[96.91535,5.22129],[96.91484,5.22109],[96.91454,5.22108],[96.91387,5.22138],[96.91203,5.22265],[96.91123,5.22283],[96.91039,5.22257],[96.90881,5.22127],[96.90842,5.22128],[96.90816,5.22151],[96.90806,5.22195],[96.90814,5.22229],[96.909,5.22313],[96.90942,5.22469],[96.9097,5.22523],[96.90991,5.22532],[96.91017,5.22525],[96.91058,5.22498],[96.91196,5.22341],[96.91289,5.22296],[96.91345,5.22318],[96.91447,5.22414],[96.91464,5.22467],[96.91466,5.22551],[96.91449,5.22693],[96.91374,5.2303],[96.91306,5.23143],[96.91185,5.23259],[96.91165,5.23334],[96.91172,5.23444],[96.91161,5.2349],[96.91122,5.23525],[96.91087,5.23536],[96.90886,5.23524],[96.90841,5.23546],[96.90814,5.23583],[96.90825,5.23717],[96.90878,5.23946],[96.90929,5.24056],[96.91021,5.24188],[96.91026,5.24247],[96.91015,5.2428],[96.90991,5.24308],[96.90919,5.24327],[96.90858,5.24315],[96.9076,5.24273],[96.9069,5.24268],[96.90636,5.24298],[96.90615,5.24369],[96.90629,5.24473],[96.90656,5.24529],[96.90694,5.24571],[96.90734,5.24592],[96.90837,5.24602],[96.91152,5.24575],[96.91216,5.24679],[96.91219,5.24747],[96.9116,5.24831],[96.91116,5.24859],[96.90786,5.25008],[96.9077,5.25023],[96.90752,5.25111],[96.9094,5.25135],[96.90988,5.25293],[96.91001,5.2532],[96.91103,5.25429],[96.91183,5.25442],[96.91248,5.2551],[96.91184,5.25439],[96.91105,5.25426],[96.91004,5.25318],[96.90969,5.25221],[96.90978,5.25207],[96.91068,5.25126],[96.91126,5.25095],[96.91271,5.25081],[96.91261,5.25227],[96.91275,5.25378],[96.9129,5.254],[96.91264,5.25227],[96.91276,5.2508],[96.91401,5.25059],[96.91441,5.25062],[96.91443,5.25075],[96.91449,5.2506],[96.91529,5.25075],[96.91531,5.2509],[96.91531,5.25076],[96.91564,5.25083],[96.91578,5.2507],[96.91691,5.25097],[96.91714,5.25125],[96.92158,5.25208],[96.92532,5.25312],[96.92555,5.25315],[96.9256,5.25296],[96.92582,5.25299],[96.93228,5.25499],[96.94098,5.25729],[96.94706,5.25877],[96.95416,5.26029],[96.96106,5.26128],[96.96197,5.26128],[96.96469,5.26166],[96.97708,5.26266]]]}},{"type":"Feature","properties":{"nama":"Bener Meriah","provinsi":"Aceh","sumber":"Batas_Kab"},"geometry":{"type":"Polygon","coordinates":[[[97.31249,4.60462],[97.3049,4.60559],[97.30227,4.6057],[97.30113,4.60558],[97.30006,4.60626],[97.29738,4.60607],[97.29355,4.6049],[97.29047,4.60437],[97.28732,4.60449],[97.28087,4.60374],[97.27847,4.60312],[97.27453,4.60303],[97.27077,4.60239],[97.2684,4.60233],[97.25845,4.60158],[97.25554,4.6013],[97.25117,4.6006],[97.24945,4.6005],[97.24728,4.60066],[97.24338,4.60147],[97.24263,4.60183],[97.2388,4.60311],[97.23354,4.60431],[97.23225,4.60417],[97.23168,4.60396],[97.23056,4.60324],[97.2103,4.59521],[97.20625,4.59375],[97.20067,4.59142],[97.19826,4.59028],[97.18562,4.58543],[97.17727,4.58196],[97.17414,4.5809],[97.17246,4.58004],[97.16962,4.57814],[97.16726,4.5776],[97.16221,4.57773],[97.15864,4.57818],[97.14748,4.57913],[97.14278,4.57986],[97.14255,4.58],[97.14034,4.5804],[97.133,4.58133],[97.1305,4.58202],[97.12587,4.58225],[97.12391,4.58262],[97.12223,4.58335],[97.11755,4.58418],[97.11558,4.58409],[97.11213,4.58478],[97.11103,4.58512],[97.10602,4.58585],[97.10219,4.58623],[97.09389,4.58855],[97.09123,4.58908],[97.08853,4.59009],[97.08649,4.59104],[97.07956,4.59507],[97.07502,4.59732],[97.07348,4.5979],[97.07094,4.59827],[97.06786,4.59915],[97.06443,4.59977],[97.06325,4.59981],[97.05928,4.60033],[97.05616,4.60121],[97.0508,4.60325],[97.04615,4.60578],[97.04383,4.60745],[97.0411,4.60971],[97.0393,4.61143],[97.03513,4.6171],[97.03396,4.61822],[97.03278,4.62043],[97.02954,4.62512],[97.02677,4.63007],[97.02634,4.63108],[97.02563,4.63191],[97.02449,4.63401],[97.02222,4.63917],[97.02102,4.64263],[97.0207,4.64389],[97.01956,4.6439],[97.01823,4.64333],[97.01608,4.64286],[97.01268,4.64284],[97.01096,4.64332],[97.00974,4.64404],[97.00874,4.64444],[97.00751,4.64468],[97.00456,4.64586],[97.00395,4.64594],[97.00259,4.64544],[97.0019,4.64497],[96.99991,4.64496],[96.99853,4.64547],[96.99556,4.64599],[96.99029,4.64664],[96.98746,4.64713],[96.98126,4.64766],[96.97946,4.64817],[96.97258,4.64955],[96.96738,4.64999],[96.96237,4.65021],[96.95746,4.65104],[96.95398,4.65127],[96.95076,4.65201],[96.94363,4.65217],[96.93983,4.65244],[96.93728,4.65282],[96.92829,4.65359],[96.9198,4.65389],[96.91679,4.65452],[96.91309,4.65554],[96.90878,4.65642],[96.90528,4.65701],[96.89494,4.65839],[96.87958,4.6615],[96.87908,4.66188],[96.87779,4.66457],[96.87731,4.66487],[96.87705,4.66637],[96.87685,4.66677],[96.87674,4.66843],[96.87617,4.66847],[96.87372,4.66819],[96.87027,4.67025],[96.86942,4.66972],[96.86797,4.66924],[96.86572,4.66881],[96.86403,4.66908],[96.86246,4.66903],[96.86083,4.66984],[96.85978,4.66998],[96.85905,4.66979],[96.85832,4.66941],[96.85738,4.66923],[96.85623,4.66953],[96.85328,4.67103],[96.85193,4.67148],[96.85011,4.67183],[96.84875,4.67091],[96.84688,4.67029],[96.84359,4.67074],[96.84061,4.67029],[96.83896,4.66967],[96.83806,4.66955],[96.83668,4.66949],[96.83564,4.67],[96.83309,4.6707],[96.83288,4.67095],[96.83247,4.67103],[96.83159,4.66944],[96.83003,4.66899],[96.82753,4.6696],[96.82711,4.66951],[96.82654,4.66897],[96.82589,4.6687],[96.82522,4.668],[96.82422,4.66805],[96.8239,4.6695],[96.82246,4.67288],[96.82248,4.67316],[96.82214,4.67317],[96.82226,4.67248],[96.8222,4.67226],[96.82192,4.67201],[96.82147,4.67192],[96.82109,4.67207],[96.8204,4.67464],[96.82059,4.67489],[96.82061,4.67552],[96.82008,4.67635],[96.82047,4.67723],[96.82041,4.67874],[96.82099,4.68077],[96.82113,4.68092],[96.82112,4.68262],[96.82162,4.68325],[96.82206,4.6843],[96.82214,4.68563],[96.82183,4.68625],[96.82197,4.68686],[96.82047,4.68624],[96.82024,4.68592],[96.81987,4.68597],[96.81881,4.68555],[96.81838,4.68489],[96.81805,4.68482],[96.81796,4.68495],[96.81692,4.685],[96.81621,4.68422],[96.81618,4.68392],[96.81593,4.68359],[96.81546,4.68338],[96.81534,4.68305],[96.81511,4.68315],[96.81462,4.6828],[96.81423,4.68163],[96.8132,4.68099],[96.81353,4.68052],[96.81226,4.6803],[96.81139,4.67977],[96.81132,4.67967],[96.81143,4.67949],[96.8118,4.67912],[96.81114,4.67741],[96.81061,4.67659],[96.81023,4.67566],[96.81223,4.67618],[96.81114,4.67513],[96.8096,4.67315],[96.80907,4.67283],[96.80453,4.67647],[96.80467,4.67719],[96.80528,4.67826],[96.80565,4.67851],[96.806,4.67923],[96.80663,4.67981],[96.80685,4.68019],[96.80751,4.68057],[96.80781,4.68103],[96.80808,4.68241],[96.80806,4.68253],[96.80508,4.68375],[96.80459,4.68423],[96.80465,4.68569],[96.80443,4.68727],[96.80412,4.68797],[96.80306,4.68883],[96.80328,4.68887],[96.8036,4.68961],[96.80344,4.68999],[96.80343,4.69037],[96.80366,4.69084],[96.8033,4.69434],[96.80169,4.69407],[96.80182,4.69338],[96.80155,4.69279],[96.8014,4.69281],[96.80127,4.69211],[96.80147,4.69196],[96.80116,4.69075],[96.80132,4.68969],[96.80061,4.68956],[96.80012,4.69022],[96.79965,4.68994],[96.79895,4.68986],[96.7982,4.69112],[96.79806,4.69184],[96.79758,4.6925],[96.79741,4.69315],[96.79753,4.69357],[96.7975,4.69431],[96.79301,4.70347],[96.79192,4.70608],[96.79005,4.70918],[96.78916,4.71033],[96.78783,4.71158],[96.78741,4.71277],[96.78743,4.71318],[96.78692,4.71315],[96.78649,4.71349],[96.78587,4.71334],[96.78388,4.71389],[96.78319,4.7138],[96.78227,4.71463],[96.78175,4.71419],[96.78139,4.71424],[96.78071,4.71504],[96.77961,4.71503],[96.77945,4.71534],[96.77911,4.71559],[96.77809,4.71585],[96.77761,4.71551],[96.77672,4.71552],[96.77646,4.71532],[96.77557,4.71521],[96.77485,4.71545],[96.7743,4.71516],[96.77357,4.7151],[96.77326,4.71495],[96.77261,4.71575],[96.77184,4.71608],[96.77155,4.71608],[96.77024,4.71558],[96.76977,4.71509],[96.76922,4.7149],[96.76914,4.71474],[96.76941,4.71425],[96.76887,4.71379],[96.76797,4.71427],[96.76671,4.71402],[96.76522,4.71404],[96.76489,4.71413],[96.76471,4.71447],[96.76499,4.71484],[96.76402,4.71607],[96.76382,4.71609],[96.76361,4.71579],[96.76335,4.7157],[96.76278,4.7161],[96.76202,4.71556],[96.76092,4.71527],[96.76019,4.71575],[96.75982,4.71557],[96.75928,4.71571],[96.75899,4.71562],[96.75874,4.71531],[96.75871,4.71437],[96.7584,4.71398],[96.75848,4.71336],[96.75799,4.71313],[96.75733,4.71366],[96.7564,4.71405],[96.75508,4.71385],[96.75371,4.71391],[96.75269,4.71328],[96.75236,4.71325],[96.75192,4.71373],[96.75137,4.71401],[96.75109,4.71394],[96.75067,4.7131],[96.74994,4.7128],[96.74973,4.71275],[96.7492,4.71304],[96.74849,4.71259],[96.74743,4.71275],[96.74684,4.71255],[96.74678,4.7137],[96.74701,4.71543],[96.74499,4.71539],[96.74396,4.7165],[96.74316,4.71707],[96.74244,4.71859],[96.74221,4.71941],[96.74193,4.71901],[96.74121,4.71878],[96.74092,4.71832],[96.7406,4.71825],[96.74047,4.71803],[96.73993,4.71828],[96.73964,4.71858],[96.73966,4.72158],[96.73977,4.7223],[96.73997,4.72251],[96.73948,4.72296],[96.74006,4.72328],[96.74006,4.72343],[96.73698,4.72398],[96.73377,4.72525],[96.73161,4.72514],[96.73093,4.72455],[96.7306,4.72445],[96.73003,4.72472],[96.72981,4.72525],[96.72983,4.72568],[96.73005,4.72598],[96.73009,4.72628],[96.73013,4.72769],[96.72995,4.72796],[96.72971,4.72827],[96.7293,4.72846],[96.72915,4.72902],[96.72883,4.72929],[96.7277,4.72978],[96.72668,4.73006],[96.72593,4.7305],[96.72588,4.73104],[96.72562,4.73172],[96.72491,4.73192],[96.72503,4.73251],[96.72498,4.73325],[96.72458,4.73356],[96.72453,4.73385],[96.72404,4.73397],[96.72337,4.73489],[96.72203,4.73542],[96.72137,4.73584],[96.72101,4.73764],[96.72043,4.73875],[96.71942,4.73904],[96.71923,4.73956],[96.71887,4.73989],[96.71804,4.74021],[96.71808,4.74068],[96.71789,4.74093],[96.71697,4.74192],[96.71652,4.74208],[96.7164,4.74228],[96.71638,4.74263],[96.7159,4.74345],[96.71641,4.74397],[96.71687,4.74498],[96.7166,4.7454],[96.71609,4.74557],[96.71612,4.74622],[96.716,4.74659],[96.71547,4.74691],[96.71307,4.74736],[96.71281,4.74754],[96.71274,4.74776],[96.71286,4.74831],[96.71225,4.74904],[96.71192,4.74988],[96.71129,4.75048],[96.71146,4.75071],[96.71146,4.75126],[96.71121,4.75139],[96.71118,4.75187],[96.71064,4.75261],[96.71031,4.75258],[96.70946,4.75205],[96.70849,4.75092],[96.7083,4.75031],[96.70848,4.75004],[96.7084,4.74951],[96.70814,4.74913],[96.70725,4.74879],[96.70702,4.74858],[96.70688,4.74828],[96.70688,4.74762],[96.7066,4.74731],[96.70595,4.74724],[96.70546,4.7469],[96.70509,4.74698],[96.70469,4.7468],[96.70342,4.74581],[96.7032,4.74549],[96.70313,4.74496],[96.70293,4.74475],[96.70254,4.74457],[96.70225,4.7446],[96.70145,4.74503],[96.70002,4.74551],[96.69973,4.74543],[96.6992,4.74564],[96.69897,4.74594],[96.6986,4.7461],[96.69852,4.7468],[96.69785,4.74752],[96.69697,4.74804],[96.69643,4.74867],[96.69625,4.74944],[96.69648,4.74999],[96.69638,4.75024],[96.69539,4.75047],[96.69528,4.75082],[96.69508,4.75097],[96.6942,4.75106],[96.6925,4.75056],[96.69169,4.75139],[96.69174,4.75163],[96.69191,4.75169],[96.69211,4.752],[96.69187,4.75242],[96.69157,4.75255],[96.69095,4.75254],[96.69056,4.75282],[96.68991,4.75259],[96.68895,4.75303],[96.68839,4.75353],[96.68756,4.75372],[96.68726,4.75472],[96.68695,4.75509],[96.6858,4.7553],[96.68527,4.75526],[96.68474,4.75544],[96.68388,4.75537],[96.68362,4.75569],[96.68381,4.7563],[96.68371,4.75798],[96.68477,4.75931],[96.68598,4.76008],[96.68583,4.76124],[96.68586,4.76252],[96.68608,4.76355],[96.68589,4.76484],[96.68556,4.76548],[96.68543,4.76646],[96.6858,4.76762],[96.6865,4.76842],[96.68766,4.76825],[96.68904,4.76849],[96.69012,4.76931],[96.69091,4.77046],[96.69237,4.7697],[96.69305,4.77016],[96.69387,4.77019],[96.69418,4.77072],[96.69539,4.77206],[96.69593,4.77225],[96.69895,4.77447],[96.70052,4.7771],[96.70075,4.77827],[96.70151,4.77899],[96.70103,4.78175],[96.70062,4.78275],[96.70056,4.78494],[96.69995,4.78658],[96.70032,4.78839],[96.69995,4.78972],[96.70009,4.79022],[96.6996,4.79103],[96.69952,4.79222],[96.69965,4.79393],[96.70011,4.79563],[96.70089,4.79616],[96.70113,4.79666],[96.70068,4.79724],[96.70058,4.79778],[96.70075,4.79954],[96.69968,4.8013],[96.70025,4.80257],[96.70103,4.80326],[96.70193,4.80379],[96.70217,4.80428],[96.70275,4.80471],[96.70315,4.80546],[96.70387,4.80617],[96.70418,4.80697],[96.70414,4.80781],[96.7045,4.80887],[96.70527,4.80953],[96.70709,4.81237],[96.70732,4.8131],[96.70729,4.81367],[96.70567,4.81489],[96.70628,4.81625],[96.70681,4.81681],[96.70801,4.81766],[96.70841,4.81829],[96.70835,4.81883],[96.70721,4.82139],[96.70708,4.82286],[96.70675,4.82393],[96.70524,4.82534],[96.70204,4.82622],[96.70113,4.82699],[96.69917,4.82938],[96.69656,4.83145],[96.69522,4.83143],[96.69443,4.83178],[96.69393,4.83225],[96.69349,4.83294],[96.69281,4.83509],[96.69114,4.8377],[96.69108,4.83827],[96.69234,4.83973],[96.69292,4.84143],[96.69304,4.84372],[96.69273,4.84436],[96.69143,4.84561],[96.69065,4.84708],[96.68965,4.8511],[96.68983,4.85207],[96.68973,4.85299],[96.68876,4.85513],[96.68867,4.85581],[96.68814,4.85752],[96.68735,4.85967],[96.68651,4.86263],[96.68648,4.86375],[96.68704,4.86784],[96.68761,4.86961],[96.68857,4.87043],[96.68919,4.87078],[96.68964,4.87134],[96.68852,4.87273],[96.68735,4.87473],[96.68707,4.87547],[96.68695,4.87755],[96.68812,4.88011],[96.68918,4.88322],[96.68932,4.88424],[96.68916,4.88608],[96.68984,4.88762],[96.69009,4.88915],[96.69055,4.89048],[96.69038,4.89184],[96.68968,4.89358],[96.68913,4.89615],[96.68908,4.89681],[96.68923,4.89856],[96.68954,4.90034],[96.68944,4.90079],[96.68792,4.90147],[96.68618,4.90402],[96.68549,4.90598],[96.68541,4.90847],[96.68496,4.90953],[96.68348,4.91143],[96.68318,4.91215],[96.68356,4.91348],[96.68354,4.91652],[96.684,4.91816],[96.68384,4.91847],[96.6829,4.919],[96.68261,4.91933],[96.68249,4.92032],[96.68298,4.92205],[96.68298,4.92241],[96.68225,4.92459],[96.68189,4.92504],[96.68108,4.92467],[96.68012,4.92443],[96.67936,4.92486],[96.6782,4.92584],[96.67776,4.92647],[96.67724,4.9276],[96.67708,4.93005],[96.67614,4.93107],[96.67504,4.93336],[96.67249,4.93732],[96.67163,4.93825],[96.67192,4.94],[96.67245,4.94114],[96.67296,4.94278],[96.67315,4.94424],[96.6734,4.94507],[96.67463,4.94692],[96.67588,4.94841],[96.67583,4.94945],[96.67406,4.95091],[96.67166,4.95062],[96.67059,4.95145],[96.66928,4.95145],[96.6675,4.9508],[96.66613,4.95062],[96.6647,4.95169],[96.66339,4.95216],[96.66137,4.95098],[96.66083,4.95121],[96.66024,4.95175],[96.65964,4.9533],[96.65893,4.95383],[96.65661,4.95413],[96.65346,4.95383],[96.65144,4.95496],[96.64917,4.95431],[96.64822,4.95425],[96.64727,4.9549],[96.64638,4.95472],[96.64733,4.9533],[96.64763,4.95264],[96.64793,4.95139],[96.64721,4.95121],[96.64531,4.95181],[96.64424,4.95276],[96.64459,4.95359],[96.64465,4.95443],[96.64406,4.9552],[96.64245,4.95478],[96.64079,4.9546],[96.6396,4.95502],[96.63615,4.95407],[96.63555,4.95359],[96.63442,4.95341],[96.63198,4.95347],[96.63091,4.95419],[96.62972,4.95353],[96.62758,4.95312],[96.62657,4.95324],[96.62312,4.95169],[96.62241,4.95216],[96.62116,4.95252],[96.6205,4.95318],[96.6202,4.95389],[96.61878,4.95413],[96.61788,4.95562],[96.61646,4.95562],[96.61646,4.9546],[96.61598,4.95395],[96.61646,4.95306],[96.61598,4.9527],[96.61515,4.95222],[96.61194,4.9524],[96.61128,4.95222],[96.60938,4.94794],[96.60753,4.94735],[96.60617,4.94663],[96.60557,4.94705],[96.60367,4.94622],[96.602,4.94366],[96.60218,4.94193],[96.60206,4.94128],[96.60153,4.94015],[96.60063,4.93949],[96.59873,4.93896],[96.59843,4.93854],[96.59647,4.93884],[96.59076,4.93896],[96.59005,4.93973],[96.58868,4.93985],[96.58648,4.93979],[96.58438,4.9406],[96.58181,4.94203],[96.57314,4.94768],[96.57518,4.94689],[96.57828,4.94818],[96.58139,4.94834],[96.5831,4.94894],[96.58401,4.94908],[96.58682,4.94873],[96.58769,4.94888],[96.59046,4.95055],[96.5914,4.95157],[96.59275,4.95241],[96.59417,4.95308],[96.59888,4.95481],[96.60371,4.95595],[96.60515,4.95653],[96.60684,4.95875],[96.60862,4.9603],[96.61052,4.96272],[96.61147,4.96365],[96.61672,4.96478],[96.62031,4.96532],[96.62341,4.96611],[96.62552,4.96692],[96.62715,4.96796],[96.6277,4.96846],[96.62959,4.96866],[96.63344,4.96724],[96.63543,4.96706],[96.63841,4.96703],[96.64407,4.96644],[96.64678,4.96604],[96.65419,4.96445],[96.6611,4.96268],[96.66265,4.96211],[96.66465,4.96085],[96.66624,4.96034],[96.66837,4.96078],[96.67619,4.9645],[96.67667,4.96434],[96.67985,4.96458],[96.68059,4.96485],[96.68084,4.96506],[96.68108,4.9657],[96.68193,4.97075],[96.682,4.97203],[96.68327,4.97204],[96.68321,4.97174],[96.68441,4.97145],[96.68362,4.9706],[96.68326,4.96982],[96.68326,4.96856],[96.68487,4.96936],[96.68665,4.96985],[96.68837,4.97012],[96.6907,4.9702],[96.69587,4.96946],[96.6981,4.97306],[96.69965,4.97276],[96.70168,4.97034],[96.70246,4.96893],[96.7052,4.96618],[96.70825,4.96495],[96.71237,4.96442],[96.71612,4.9659],[96.72041,4.96535],[96.7223,4.96535],[96.73002,4.96481],[96.73317,4.96477],[96.73529,4.96497],[96.73894,4.96581],[96.74107,4.96604],[96.74288,4.96613],[96.74601,4.96598],[96.74799,4.96507],[96.75298,4.96392],[96.76147,4.95892],[96.7679,4.95449],[96.76898,4.95136],[96.77871,4.95153],[96.78161,4.94513],[96.78644,4.94127],[96.78653,4.93991],[96.78826,4.93784],[96.78945,4.93681],[96.79342,4.93423],[96.79681,4.93142],[96.79976,4.92979],[96.80193,4.92791],[96.80481,4.92625],[96.80582,4.92539],[96.81346,4.92025],[96.81476,4.91951],[96.81808,4.9171],[96.82417,4.91306],[96.82727,4.91064],[96.82988,4.90779],[96.83191,4.9049],[96.83372,4.9014],[96.83503,4.89937],[96.84438,4.89813],[96.84254,4.89444],[96.84241,4.89184],[96.84284,4.88883],[96.84372,4.88458],[96.84519,4.883],[96.84619,4.88213],[96.84987,4.88105],[96.85526,4.8798],[96.86393,4.87692],[96.87191,4.87469],[96.87701,4.87362],[96.88053,4.87351],[96.88196,4.87377],[96.88628,4.87388],[96.8938,4.87443],[96.89595,4.87532],[96.89833,4.87601],[96.90008,4.87548],[96.90151,4.87483],[96.9084,4.87484],[96.90991,4.87467],[96.91056,4.87442],[96.91257,4.87411],[96.91696,4.87286],[96.92073,4.8716],[96.92383,4.87022],[96.92613,4.86945],[96.92779,4.8691],[96.92933,4.86844],[96.93459,4.86665],[96.93908,4.86553],[96.94217,4.86538],[96.94428,4.8642],[96.95127,4.86145],[96.95535,4.85882],[96.9601,4.85968],[96.96479,4.86003],[96.96924,4.86021],[96.97229,4.86063],[96.97523,4.86136],[96.97991,4.86178],[96.98574,4.863],[96.98762,4.86351],[96.99831,4.86449],[97.00071,4.8646],[97.00104,4.86468],[97.0014,4.86497],[97.00169,4.86554],[97.00188,4.86703],[97.00208,4.87243],[97.00262,4.88028],[97.00285,4.88045],[97.00376,4.88056],[97.0045,4.88096],[97.00659,4.88383],[97.00718,4.88512],[97.00797,4.88891],[97.00893,4.89193],[97.00908,4.89273],[97.00924,4.8972],[97.00968,4.89845],[97.0101,4.89908],[97.01051,4.90007],[97.01038,4.90293],[97.01052,4.90372],[97.01186,4.90625],[97.01264,4.90725],[97.01471,4.90845],[97.01654,4.90925],[97.0191,4.91139],[97.02128,4.91248],[97.0224,4.91274],[97.02366,4.91274],[97.0268,4.91168],[97.02883,4.9112],[97.03112,4.91038],[97.03392,4.90885],[97.03479,4.9086],[97.03671,4.9084],[97.0389,4.90858],[97.04194,4.90817],[97.04311,4.90728],[97.04429,4.90678],[97.04532,4.90573],[97.04602,4.90543],[97.04646,4.90539],[97.04724,4.90567],[97.04992,4.90804],[97.05344,4.90868],[97.05503,4.9093],[97.0556,4.90928],[97.0572,4.90865],[97.0576,4.90863],[97.05819,4.90864],[97.05992,4.9091],[97.06188,4.90917],[97.06304,4.90892],[97.06414,4.90838],[97.0653,4.90813],[97.0674,4.90881],[97.06933,4.90894],[97.07087,4.90926],[97.07171,4.90927],[97.07268,4.9087],[97.07309,4.90773],[97.07328,4.90765],[97.07368,4.9078],[97.07424,4.90892],[97.07477,4.90928],[97.07633,4.90951],[97.07675,4.90928],[97.07745,4.90827],[97.07785,4.90815],[97.0785,4.90948],[97.07885,4.90977],[97.07961,4.90977],[97.08053,4.90931],[97.08128,4.90798],[97.08161,4.90773],[97.08408,4.90721],[97.08425,4.90673],[97.08401,4.90579],[97.08584,4.90421],[97.08644,4.90339],[97.08646,4.90246],[97.08667,4.90238],[97.08701,4.90234],[97.08739,4.90249],[97.08787,4.90447],[97.08822,4.9047],[97.08881,4.90462],[97.08974,4.9042],[97.09017,4.90414],[97.09057,4.90427],[97.09278,4.90573],[97.0936,4.90588],[97.09419,4.90546],[97.09428,4.90504],[97.09428,4.9044],[97.09378,4.90364],[97.09376,4.90335],[97.09395,4.90316],[97.09447,4.90337],[97.09527,4.90464],[97.09584,4.90487],[97.09653,4.90477],[97.09887,4.90343],[97.10046,4.89909],[97.10081,4.89865],[97.10128,4.8985],[97.10176,4.89874],[97.10195,4.89916],[97.1025,4.89963],[97.10452,4.89993],[97.10519,4.90014],[97.10532,4.9005],[97.10477,4.90151],[97.10474,4.902],[97.10498,4.9024],[97.1058,4.90312],[97.10632,4.90333],[97.10681,4.90333],[97.10775,4.90289],[97.10937,4.90193],[97.11129,4.90039],[97.11186,4.90052],[97.11308,4.90213],[97.114,4.90388],[97.11402,4.90624],[97.11419,4.90691],[97.11448,4.90729],[97.11473,4.9074],[97.11627,4.90772],[97.11722,4.90846],[97.11776,4.90857],[97.11925,4.90852],[97.12102,4.90955],[97.12234,4.90958],[97.12334,4.90901],[97.12464,4.90891],[97.12626,4.90919],[97.12706,4.90982],[97.1295,4.90984],[97.12979,4.91005],[97.13042,4.91117],[97.13124,4.9121],[97.13164,4.91225],[97.13257,4.912],[97.13457,4.91078],[97.13531,4.91063],[97.13606,4.91079],[97.1377,4.91174],[97.13871,4.91191],[97.13932,4.91153],[97.14091,4.91006],[97.14196,4.90945],[97.14314,4.90937],[97.14504,4.91035],[97.14559,4.91029],[97.14601,4.90999],[97.1513,4.90812],[97.15891,4.90456],[97.16691,4.90046],[97.17348,4.89837],[97.18223,4.89494],[97.19908,4.88942],[97.21783,4.88248],[97.2262,4.87981],[97.22925,4.87924],[97.23106,4.8781],[97.23839,4.87543],[97.24267,4.87353],[97.24898,4.86772],[97.2535,4.86184],[97.26952,4.83725],[97.28018,4.8264],[97.28208,4.81631],[97.27999,4.80756],[97.27466,4.79975],[97.27313,4.79404],[97.26895,4.78643],[97.26476,4.78167],[97.25943,4.7771],[97.25391,4.76568],[97.25216,4.75803],[97.2566,4.7573],[97.26017,4.75566],[97.26359,4.75473],[97.26701,4.75478],[97.26923,4.75345],[97.2713,4.75409],[97.2733,4.75673],[97.2778,4.75238],[97.28044,4.75173],[97.28572,4.74888],[97.29543,4.7416],[97.30009,4.73987],[97.30421,4.73917],[97.30757,4.73881],[97.3126,4.73852],[97.3187,4.73716],[97.31962,4.73667],[97.32032,4.73609],[97.3209,4.73532],[97.32239,4.73273],[97.32438,4.7286],[97.32607,4.72415],[97.32659,4.72243],[97.32791,4.71519],[97.32853,4.71302],[97.32869,4.71167],[97.32872,4.71074],[97.32818,4.70596],[97.32763,4.70397],[97.3271,4.70306],[97.32044,4.69554],[97.31877,4.69319],[97.31551,4.68636],[97.31455,4.68375],[97.31321,4.68093],[97.31117,4.6752],[97.31011,4.67287],[97.30895,4.67081],[97.30579,4.66583],[97.30478,4.6647],[97.30149,4.66216],[97.29929,4.66085],[97.29816,4.66049],[97.29489,4.65995],[97.29122,4.6587],[97.28955,4.65832],[97.28032,4.65794],[97.27699,4.658],[97.27295,4.65872],[97.25942,4.66179],[97.25898,4.66164],[97.25856,4.66119],[97.2573,4.65748],[97.25633,4.65002],[97.25636,4.64621],[97.2569,4.64083],[97.25739,4.63848],[97.25791,4.63463],[97.25843,4.63164],[97.2603,4.62377],[97.26121,4.61772],[97.26143,4.61707],[97.26187,4.61661],[97.2632,4.61615],[97.26439,4.6162],[97.26523,4.6164],[97.26582,4.61704],[97.26778,4.61979],[97.26848,4.62201],[97.26925,4.62329],[97.27095,4.62523],[97.27418,4.62721],[97.27566,4.6285],[97.2789,4.62891],[97.27947,4.62878],[97.28129,4.62732],[97.28275,4.6271],[97.28601,4.62757],[97.28712,4.62735],[97.28811,4.62691],[97.29127,4.62632],[97.29478,4.62524],[97.29641,4.62491],[97.30379,4.62218],[97.30448,4.62161],[97.30565,4.62019],[97.30681,4.61818],[97.31001,4.6118],[97.31041,4.61083],[97.31111,4.60768],[97.31249,4.60462]]]}},{"type":"Feature","properties":{"nama":"Bireuen","provinsi":"Aceh","sumber":"Batas_Kab"},"geometry":{"type":"Polygon","coordinates":[[[96.84891,5.27643],[96.84998,5.27652],[96.85112,5.27644],[96.85344,5.27567],[96.85473,5.27542],[96.85802,5.27517],[96.85916,5.27516],[96.86001,5.27531],[96.86101,5.2751],[96.86101,5.27493],[96.86042,5.27488],[96.85989,5.27442],[96.85927,5.2743],[96.85811,5.27297],[96.8593,5.27167],[96.85982,5.27217],[96.86177,5.27227],[96.86327,5.27214],[96.8643,5.27171],[96.86475,5.27136],[96.86555,5.27003],[96.86569,5.26946],[96.86554,5.26939],[96.8657,5.26878],[96.8667,5.26648],[96.86924,5.26297],[96.87045,5.26104],[96.87127,5.25931],[96.87275,5.25559],[96.87392,5.25399],[96.87481,5.25322],[96.87618,5.25229],[96.87883,5.25087],[96.87895,5.25064],[96.87835,5.25053],[96.87837,5.24982],[96.87961,5.24891],[96.88019,5.24885],[96.88116,5.2492],[96.88264,5.24872],[96.88421,5.2484],[96.88569,5.24921],[96.88523,5.24892],[96.88573,5.24842],[96.88627,5.24871],[96.88582,5.24843],[96.8859,5.24821],[96.88658,5.24778],[96.88709,5.24773],[96.88719,5.24794],[96.88707,5.24763],[96.88722,5.24756],[96.88874,5.24747],[96.88887,5.24783],[96.88885,5.24749],[96.88897,5.24745],[96.89036,5.24749],[96.89061,5.24754],[96.89068,5.24795],[96.89064,5.24751],[96.89148,5.24753],[96.89528,5.24808],[96.89495,5.24797],[96.89567,5.24797],[96.89968,5.24913],[96.90257,5.25025],[96.90351,5.2504],[96.90534,5.24998],[96.90579,5.25042],[96.90544,5.25048],[96.90566,5.25068],[96.90752,5.25111],[96.9077,5.25023],[96.90802,5.24995],[96.90884,5.24969],[96.9116,5.24831],[96.91202,5.24782],[96.91225,5.24712],[96.91152,5.24575],[96.90837,5.24602],[96.90734,5.24592],[96.90694,5.24571],[96.90656,5.24529],[96.90629,5.24473],[96.90615,5.24369],[96.90636,5.24298],[96.9069,5.24268],[96.9076,5.24273],[96.90858,5.24315],[96.90919,5.24327],[96.90991,5.24308],[96.91015,5.2428],[96.91026,5.24247],[96.91021,5.24188],[96.90929,5.24056],[96.90878,5.23946],[96.90825,5.23717],[96.90814,5.23583],[96.90841,5.23546],[96.90886,5.23524],[96.91087,5.23536],[96.91122,5.23525],[96.91161,5.2349],[96.91172,5.23444],[96.91165,5.23334],[96.91185,5.23259],[96.91306,5.23143],[96.91374,5.2303],[96.91459,5.22641],[96.91464,5.22467],[96.91429,5.22389],[96.91345,5.22318],[96.91289,5.22296],[96.91196,5.22341],[96.91058,5.22498],[96.91017,5.22525],[96.90991,5.22532],[96.9097,5.22523],[96.90942,5.22469],[96.909,5.22313],[96.90814,5.22229],[96.90806,5.22195],[96.90816,5.22151],[96.90842,5.22128],[96.90881,5.22127],[96.91039,5.22257],[96.91123,5.22283],[96.91203,5.22265],[96.91387,5.22138],[96.91454,5.22108],[96.91484,5.22109],[96.91535,5.22129],[96.91576,5.22228],[96.91612,5.22272],[96.91637,5.22278],[96.91695,5.22264],[96.91718,5.22188],[96.91686,5.22081],[96.9168,5.21932],[96.91633,5.21823],[96.91562,5.21775],[96.913,5.21754],[96.91155,5.21698],[96.91105,5.21629],[96.91086,5.21563],[96.91089,5.21533],[96.91115,5.21485],[96.9118,5.21446],[96.91271,5.21454],[96.91317,5.21484],[96.91373,5.21573],[96.9147,5.21662],[96.9162,5.21741],[96.91693,5.21739],[96.91735,5.21702],[96.91741,5.21655],[96.91725,5.2162],[96.91648,5.21553],[96.91615,5.21504],[96.91601,5.21365],[96.9163,5.21301],[96.91695,5.21275],[96.91848,5.21269],[96.91901,5.21228],[96.91958,5.21132],[96.92015,5.21077],[96.92116,5.21008],[96.92179,5.20996],[96.92248,5.21017],[96.92358,5.21266],[96.92393,5.21298],[96.92434,5.21306],[96.92484,5.21282],[96.92519,5.21219],[96.92523,5.21095],[96.92505,5.21042],[96.92469,5.20998],[96.9227,5.20836],[96.9203,5.20741],[96.91719,5.20714],[96.91668,5.20689],[96.91631,5.20647],[96.91591,5.20533],[96.91577,5.2042],[96.91772,5.20218],[96.91792,5.2016],[96.91788,5.20111],[96.91736,5.20049],[96.916,5.19961],[96.9149,5.19789],[96.91236,5.1977],[96.91197,5.1978],[96.91167,5.19715],[96.91259,5.19608],[96.91269,5.19575],[96.91258,5.19564],[96.91233,5.19564],[96.91223,5.19588],[96.91202,5.19589],[96.91184,5.19608],[96.91111,5.19627],[96.91135,5.19569],[96.91137,5.19515],[96.91129,5.19488],[96.91075,5.19486],[96.91059,5.19458],[96.91044,5.1936],[96.91097,5.19304],[96.91096,5.19274],[96.91059,5.19216],[96.91072,5.19193],[96.91074,5.19108],[96.91101,5.19067],[96.91084,5.19004],[96.91093,5.18963],[96.91088,5.18947],[96.91076,5.1895],[96.91039,5.19083],[96.91014,5.19089],[96.90989,5.19067],[96.90968,5.18942],[96.90968,5.18898],[96.9102,5.18873],[96.91127,5.18868],[96.91112,5.18798],[96.90924,5.18785],[96.90854,5.18865],[96.90842,5.18901],[96.90806,5.18933],[96.90712,5.18974],[96.90672,5.18893],[96.90599,5.18909],[96.90455,5.1875],[96.90356,5.18573],[96.90355,5.18473],[96.90291,5.18325],[96.90282,5.18256],[96.90312,5.18249],[96.90318,5.18167],[96.90307,5.18072],[96.90211,5.18075],[96.90095,5.18118],[96.89993,5.18119],[96.89965,5.18098],[96.89955,5.18039],[96.89977,5.17963],[96.89969,5.17915],[96.89829,5.1805],[96.89773,5.17962],[96.89731,5.17949],[96.89648,5.17963],[96.8958,5.18051],[96.89576,5.18092],[96.89471,5.18109],[96.89452,5.18105],[96.89434,5.18079],[96.89438,5.18017],[96.89423,5.17915],[96.89388,5.17913],[96.89204,5.17991],[96.8914,5.17896],[96.89155,5.17816],[96.89145,5.17765],[96.8912,5.17694],[96.89042,5.17598],[96.89025,5.17492],[96.89104,5.17325],[96.89128,5.17157],[96.89126,5.17034],[96.89054,5.16925],[96.89043,5.1681],[96.89184,5.16655],[96.89254,5.16516],[96.89345,5.16402],[96.89362,5.16341],[96.89305,5.16185],[96.89141,5.16017],[96.89024,5.15798],[96.89036,5.15644],[96.89138,5.15441],[96.89122,5.15186],[96.89081,5.15086],[96.89027,5.14995],[96.88912,5.14879],[96.88655,5.14722],[96.88493,5.14645],[96.88445,5.14429],[96.88386,5.14294],[96.88218,5.14034],[96.88096,5.13879],[96.87805,5.13661],[96.87633,5.1319],[96.87666,5.13086],[96.87717,5.1279],[96.8767,5.12661],[96.87623,5.12371],[96.87624,5.12109],[96.8766,5.1195],[96.8766,5.1185],[96.87568,5.11723],[96.87205,5.11487],[96.86905,5.1134],[96.86671,5.11205],[96.86555,5.11107],[96.86221,5.10717],[96.8603,5.10451],[96.85955,5.10272],[96.85806,5.10292],[96.85631,5.10274],[96.85361,5.101],[96.85271,5.10027],[96.8524,5.09969],[96.85167,5.09933],[96.85087,5.09798],[96.8504,5.0978],[96.85022,5.09754],[96.84929,5.09728],[96.84773,5.09637],[96.84767,5.09549],[96.84711,5.09458],[96.84669,5.09359],[96.84652,5.09361],[96.8448,5.09219],[96.84332,5.09242],[96.8427,5.09229],[96.84203,5.09242],[96.84163,5.09264],[96.83765,5.09209],[96.83639,5.09174],[96.83542,5.09122],[96.83449,5.09048],[96.83359,5.08884],[96.83324,5.08675],[96.83312,5.08389],[96.83278,5.08186],[96.83337,5.0786],[96.83455,5.07586],[96.83603,5.07377],[96.83802,5.06905],[96.83835,5.06777],[96.83856,5.06619],[96.83802,5.06193],[96.83717,5.05886],[96.83489,5.05738],[96.83252,5.05499],[96.83019,5.05355],[96.82871,5.05218],[96.82769,5.05142],[96.82687,5.04949],[96.82555,5.04559],[96.82458,5.04402],[96.82366,5.04301],[96.82211,5.04095],[96.82018,5.03812],[96.81958,5.03527],[96.81973,5.03259],[96.82005,5.03029],[96.81902,5.02821],[96.81871,5.02489],[96.81847,5.02408],[96.81901,5.02324],[96.82006,5.02061],[96.82067,5.01875],[96.82067,5.01754],[96.82024,5.01654],[96.819,5.01463],[96.81823,5.01316],[96.8178,5.01125],[96.81772,5.00936],[96.81812,5.00767],[96.82028,5.00346],[96.82136,5.00098],[96.8215,4.99822],[96.821,4.99538],[96.81865,4.99255],[96.81796,4.991],[96.81723,4.98836],[96.81715,4.98658],[96.81684,4.98542],[96.81598,4.98307],[96.81534,4.98204],[96.81527,4.98157],[96.81369,4.97878],[96.8134,4.97693],[96.81302,4.97574],[96.81177,4.97417],[96.81082,4.9725],[96.8083,4.96903],[96.8064,4.96678],[96.80321,4.96066],[96.80188,4.95697],[96.79741,4.95029],[96.7967,4.94943],[96.79353,4.94621],[96.79299,4.94585],[96.79181,4.94537],[96.79142,4.94501],[96.78968,4.94302],[96.7872,4.94052],[96.78653,4.94002],[96.78644,4.94127],[96.78161,4.94513],[96.77871,4.95153],[96.76898,4.95136],[96.7679,4.95449],[96.76147,4.95892],[96.75298,4.96392],[96.74799,4.96507],[96.74601,4.96598],[96.74288,4.96613],[96.74107,4.96604],[96.73894,4.96581],[96.73529,4.96497],[96.73317,4.96477],[96.73002,4.96481],[96.7223,4.96535],[96.72041,4.96535],[96.71612,4.9659],[96.71237,4.96442],[96.70825,4.96495],[96.7052,4.96618],[96.70246,4.96893],[96.70168,4.97034],[96.69965,4.97276],[96.6981,4.97306],[96.69587,4.96946],[96.6907,4.9702],[96.68837,4.97012],[96.68665,4.96985],[96.68487,4.96936],[96.68326,4.96856],[96.68326,4.96982],[96.68362,4.9706],[96.68441,4.97145],[96.68321,4.97174],[96.68327,4.97204],[96.682,4.97203],[96.68193,4.97075],[96.68108,4.9657],[96.68084,4.96506],[96.68059,4.96485],[96.67985,4.96458],[96.67667,4.96434],[96.67619,4.9645],[96.66837,4.96078],[96.66624,4.96034],[96.66465,4.96085],[96.66265,4.96211],[96.6611,4.96268],[96.65419,4.96445],[96.64678,4.96604],[96.64115,4.96679],[96.63344,4.96724],[96.62959,4.96866],[96.6277,4.96846],[96.62715,4.96796],[96.62552,4.96692],[96.62341,4.96611],[96.62031,4.96532],[96.61672,4.96478],[96.61147,4.96365],[96.61052,4.96272],[96.60862,4.9603],[96.60684,4.95875],[96.60515,4.95653],[96.60371,4.95595],[96.59888,4.95481],[96.59417,4.95308],[96.59275,4.95241],[96.5914,4.95157],[96.59046,4.95055],[96.58769,4.94888],[96.58682,4.94873],[96.58401,4.94908],[96.5831,4.94894],[96.58139,4.94834],[96.57828,4.94818],[96.57518,4.94689],[96.57314,4.94768],[96.57043,4.9466],[96.56755,4.94577],[96.56498,4.94481],[96.5617,4.94398],[96.55967,4.94329],[96.55644,4.94251],[96.55372,4.94153],[96.55063,4.9406],[96.54076,4.93687],[96.53871,4.93596],[96.53574,4.93299],[96.52419,4.91988],[96.52381,4.91922],[96.52279,4.91582],[96.5222,4.91472],[96.52169,4.91422],[96.52151,4.91382],[96.52157,4.91332],[96.52136,4.91225],[96.5207,4.91107],[96.51936,4.90949],[96.51694,4.90727],[96.51659,4.90661],[96.51624,4.90511],[96.51592,4.90462],[96.51483,4.90435],[96.51324,4.90369],[96.51273,4.90321],[96.51184,4.90159],[96.51115,4.90081],[96.5091,4.90006],[96.50687,4.899],[96.50269,4.89783],[96.49854,4.8959],[96.49719,4.89507],[96.49647,4.89458],[96.4957,4.89374],[96.49508,4.89273],[96.49405,4.89155],[96.49298,4.89001],[96.49188,4.8895],[96.48985,4.88926],[96.48657,4.88969],[96.48072,4.88924],[96.47467,4.89067],[96.47218,4.89067],[96.47091,4.89131],[96.46989,4.89414],[96.47028,4.8949],[96.46949,4.89654],[96.46901,4.8979],[96.46785,4.90375],[96.46732,4.90515],[96.46661,4.90891],[96.46585,4.91027],[96.46511,4.91229],[96.46376,4.9142],[96.45562,4.92131],[96.45448,4.92248],[96.45305,4.92357],[96.44708,4.92914],[96.44515,4.93054],[96.43808,4.9343],[96.43458,4.9374],[96.43063,4.93821],[96.42473,4.94044],[96.41933,4.93975],[96.41743,4.9398],[96.41312,4.94035],[96.41072,4.94047],[96.40936,4.94075],[96.40677,4.94054],[96.40251,4.94108],[96.39894,4.94013],[96.39656,4.93873],[96.39393,4.93748],[96.39071,4.93562],[96.38782,4.93437],[96.38543,4.93287],[96.38065,4.93087],[96.37926,4.93037],[96.37661,4.93037],[96.37419,4.93098],[96.37294,4.93173],[96.37219,4.93419],[96.37208,4.9363],[96.37115,4.93791],[96.36812,4.94012],[96.36719,4.94101],[96.36516,4.94197],[96.36294,4.94258],[96.36084,4.9429],[96.35652,4.94429],[96.35413,4.94437],[96.35209,4.94419],[96.35063,4.94372],[96.3492,4.94354],[96.34649,4.94388],[96.34456,4.94341],[96.34365,4.94365],[96.3419,4.94425],[96.33999,4.94535],[96.33553,4.94929],[96.33427,4.95087],[96.33274,4.95335],[96.32918,4.96004],[96.3287,4.96077],[96.32805,4.9613],[96.32731,4.9624],[96.32685,4.96388],[96.32654,4.9659],[96.32714,4.96795],[96.32768,4.96935],[96.33196,4.97307],[96.33669,4.97749],[96.33794,4.97937],[96.33923,4.98325],[96.34055,4.98512],[96.34168,4.98645],[96.34227,4.98703],[96.34348,4.98786],[96.34473,4.98992],[96.34712,4.9953],[96.347,4.99632],[96.34708,4.99922],[96.34671,5.001],[96.3468,5.00362],[96.34718,5.00509],[96.34734,5.00664],[96.34726,5.0081],[96.34677,5.01002],[96.34661,5.01112],[96.34667,5.01159],[96.34625,5.01391],[96.34621,5.01544],[96.34695,5.01691],[96.34814,5.01843],[96.35011,5.02036],[96.35272,5.02375],[96.35382,5.02487],[96.35665,5.02533],[96.35765,5.026],[96.35944,5.02832],[96.36038,5.02981],[96.36365,5.03401],[96.36406,5.03518],[96.3643,5.03723],[96.36428,5.04155],[96.36446,5.04391],[96.36472,5.04469],[96.36482,5.04636],[96.3644,5.04829],[96.36351,5.04951],[96.36247,5.05146],[96.36217,5.05267],[96.36176,5.05344],[96.36114,5.05523],[96.36092,5.05726],[96.36099,5.05852],[96.36013,5.06053],[96.35955,5.06118],[96.35889,5.06152],[96.3566,5.06322],[96.35514,5.0645],[96.35232,5.06591],[96.35021,5.06866],[96.35015,5.06994],[96.35052,5.07328],[96.35035,5.07539],[96.34993,5.07657],[96.34823,5.07883],[96.34793,5.07975],[96.34827,5.08136],[96.35044,5.08275],[96.35119,5.08384],[96.35304,5.08542],[96.35403,5.087],[96.35355,5.08899],[96.35384,5.08983],[96.35518,5.09152],[96.35523,5.09209],[96.35427,5.09386],[96.35379,5.09583],[96.35347,5.09661],[96.35159,5.09916],[96.35095,5.09976],[96.34989,5.1015],[96.34959,5.10228],[96.34943,5.10358],[96.34969,5.10627],[96.34937,5.1077],[96.34874,5.10823],[96.34698,5.10878],[96.34637,5.10924],[96.3458,5.11043],[96.34609,5.11115],[96.34669,5.11183],[96.34671,5.11352],[96.34648,5.11456],[96.34609,5.11509],[96.34724,5.11849],[96.34723,5.1193],[96.34684,5.12094],[96.34701,5.12206],[96.34662,5.12309],[96.34566,5.12416],[96.3463,5.12492],[96.3482,5.1255],[96.34819,5.12605],[96.34741,5.12704],[96.34599,5.12684],[96.34443,5.1291],[96.34302,5.13057],[96.34222,5.13191],[96.34147,5.13391],[96.34119,5.13593],[96.34087,5.13608],[96.33882,5.13812],[96.33785,5.13954],[96.3374,5.14124],[96.33766,5.14329],[96.33734,5.1446],[96.3366,5.14523],[96.33554,5.14759],[96.33539,5.14821],[96.33575,5.14946],[96.33538,5.14977],[96.33499,5.15054],[96.33481,5.15478],[96.33471,5.16711],[96.33589,5.16928],[96.33516,5.17292],[96.3344,5.17534],[96.33478,5.17896],[96.33556,5.18191],[96.33503,5.18343],[96.33513,5.18486],[96.33594,5.18609],[96.3365,5.18773],[96.33692,5.19146],[96.33798,5.19544],[96.33832,5.19722],[96.33964,5.20004],[96.34162,5.20305],[96.34217,5.20496],[96.34239,5.20743],[96.34117,5.21169],[96.34,5.21924],[96.34061,5.22392],[96.34084,5.22443],[96.34297,5.226],[96.34327,5.22649],[96.34597,5.2257],[96.3473,5.22511],[96.34765,5.22509],[96.35312,5.22286],[96.3592,5.22016],[96.36267,5.21892],[96.36534,5.21833],[96.36758,5.21819],[96.36987,5.21821],[96.37032,5.21893],[96.3695,5.21742],[96.36996,5.21721],[96.37078,5.21871],[96.37004,5.21722],[96.37107,5.21645],[96.37555,5.21502],[96.38472,5.21242],[96.38516,5.21221],[96.38564,5.21161],[96.38566,5.2114],[96.3855,5.21124],[96.38606,5.21119],[96.38629,5.21139],[96.3881,5.21071],[96.39297,5.20967],[96.395,5.20949],[96.39766,5.20958],[96.40162,5.21013],[96.40539,5.21105],[96.41198,5.21317],[96.41589,5.21479],[96.41602,5.21445],[96.41658,5.21456],[96.41644,5.215],[96.4166,5.21468],[96.41708,5.21476],[96.42002,5.21579],[96.42639,5.21763],[96.42935,5.21867],[96.43702,5.22223],[96.44669,5.22753],[96.44717,5.22764],[96.46021,5.23535],[96.46334,5.23675],[96.46498,5.23702],[96.46606,5.23694],[96.46692,5.2367],[96.46843,5.23561],[96.46877,5.2351],[96.47176,5.23239],[96.47221,5.23145],[96.47353,5.23008],[96.47441,5.22874],[96.47583,5.22742],[96.47689,5.22592],[96.47728,5.22481],[96.47806,5.22115],[96.47909,5.21916],[96.47902,5.21869],[96.47914,5.21791],[96.47892,5.21788],[96.47887,5.21774],[96.47905,5.21727],[96.47891,5.21694],[96.47919,5.21519],[96.48033,5.21326],[96.48217,5.2115],[96.48476,5.20971],[96.48605,5.20905],[96.4878,5.20846],[96.48793,5.20845],[96.48809,5.20873],[96.48791,5.20827],[96.48832,5.20811],[96.48802,5.20738],[96.48906,5.2069],[96.48902,5.20677],[96.49218,5.2055],[96.49232,5.20573],[96.49224,5.20536],[96.49339,5.20504],[96.49353,5.20518],[96.49348,5.20492],[96.49609,5.20441],[96.49621,5.20441],[96.49679,5.20593],[96.49621,5.2043],[96.49673,5.20411],[96.49723,5.20546],[96.49727,5.20545],[96.49678,5.2041],[96.49805,5.20342],[96.50097,5.20249],[96.50114,5.20278],[96.50101,5.20225],[96.50218,5.20186],[96.5023,5.20205],[96.50216,5.20161],[96.50253,5.20143],[96.50894,5.19983],[96.51363,5.19918],[96.519,5.19894],[96.52251,5.1992],[96.52347,5.19903],[96.5241,5.20014],[96.52464,5.20147],[96.52431,5.20051],[96.52369,5.19931],[96.52421,5.19917],[96.52502,5.20058],[96.52429,5.1992],[96.5254,5.19857],[96.52644,5.19831],[96.52783,5.19819],[96.53315,5.19852],[96.53668,5.19905],[96.54176,5.1996],[96.54725,5.2006],[96.55158,5.20117],[96.55504,5.20214],[96.55577,5.20209],[96.55591,5.20233],[96.55624,5.20246],[96.56198,5.20376],[96.5681,5.20561],[96.57229,5.20732],[96.58012,5.21109],[96.57971,5.21355],[96.58017,5.21121],[96.58104,5.21143],[96.58085,5.21242],[96.58087,5.21311],[96.58122,5.21068],[96.58141,5.2105],[96.588,5.2106],[96.58773,5.21051],[96.58787,5.21023],[96.58815,5.21004],[96.58869,5.20995],[96.60221,5.21024],[96.60277,5.21013],[96.60297,5.20986],[96.60325,5.21012],[96.60406,5.21019],[96.6124,5.21027],[96.61929,5.21059],[96.62362,5.21094],[96.63169,5.21221],[96.64066,5.21415],[96.64502,5.21547],[96.64963,5.21722],[96.65053,5.21746],[96.65073,5.2186],[96.6509,5.21889],[96.65059,5.21753],[96.65117,5.21748],[96.6513,5.2188],[96.65121,5.21759],[96.65168,5.2174],[96.65241,5.21736],[96.65939,5.21941],[96.65947,5.21917],[96.65969,5.21918],[96.66537,5.22142],[96.66582,5.22146],[96.66653,5.2219],[96.66972,5.22327],[96.67511,5.22614],[96.6808,5.22868],[96.68197,5.22903],[96.68272,5.22943],[96.68957,5.23218],[96.69121,5.23267],[96.69486,5.23435],[96.69553,5.23457],[96.69607,5.23458],[96.6963,5.23493],[96.70117,5.23691],[96.70216,5.23746],[96.70395,5.23819],[96.70412,5.23838],[96.7046,5.23845],[96.70477,5.23862],[96.71016,5.24089],[96.72,5.2453],[96.72867,5.24849],[96.73172,5.24946],[96.73197,5.24962],[96.73195,5.2503],[96.73241,5.25131],[96.73199,5.2503],[96.73203,5.24926],[96.73297,5.24931],[96.73295,5.25025],[96.73331,5.25093],[96.73299,5.25024],[96.73303,5.24911],[96.73394,5.24876],[96.73497,5.24862],[96.73651,5.24871],[96.74025,5.24936],[96.74728,5.25079],[96.75674,5.25311],[96.76624,5.25492],[96.77425,5.25718],[96.77849,5.25814],[96.78186,5.25944],[96.78573,5.26158],[96.78581,5.26277],[96.78596,5.26019],[96.78631,5.26022],[96.78635,5.26063],[96.78681,5.26049],[96.78841,5.26078],[96.79097,5.26196],[96.79745,5.26601],[96.80029,5.26748],[96.80619,5.2698],[96.81267,5.27159],[96.8183,5.2729],[96.82792,5.27488],[96.83156,5.27522],[96.83181,5.27511],[96.83192,5.27483],[96.83182,5.2746],[96.83199,5.27455],[96.83227,5.27495],[96.83362,5.27518],[96.83576,5.27532],[96.84084,5.27526],[96.84566,5.27576],[96.84765,5.27635],[96.84861,5.27694],[96.84873,5.27652],[96.84891,5.27643]]]}},{"type":"Feature","properties":{"nama":"Gayo Lues","provinsi":"Aceh","sumber":"Batas_Kab"},"geometry":{"type":"Polygon","coordinates":[[[97.35888,4.21426],[97.36033,4.21215],[97.36381,4.20752],[97.36622,4.20586],[97.37102,4.20382],[97.38095,4.19847],[97.38543,4.19554],[97.39424,4.1909],[97.39735,4.18909],[97.40265,4.18571],[97.4097,4.18205],[97.41413,4.17918],[97.41906,4.17711],[97.42456,4.17426],[97.43464,4.1701],[97.44246,4.16771],[97.4491,4.16507],[97.45466,4.16364],[97.45796,4.16244],[97.46655,4.16109],[97.47402,4.15959],[97.48461,4.15835],[97.49237,4.15632],[97.49435,4.15613],[97.49618,4.1558],[97.49882,4.15569],[97.49952,4.15612],[97.5,4.1566],[97.50339,4.15789],[97.50477,4.15976],[97.50532,4.16127],[97.50679,4.16323],[97.50691,4.1639],[97.50722,4.16455],[97.50798,4.16535],[97.50819,4.16603],[97.50887,4.16716],[97.51134,4.16926],[97.51266,4.17061],[97.51279,4.17245],[97.5133,4.17356],[97.51389,4.1743],[97.51474,4.17584],[97.51632,4.18193],[97.51791,4.18374],[97.51876,4.18441],[97.52042,4.18522],[97.52118,4.18544],[97.52251,4.18491],[97.52339,4.18504],[97.52543,4.18717],[97.52788,4.18806],[97.52871,4.18905],[97.52907,4.18926],[97.53143,4.18973],[97.53327,4.19087],[97.53618,4.19112],[97.53753,4.19109],[97.54343,4.19192],[97.54719,4.19202],[97.55078,4.19263],[97.55416,4.19352],[97.55924,4.19618],[97.56249,4.1981],[97.56919,4.20564],[97.5725,4.21036],[97.57346,4.21219],[97.57378,4.21339],[97.57839,4.22157],[97.58198,4.22621],[97.58414,4.22946],[97.58641,4.23351],[97.59439,4.24341],[97.60111,4.24917],[97.60205,4.25032],[97.60255,4.25058],[97.60311,4.25078],[97.60433,4.25096],[97.6055,4.25097],[97.60687,4.25132],[97.60814,4.25126],[97.60898,4.25041],[97.60946,4.24965],[97.60975,4.24945],[97.61096,4.2494],[97.61156,4.24925],[97.61272,4.24793],[97.61325,4.24749],[97.61445,4.247],[97.61673,4.24657],[97.61854,4.24551],[97.62232,4.24261],[97.62383,4.2412],[97.62417,4.24061],[97.62519,4.23712],[97.62707,4.23326],[97.62797,4.23172],[97.62889,4.23072],[97.62932,4.22995],[97.62989,4.22759],[97.63008,4.22623],[97.63051,4.22537],[97.63118,4.22498],[97.63195,4.22473],[97.63429,4.22457],[97.63529,4.22427],[97.63687,4.22304],[97.6395,4.2223],[97.64112,4.22118],[97.64254,4.22052],[97.64376,4.22012],[97.64633,4.21993],[97.64746,4.22],[97.64841,4.22053],[97.65229,4.22147],[97.65578,4.2233],[97.65652,4.22387],[97.65797,4.2255],[97.65959,4.22792],[97.66152,4.23038],[97.66545,4.23469],[97.66731,4.23722],[97.66796,4.23776],[97.66973,4.2388],[97.67104,4.23908],[97.6734,4.23907],[97.67578,4.23882],[97.67764,4.23827],[97.67897,4.23809],[97.68105,4.23826],[97.68155,4.2384],[97.6821,4.23874],[97.6837,4.24008],[97.6847,4.24186],[97.68507,4.24309],[97.68515,4.24454],[97.68618,4.24615],[97.68699,4.24687],[97.6879,4.2471],[97.69265,4.24709],[97.70162,4.24647],[97.70687,4.24658],[97.70997,4.24686],[97.72314,4.24746],[97.72515,4.24766],[97.72741,4.24798],[97.7329,4.24923],[97.73306,4.24829],[97.73407,4.24475],[97.73518,4.24178],[97.73961,4.23438],[97.74,4.23337],[97.74018,4.23029],[97.74089,4.22368],[97.74111,4.22014],[97.74103,4.21796],[97.74056,4.21591],[97.74003,4.21487],[97.73868,4.21369],[97.73626,4.2125],[97.73536,4.21182],[97.73092,4.20633],[97.72825,4.20145],[97.72836,4.20078],[97.72827,4.19945],[97.7287,4.19746],[97.73111,4.19263],[97.73339,4.18871],[97.73334,4.17815],[97.73677,4.16168],[97.73732,4.15426],[97.73868,4.14576],[97.74311,4.13672],[97.74857,4.12824],[97.75056,4.12424],[97.75236,4.12143],[97.7555,4.11824],[97.75943,4.11509],[97.76189,4.11346],[97.76996,4.11096],[97.77317,4.10948],[97.77711,4.10835],[97.78279,4.10754],[97.78496,4.10584],[97.79092,4.10023],[97.7935,4.09849],[97.7965,4.097],[97.79815,4.09578],[97.79979,4.09325],[97.80168,4.08731],[97.80463,4.07584],[97.80548,4.07293],[97.80564,4.06902],[97.80469,4.06194],[97.80504,4.05974],[97.80573,4.05699],[97.8086,4.05308],[97.81019,4.04911],[97.81068,4.04682],[97.81134,4.04454],[97.81192,4.04304],[97.81287,4.04146],[97.8134,4.03992],[97.81343,4.03543],[97.8129,4.03357],[97.81245,4.031],[97.81222,4.02819],[97.81092,4.02231],[97.81008,4.01564],[97.81079,4.01094],[97.8113,4.01001],[97.81186,4.00808],[97.81264,4.00666],[97.81371,4.00534],[97.81834,4.00387],[97.82382,4.00132],[97.82897,4.00036],[97.83493,4.00038],[97.83694,4.00051],[97.83947,4.00083],[97.84014,4.0011],[97.8411,4.00082],[97.84135,4.00052],[97.84202,3.99817],[97.84296,3.99589],[97.84285,3.99296],[97.84293,3.9896],[97.84701,3.98293],[97.85376,3.97473],[97.85549,3.97079],[97.85586,3.96875],[97.85724,3.96647],[97.85892,3.96278],[97.86139,3.95884],[97.86456,3.95545],[97.86704,3.95392],[97.86886,3.95186],[97.87016,3.94969],[97.87083,3.94733],[97.87186,3.94483],[97.87205,3.94304],[97.87044,3.94025],[97.86875,3.93817],[97.87212,3.93457],[97.87323,3.93277],[97.87461,3.9316],[97.87554,3.92942],[97.87638,3.92937],[97.87853,3.92991],[97.87998,3.92994],[97.88258,3.92903],[97.88404,3.92871],[97.88704,3.92965],[97.88977,3.92926],[97.89141,3.92836],[97.89229,3.92737],[97.89327,3.92579],[97.89429,3.92473],[97.89559,3.92396],[97.8959,3.92331],[97.89604,3.92149],[97.89642,3.9195],[97.8971,3.91795],[97.8985,3.91656],[97.89929,3.91533],[97.89952,3.91476],[97.90046,3.91064],[97.90017,3.91005],[97.90019,3.90938],[97.90084,3.9076],[97.90108,3.90606],[97.90108,3.9046],[97.90068,3.90306],[97.90068,3.90087],[97.90133,3.89925],[97.90141,3.89617],[97.90214,3.89268],[97.90238,3.8905],[97.90157,3.88831],[97.90238,3.88547],[97.90335,3.88385],[97.90433,3.88279],[97.9057,3.88166],[97.90741,3.88061],[97.90895,3.87915],[97.90951,3.87809],[97.90951,3.87671],[97.90903,3.87542],[97.90903,3.87363],[97.90959,3.87201],[97.90959,3.87047],[97.90878,3.86893],[97.90911,3.86796],[97.91057,3.86699],[97.9134,3.86342],[97.91462,3.86172],[97.91535,3.86002],[97.91486,3.85718],[97.91462,3.85475],[97.91494,3.85191],[97.91721,3.84818],[97.91835,3.84729],[97.91948,3.84745],[97.92086,3.84688],[97.92192,3.84591],[97.92192,3.84469],[97.92111,3.84299],[97.91584,3.83675],[97.91535,3.8357],[97.91576,3.83294],[97.91527,3.83189],[97.91251,3.82905],[97.91016,3.825],[97.90951,3.82329],[97.90935,3.82159],[97.90935,3.81981],[97.9087,3.81843],[97.90757,3.81786],[97.90587,3.8177],[97.90189,3.81819],[97.9006,3.81754],[97.90011,3.81632],[97.89938,3.81365],[97.89638,3.80838],[97.89517,3.80716],[97.8933,3.80603],[97.89217,3.80473],[97.89063,3.80368],[97.88511,3.80084],[97.88357,3.79849],[97.8822,3.79606],[97.88009,3.7946],[97.87587,3.79338],[97.87417,3.7916],[97.87231,3.78925],[97.87012,3.78763],[97.86671,3.78633],[97.86128,3.78479],[97.86023,3.78349],[97.85909,3.78163],[97.85731,3.77725],[97.85601,3.7753],[97.85447,3.77482],[97.8518,3.77449],[97.84936,3.77441],[97.84734,3.77295],[97.84564,3.77149],[97.84166,3.76906],[97.83947,3.76752],[97.83858,3.76517],[97.83672,3.76323],[97.83421,3.76023],[97.8308,3.7569],[97.8278,3.75342],[97.82585,3.75075],[97.82491,3.75057],[97.82086,3.74996],[97.81311,3.74926],[97.79934,3.74914],[97.78659,3.74958],[97.78496,3.74913],[97.78361,3.74901],[97.7815,3.74883],[97.77991,3.74886],[97.77875,3.74904],[97.77726,3.74898],[97.77258,3.74837],[97.76357,3.74747],[97.75993,3.74732],[97.75777,3.74657],[97.75537,3.74592],[97.75258,3.74537],[97.75023,3.74542],[97.74668,3.74416],[97.74191,3.74275],[97.73571,3.74064],[97.73173,3.73975],[97.71647,3.73727],[97.71021,3.73655],[97.7039,3.73546],[97.69992,3.73518],[97.69306,3.73443],[97.68893,3.73429],[97.68398,3.73384],[97.67729,3.73348],[97.67047,3.73334],[97.66159,3.73233],[97.65862,3.7324],[97.65218,3.73226],[97.65027,3.73294],[97.64758,3.73251],[97.64473,3.73244],[97.64231,3.73222],[97.63598,3.73372],[97.63482,3.73347],[97.63058,3.73165],[97.63002,3.73046],[97.62937,3.72858],[97.62791,3.72763],[97.62623,3.72577],[97.62626,3.72411],[97.626,3.72359],[97.6249,3.72285],[97.6187,3.72159],[97.61591,3.72088],[97.60346,3.7193],[97.59886,3.71832],[97.59279,3.71731],[97.58981,3.717],[97.58751,3.71659],[97.58468,3.71526],[97.582,3.71489],[97.57836,3.71295],[97.57624,3.71238],[97.57412,3.71164],[97.5691,3.71068],[97.56375,3.71027],[97.56311,3.71059],[97.5603,3.71129],[97.55746,3.71367],[97.5559,3.71414],[97.54614,3.71175],[97.54505,3.70998],[97.5434,3.71018],[97.54128,3.71065],[97.53977,3.70917],[97.53547,3.70794],[97.53135,3.70756],[97.52936,3.70715],[97.52712,3.70695],[97.52332,3.70622],[97.52083,3.706],[97.51719,3.70526],[97.51545,3.70504],[97.51127,3.70408],[97.50493,3.70322],[97.50255,3.70278],[97.49906,3.7017],[97.48549,3.7004],[97.48125,3.70032],[97.47736,3.70008],[97.46699,3.69765],[97.45917,3.69614],[97.45435,3.69461],[97.44614,3.69492],[97.43367,3.69288],[97.41336,3.69045],[97.39936,3.68833],[97.38165,3.68331],[97.36759,3.67954],[97.35828,3.67675],[97.35138,3.67593],[97.34644,3.67547],[97.33614,3.67541],[97.32805,3.67481],[97.29346,3.67323],[97.29138,3.67434],[97.28927,3.67592],[97.28685,3.67736],[97.28192,3.67954],[97.27737,3.68055],[97.27403,3.68097],[97.26337,3.68191],[97.26087,3.68275],[97.2586,3.68466],[97.25596,3.68835],[97.25472,3.68965],[97.25235,3.69156],[97.25082,3.69231],[97.2403,3.69225],[97.23434,3.69207],[97.22866,3.69232],[97.22575,3.69225],[97.22,3.69168],[97.21214,3.69133],[97.20649,3.69129],[97.20222,3.69574],[97.19675,3.70301],[97.1941,3.70613],[97.19141,3.70914],[97.1884,3.71198],[97.18671,3.71406],[97.18257,3.71802],[97.17634,3.7234],[97.17347,3.72619],[97.16411,3.73426],[97.15705,3.73995],[97.15441,3.7415],[97.15403,3.74313],[97.15269,3.74533],[97.15116,3.74701],[97.14987,3.7482],[97.14894,3.7494],[97.14893,3.7509],[97.14801,3.75717],[97.14627,3.76298],[97.14434,3.76754],[97.14284,3.77018],[97.14075,3.77459],[97.14015,3.7754],[97.13958,3.77669],[97.13808,3.77915],[97.13765,3.78022],[97.13529,3.78416],[97.13481,3.7861],[97.13482,3.78721],[97.13443,3.78908],[97.13376,3.7909],[97.13244,3.79363],[97.13038,3.79716],[97.12899,3.80003],[97.12754,3.80246],[97.12586,3.80347],[97.12437,3.80487],[97.12259,3.80803],[97.12167,3.81176],[97.12112,3.81472],[97.12015,3.81761],[97.11957,3.81827],[97.11845,3.82007],[97.11709,3.82267],[97.1169,3.82339],[97.11396,3.82771],[97.11159,3.83287],[97.11083,3.8374],[97.11075,3.83958],[97.11028,3.84251],[97.10923,3.84725],[97.10833,3.85014],[97.10808,3.85217],[97.10818,3.85428],[97.10844,3.85518],[97.10986,3.85675],[97.11144,3.85818],[97.11266,3.85964],[97.11325,3.86057],[97.11449,3.8633],[97.11511,3.86635],[97.11483,3.86743],[97.11406,3.86813],[97.11237,3.86887],[97.10977,3.87054],[97.10846,3.87232],[97.10824,3.87308],[97.10846,3.87399],[97.11,3.87658],[97.11129,3.87927],[97.11161,3.88025],[97.11159,3.88208],[97.10939,3.88559],[97.10892,3.88651],[97.10869,3.8875],[97.10914,3.88827],[97.11161,3.89028],[97.11268,3.89216],[97.11529,3.89865],[97.11705,3.90346],[97.11854,3.9082],[97.1194,3.91308],[97.11948,3.916],[97.11924,3.91807],[97.11927,3.91895],[97.11887,3.92008],[97.11813,3.92381],[97.11719,3.92651],[97.11641,3.92828],[97.1116,3.93711],[97.11038,3.93889],[97.10899,3.9404],[97.10671,3.94207],[97.10442,3.94353],[97.10265,3.94455],[97.10095,3.94525],[97.09695,3.94621],[97.0916,3.94677],[97.08698,3.94689],[97.08465,3.94737],[97.082,3.94761],[97.07938,3.9482],[97.07842,3.94858],[97.07621,3.94993],[97.0716,3.95377],[97.0698,3.95471],[97.06785,3.95533],[97.06395,3.95592],[97.06093,3.95598],[97.05407,3.95641],[97.05297,3.95661],[97.04822,3.95808],[97.04614,3.95838],[97.04433,3.9583],[97.04352,3.95793],[97.04228,3.95799],[97.04039,3.95746],[97.03838,3.95721],[97.03332,3.95706],[97.02818,3.95667],[97.02631,3.95635],[97.02346,3.95564],[97.01806,3.95406],[97.01523,3.95309],[97.01342,3.95232],[97.01179,3.95157],[97.00922,3.95006],[97.00718,3.94854],[97.00566,3.94679],[97.00448,3.94579],[97.00325,3.94446],[97.00205,3.94295],[97.00042,3.94192],[96.99926,3.9417],[96.99836,3.94179],[96.99737,3.94144],[96.9955,3.93993],[96.99525,3.939],[96.99481,3.93852],[96.99405,3.93816],[96.99202,3.9378],[96.98647,3.93751],[96.98393,3.93724],[96.98103,3.93723],[96.97218,3.93768],[96.965,3.93865],[96.96279,3.93906],[96.95941,3.93837],[96.94871,3.93921],[96.94313,3.93981],[96.93405,3.94101],[96.92954,3.94181],[96.92853,3.94215],[96.92589,3.94265],[96.92146,3.94279],[96.92034,3.94302],[96.91872,3.94287],[96.91657,3.94294],[96.90777,3.94425],[96.90631,3.9446],[96.89701,3.94526],[96.89452,3.94566],[96.88857,3.94592],[96.88467,3.94652],[96.88315,3.94658],[96.87328,3.94779],[96.86974,3.9481],[96.85934,3.94998],[96.84374,3.95324],[96.8401,3.95388],[96.83827,3.95443],[96.8377,3.95487],[96.83722,3.95551],[96.82445,3.96586],[96.80993,3.98018],[96.80249,3.99278],[96.80172,3.99435],[96.79848,3.99961],[96.79826,4.00007],[96.79818,4.00068],[96.79863,4.0015],[96.79922,4.00225],[96.79991,4.00279],[96.80319,4.0051],[96.80379,4.00685],[96.80262,4.00983],[96.8021,4.01178],[96.80098,4.02026],[96.80082,4.02594],[96.80034,4.02891],[96.79987,4.03069],[96.79993,4.0328],[96.79979,4.03437],[96.79914,4.03629],[96.79643,4.04233],[96.79601,4.04271],[96.79543,4.04405],[96.79241,4.04917],[96.79069,4.05158],[96.78958,4.05234],[96.78577,4.05636],[96.78251,4.05913],[96.78127,4.06032],[96.78077,4.06069],[96.78017,4.06076],[96.77857,4.06211],[96.77394,4.06481],[96.76997,4.06747],[96.76898,4.06825],[96.76569,4.07145],[96.76116,4.07488],[96.76023,4.07639],[96.7594,4.0773],[96.75911,4.07859],[96.75877,4.07893],[96.75803,4.07924],[96.75742,4.07973],[96.75538,4.08154],[96.75376,4.08351],[96.75244,4.0855],[96.75175,4.08615],[96.75126,4.08641],[96.75081,4.08647],[96.75038,4.08638],[96.75,4.08614],[96.74896,4.0847],[96.74793,4.08378],[96.74693,4.08344],[96.74645,4.08359],[96.74609,4.08413],[96.74524,4.08637],[96.7453,4.08662],[96.74605,4.08731],[96.74623,4.08775],[96.74625,4.08827],[96.74585,4.08941],[96.74581,4.09058],[96.74528,4.09202],[96.74453,4.09265],[96.74407,4.09277],[96.74344,4.09257],[96.7428,4.09188],[96.73964,4.09046],[96.73821,4.08953],[96.7375,4.08938],[96.73671,4.08943],[96.73601,4.08974],[96.73572,4.09003],[96.73541,4.09052],[96.73476,4.09236],[96.73417,4.093],[96.73324,4.09366],[96.73245,4.09403],[96.7319,4.09416],[96.72918,4.09413],[96.72813,4.09461],[96.72743,4.09471],[96.72712,4.09453],[96.72619,4.09314],[96.72577,4.093],[96.7253,4.09304],[96.72415,4.09344],[96.72388,4.09372],[96.72387,4.09414],[96.72343,4.095],[96.72231,4.09611],[96.72188,4.09622],[96.72145,4.09615],[96.71951,4.09485],[96.71914,4.09467],[96.71873,4.0947],[96.71771,4.09549],[96.71709,4.09626],[96.71649,4.09646],[96.71608,4.09748],[96.71624,4.09988],[96.7165,4.10075],[96.71862,4.10447],[96.7219,4.10905],[96.72237,4.10993],[96.72677,4.12075],[96.73211,4.13556],[96.73277,4.1364],[96.73589,4.13907],[96.74071,4.14471],[96.74499,4.15049],[96.74604,4.15272],[96.74753,4.1576],[96.74899,4.1604],[96.74958,4.16105],[96.75,4.16129],[96.75162,4.16169],[96.75401,4.16343],[96.7564,4.16537],[96.75801,4.167],[96.76054,4.16909],[96.76579,4.17435],[96.76723,4.1756],[96.76988,4.17736],[96.77241,4.17885],[96.77427,4.18034],[96.78173,4.188],[96.78372,4.19029],[96.79154,4.19989],[96.79356,4.20311],[96.79471,4.20713],[96.79546,4.20914],[96.79573,4.21333],[96.79572,4.21515],[96.79549,4.2164],[96.79569,4.2186],[96.79568,4.2207],[96.79551,4.22174],[96.79328,4.22957],[96.79105,4.23532],[96.78991,4.23906],[96.78979,4.24022],[96.78978,4.2444],[96.79044,4.24759],[96.79121,4.25],[96.792,4.25175],[96.79634,4.25819],[96.79877,4.26316],[96.79931,4.26479],[96.79926,4.26606],[96.79889,4.26806],[96.79752,4.2732],[96.79647,4.27584],[96.79494,4.27886],[96.79366,4.2804],[96.79981,4.28218],[96.80321,4.28255],[96.80675,4.28264],[96.81501,4.28209],[96.82676,4.28226],[96.83068,4.28199],[96.83381,4.28196],[96.83658,4.2816],[96.83772,4.28083],[96.83931,4.27902],[96.84387,4.27207],[96.84546,4.27016],[96.84721,4.26764],[96.85398,4.25855],[96.85714,4.25358],[96.85868,4.2496],[96.85961,4.2487],[96.8618,4.24711],[96.86359,4.24604],[96.86755,4.24411],[96.87265,4.24219],[96.87457,4.24098],[96.87645,4.23934],[96.87748,4.23824],[96.87871,4.23644],[96.8829,4.22901],[96.88502,4.22439],[96.88613,4.22273],[96.88755,4.22112],[96.88848,4.22057],[96.8893,4.22035],[96.8919,4.22055],[96.89472,4.21994],[96.89602,4.21925],[96.8964,4.21853],[96.89815,4.21684],[96.90125,4.21654],[96.90453,4.21645],[96.90575,4.21613],[96.90945,4.21463],[96.92076,4.20664],[96.92479,4.20289],[96.9257,4.20188],[96.92699,4.20098],[96.9274,4.2005],[96.92811,4.20017],[96.92998,4.19965],[96.94015,4.19769],[96.94259,4.19726],[96.94426,4.19711],[96.9453,4.19663],[96.94819,4.19642],[96.95406,4.19734],[96.96885,4.20105],[96.97002,4.20096],[96.97193,4.20011],[96.97302,4.20018],[96.97612,4.19706],[96.98077,4.19127],[96.98254,4.18843],[96.98679,4.18436],[96.99311,4.17772],[96.99579,4.17659],[96.99918,4.17586],[97.00184,4.17578],[97.00538,4.17704],[97.00597,4.17775],[97.00637,4.17883],[97.0065,4.17987],[97.00669,4.18421],[97.00721,4.18636],[97.00819,4.18875],[97.00939,4.19234],[97.00866,4.19738],[97.00876,4.19883],[97.01013,4.20082],[97.0151,4.20451],[97.01752,4.20555],[97.02079,4.20643],[97.02172,4.20699],[97.023,4.20806],[97.02405,4.20844],[97.02571,4.20848],[97.02791,4.20813],[97.03096,4.20843],[97.03538,4.21019],[97.03769,4.21087],[97.04164,4.21273],[97.04572,4.21423],[97.05227,4.21634],[97.05317,4.21642],[97.06072,4.21934],[97.06417,4.22133],[97.06697,4.22517],[97.07357,4.22871],[97.07809,4.23039],[97.08267,4.23244],[97.08744,4.23346],[97.09478,4.23289],[97.09774,4.2331],[97.10369,4.23435],[97.10668,4.23511],[97.10954,4.23647],[97.11321,4.23887],[97.11516,4.2406],[97.11574,4.24135],[97.11772,4.24331],[97.11992,4.24533],[97.12121,4.24626],[97.12405,4.2499],[97.12401,4.25044],[97.12438,4.25089],[97.12671,4.25289],[97.1284,4.25409],[97.13104,4.25558],[97.13298,4.25716],[97.13678,4.26099],[97.13862,4.26243],[97.13941,4.26293],[97.14256,4.2638],[97.14469,4.26414],[97.14788,4.26487],[97.15002,4.26623],[97.15107,4.268],[97.15396,4.2716],[97.15742,4.27454],[97.16113,4.27692],[97.16166,4.27739],[97.16189,4.27893],[97.16202,4.27907],[97.16256,4.27889],[97.163,4.27812],[97.16529,4.27708],[97.16802,4.27528],[97.16852,4.27465],[97.16914,4.27334],[97.17038,4.26936],[97.1723,4.26747],[97.1761,4.26548],[97.17747,4.26265],[97.17879,4.26265],[97.17994,4.26297],[97.18083,4.26343],[97.1819,4.26378],[97.18284,4.26373],[97.18529,4.26307],[97.18621,4.26256],[97.1877,4.26107],[97.18848,4.26011],[97.18956,4.25992],[97.19199,4.26022],[97.1929,4.26],[97.19359,4.25913],[97.19513,4.25623],[97.1985,4.25333],[97.20069,4.25219],[97.20288,4.25043],[97.20333,4.24984],[97.20404,4.2484],[97.20573,4.24448],[97.20682,4.24274],[97.2076,4.24188],[97.21052,4.24062],[97.21175,4.24042],[97.21394,4.23774],[97.2159,4.23572],[97.21815,4.23224],[97.21894,4.2306],[97.22099,4.22832],[97.22239,4.22604],[97.22312,4.22453],[97.22345,4.22358],[97.22373,4.22174],[97.2237,4.21824],[97.22469,4.21496],[97.22563,4.21322],[97.22916,4.20865],[97.23152,4.20522],[97.23234,4.20079],[97.23375,4.1988],[97.2339,4.19783],[97.23388,4.1958],[97.23441,4.1941],[97.23416,4.19212],[97.23467,4.19099],[97.23475,4.18938],[97.23497,4.18843],[97.23488,4.18722],[97.23495,4.18636],[97.23548,4.18557],[97.23703,4.18496],[97.23732,4.18469],[97.2376,4.18441],[97.23835,4.18308],[97.2383,4.18245],[97.2379,4.18158],[97.23742,4.18119],[97.23714,4.18075],[97.23709,4.18031],[97.23739,4.17866],[97.23729,4.17751],[97.23694,4.1764],[97.23927,4.17501],[97.24067,4.17445],[97.24212,4.17404],[97.24876,4.17325],[97.25388,4.17401],[97.26179,4.17693],[97.26585,4.17858],[97.27696,4.18345],[97.28746,4.18733],[97.29719,4.19167],[97.30795,4.19541],[97.32185,4.20086],[97.32495,4.20178],[97.32597,4.20233],[97.33137,4.20431],[97.33348,4.20488],[97.33609,4.20621],[97.33944,4.20738],[97.34204,4.20789],[97.34435,4.20894],[97.34873,4.21044],[97.35065,4.21075],[97.35257,4.21194],[97.35888,4.21426]]]}},{"type":"Feature","properties":{"nama":"Kota Banda Aceh","provinsi":"Aceh","sumber":"Batas_Kab"},"geometry":{"type":"Polygon","coordinates":[[[95.30414,5.56933],[95.30476,5.5686],[95.30452,5.56848],[95.30427,5.56871],[95.30406,5.56868],[95.30312,5.56798],[95.30315,5.56783],[95.30339,5.56772],[95.30344,5.56747],[95.30333,5.56738],[95.30306,5.56741],[95.30263,5.56771],[95.30259,5.56748],[95.30222,5.56754],[95.30194,5.5672],[95.30086,5.56728],[95.30095,5.56683],[95.30084,5.56677],[95.30067,5.56694],[95.30018,5.56678],[95.29996,5.56697],[95.29899,5.56692],[95.29897,5.56728],[95.29977,5.56729],[95.29997,5.56739],[95.30008,5.56764],[95.3008,5.56779],[95.3009,5.56764],[95.30139,5.56779],[95.30292,5.56875],[95.3031,5.56906],[95.30352,5.56909],[95.30379,5.5693],[95.30414,5.56933]]]}},{"type":"Feature","properties":{"nama":"Kota Banda Aceh","provinsi":"Aceh","sumber":"Batas_Kab"},"geometry":{"type":"Polygon","coordinates":[[[95.29737,5.56905],[95.29754,5.56913],[95.2976,5.56958],[95.29802,5.57007],[95.29822,5.56967],[95.29808,5.56847],[95.2979,5.56827],[95.29809,5.56625],[95.2979,5.56581],[95.29749,5.56544],[95.29481,5.56372],[95.29351,5.56296],[95.29332,5.56299],[95.29293,5.56247],[95.29263,5.56253],[95.29257,5.56267],[95.29179,5.56251],[95.29051,5.56199],[95.2898,5.56146],[95.28963,5.561],[95.28925,5.56072],[95.28885,5.56077],[95.28855,5.56061],[95.28831,5.56096],[95.28801,5.56069],[95.28774,5.56076],[95.28754,5.56023],[95.28719,5.55997],[95.28763,5.55963],[95.28689,5.55881],[95.2873,5.55867],[95.28733,5.55849],[95.28658,5.55759],[95.28476,5.55757],[95.28442,5.55741],[95.28402,5.5575],[95.28397,5.55763],[95.28386,5.55747],[95.28362,5.55744],[95.28331,5.55749],[95.28324,5.55767],[95.28245,5.55816],[95.28255,5.55895],[95.28273,5.55924],[95.28716,5.56216],[95.28888,5.56258],[95.29012,5.56311],[95.29392,5.5664],[95.29563,5.56743],[95.29588,5.5679],[95.29586,5.5694],[95.29597,5.56936],[95.29604,5.56907],[95.29607,5.56769],[95.29563,5.56724],[95.29418,5.56629],[95.29407,5.56601],[95.29506,5.56448],[95.2974,5.56575],[95.2977,5.56601],[95.2978,5.56634],[95.2973,5.56748],[95.29708,5.56996],[95.29714,5.57045],[95.29737,5.56905]]]}},{"type":"Feature","properties":{"nama":"Kota Banda Aceh","provinsi":"Aceh","sumber":"Batas_Kab"},"geometry":{"type":"Polygon","coordinates":[[[95.37529,5.61081],[95.37655,5.61129],[95.37665,5.61104],[95.37666,5.6107],[95.37644,5.61018],[95.37538,5.6096],[95.37474,5.60953],[95.37362,5.6091],[95.372,5.60881],[95.37098,5.60845],[95.36923,5.60725],[95.36781,5.60586],[95.36684,5.60352],[95.36601,5.6026],[95.36593,5.6015],[95.36486,5.60116],[95.36183,5.60113],[95.36062,5.59951],[95.35701,5.5982],[95.35289,5.59599],[95.35232,5.59564],[95.3523,5.59552],[95.35152,5.59528],[95.35032,5.59467],[95.35476,5.5836],[95.35607,5.58372],[95.35861,5.58436],[95.35939,5.5842],[95.36023,5.58423],[95.36231,5.58534],[95.36374,5.58544],[95.36396,5.58585],[95.3646,5.58597],[95.36495,5.58488],[95.36511,5.58492],[95.36623,5.58582],[95.36817,5.58919],[95.36876,5.58913],[95.36942,5.58635],[95.36965,5.58481],[95.36954,5.58477],[95.36954,5.58452],[95.36992,5.58319],[95.37016,5.58287],[95.37044,5.58192],[95.37084,5.58138],[95.37049,5.58124],[95.37084,5.5804],[95.37106,5.58049],[95.37121,5.58026],[95.37151,5.57914],[95.37182,5.57899],[95.37253,5.57929],[95.37274,5.57883],[95.37206,5.5787],[95.37211,5.57851],[95.37111,5.57814],[95.3713,5.57764],[95.37072,5.57742],[95.37085,5.57694],[95.36996,5.57671],[95.3712,5.5738],[95.37144,5.57374],[95.37188,5.57289],[95.3717,5.57272],[95.37214,5.57182],[95.37218,5.57135],[95.37366,5.57082],[95.37625,5.57056],[95.37763,5.56908],[95.37691,5.56757],[95.37621,5.56701],[95.3758,5.56624],[95.37532,5.5657],[95.37498,5.5656],[95.37305,5.56557],[95.37152,5.56459],[95.37089,5.56375],[95.36913,5.56321],[95.36923,5.56308],[95.36805,5.56219],[95.3637,5.56709],[95.35945,5.5723],[95.35802,5.5714],[95.35763,5.57127],[95.35811,5.56867],[95.35805,5.56738],[95.35781,5.56629],[95.35728,5.56526],[95.35681,5.56483],[95.35597,5.56446],[95.35476,5.56438],[95.35399,5.56395],[95.35335,5.56312],[95.35288,5.56088],[95.3532,5.56006],[95.35364,5.55967],[95.35385,5.55915],[95.35336,5.55835],[95.35347,5.55785],[95.3541,5.55762],[95.35463,5.55788],[95.35574,5.55779],[95.35598,5.55789],[95.3562,5.55828],[95.35663,5.55856],[95.3568,5.55885],[95.35732,5.55863],[95.3574,5.55786],[95.35709,5.55749],[95.35713,5.55686],[95.35733,5.55634],[95.35784,5.55644],[95.35826,5.55566],[95.35842,5.55563],[95.35869,5.55474],[95.35853,5.55464],[95.35874,5.55422],[95.35915,5.55395],[95.35936,5.55363],[95.35945,5.55264],[95.35958,5.55251],[95.35959,5.55212],[95.35983,5.55218],[95.36002,5.5508],[95.3602,5.55076],[95.36036,5.54992],[95.36062,5.54994],[95.36067,5.54902],[95.36041,5.54836],[95.36079,5.54807],[95.36048,5.54564],[95.36058,5.54469],[95.35979,5.54469],[95.3598,5.54211],[95.35962,5.54209],[95.35963,5.54121],[95.35857,5.5421],[95.35689,5.54206],[95.35689,5.54219],[95.35514,5.54228],[95.3553,5.54048],[95.354,5.54025],[95.35405,5.5391],[95.3538,5.5365],[95.35398,5.53589],[95.35269,5.53345],[95.35038,5.53548],[95.34918,5.53554],[95.34828,5.53535],[95.34672,5.53428],[95.34555,5.5343],[95.34435,5.53482],[95.34417,5.53372],[95.34444,5.53338],[95.34501,5.53299],[95.34498,5.53274],[95.34457,5.53222],[95.34496,5.53138],[95.34484,5.53118],[95.3442,5.53119],[95.34431,5.52952],[95.34405,5.52894],[95.34392,5.528],[95.3436,5.52777],[95.34313,5.52847],[95.3428,5.52836],[95.34153,5.52868],[95.34146,5.52882],[95.33781,5.52885],[95.33545,5.5287],[95.33542,5.52885],[95.33458,5.52883],[95.33389,5.52857],[95.33381,5.52888],[95.33249,5.52868],[95.33245,5.52879],[95.33207,5.52876],[95.33103,5.52845],[95.3309,5.52868],[95.33008,5.52814],[95.32977,5.52818],[95.3277,5.52779],[95.32663,5.52735],[95.32654,5.52731],[95.32674,5.52528],[95.32577,5.52346],[95.32517,5.52166],[95.32487,5.52132],[95.32406,5.52103],[95.32377,5.52056],[95.32321,5.51892],[95.32088,5.51759],[95.32059,5.51726],[95.32029,5.51658],[95.31324,5.51843],[95.31304,5.51799],[95.31314,5.51636],[95.31296,5.51637],[95.311,5.51752],[95.30918,5.51714],[95.309,5.51846],[95.30905,5.51927],[95.30372,5.52037],[95.30251,5.52071],[95.30095,5.52138],[95.29605,5.52764],[95.29362,5.52677],[95.29311,5.52672],[95.29302,5.52697],[95.29256,5.5268],[95.29227,5.52777],[95.29179,5.52777],[95.29154,5.52854],[95.29039,5.52841],[95.29042,5.52826],[95.28964,5.52811],[95.28922,5.52945],[95.28913,5.52942],[95.28909,5.52963],[95.28921,5.52966],[95.28889,5.53137],[95.28839,5.53129],[95.2884,5.53111],[95.28712,5.53102],[95.28706,5.53146],[95.28681,5.53143],[95.28674,5.5319],[95.28612,5.53182],[95.28601,5.53237],[95.28489,5.53216],[95.28455,5.53215],[95.28453,5.5324],[95.28437,5.53239],[95.28438,5.53226],[95.28369,5.53224],[95.28349,5.5345],[95.2823,5.53511],[95.28264,5.5358],[95.28242,5.53584],[95.28239,5.53598],[95.28205,5.53602],[95.28106,5.53608],[95.28105,5.53592],[95.28011,5.53601],[95.27944,5.53729],[95.27941,5.53756],[95.27951,5.53785],[95.27978,5.53805],[95.27983,5.53871],[95.28019,5.53881],[95.28148,5.53981],[95.28132,5.5409],[95.28274,5.54214],[95.28313,5.54373],[95.28348,5.5441],[95.28376,5.54508],[95.28345,5.54602],[95.28092,5.54797],[95.27936,5.54779],[95.27819,5.54751],[95.27797,5.54777],[95.27636,5.54752],[95.27604,5.54767],[95.27459,5.54719],[95.27301,5.54741],[95.27241,5.54735],[95.27246,5.54774],[95.27285,5.54797],[95.27299,5.54939],[95.27389,5.54964],[95.27496,5.55031],[95.27783,5.55131],[95.28139,5.55342],[95.28248,5.55348],[95.28323,5.55392],[95.28256,5.55473],[95.283,5.55588],[95.28349,5.55655],[95.28439,5.5568],[95.28467,5.55642],[95.28515,5.55611],[95.28592,5.55586],[95.28624,5.55584],[95.28628,5.55596],[95.28643,5.55593],[95.28643,5.55583],[95.28683,5.55582],[95.28743,5.55603],[95.28723,5.55578],[95.28751,5.5554],[95.28781,5.5554],[95.28785,5.55554],[95.28804,5.55548],[95.28814,5.55568],[95.2879,5.55615],[95.28757,5.55601],[95.2875,5.55608],[95.28819,5.55644],[95.28813,5.55671],[95.28782,5.55674],[95.28772,5.55706],[95.2881,5.55813],[95.28863,5.55818],[95.2886,5.55828],[95.28805,5.55844],[95.28839,5.55851],[95.28882,5.55894],[95.28836,5.55894],[95.28837,5.55909],[95.28866,5.55907],[95.28838,5.55925],[95.28846,5.5595],[95.28931,5.55979],[95.29006,5.56036],[95.29157,5.56086],[95.29362,5.56175],[95.29416,5.56234],[95.29582,5.56301],[95.29627,5.56347],[95.29652,5.56342],[95.29693,5.56375],[95.29728,5.56379],[95.29777,5.56409],[95.29792,5.56402],[95.29802,5.56427],[95.29921,5.56462],[95.30015,5.56388],[95.3005,5.56389],[95.30067,5.56464],[95.30142,5.56534],[95.30253,5.56553],[95.30286,5.56573],[95.30332,5.56436],[95.3038,5.56377],[95.30364,5.56351],[95.30295,5.56326],[95.3034,5.56219],[95.3035,5.56215],[95.30359,5.56233],[95.30382,5.56239],[95.30503,5.56248],[95.3052,5.56179],[95.30717,5.5618],[95.30728,5.5613],[95.308,5.56116],[95.30817,5.56196],[95.30811,5.56301],[95.30789,5.56368],[95.30812,5.56426],[95.30806,5.56672],[95.30774,5.56702],[95.3076,5.56693],[95.30747,5.56714],[95.30769,5.56726],[95.30811,5.56678],[95.30844,5.56693],[95.3093,5.5669],[95.30994,5.56809],[95.31025,5.57179],[95.31065,5.57271],[95.3108,5.57453],[95.31107,5.57488],[95.31187,5.57518],[95.31173,5.57564],[95.31179,5.57599],[95.31202,5.57616],[95.31222,5.57659],[95.31152,5.57759],[95.31145,5.57797],[95.31156,5.57869],[95.3112,5.57954],[95.3112,5.58017],[95.31178,5.5804],[95.31176,5.58084],[95.31149,5.58079],[95.30474,5.57425],[95.29934,5.5705],[95.29884,5.57001],[95.29868,5.57003],[95.29856,5.57028],[95.30078,5.57165],[95.30462,5.57436],[95.31253,5.58202],[95.3135,5.58368],[95.31278,5.58496],[95.31479,5.58208],[95.31576,5.58274],[95.31151,5.58933],[95.31132,5.59035],[95.3117,5.59192],[95.31216,5.59249],[95.31451,5.59382],[95.315,5.59549],[95.31554,5.59598],[95.3157,5.596],[95.31509,5.59537],[95.31479,5.59431],[95.31489,5.5939],[95.31219,5.59234],[95.31177,5.59173],[95.31141,5.59046],[95.31158,5.5894],[95.31568,5.58318],[95.31612,5.5833],[95.31698,5.58393],[95.31721,5.5838],[95.31735,5.58386],[95.31807,5.58443],[95.31755,5.58501],[95.31898,5.58618],[95.31786,5.58737],[95.31611,5.5861],[95.31529,5.58605],[95.31397,5.58856],[95.3152,5.58626],[95.31548,5.58608],[95.31611,5.5862],[95.31795,5.58751],[95.31908,5.58628],[95.31987,5.58705],[95.32072,5.58618],[95.32333,5.58618],[95.32335,5.58572],[95.32347,5.58566],[95.32348,5.58627],[95.32397,5.58596],[95.32418,5.58596],[95.3238,5.58661],[95.32414,5.58715],[95.32426,5.58715],[95.32431,5.587],[95.32468,5.58726],[95.3246,5.58771],[95.32439,5.58793],[95.32411,5.58798],[95.32413,5.58818],[95.32339,5.58797],[95.32334,5.58775],[95.32267,5.58732],[95.32203,5.58741],[95.32304,5.58892],[95.32313,5.58956],[95.3183,5.59492],[95.31731,5.59511],[95.31648,5.59447],[95.3173,5.59523],[95.31817,5.59513],[95.31867,5.59477],[95.32276,5.59014],[95.32531,5.59166],[95.32698,5.59329],[95.32871,5.59342],[95.33083,5.59479],[95.3314,5.5953],[95.33263,5.59583],[95.33898,5.60088],[95.34147,5.60253],[95.34613,5.60515],[95.34644,5.6054],[95.34679,5.60596],[95.34976,5.6069],[95.35007,5.60595],[95.35184,5.60627],[95.35341,5.60559],[95.35717,5.60603],[95.35759,5.60595],[95.35862,5.60604],[95.36208,5.60677],[95.36587,5.60784],[95.36816,5.60882],[95.37261,5.6112],[95.37403,5.61173],[95.37475,5.61158],[95.37529,5.61081]]]}},{"type":"Feature","properties":{"nama":"Kota Langsa","provinsi":"Aceh","sumber":"Batas_Kab"},"geometry":{"type":"Polygon","coordinates":[[[98.08441,4.53127],[98.08399,4.53129],[98.08434,4.5321],[98.08447,4.53167],[98.08441,4.53127]]]}},{"type":"Feature","properties":{"nama":"Kota Langsa","provinsi":"Aceh","sumber":"Batas_Kab"},"geometry":{"type":"Polygon","coordinates":[[[98.03819,4.53586],[98.03784,4.53611],[98.03786,4.5365],[98.03834,4.537],[98.03865,4.53706],[98.03888,4.53665],[98.03882,4.53645],[98.03819,4.53586]]]}},{"type":"Feature","properties":{"nama":"Kota Langsa","provinsi":"Aceh","sumber":"Batas_Kab"},"geometry":{"type":"Polygon","coordinates":[[[98.0473,4.54512],[98.04797,4.54412],[98.04865,4.54352],[98.04878,4.5427],[98.049,4.54217],[98.04891,4.54114],[98.0487,4.54065],[98.04916,4.53979],[98.04929,4.53904],[98.04975,4.53834],[98.04825,4.53768],[98.04652,4.53725],[98.04239,4.53662],[98.0415,4.53676],[98.04008,4.5407],[98.04013,4.541],[98.04064,4.54182],[98.04241,4.54425],[98.04334,4.54509],[98.04435,4.54526],[98.04471,4.54512],[98.0454,4.54581],[98.04689,4.54542],[98.0473,4.54512]]]}},{"type":"Feature","properties":{"nama":"Kota Langsa","provinsi":"Aceh","sumber":"Batas_Kab"},"geometry":{"type":"Polygon","coordinates":[[[98.06649,4.55004],[98.06659,4.54985],[98.06683,4.54985],[98.06741,4.54935],[98.06837,4.54883],[98.06853,4.54849],[98.06848,4.54809],[98.06858,4.54797],[98.06644,4.54641],[98.06552,4.54631],[98.06507,4.54652],[98.06502,4.54664],[98.06516,4.54682],[98.06493,4.54689],[98.0649,4.54725],[98.06553,4.54862],[98.06573,4.54966],[98.06606,4.55003],[98.06649,4.55004]]]}},{"type":"Feature","properties":{"nama":"Kota Langsa","provinsi":"Aceh","sumber":"Batas_Kab"},"geometry":{"type":"Polygon","coordinates":[[[98.06496,4.55322],[98.06502,4.5531],[98.06526,4.55314],[98.0662,4.55202],[98.06597,4.55126],[98.06567,4.55148],[98.06482,4.5513],[98.06455,4.55068],[98.06469,4.55013],[98.06461,4.55005],[98.06436,4.55036],[98.06411,4.55189],[98.06434,4.5522],[98.06439,4.55271],[98.06496,4.55322]]]}},{"type":"Feature","properties":{"nama":"Kota Langsa","provinsi":"Aceh","sumber":"Batas_Kab"},"geometry":{"type":"Polygon","coordinates":[[[97.98186,4.5357],[97.9842,4.53469],[97.98498,4.53405],[97.98554,4.53412],[97.98584,4.534],[97.98613,4.53339],[97.98692,4.53252],[97.98728,4.53224],[97.98779,4.53212],[97.98787,4.53167],[97.98836,4.53099],[97.9885,4.52979],[97.98875,4.5295],[97.98938,4.52965],[97.98957,4.52981],[97.98979,4.53061],[97.98964,4.53115],[97.99021,4.53149],[97.99025,4.53125],[97.99044,4.53124],[97.9905,4.53094],[97.99032,4.53067],[97.99009,4.53057],[97.99034,4.53023],[97.99024,4.5298],[97.99054,4.52933],[97.99101,4.52926],[97.99255,4.52985],[97.99267,4.53006],[97.99247,4.53061],[97.99252,4.53171],[97.99268,4.53159],[97.9929,4.53189],[97.99332,4.53181],[97.99385,4.53241],[97.9952,4.53239],[97.99515,4.53129],[97.99545,4.53033],[97.99558,4.52892],[97.99599,4.52799],[97.99582,4.52769],[97.99599,4.52745],[97.99596,4.52675],[97.99607,4.5267],[97.99621,4.52697],[97.99668,4.52651],[97.99727,4.52577],[97.99742,4.52518],[97.99731,4.5242],[97.99684,4.52349],[97.99834,4.52196],[97.99855,4.52204],[97.9988,4.52179],[98.00081,4.52318],[98.00056,4.52382],[98.00104,4.52478],[98.00092,4.52663],[98.00126,4.52883],[98.00141,4.52924],[98.00173,4.52936],[98.00205,4.53004],[98.00189,4.5302],[98.00177,4.5307],[98.00209,4.53073],[98.00255,4.53107],[98.00349,4.53112],[98.00431,4.53171],[98.00484,4.53176],[98.00494,4.53193],[98.00518,4.53177],[98.00562,4.53195],[98.00589,4.53219],[98.00584,4.53236],[98.00647,4.53279],[98.00651,4.5331],[98.00671,4.53325],[98.00778,4.53345],[98.00994,4.53417],[98.01082,4.53415],[98.01155,4.53459],[98.01251,4.53484],[98.01305,4.53525],[98.01454,4.5357],[98.01539,4.53625],[98.0183,4.53761],[98.01861,4.53761],[98.01885,4.53783],[98.0189,4.53758],[98.01971,4.53667],[98.02004,4.5369],[98.02123,4.53702],[98.02281,4.53666],[98.0236,4.53697],[98.02434,4.53687],[98.02525,4.53708],[98.02616,4.53801],[98.0264,4.5384],[98.02686,4.53863],[98.02699,4.53847],[98.0272,4.5385],[98.02725,4.53879],[98.02753,4.53907],[98.0275,4.53927],[98.02728,4.53926],[98.02757,4.53982],[98.02738,4.5401],[98.02686,4.54013],[98.02673,4.54026],[98.02682,4.54132],[98.02719,4.54181],[98.02858,4.54279],[98.02915,4.54279],[98.02982,4.5424],[98.03195,4.54228],[98.03381,4.5429],[98.03538,4.54378],[98.03616,4.54507],[98.03649,4.54519],[98.03703,4.54566],[98.03723,4.54614],[98.03777,4.54617],[98.03876,4.54581],[98.0388,4.54488],[98.03897,4.54447],[98.03859,4.54392],[98.03831,4.54292],[98.0379,4.54237],[98.03793,4.54073],[98.03771,4.54041],[98.0376,4.5396],[98.03706,4.53826],[98.03693,4.53815],[98.03684,4.53828],[98.03668,4.53792],[98.03673,4.53747],[98.03651,4.53666],[98.03607,4.53624],[98.03618,4.53604],[98.0361,4.53517],[98.03602,4.53456],[98.03583,4.53424],[98.03581,4.5336],[98.03565,4.53339],[98.03517,4.53314],[98.03522,4.53338],[98.03507,4.53343],[98.03439,4.53275],[98.03552,4.52663],[98.03728,4.52675],[98.0374,4.52582],[98.03908,4.52603],[98.0391,4.52707],[98.03937,4.52764],[98.0401,4.52856],[98.04162,4.52997],[98.04275,4.53008],[98.04342,4.5299],[98.04411,4.52989],[98.04434,4.53014],[98.04554,4.53055],[98.0472,4.53144],[98.048,4.53164],[98.04858,4.53219],[98.04943,4.5326],[98.04994,4.5331],[98.05096,4.53355],[98.0525,4.53469],[98.05499,4.53568],[98.05546,4.53634],[98.05617,4.53668],[98.05647,4.53699],[98.05656,4.53732],[98.05721,4.5377],[98.05753,4.53805],[98.05792,4.53874],[98.0581,4.53971],[98.05887,4.54066],[98.05887,4.54124],[98.05907,4.54203],[98.0595,4.5424],[98.06002,4.54261],[98.06164,4.54387],[98.06188,4.54419],[98.06201,4.54477],[98.06236,4.54493],[98.06264,4.5456],[98.06322,4.54612],[98.0636,4.5461],[98.06552,4.54544],[98.06777,4.54544],[98.06764,4.54504],[98.06827,4.54477],[98.06862,4.54516],[98.06844,4.54526],[98.06833,4.54569],[98.06845,4.54619],[98.06951,4.54714],[98.06978,4.54721],[98.07043,4.54662],[98.07075,4.54577],[98.07146,4.54528],[98.07226,4.54532],[98.0728,4.54557],[98.07389,4.54512],[98.07433,4.54465],[98.08005,4.54042],[98.08064,4.54009],[98.08074,4.53972],[98.08117,4.53959],[98.08108,4.53931],[98.08141,4.53927],[98.08161,4.53899],[98.0814,4.53867],[98.0815,4.53855],[98.08197,4.53866],[98.08201,4.53851],[98.08186,4.53832],[98.08197,4.53822],[98.08238,4.53829],[98.08235,4.53804],[98.08204,4.53762],[98.08204,4.53735],[98.08353,4.53509],[98.08344,4.53483],[98.0835,4.53406],[98.08381,4.53364],[98.08396,4.53312],[98.08393,4.53271],[98.0835,4.53207],[98.08272,4.53003],[98.08151,4.52925],[98.08127,4.52875],[98.08118,4.52832],[98.0814,4.52795],[98.08144,4.52737],[98.08098,4.52643],[98.08068,4.52515],[98.08044,4.52509],[98.08049,4.52494],[98.08026,4.52479],[98.07995,4.52481],[98.07984,4.52437],[98.07931,4.52428],[98.07716,4.52146],[98.07719,4.52049],[98.07744,4.51996],[98.07771,4.51957],[98.0783,4.51951],[98.0786,4.51919],[98.0787,4.51751],[98.07896,4.51665],[98.07881,4.51593],[98.07725,4.51524],[98.07608,4.51506],[98.07622,4.5127],[98.07284,4.51297],[98.07053,4.51297],[98.06558,4.51208],[98.06196,4.51093],[98.06138,4.50813],[98.06129,4.50607],[98.06206,4.50373],[98.06326,4.50095],[98.06611,4.49595],[98.06671,4.49405],[98.06676,4.49317],[98.06663,4.49259],[98.06598,4.49144],[98.06487,4.48996],[98.0624,4.48773],[98.06231,4.48692],[98.06242,4.48632],[98.06346,4.48353],[98.06349,4.48293],[98.06319,4.48216],[98.0623,4.48094],[98.06139,4.47856],[98.06116,4.47826],[98.06068,4.47813],[98.05953,4.47814],[98.05804,4.47903],[98.05758,4.47834],[98.0578,4.47764],[98.05776,4.47735],[98.05695,4.47724],[98.05642,4.47661],[98.05591,4.47639],[98.0551,4.47581],[98.05508,4.47525],[98.05463,4.47508],[98.05473,4.47447],[98.05454,4.47366],[98.05419,4.47355],[98.05349,4.47284],[98.0523,4.47144],[98.0523,4.47128],[98.0507,4.47038],[98.05048,4.47012],[98.05014,4.46952],[98.05017,4.46904],[98.04989,4.46854],[98.04988,4.46819],[98.04929,4.4677],[98.04921,4.46744],[98.04868,4.46751],[98.04776,4.46618],[98.04694,4.46562],[98.04657,4.46434],[98.04587,4.46369],[98.04606,4.46337],[98.04663,4.4632],[98.04684,4.46282],[98.04647,4.4617],[98.04648,4.4599],[98.04515,4.45824],[98.0453,4.45762],[98.04514,4.4569],[98.04565,4.45647],[98.04567,4.45618],[98.04599,4.45563],[98.04565,4.45527],[98.04554,4.45432],[98.04511,4.4538],[98.04521,4.4533],[98.04511,4.4528],[98.04539,4.45234],[98.04534,4.45206],[98.04497,4.4518],[98.04487,4.45137],[98.04425,4.45114],[98.04385,4.45085],[98.04394,4.44838],[98.04355,4.44802],[98.04326,4.44727],[98.0432,4.44462],[98.04283,4.44197],[98.04214,4.43928],[98.04248,4.43734],[98.04232,4.43428],[98.04141,4.43259],[98.04118,4.43115],[98.04102,4.43094],[98.04111,4.43041],[98.04036,4.42577],[98.03736,4.42305],[98.03879,4.42018],[98.03842,4.42017],[98.03858,4.41942],[98.03877,4.41941],[98.03866,4.41871],[98.03858,4.41862],[98.03814,4.41884],[98.03775,4.41722],[98.03788,4.41718],[98.03781,4.41693],[98.0383,4.41677],[98.03792,4.41623],[98.03728,4.41596],[98.03668,4.41678],[98.03578,4.41636],[98.03584,4.41617],[98.03448,4.41567],[98.03437,4.41621],[98.03416,4.41674],[98.03403,4.41669],[98.03371,4.41761],[98.03262,4.41761],[98.03238,4.41744],[98.03226,4.41707],[98.03038,4.41518],[98.02943,4.41389],[98.02935,4.41359],[98.02917,4.41355],[98.02898,4.41312],[98.02873,4.41297],[98.02842,4.41305],[98.02769,4.41063],[98.02737,4.41047],[98.0275,4.4101],[98.0273,4.40962],[98.02744,4.40948],[98.02582,4.40827],[98.02607,4.41053],[98.02606,4.41166],[98.02554,4.41606],[98.02098,4.41545],[98.02062,4.41529],[98.02046,4.41551],[98.02087,4.41612],[98.0206,4.4166],[98.01987,4.41566],[98.01901,4.4157],[98.01873,4.41549],[98.01816,4.41544],[98.01694,4.41501],[98.01643,4.41477],[98.01588,4.41421],[98.0154,4.41397],[98.01557,4.41256],[98.01389,4.4128],[98.0134,4.4127],[98.0134,4.412],[98.013,4.41162],[98.01285,4.41128],[98.01304,4.41101],[98.01089,4.41043],[98.01025,4.41046],[98.00945,4.41079],[98.00886,4.4107],[98.00738,4.41016],[98.0072,4.41054],[98.00604,4.40973],[98.00556,4.40989],[98.00481,4.40978],[98.00475,4.40948],[98.00433,4.40894],[98.00409,4.40893],[98.00382,4.40921],[98.00239,4.40852],[98.00194,4.40772],[98.00193,4.40744],[98.00203,4.4065],[98.00244,4.40589],[98.00264,4.40589],[98.00255,4.40552],[98.00233,4.40522],[98.00212,4.40524],[98.00198,4.40553],[98.00149,4.40553],[98.0013,4.40516],[98.0011,4.40504],[98.00089,4.40508],[98.00076,4.40542],[98.00022,4.40539],[98.00024,4.40551],[98.00071,4.40552],[98.00087,4.40579],[98.00083,4.40596],[98.00027,4.40618],[97.99999,4.40653],[97.99953,4.40673],[97.99891,4.40656],[97.99797,4.40686],[97.99745,4.40685],[97.99685,4.40723],[97.99628,4.40705],[97.99594,4.40708],[97.99544,4.40629],[97.99497,4.40644],[97.99483,4.40696],[97.99348,4.4086],[97.99367,4.40909],[97.99349,4.40936],[97.99289,4.40952],[97.99208,4.40885],[97.99156,4.40895],[97.99124,4.40867],[97.99054,4.40855],[97.99038,4.40813],[97.99019,4.40798],[97.99004,4.40811],[97.98995,4.40858],[97.9903,4.40873],[97.99044,4.40928],[97.99001,4.40976],[97.98929,4.41008],[97.98897,4.41038],[97.98889,4.41064],[97.98791,4.41062],[97.98736,4.41048],[97.98679,4.41058],[97.98633,4.41045],[97.98548,4.41095],[97.98418,4.41136],[97.98258,4.41084],[97.98224,4.41505],[97.98269,4.41779],[97.98251,4.41839],[97.98254,4.41934],[97.97442,4.41941],[97.97426,4.41938],[97.97427,4.41879],[97.97415,4.41872],[97.97195,4.41803],[97.97214,4.41853],[97.97195,4.41898],[97.97171,4.42126],[97.97145,4.42249],[97.97093,4.42285],[97.97074,4.42315],[97.97013,4.42343],[97.97006,4.42377],[97.96941,4.42398],[97.96921,4.42421],[97.96873,4.4241],[97.96908,4.4251],[97.96912,4.42548],[97.96889,4.4259],[97.96897,4.42632],[97.96943,4.427],[97.96991,4.42741],[97.96992,4.42802],[97.97037,4.42901],[97.97034,4.43004],[97.97045,4.43074],[97.97084,4.43127],[97.97161,4.43309],[97.9716,4.43384],[97.97135,4.43428],[97.97147,4.43511],[97.97113,4.43591],[97.97161,4.43684],[97.96797,4.43995],[97.96741,4.44012],[97.96688,4.44085],[97.9666,4.44198],[97.96595,4.44261],[97.96594,4.44339],[97.96444,4.44248],[97.96293,4.4418],[97.96248,4.44121],[97.96213,4.44097],[97.96138,4.44127],[97.96057,4.44114],[97.95995,4.4412],[97.95918,4.44102],[97.95883,4.44037],[97.95856,4.44027],[97.95747,4.44018],[97.9565,4.44039],[97.95548,4.44024],[97.95446,4.4399],[97.95306,4.43987],[97.95282,4.43973],[97.95229,4.43863],[97.95199,4.43858],[97.9517,4.4388],[97.94998,4.43905],[97.94913,4.43877],[97.94862,4.43824],[97.94797,4.43803],[97.94737,4.43741],[97.94675,4.43723],[97.94652,4.43694],[97.94565,4.43742],[97.94522,4.43737],[97.94407,4.43694],[97.94395,4.43714],[97.94385,4.4371],[97.94369,4.43694],[97.94364,4.43663],[97.94346,4.4365],[97.9433,4.4365],[97.94332,4.43667],[97.94313,4.43677],[97.94219,4.43659],[97.94141,4.4362],[97.94042,4.43613],[97.94021,4.43602],[97.93999,4.43534],[97.93936,4.43451],[97.93925,4.43394],[97.94002,4.43358],[97.9409,4.43284],[97.94093,4.43219],[97.94067,4.43175],[97.94045,4.43077],[97.93998,4.43078],[97.93934,4.43047],[97.93801,4.43039],[97.93719,4.43018],[97.93695,4.42998],[97.93678,4.42913],[97.93659,4.42877],[97.93595,4.42863],[97.93544,4.42884],[97.93504,4.42869],[97.93482,4.42734],[97.93458,4.4271],[97.93403,4.42685],[97.93392,4.42655],[97.93393,4.42628],[97.93415,4.42598],[97.93415,4.42563],[97.93373,4.42526],[97.93313,4.42501],[97.93257,4.42506],[97.9321,4.42532],[97.93106,4.42461],[97.9304,4.42352],[97.92922,4.42291],[97.92906,4.42243],[97.92901,4.42164],[97.92862,4.42052],[97.92827,4.42031],[97.92796,4.4203],[97.92639,4.42062],[97.92571,4.42057],[97.92529,4.42041],[97.92535,4.42082],[97.92519,4.42215],[97.92488,4.42228],[97.92389,4.4222],[97.92341,4.42265],[97.92287,4.42284],[97.92191,4.42175],[97.91944,4.42043],[97.91718,4.41952],[97.91373,4.42086],[97.91517,4.42535],[97.91784,4.42673],[97.92107,4.42694],[97.92271,4.4262],[97.92374,4.4282],[97.92482,4.42883],[97.92485,4.42903],[97.92557,4.4297],[97.92627,4.43078],[97.92685,4.43322],[97.92678,4.43376],[97.9264,4.4342],[97.92634,4.43465],[97.92642,4.43481],[97.92712,4.4351],[97.92757,4.43575],[97.92748,4.4364],[97.92699,4.43688],[97.92662,4.43767],[97.92649,4.43891],[97.92659,4.44059],[97.92641,4.44125],[97.92597,4.44208],[97.92492,4.44195],[97.92401,4.44231],[97.92236,4.44256],[97.922,4.44238],[97.92141,4.44174],[97.91985,4.44165],[97.91923,4.44206],[97.91773,4.44466],[97.91782,4.44541],[97.91773,4.44612],[97.91739,4.44648],[97.9168,4.44665],[97.9176,4.44809],[97.91763,4.44879],[97.91846,4.44949],[97.91888,4.45011],[97.9184,4.45031],[97.91798,4.45032],[97.91774,4.45099],[97.91738,4.45119],[97.91723,4.45092],[97.91705,4.45102],[97.91709,4.45135],[97.91638,4.45177],[97.91386,4.45137],[97.91311,4.45136],[97.91263,4.45116],[97.91204,4.45117],[97.91189,4.45095],[97.91189,4.44973],[97.91297,4.4487],[97.91381,4.44892],[97.91424,4.44877],[97.91431,4.44809],[97.91414,4.44769],[97.91395,4.44767],[97.91315,4.44804],[97.91204,4.44809],[97.91153,4.44789],[97.91124,4.44795],[97.91044,4.44836],[97.90968,4.44958],[97.9093,4.44978],[97.90888,4.44937],[97.9082,4.44921],[97.90807,4.44906],[97.9082,4.44871],[97.90891,4.44821],[97.90898,4.44785],[97.90887,4.44753],[97.90849,4.44708],[97.90798,4.44688],[97.90771,4.4471],[97.90748,4.4483],[97.90704,4.44854],[97.90696,4.44875],[97.90713,4.44905],[97.9076,4.44923],[97.90763,4.44952],[97.90624,4.44975],[97.9061,4.45013],[97.90636,4.45057],[97.90626,4.45114],[97.90652,4.45165],[97.90676,4.45163],[97.90702,4.45135],[97.90695,4.45082],[97.90706,4.4506],[97.90743,4.45055],[97.90813,4.45017],[97.90844,4.4503],[97.90866,4.45121],[97.90858,4.45155],[97.90786,4.45192],[97.90706,4.45211],[97.9066,4.45207],[97.90555,4.45164],[97.90391,4.44979],[97.90339,4.44946],[97.90365,4.4488],[97.90429,4.44823],[97.90404,4.44764],[97.90327,4.44721],[97.90246,4.44727],[97.90211,4.4475],[97.90184,4.44748],[97.9018,4.44725],[97.90194,4.44706],[97.90312,4.44571],[97.90345,4.44426],[97.90308,4.44369],[97.90193,4.44354],[97.9,4.44462],[97.89898,4.44471],[97.89867,4.44489],[97.89838,4.44528],[97.89798,4.44554],[97.8979,4.44632],[97.89742,4.4467],[97.89663,4.44778],[97.89411,4.44962],[97.89373,4.45005],[97.89291,4.45051],[97.8927,4.45118],[97.89217,4.45172],[97.89079,4.45042],[97.89023,4.44967],[97.88976,4.44953],[97.88921,4.44891],[97.88849,4.44863],[97.8883,4.44811],[97.88836,4.44752],[97.8875,4.44836],[97.88568,4.45131],[97.88551,4.45071],[97.88521,4.45045],[97.88472,4.45074],[97.88422,4.45051],[97.88382,4.45088],[97.883,4.45088],[97.88283,4.45106],[97.88225,4.45046],[97.88187,4.45026],[97.88113,4.45027],[97.8804,4.44979],[97.87989,4.44973],[97.87861,4.44918],[97.8777,4.44908],[97.87701,4.44873],[97.87682,4.44829],[97.87653,4.44822],[97.87571,4.44861],[97.87404,4.44983],[97.87364,4.4509],[97.87391,4.45158],[97.87396,4.45215],[97.87362,4.45306],[97.87286,4.4538],[97.87264,4.45435],[97.87223,4.45428],[97.87071,4.45462],[97.86946,4.45544],[97.86826,4.45464],[97.8678,4.45482],[97.86773,4.45519],[97.86822,4.45546],[97.86832,4.45609],[97.8688,4.45698],[97.86892,4.45772],[97.86966,4.45832],[97.87004,4.45838],[97.87017,4.46017],[97.86974,4.46132],[97.86929,4.46187],[97.86923,4.46369],[97.8688,4.46587],[97.86835,4.46637],[97.86859,4.4667],[97.86793,4.46741],[97.86807,4.46779],[97.86842,4.46809],[97.86906,4.46995],[97.86804,4.47096],[97.86828,4.47233],[97.86819,4.47252],[97.8694,4.47375],[97.86943,4.47413],[97.86983,4.47482],[97.87047,4.47525],[97.8708,4.47517],[97.8711,4.47475],[97.87375,4.47451],[97.8744,4.4743],[97.87755,4.47451],[97.87904,4.47416],[97.87993,4.47427],[97.88044,4.47413],[97.88199,4.47423],[97.88279,4.47409],[97.88304,4.4742],[97.88271,4.47478],[97.88239,4.47587],[97.88241,4.47717],[97.88226,4.47787],[97.8838,4.4771],[97.88464,4.47691],[97.88468,4.47749],[97.88593,4.47738],[97.88822,4.47766],[97.88869,4.47736],[97.88904,4.47743],[97.89051,4.47822],[97.89082,4.47826],[97.8911,4.47898],[97.8916,4.4794],[97.89173,4.47992],[97.8914,4.48156],[97.89072,4.4837],[97.8904,4.48526],[97.89052,4.48609],[97.89094,4.48699],[97.89158,4.48971],[97.89098,4.492],[97.89136,4.49237],[97.89134,4.4927],[97.89093,4.49344],[97.89088,4.49445],[97.89055,4.49522],[97.89059,4.4958],[97.89129,4.49733],[97.89193,4.49804],[97.89237,4.49833],[97.89253,4.49882],[97.89294,4.49922],[97.89311,4.50014],[97.89325,4.50022],[97.89354,4.50128],[97.89373,4.5014],[97.89363,4.50171],[97.89397,4.50279],[97.8945,4.50307],[97.89486,4.5035],[97.89513,4.50363],[97.8947,4.5043],[97.89481,4.50474],[97.8958,4.50613],[97.89586,4.50641],[97.89659,4.50725],[97.89671,4.50764],[97.89738,4.50828],[97.8981,4.50935],[97.8995,4.51006],[97.9003,4.51094],[97.90088,4.51096],[97.90183,4.51146],[97.90191,4.51167],[97.90256,4.51216],[97.90306,4.51225],[97.90338,4.51279],[97.90365,4.51365],[97.9057,4.51559],[97.90782,4.51857],[97.90821,4.51922],[97.90868,4.52085],[97.90963,4.52101],[97.91085,4.52142],[97.91228,4.52259],[97.91231,4.52346],[97.91253,4.5244],[97.91271,4.52476],[97.91344,4.52528],[97.91357,4.52649],[97.91419,4.52692],[97.91489,4.52819],[97.91531,4.52928],[97.91679,4.5314],[97.91996,4.53285],[97.92121,4.5339],[97.92457,4.53452],[97.92702,4.53553],[97.92902,4.53576],[97.93224,4.53565],[97.93225,4.53548],[97.9332,4.53538],[97.93658,4.53456],[97.93543,4.53049],[97.93949,4.52944],[97.9399,4.52866],[97.94069,4.52882],[97.94178,4.52884],[97.94223,4.52855],[97.94328,4.52864],[97.94418,4.52906],[97.94473,4.52902],[97.94481,4.53032],[97.94509,4.53072],[97.94544,4.53093],[97.94716,4.53063],[97.94861,4.53098],[97.9506,4.53091],[97.95124,4.53107],[97.9515,4.53139],[97.95159,4.53195],[97.95096,4.53324],[97.95066,4.53417],[97.95076,4.53547],[97.9512,4.53614],[97.95152,4.53632],[97.9529,4.53679],[97.95419,4.53691],[97.95544,4.5368],[97.95655,4.53631],[97.95761,4.53536],[97.9595,4.53269],[97.96194,4.53071],[97.96363,4.53008],[97.96519,4.53028],[97.96666,4.53085],[97.96829,4.53183],[97.96989,4.534],[97.97109,4.53615],[97.97218,4.53706],[97.97508,4.53909],[97.97727,4.54044],[97.97918,4.54219],[97.98001,4.54367],[97.98055,4.54569],[97.98043,4.54648],[97.97614,4.5533],[97.97512,4.55535],[97.97467,4.55656],[97.97619,4.5574],[97.97704,4.55636],[97.97901,4.55347],[97.98066,4.55101],[97.98071,4.55074],[97.98328,4.54815],[97.9842,4.54647],[97.9842,4.54593],[97.98404,4.5455],[97.98406,4.54472],[97.98388,4.54427],[97.98391,4.54338],[97.98449,4.54217],[97.98448,4.5418],[97.98532,4.54061],[97.98543,4.53956],[97.98529,4.53928],[97.98487,4.53894],[97.98493,4.53848],[97.98439,4.53802],[97.98386,4.53789],[97.98297,4.53741],[97.98186,4.5357]]]}},{"type":"Feature","properties":{"nama":"Kota Langsa","provinsi":"Aceh","sumber":"Batas_Kab"},"geometry":{"type":"Polygon","coordinates":[[[98.06357,4.55761],[98.06328,4.55738],[98.06283,4.55746],[98.06172,4.5569],[98.06174,4.55662],[98.06147,4.55642],[98.06134,4.55597],[98.06077,4.55583],[98.06036,4.55554],[98.0594,4.55539],[98.05913,4.55548],[98.05889,4.55586],[98.05848,4.55609],[98.05804,4.55676],[98.05792,4.55718],[98.05731,4.55719],[98.05587,4.55853],[98.05641,4.56007],[98.05605,4.56104],[98.05624,4.56118],[98.05768,4.56126],[98.0589,4.561],[98.06095,4.55997],[98.06186,4.55935],[98.06357,4.55761]]]}},{"type":"Feature","properties":{"nama":"Kota Lhokseumawe","provinsi":"Aceh","sumber":"Batas_Kab"},"geometry":{"type":"Polygon","coordinates":[[[97.17625,5.14212],[97.17614,5.14132],[97.1768,5.14119],[97.17666,5.14028],[97.17877,5.13965],[97.17846,5.13866],[97.17862,5.13855],[97.17831,5.13832],[97.17805,5.13835],[97.17763,5.13788],[97.17708,5.13685],[97.17726,5.13661],[97.17747,5.13314],[97.17697,5.1324],[97.17693,5.13136],[97.17655,5.13139],[97.17611,5.13113],[97.17553,5.131],[97.17497,5.13119],[97.175,5.12977],[97.17555,5.12955],[97.17669,5.12971],[97.17664,5.12852],[97.17685,5.12427],[97.17614,5.1246],[97.17604,5.12435],[97.17562,5.12452],[97.17541,5.12401],[97.17529,5.12406],[97.17459,5.12256],[97.17475,5.12239],[97.1746,5.1221],[97.17681,5.12101],[97.17665,5.12073],[97.17677,5.12065],[97.17665,5.12041],[97.17673,5.12036],[97.17651,5.11993],[97.17668,5.11986],[97.17573,5.11761],[97.17641,5.11742],[97.17648,5.11758],[97.17669,5.11748],[97.17645,5.11689],[97.17649,5.11646],[97.17627,5.11531],[97.17614,5.11534],[97.17602,5.11288],[97.17613,5.11281],[97.1761,5.11223],[97.17571,5.10944],[97.17536,5.10949],[97.1753,5.10909],[97.17492,5.10914],[97.17435,5.10521],[97.17335,5.10547],[97.17324,5.10497],[97.17355,5.10491],[97.17309,5.10326],[97.17297,5.10331],[97.17247,5.10205],[97.17292,5.10177],[97.17278,5.1012],[97.17314,5.10109],[97.17288,5.10021],[97.1731,5.10015],[97.17296,5.09945],[97.17304,5.09945],[97.17304,5.09886],[97.1734,5.09889],[97.17326,5.09834],[97.17383,5.09829],[97.1739,5.098],[97.17461,5.09789],[97.17444,5.0969],[97.17481,5.09686],[97.17463,5.09601],[97.1749,5.09598],[97.17482,5.09465],[97.17578,5.0942],[97.17631,5.09416],[97.17617,5.09312],[97.17589,5.09312],[97.17591,5.09279],[97.1768,5.09275],[97.17689,5.09162],[97.17754,5.08964],[97.1778,5.08792],[97.17816,5.08793],[97.17818,5.08512],[97.17708,5.0851],[97.17714,5.08424],[97.17778,5.08413],[97.17774,5.08365],[97.17719,5.08374],[97.17727,5.08343],[97.17705,5.08294],[97.17608,5.08238],[97.17635,5.08212],[97.17597,5.08195],[97.17471,5.0819],[97.17456,5.08206],[97.17402,5.08212],[97.1739,5.08251],[97.17299,5.08238],[97.17289,5.08271],[97.17235,5.08314],[97.17149,5.08306],[97.17121,5.08358],[97.17113,5.08406],[97.16856,5.08387],[97.16863,5.08418],[97.16777,5.08433],[97.16737,5.08365],[97.16661,5.08398],[97.16573,5.0839],[97.16464,5.08275],[97.16385,5.08267],[97.16297,5.08297],[97.16097,5.08319],[97.16063,5.08305],[97.15975,5.08135],[97.15939,5.08182],[97.159,5.0831],[97.15905,5.08394],[97.15777,5.08421],[97.15754,5.08569],[97.15639,5.08577],[97.15632,5.08549],[97.15647,5.084],[97.15516,5.08232],[97.1546,5.08201],[97.15408,5.08034],[97.15245,5.08027],[97.15213,5.08038],[97.15209,5.08085],[97.15246,5.08348],[97.15267,5.08437],[97.15305,5.08489],[97.15373,5.08648],[97.15207,5.08761],[97.14651,5.09204],[97.14633,5.09195],[97.14569,5.09238],[97.14506,5.09242],[97.14422,5.09152],[97.14359,5.09141],[97.14206,5.09055],[97.14178,5.0893],[97.1413,5.08941],[97.14117,5.08975],[97.14036,5.09016],[97.13953,5.09091],[97.13826,5.0913],[97.13813,5.0911],[97.1378,5.09116],[97.13747,5.09104],[97.13678,5.09148],[97.13575,5.09169],[97.13454,5.09164],[97.13064,5.0909],[97.13077,5.09161],[97.13069,5.09229],[97.12878,5.09267],[97.12873,5.09327],[97.12817,5.09341],[97.12837,5.09436],[97.12781,5.09462],[97.1278,5.09486],[97.12845,5.09467],[97.12858,5.09511],[97.12815,5.09521],[97.12716,5.09587],[97.12729,5.09624],[97.12697,5.09683],[97.12665,5.09712],[97.12577,5.09736],[97.12532,5.0979],[97.12474,5.09821],[97.12465,5.09853],[97.12373,5.09924],[97.12258,5.09979],[97.12107,5.10078],[97.12052,5.1013],[97.12189,5.10417],[97.12154,5.10425],[97.12199,5.10519],[97.1196,5.10611],[97.11801,5.10709],[97.11739,5.1072],[97.11729,5.10701],[97.1167,5.10694],[97.11627,5.10709],[97.11569,5.10766],[97.11431,5.10755],[97.11439,5.10786],[97.1129,5.1084],[97.11315,5.10896],[97.11137,5.10967],[97.11141,5.10983],[97.11062,5.1099],[97.11066,5.11031],[97.11056,5.11035],[97.11083,5.11245],[97.1059,5.11341],[97.1058,5.11277],[97.10276,5.11313],[97.10154,5.11349],[97.10108,5.11352],[97.10101,5.11425],[97.10115,5.11434],[97.10514,5.1143],[97.10612,5.11444],[97.1064,5.11459],[97.10655,5.11686],[97.10625,5.11679],[97.10634,5.11866],[97.10741,5.12147],[97.10842,5.12236],[97.1083,5.12261],[97.10775,5.12304],[97.10715,5.12393],[97.10794,5.12479],[97.10812,5.12565],[97.10813,5.12744],[97.10867,5.12866],[97.10238,5.13469],[97.1011,5.13319],[97.09931,5.13495],[97.09394,5.13729],[97.0911,5.13871],[97.09049,5.13969],[97.08933,5.13993],[97.08892,5.14099],[97.08623,5.14298],[97.08628,5.14406],[97.08451,5.14508],[97.08467,5.14694],[97.08503,5.14893],[97.08465,5.14974],[97.08405,5.15059],[97.08409,5.15132],[97.0839,5.15174],[97.0842,5.15201],[97.08411,5.15236],[97.08424,5.15289],[97.0849,5.1533],[97.08543,5.1534],[97.08583,5.15373],[97.08599,5.15483],[97.08682,5.15602],[97.08697,5.15678],[97.08693,5.15735],[97.08659,5.15855],[97.08671,5.15944],[97.08706,5.15963],[97.08728,5.15996],[97.08731,5.16045],[97.08711,5.16097],[97.08715,5.16173],[97.08738,5.16227],[97.08808,5.16309],[97.08834,5.16304],[97.0889,5.16319],[97.08944,5.16495],[97.08954,5.16607],[97.09001,5.16768],[97.09027,5.16803],[97.08971,5.1682],[97.08943,5.16858],[97.08849,5.16909],[97.08809,5.16947],[97.0879,5.17024],[97.08814,5.17033],[97.08825,5.17054],[97.08816,5.17072],[97.08779,5.17084],[97.08637,5.17078],[97.08586,5.17095],[97.0851,5.17154],[97.08401,5.17112],[97.08368,5.17149],[97.08313,5.17164],[97.08285,5.172],[97.08179,5.17245],[97.08151,5.17343],[97.07456,5.16708],[97.07365,5.16723],[97.07136,5.16542],[97.07074,5.1654],[97.07065,5.16621],[97.06976,5.16638],[97.06921,5.16531],[97.06707,5.16634],[97.06664,5.16461],[97.06649,5.16355],[97.06655,5.16324],[97.0655,5.16207],[97.06531,5.16364],[97.06445,5.16494],[97.06472,5.16689],[97.06423,5.16945],[97.06451,5.17028],[97.05797,5.17243],[97.05951,5.17524],[97.05979,5.17566],[97.06025,5.17587],[97.06094,5.17706],[97.06102,5.17765],[97.06091,5.17819],[97.06009,5.17893],[97.05959,5.18062],[97.05862,5.18198],[97.05746,5.18288],[97.05633,5.18412],[97.05504,5.18521],[97.0547,5.18569],[97.05446,5.18625],[97.05467,5.18786],[97.05397,5.18787],[97.05372,5.18829],[97.05361,5.18828],[97.05342,5.18785],[97.053,5.18783],[97.05226,5.18859],[97.05179,5.18885],[97.05182,5.18909],[97.0521,5.18926],[97.05217,5.18959],[97.05181,5.19095],[97.05197,5.19222],[97.05177,5.19258],[97.05196,5.19351],[97.05135,5.19495],[97.05142,5.19633],[97.05032,5.19692],[97.04985,5.19732],[97.04937,5.19822],[97.04863,5.19901],[97.04806,5.19929],[97.04759,5.19925],[97.04618,5.19861],[97.04537,5.1984],[97.04195,5.1978],[97.04104,5.19778],[97.0402,5.19753],[97.03938,5.1976],[97.03847,5.19742],[97.03734,5.19745],[97.03673,5.19729],[97.03594,5.19747],[97.03507,5.19721],[97.03417,5.1974],[97.03377,5.19724],[97.03224,5.19717],[97.03126,5.19678],[97.03014,5.19662],[97.02935,5.19624],[97.02854,5.19608],[97.02799,5.19622],[97.02685,5.19702],[97.02657,5.19736],[97.02665,5.19809],[97.02719,5.19919],[97.02795,5.19957],[97.02847,5.20013],[97.02944,5.20036],[97.02985,5.20111],[97.03088,5.20225],[97.03117,5.20368],[97.0312,5.20458],[97.03084,5.20543],[97.02976,5.2063],[97.02626,5.20782],[97.02609,5.20837],[97.02624,5.20893],[97.02768,5.21049],[97.02858,5.21049],[97.02892,5.2106],[97.02953,5.21113],[97.03083,5.21161],[97.03267,5.21202],[97.03464,5.212],[97.03499,5.2121],[97.03688,5.21332],[97.03754,5.21491],[97.03781,5.21524],[97.03867,5.21572],[97.0387,5.216],[97.03843,5.21641],[97.03668,5.21686],[97.03604,5.2174],[97.03534,5.21831],[97.03493,5.21931],[97.03497,5.22042],[97.03521,5.22064],[97.03607,5.22102],[97.03779,5.22361],[97.03781,5.22412],[97.03758,5.22473],[97.0366,5.22637],[97.0365,5.22855],[97.03686,5.22958],[97.0376,5.23048],[97.03953,5.23158],[97.04271,5.23761],[97.04587,5.24179],[97.0459,5.24131],[97.04613,5.24137],[97.0474,5.24051],[97.05019,5.23979],[97.05586,5.23755],[97.05932,5.2366],[97.06165,5.23623],[97.06183,5.2364],[97.06138,5.23595],[97.06173,5.23563],[97.06217,5.23599],[97.06191,5.23576],[97.0621,5.23549],[97.06372,5.23502],[97.06359,5.2348],[97.06401,5.2345],[97.07768,5.23223],[97.07841,5.23194],[97.07966,5.23167],[97.08131,5.23098],[97.08463,5.23037],[97.08492,5.22997],[97.08638,5.22908],[97.08869,5.2281],[97.09237,5.22735],[97.09487,5.22663],[97.09926,5.22593],[97.10345,5.22495],[97.10439,5.22423],[97.10326,5.22226],[97.10356,5.2216],[97.10355,5.22108],[97.10337,5.2211],[97.10339,5.22159],[97.10294,5.22169],[97.10282,5.22186],[97.1004,5.22299],[97.1002,5.22298],[97.09958,5.22337],[97.09932,5.22301],[97.09724,5.2229],[97.09583,5.21985],[97.09632,5.21949],[97.09626,5.21934],[97.09638,5.21921],[97.09597,5.21833],[97.09994,5.21651],[97.10003,5.21627],[97.09974,5.21544],[97.10088,5.21438],[97.10298,5.21314],[97.10636,5.21165],[97.1085,5.21124],[97.10951,5.21057],[97.11005,5.21064],[97.11124,5.21313],[97.10738,5.21493],[97.10819,5.21668],[97.10754,5.21699],[97.10767,5.21727],[97.1075,5.21735],[97.10808,5.21858],[97.10795,5.21926],[97.10807,5.21931],[97.10906,5.22167],[97.10859,5.22046],[97.10929,5.21987],[97.10967,5.21972],[97.10988,5.21999],[97.1098,5.21963],[97.11031,5.21945],[97.1104,5.21963],[97.11035,5.21933],[97.11085,5.21916],[97.11104,5.21938],[97.11099,5.21906],[97.11155,5.21885],[97.11166,5.21902],[97.1116,5.21881],[97.1118,5.21871],[97.11226,5.21864],[97.11243,5.21899],[97.1123,5.21861],[97.11243,5.21848],[97.11286,5.21832],[97.11301,5.21841],[97.11294,5.21823],[97.1133,5.21811],[97.1136,5.21808],[97.11374,5.21829],[97.11356,5.21786],[97.11395,5.21767],[97.11488,5.21749],[97.11504,5.21766],[97.11488,5.21729],[97.11532,5.21706],[97.1162,5.21693],[97.11633,5.21709],[97.1163,5.21677],[97.11705,5.21655],[97.11778,5.21687],[97.11622,5.2161],[97.1165,5.2156],[97.11684,5.21579],[97.11801,5.21628],[97.11647,5.21556],[97.11618,5.21509],[97.11651,5.21336],[97.11733,5.21246],[97.11909,5.21131],[97.1218,5.20996],[97.12896,5.20685],[97.13009,5.20623],[97.13056,5.20611],[97.13054,5.20598],[97.13101,5.20574],[97.13143,5.20557],[97.13152,5.20563],[97.13151,5.20548],[97.13202,5.20518],[97.13488,5.20395],[97.13847,5.20204],[97.14185,5.19994],[97.14359,5.19846],[97.14361,5.1982],[97.14392,5.19788],[97.14526,5.19673],[97.1454,5.19673],[97.14527,5.19654],[97.14621,5.1956],[97.14748,5.19347],[97.14787,5.19304],[97.14811,5.19298],[97.14946,5.19095],[97.15065,5.18878],[97.15049,5.18875],[97.15147,5.18683],[97.15319,5.18181],[97.15311,5.18156],[97.15329,5.18157],[97.1535,5.18077],[97.15395,5.1765],[97.15379,5.17639],[97.15395,5.17633],[97.15398,5.17592],[97.15377,5.1738],[97.15376,5.17397],[97.15354,5.17399],[97.15332,5.17379],[97.1533,5.17328],[97.15344,5.17306],[97.15088,5.1682],[97.15244,5.17137],[97.15337,5.17296],[97.15329,5.17302],[97.15299,5.1726],[97.15262,5.17279],[97.15239,5.17265],[97.15226,5.1724],[97.15233,5.17209],[97.15218,5.17192],[97.15227,5.17175],[97.15209,5.17168],[97.15191,5.17134],[97.15174,5.17145],[97.15135,5.17085],[97.15127,5.17033],[97.15086,5.17028],[97.15105,5.17044],[97.15125,5.17099],[97.15116,5.1711],[97.15079,5.17107],[97.15023,5.17048],[97.14909,5.16888],[97.14927,5.16878],[97.14919,5.16863],[97.14958,5.16833],[97.14966,5.16811],[97.14935,5.16771],[97.14943,5.1672],[97.14957,5.16707],[97.14977,5.16732],[97.15001,5.16711],[97.14996,5.16743],[97.15054,5.16851],[97.15083,5.16976],[97.15086,5.16907],[97.15032,5.1679],[97.15041,5.16776],[97.15029,5.16725],[97.15049,5.16666],[97.1494,5.16708],[97.14927,5.16778],[97.14951,5.16814],[97.14883,5.16859],[97.14771,5.16608],[97.14744,5.16614],[97.1471,5.16636],[97.14717,5.16666],[97.14654,5.16702],[97.14664,5.16727],[97.14651,5.1674],[97.14675,5.16743],[97.14663,5.16767],[97.14621,5.1678],[97.14627,5.16793],[97.14614,5.16804],[97.14505,5.16588],[97.14368,5.1644],[97.14333,5.16432],[97.14279,5.16486],[97.14109,5.16335],[97.1417,5.16134],[97.14179,5.16016],[97.14243,5.15727],[97.14294,5.15598],[97.14329,5.15545],[97.14346,5.15542],[97.14335,5.15563],[97.14352,5.15596],[97.14431,5.15592],[97.14515,5.15661],[97.14541,5.15662],[97.1457,5.15704],[97.1462,5.15692],[97.14647,5.15647],[97.14632,5.15594],[97.14643,5.15552],[97.14627,5.15508],[97.14642,5.15465],[97.14599,5.15411],[97.14604,5.15397],[97.14639,5.1541],[97.14643,5.15402],[97.14628,5.15377],[97.14599,5.15366],[97.14591,5.15317],[97.14602,5.15298],[97.14622,5.15312],[97.14647,5.15275],[97.14676,5.15272],[97.14681,5.15257],[97.14711,5.1525],[97.14763,5.15181],[97.1482,5.15201],[97.14803,5.15231],[97.14823,5.15269],[97.14818,5.15306],[97.14849,5.15311],[97.14982,5.15265],[97.15223,5.15099],[97.15395,5.1501],[97.15665,5.14846],[97.16163,5.14622],[97.16526,5.14487],[97.16907,5.1437],[97.17223,5.1429],[97.17625,5.14212]]]}},{"type":"Feature","properties":{"nama":"Kota Sabang","provinsi":"Aceh","sumber":"Batas_Kab"},"geometry":{"type":"Polygon","coordinates":[[[95.30935,5.87763],[95.31148,5.87703],[95.31205,5.87656],[95.31247,5.87642],[95.31318,5.87571],[95.31353,5.87518],[95.31391,5.87492],[95.3139,5.87447],[95.31346,5.87409],[95.31346,5.87376],[95.31325,5.87328],[95.31301,5.87332],[95.31269,5.87371],[95.31195,5.87394],[95.31196,5.87424],[95.31246,5.8741],[95.31264,5.87419],[95.31262,5.8743],[95.31204,5.87467],[95.31143,5.87452],[95.31106,5.87517],[95.31048,5.87466],[95.3101,5.87457],[95.30975,5.87462],[95.3096,5.87482],[95.30908,5.87492],[95.30877,5.87475],[95.30883,5.87492],[95.30837,5.87526],[95.30795,5.87515],[95.30773,5.87523],[95.30768,5.87628],[95.30787,5.87669],[95.30868,5.87738],[95.30935,5.87763]]]}},{"type":"Feature","properties":{"nama":"Kota Sabang","provinsi":"Aceh","sumber":"Batas_Kab"},"geometry":{"type":"Polygon","coordinates":[[[95.25909,5.87487],[95.25883,5.87495],[95.25889,5.87573],[95.25812,5.87815],[95.25842,5.87938],[95.25835,5.87979],[95.25821,5.87996],[95.25773,5.88013],[95.25707,5.8812],[95.25627,5.88168],[95.25594,5.88204],[95.25454,5.88556],[95.25428,5.88668],[95.25442,5.88729],[95.25424,5.88789],[95.25441,5.88805],[95.25488,5.8879],[95.25615,5.88655],[95.25723,5.88582],[95.2588,5.88352],[95.25982,5.88311],[95.26,5.88284],[95.26007,5.88209],[95.25935,5.88179],[95.25924,5.88157],[95.25954,5.8812],[95.25956,5.8809],[95.25992,5.88031],[95.26003,5.87962],[95.25963,5.87861],[95.25969,5.87728],[95.25938,5.8752],[95.25909,5.87487]]]}},{"type":"Feature","properties":{"nama":"Kota Sabang","provinsi":"Aceh","sumber":"Batas_Kab"},"geometry":{"type":"Polygon","coordinates":[[[95.25413,5.89301],[95.2539,5.89305],[95.25343,5.89414],[95.25304,5.89583],[95.2531,5.89653],[95.25325,5.8967],[95.25396,5.89654],[95.25419,5.8962],[95.25413,5.89558],[95.25443,5.89504],[95.25461,5.89362],[95.25446,5.89327],[95.25413,5.89301]]]}},{"type":"Feature","properties":{"nama":"Kota Sabang","provinsi":"Aceh","sumber":"Batas_Kab"},"geometry":{"type":"Polygon","coordinates":[[[95.21691,5.90713],[95.21958,5.90693],[95.22128,5.906],[95.22274,5.90609],[95.22363,5.90591],[95.22532,5.90484],[95.22651,5.90381],[95.22888,5.90248],[95.22966,5.90105],[95.23114,5.90001],[95.23206,5.89957],[95.23294,5.89861],[95.23423,5.8977],[95.23472,5.8976],[95.23562,5.89806],[95.23596,5.89798],[95.23606,5.89766],[95.23591,5.89711],[95.23649,5.8964],[95.23638,5.89575],[95.23644,5.89535],[95.23668,5.89511],[95.23754,5.89477],[95.23762,5.89393],[95.23822,5.89349],[95.23852,5.89258],[95.23938,5.89175],[95.23986,5.89171],[95.24047,5.89189],[95.24075,5.89172],[95.241,5.89136],[95.24101,5.8903],[95.2412,5.89019],[95.24104,5.89014],[95.24077,5.88912],[95.24034,5.88868],[95.23988,5.8885],[95.23957,5.88797],[95.23935,5.88783],[95.23945,5.88707],[95.2398,5.88639],[95.24044,5.88565],[95.2407,5.88561],[95.24071,5.8853],[95.24088,5.88505],[95.24162,5.88457],[95.24203,5.88458],[95.24216,5.88514],[95.2426,5.8854],[95.24275,5.88537],[95.24325,5.8841],[95.24377,5.8833],[95.24388,5.8827],[95.2446,5.88203],[95.24591,5.8815],[95.24633,5.88148],[95.2467,5.8817],[95.24702,5.8817],[95.24732,5.88143],[95.24761,5.88085],[95.24768,5.88033],[95.24764,5.88002],[95.2474,5.87967],[95.24789,5.87863],[95.24779,5.8784],[95.24807,5.87824],[95.24786,5.8777],[95.24752,5.8773],[95.24771,5.87691],[95.24804,5.8768],[95.24896,5.87683],[95.24963,5.8765],[95.25006,5.87593],[95.25038,5.87601],[95.25052,5.8766],[95.25038,5.87735],[95.25046,5.87885],[95.24951,5.88076],[95.24951,5.88288],[95.2497,5.8831],[95.25003,5.88258],[95.25097,5.8827],[95.2518,5.88208],[95.25227,5.88141],[95.2527,5.88016],[95.25362,5.87912],[95.25499,5.87665],[95.25525,5.87557],[95.25619,5.87497],[95.25639,5.87415],[95.25663,5.87394],[95.2564,5.8739],[95.25629,5.87373],[95.25644,5.87326],[95.25791,5.8719],[95.2585,5.8719],[95.25875,5.87172],[95.25879,5.87195],[95.25891,5.87178],[95.25929,5.87196],[95.25969,5.8719],[95.26027,5.87243],[95.26072,5.87259],[95.26173,5.87203],[95.26246,5.87193],[95.26368,5.87271],[95.26443,5.87268],[95.26599,5.87096],[95.26682,5.87052],[95.26805,5.8702],[95.26771,5.86937],[95.26801,5.86832],[95.26877,5.86723],[95.269,5.86708],[95.26926,5.8672],[95.26933,5.86707],[95.26846,5.86588],[95.26827,5.8654],[95.26769,5.86486],[95.2672,5.86488],[95.26701,5.86524],[95.26698,5.86593],[95.2666,5.86585],[95.26679,5.86597],[95.26693,5.86682],[95.26718,5.86709],[95.2671,5.8673],[95.2672,5.86764],[95.2671,5.86778],[95.26685,5.86783],[95.26657,5.86747],[95.26627,5.86738],[95.26575,5.86798],[95.26526,5.86815],[95.26492,5.86812],[95.2645,5.86781],[95.2643,5.86789],[95.26348,5.86768],[95.26262,5.86709],[95.26227,5.86698],[95.26223,5.86657],[95.26268,5.86574],[95.26235,5.86492],[95.26269,5.86388],[95.26273,5.86311],[95.26356,5.86157],[95.26325,5.86026],[95.26325,5.85956],[95.26351,5.85905],[95.26405,5.85861],[95.26419,5.85834],[95.26406,5.85812],[95.26347,5.85778],[95.26358,5.85718],[95.26346,5.8569],[95.26359,5.85655],[95.26397,5.85653],[95.2646,5.85682],[95.26482,5.85628],[95.26532,5.85621],[95.26708,5.85717],[95.26761,5.85775],[95.26797,5.85784],[95.26831,5.85774],[95.26856,5.85733],[95.26853,5.85685],[95.26871,5.85627],[95.26904,5.85593],[95.26977,5.85564],[95.26959,5.85405],[95.2699,5.85364],[95.27081,5.85291],[95.27132,5.85267],[95.2718,5.85284],[95.2719,5.85269],[95.27217,5.8527],[95.27342,5.85345],[95.27417,5.85342],[95.27478,5.85302],[95.27499,5.85231],[95.27551,5.85212],[95.27563,5.8519],[95.27531,5.85066],[95.27566,5.84858],[95.27632,5.84776],[95.27669,5.84752],[95.27824,5.84722],[95.27984,5.84793],[95.28016,5.84797],[95.28102,5.84757],[95.28207,5.84776],[95.28326,5.84744],[95.28366,5.84761],[95.28394,5.84809],[95.2845,5.84816],[95.28462,5.84714],[95.2851,5.84644],[95.28504,5.84528],[95.28545,5.84481],[95.28563,5.84382],[95.28597,5.84331],[95.28595,5.8415],[95.28639,5.84113],[95.28758,5.84063],[95.28853,5.84069],[95.2893,5.8405],[95.28974,5.84077],[95.29052,5.84041],[95.29098,5.84055],[95.29126,5.84029],[95.29148,5.84041],[95.29158,5.84032],[95.29153,5.83985],[95.29171,5.83959],[95.29148,5.8392],[95.29151,5.83903],[95.29209,5.83858],[95.29258,5.83848],[95.29299,5.83847],[95.29322,5.83863],[95.29364,5.83951],[95.29397,5.83982],[95.29397,5.84043],[95.29411,5.84055],[95.29504,5.84055],[95.2958,5.84002],[95.29684,5.84005],[95.29729,5.83992],[95.29817,5.83922],[95.29818,5.83857],[95.29833,5.83844],[95.29854,5.83856],[95.29855,5.83947],[95.29957,5.84001],[95.29944,5.83978],[95.29863,5.83943],[95.29863,5.83906],[95.29884,5.83878],[95.2995,5.83874],[95.30052,5.83917],[95.30098,5.83944],[95.30151,5.83998],[95.30215,5.83974],[95.30272,5.84002],[95.30327,5.83992],[95.30397,5.8404],[95.30436,5.84104],[95.30448,5.84222],[95.30429,5.84296],[95.30468,5.84398],[95.30472,5.84462],[95.30422,5.84698],[95.30387,5.84735],[95.30379,5.84776],[95.30313,5.84907],[95.30325,5.85012],[95.30295,5.85137],[95.30305,5.85526],[95.30277,5.85656],[95.30265,5.85851],[95.30216,5.86104],[95.30148,5.86245],[95.30138,5.86291],[95.3015,5.86417],[95.30136,5.86601],[95.30169,5.86729],[95.30152,5.86782],[95.30156,5.86837],[95.30138,5.86938],[95.30158,5.87183],[95.30196,5.87278],[95.30285,5.87375],[95.30338,5.87397],[95.30442,5.8741],[95.30542,5.87374],[95.30619,5.87379],[95.30626,5.87357],[95.30595,5.87252],[95.3062,5.8717],[95.30551,5.87131],[95.30542,5.87091],[95.30571,5.87003],[95.30566,5.86958],[95.30646,5.86972],[95.30718,5.86927],[95.30718,5.86897],[95.30682,5.86822],[95.30688,5.86795],[95.30733,5.86787],[95.30755,5.86763],[95.30776,5.86761],[95.30863,5.86858],[95.30938,5.86898],[95.30974,5.86872],[95.31042,5.86774],[95.31066,5.86759],[95.31115,5.86895],[95.31164,5.86918],[95.31205,5.86894],[95.31241,5.86844],[95.31309,5.86698],[95.31346,5.86697],[95.31399,5.86796],[95.31438,5.86799],[95.31434,5.86839],[95.31414,5.86846],[95.31435,5.86847],[95.31439,5.86809],[95.31451,5.86803],[95.31603,5.86981],[95.31632,5.86999],[95.31773,5.87158],[95.31823,5.87193],[95.31849,5.87289],[95.31972,5.87506],[95.32002,5.87624],[95.32032,5.87669],[95.3212,5.87708],[95.3204,5.87827],[95.32125,5.87897],[95.32069,5.87984],[95.32066,5.88006],[95.32169,5.88078],[95.32177,5.8811],[95.32322,5.88212],[95.32341,5.88217],[95.32368,5.88191],[95.32404,5.88228],[95.32421,5.8833],[95.32441,5.88356],[95.32447,5.88419],[95.32465,5.88454],[95.32444,5.88581],[95.32414,5.88584],[95.32384,5.88678],[95.3233,5.88757],[95.32323,5.88813],[95.32265,5.88797],[95.32256,5.88836],[95.32233,5.88841],[95.32207,5.88883],[95.32215,5.88905],[95.32196,5.88951],[95.32126,5.89006],[95.31911,5.88976],[95.31714,5.88872],[95.31633,5.88799],[95.31557,5.88758],[95.31552,5.88734],[95.31512,5.88715],[95.31502,5.88673],[95.31521,5.88638],[95.31546,5.88623],[95.31466,5.88527],[95.31453,5.88529],[95.31371,5.88619],[95.3131,5.88719],[95.31163,5.88846],[95.31017,5.89036],[95.31005,5.89137],[95.31028,5.89255],[95.3103,5.89344],[95.31083,5.89446],[95.3115,5.89503],[95.31246,5.89517],[95.31429,5.89597],[95.31532,5.8969],[95.31564,5.89697],[95.31588,5.89721],[95.31629,5.89711],[95.31696,5.89727],[95.31789,5.89791],[95.31863,5.89804],[95.31975,5.89881],[95.3202,5.89945],[95.32048,5.89962],[95.32057,5.9001],[95.32098,5.89996],[95.32116,5.90023],[95.32176,5.9003],[95.32233,5.90061],[95.32319,5.90052],[95.32395,5.90107],[95.32432,5.90114],[95.32447,5.90136],[95.32585,5.90106],[95.3256,5.90091],[95.32586,5.90062],[95.32623,5.90079],[95.32603,5.90103],[95.32746,5.90073],[95.32822,5.89998],[95.32988,5.89946],[95.33114,5.89866],[95.33279,5.89817],[95.33305,5.89793],[95.3334,5.89786],[95.33353,5.89764],[95.33469,5.89685],[95.33634,5.8975],[95.33651,5.89722],[95.33619,5.8974],[95.33489,5.89671],[95.33504,5.89627],[95.33529,5.89606],[95.33587,5.89632],[95.33663,5.89575],[95.33768,5.89631],[95.33667,5.89806],[95.33778,5.89627],[95.33681,5.89569],[95.33717,5.89492],[95.33871,5.89375],[95.33963,5.8928],[95.34014,5.892],[95.34293,5.88915],[95.34319,5.88897],[95.34378,5.88906],[95.34436,5.88855],[95.34446,5.88825],[95.3447,5.88815],[95.34478,5.88779],[95.3457,5.88698],[95.34603,5.88691],[95.34618,5.88719],[95.34667,5.8867],[95.34732,5.8871],[95.34785,5.88661],[95.34805,5.88674],[95.3483,5.88667],[95.34906,5.88531],[95.34901,5.88513],[95.34877,5.88522],[95.34876,5.88486],[95.34897,5.88469],[95.34916,5.88403],[95.34986,5.88283],[95.35067,5.882],[95.35118,5.88204],[95.35143,5.88188],[95.3515,5.8815],[95.35221,5.88032],[95.35228,5.87994],[95.35217,5.87962],[95.35244,5.87935],[95.35239,5.87907],[95.35294,5.87828],[95.35306,5.87773],[95.35304,5.87745],[95.35279,5.87717],[95.35294,5.87612],[95.35242,5.87557],[95.3524,5.87518],[95.35197,5.8741],[95.35207,5.87336],[95.35232,5.87301],[95.35237,5.87201],[95.35224,5.87176],[95.35241,5.87147],[95.35232,5.87053],[95.35247,5.87021],[95.35254,5.86938],[95.3532,5.8675],[95.35406,5.86566],[95.35451,5.86548],[95.35458,5.86481],[95.3555,5.8636],[95.35612,5.86246],[95.35692,5.86135],[95.3573,5.86041],[95.35899,5.85841],[95.35944,5.85763],[95.36011,5.85695],[95.36031,5.85658],[95.36352,5.8536],[95.36455,5.85331],[95.36657,5.85314],[95.36871,5.85211],[95.3698,5.8511],[95.37093,5.84957],[95.37174,5.8487],[95.37229,5.8483],[95.37292,5.84837],[95.37336,5.84824],[95.37362,5.84775],[95.37379,5.84771],[95.37423,5.84707],[95.37405,5.8469],[95.37373,5.84687],[95.37301,5.84716],[95.37252,5.84641],[95.37229,5.84478],[95.37268,5.84392],[95.37258,5.8436],[95.37288,5.84317],[95.3735,5.84132],[95.37404,5.84107],[95.37425,5.84068],[95.37407,5.84038],[95.37419,5.83969],[95.37386,5.8387],[95.37424,5.83724],[95.37414,5.83631],[95.37487,5.83488],[95.37579,5.83391],[95.37594,5.8331],[95.37633,5.83273],[95.37625,5.83241],[95.3764,5.83158],[95.37624,5.83145],[95.37624,5.83117],[95.37663,5.82992],[95.37699,5.82957],[95.37696,5.8293],[95.37711,5.82916],[95.37732,5.82832],[95.37705,5.82807],[95.37725,5.82771],[95.37703,5.82731],[95.3774,5.82704],[95.37702,5.82653],[95.37703,5.82601],[95.37726,5.82561],[95.3769,5.82549],[95.37683,5.8252],[95.37691,5.82237],[95.37715,5.82152],[95.37695,5.82101],[95.37701,5.8204],[95.37683,5.8198],[95.37686,5.81913],[95.37656,5.817],[95.37644,5.81396],[95.37653,5.81368],[95.3764,5.81321],[95.37642,5.81195],[95.3763,5.81168],[95.37638,5.8111],[95.37627,5.81054],[95.37571,5.80962],[95.3757,5.80915],[95.37538,5.80839],[95.37546,5.80795],[95.37536,5.80747],[95.37554,5.80696],[95.37541,5.80671],[95.37542,5.80622],[95.37503,5.80524],[95.37475,5.80496],[95.37356,5.80466],[95.37208,5.804],[95.37118,5.80398],[95.3708,5.80414],[95.37028,5.80472],[95.36981,5.80633],[95.36835,5.80847],[95.36813,5.80902],[95.36733,5.8101],[95.36679,5.81117],[95.36567,5.81225],[95.36484,5.81277],[95.36441,5.81359],[95.36272,5.81523],[95.36252,5.81613],[95.36192,5.81659],[95.3609,5.81768],[95.36023,5.81813],[95.35955,5.81932],[95.35944,5.81981],[95.35861,5.82073],[95.35783,5.82207],[95.35689,5.82272],[95.35696,5.82313],[95.35669,5.82354],[95.35583,5.82436],[95.35457,5.82475],[95.35242,5.82735],[95.35245,5.82762],[95.35223,5.8279],[95.35165,5.82807],[95.35156,5.82796],[95.34977,5.82782],[95.34788,5.82724],[95.3477,5.82715],[95.34772,5.82699],[95.3476,5.82715],[95.34733,5.8271],[95.34724,5.827],[95.3473,5.82661],[95.34708,5.82674],[95.34697,5.82651],[95.34676,5.82668],[95.34616,5.82649],[95.346,5.82713],[95.34584,5.82721],[95.34566,5.8269],[95.34433,5.82583],[95.34458,5.82496],[95.34437,5.82449],[95.34453,5.824],[95.34442,5.8232],[95.34408,5.82253],[95.34363,5.822],[95.34339,5.82102],[95.34403,5.82022],[95.34415,5.81983],[95.34383,5.81909],[95.34393,5.81883],[95.34374,5.81832],[95.34407,5.81745],[95.34386,5.81646],[95.34428,5.81607],[95.34442,5.81474],[95.34454,5.81454],[95.34445,5.8144],[95.34472,5.81434],[95.34475,5.81418],[95.34506,5.81396],[95.345,5.81295],[95.3453,5.81283],[95.34533,5.81254],[95.34557,5.81244],[95.34601,5.8114],[95.34594,5.8109],[95.34577,5.81069],[95.3458,5.81033],[95.34543,5.80959],[95.34476,5.8096],[95.34419,5.8093],[95.34418,5.80869],[95.34397,5.80798],[95.34411,5.8078],[95.34432,5.80777],[95.34453,5.80814],[95.34488,5.80816],[95.3451,5.80796],[95.34497,5.80772],[95.34519,5.80727],[95.34561,5.8078],[95.34588,5.80784],[95.34742,5.807],[95.34753,5.80677],[95.34745,5.8058],[95.34781,5.80478],[95.34722,5.80368],[95.34668,5.80312],[95.3461,5.80215],[95.34589,5.80207],[95.34516,5.80052],[95.3449,5.79953],[95.34491,5.7987],[95.34572,5.79652],[95.34567,5.79452],[95.34621,5.79389],[95.34626,5.79359],[95.34589,5.79281],[95.34517,5.79367],[95.34478,5.79357],[95.3447,5.79415],[95.34456,5.79435],[95.34394,5.79451],[95.34346,5.79414],[95.34335,5.79396],[95.3435,5.79372],[95.34323,5.79341],[95.34395,5.79262],[95.34359,5.79277],[95.34338,5.79254],[95.34306,5.79111],[95.34269,5.79035],[95.34256,5.78971],[95.34263,5.78938],[95.34219,5.78813],[95.34223,5.78754],[95.3419,5.78679],[95.34191,5.78622],[95.34131,5.78558],[95.34069,5.78456],[95.34069,5.78409],[95.34036,5.78335],[95.33982,5.78291],[95.33958,5.78241],[95.33919,5.78212],[95.33874,5.78145],[95.33853,5.78078],[95.33792,5.78014],[95.33757,5.77945],[95.33714,5.77898],[95.33648,5.77855],[95.33505,5.77679],[95.33392,5.77594],[95.33391,5.77548],[95.33314,5.77478],[95.33325,5.77506],[95.33383,5.77552],[95.33364,5.7759],[95.33297,5.77569],[95.33309,5.77531],[95.33275,5.77558],[95.33162,5.77479],[95.33129,5.77438],[95.33116,5.77381],[95.33034,5.77274],[95.32941,5.77247],[95.32888,5.77203],[95.32766,5.77175],[95.32705,5.77208],[95.32647,5.77202],[95.32534,5.77282],[95.3251,5.7733],[95.32482,5.77355],[95.32359,5.77408],[95.31981,5.77433],[95.31738,5.77393],[95.31626,5.77497],[95.31545,5.77543],[95.31506,5.77541],[95.31481,5.77577],[95.31426,5.77615],[95.31362,5.77632],[95.31335,5.7761],[95.31292,5.77623],[95.31271,5.77614],[95.3124,5.77634],[95.31278,5.77617],[95.31298,5.77656],[95.31215,5.7771],[95.31147,5.77732],[95.31101,5.77712],[95.31113,5.77682],[95.31212,5.77622],[95.31217,5.77614],[95.31113,5.77677],[95.31085,5.77719],[95.31047,5.77727],[95.30994,5.77786],[95.30758,5.77831],[95.30731,5.77875],[95.30663,5.7791],[95.30489,5.77962],[95.304,5.77967],[95.30359,5.77945],[95.30358,5.77966],[95.30312,5.77989],[95.30228,5.77987],[95.30246,5.77968],[95.30247,5.77939],[95.3024,5.77968],[95.30214,5.77984],[95.30206,5.77975],[95.30192,5.77975],[95.30201,5.77985],[95.30178,5.78002],[95.30088,5.78036],[95.29952,5.78057],[95.2992,5.78055],[95.29873,5.78027],[95.29882,5.77992],[95.29913,5.77988],[95.29883,5.77989],[95.29867,5.78022],[95.29835,5.78025],[95.29781,5.78015],[95.29742,5.77984],[95.29691,5.77985],[95.29684,5.7797],[95.29626,5.77986],[95.29561,5.77956],[95.29542,5.77967],[95.29528,5.78007],[95.29502,5.7803],[95.29383,5.78081],[95.29365,5.78077],[95.29351,5.78053],[95.29354,5.78084],[95.29329,5.78102],[95.29273,5.78103],[95.29269,5.78069],[95.29264,5.78106],[95.29116,5.78082],[95.29086,5.78038],[95.29102,5.78076],[95.29071,5.78102],[95.2902,5.78128],[95.28934,5.78149],[95.2885,5.78151],[95.28802,5.78059],[95.28696,5.78039],[95.28641,5.78005],[95.2859,5.78045],[95.28496,5.7805],[95.28429,5.78111],[95.28371,5.782],[95.28282,5.78223],[95.28228,5.78303],[95.28137,5.78329],[95.28108,5.7836],[95.28088,5.78436],[95.281,5.78528],[95.28043,5.78572],[95.27983,5.78654],[95.27918,5.7867],[95.2785,5.78712],[95.27782,5.78714],[95.27752,5.7873],[95.27747,5.78805],[95.27726,5.7883],[95.27717,5.78892],[95.27648,5.78994],[95.2763,5.79116],[95.27528,5.79244],[95.27418,5.79346],[95.27362,5.79417],[95.27337,5.79511],[95.27268,5.79584],[95.27221,5.79876],[95.27085,5.7992],[95.27072,5.79991],[95.26964,5.80061],[95.26929,5.8012],[95.26912,5.80192],[95.26854,5.80256],[95.26851,5.80332],[95.26835,5.80378],[95.26712,5.80551],[95.26564,5.8073],[95.26562,5.80824],[95.26595,5.80945],[95.26605,5.8113],[95.26587,5.81188],[95.26524,5.81232],[95.2648,5.81297],[95.26393,5.81383],[95.26368,5.81441],[95.26347,5.81567],[95.26371,5.81626],[95.26341,5.81729],[95.26346,5.81768],[95.26381,5.81831],[95.26378,5.81852],[95.26301,5.81936],[95.26225,5.82107],[95.26161,5.82135],[95.26008,5.82241],[95.25913,5.82508],[95.25893,5.82523],[95.25784,5.82544],[95.25749,5.82567],[95.25752,5.8259],[95.25798,5.8264],[95.25798,5.82717],[95.25839,5.8278],[95.25969,5.82806],[95.26017,5.82839],[95.26034,5.8287],[95.26048,5.82935],[95.26004,5.83038],[95.26015,5.83134],[95.26046,5.83242],[95.26038,5.83267],[95.26002,5.83286],[95.25893,5.83293],[95.2588,5.83308],[95.2589,5.83344],[95.25966,5.83417],[95.26015,5.83506],[95.26032,5.8356],[95.26032,5.83619],[95.26015,5.83637],[95.25997,5.83751],[95.2593,5.83986],[95.25887,5.8406],[95.25843,5.84106],[95.2582,5.84196],[95.25705,5.84368],[95.25564,5.84553],[95.25487,5.84617],[95.2541,5.8472],[95.25364,5.84736],[95.25319,5.84817],[95.25173,5.84873],[95.2505,5.84896],[95.24897,5.84976],[95.24823,5.85089],[95.24731,5.85144],[95.2469,5.85154],[95.24591,5.8515],[95.24497,5.85118],[95.244,5.85155],[95.24212,5.85044],[95.24148,5.85033],[95.24111,5.85036],[95.23997,5.85103],[95.23948,5.85112],[95.23922,5.85201],[95.23936,5.85272],[95.23883,5.85334],[95.23824,5.85441],[95.23752,5.85489],[95.23729,5.85519],[95.23763,5.85695],[95.23746,5.85804],[95.23711,5.85884],[95.23488,5.861],[95.2342,5.86137],[95.23398,5.86175],[95.2336,5.86206],[95.23318,5.86235],[95.23237,5.86264],[95.23163,5.86337],[95.23065,5.86482],[95.23046,5.86541],[95.23045,5.86614],[95.23017,5.86635],[95.22929,5.8666],[95.22912,5.86683],[95.22853,5.86843],[95.22867,5.8696],[95.22847,5.87013],[95.22742,5.87075],[95.22702,5.87112],[95.22625,5.87149],[95.22576,5.87209],[95.22545,5.87226],[95.22416,5.87264],[95.22348,5.8727],[95.22296,5.87299],[95.22218,5.87308],[95.22123,5.87429],[95.22058,5.87451],[95.22005,5.8752],[95.22003,5.87648],[95.22031,5.87679],[95.22036,5.87723],[95.21962,5.87795],[95.21947,5.87855],[95.21971,5.87983],[95.22002,5.88059],[95.22013,5.88153],[95.21973,5.88234],[95.21953,5.88341],[95.21885,5.8848],[95.21748,5.88668],[95.21724,5.88773],[95.21722,5.88872],[95.21691,5.88968],[95.21636,5.89037],[95.21554,5.89093],[95.21536,5.89134],[95.21544,5.89228],[95.21686,5.89399],[95.2173,5.89514],[95.21736,5.89546],[95.21704,5.89649],[95.21739,5.897],[95.21742,5.89822],[95.21769,5.89897],[95.2174,5.90029],[95.21723,5.90055],[95.21638,5.90106],[95.21596,5.90216],[95.21603,5.90358],[95.21661,5.90499],[95.21617,5.90605],[95.21618,5.90634],[95.21632,5.90684],[95.21656,5.90703],[95.21691,5.90713]]]}},{"type":"Feature","properties":{"nama":"Kota Sabang","provinsi":"Aceh","sumber":"Batas_Kab"},"geometry":{"type":"Polygon","coordinates":[[[95.11693,6.05583],[95.11699,6.05554],[95.1168,6.05562],[95.1169,6.0553],[95.11642,6.05514],[95.11638,6.05549],[95.11664,6.05555],[95.11664,6.05577],[95.11693,6.05583]]]}},{"type":"Feature","properties":{"nama":"Kota Sabang","provinsi":"Aceh","sumber":"Batas_Kab"},"geometry":{"type":"Polygon","coordinates":[[[95.11048,6.05868],[95.11153,6.05845],[95.11143,6.05796],[95.11084,6.05812],[95.11087,6.05784],[95.1103,6.05811],[95.11048,6.05868]]]}},{"type":"Feature","properties":{"nama":"Kota Sabang","provinsi":"Aceh","sumber":"Batas_Kab"},"geometry":{"type":"Polygon","coordinates":[[[95.11254,6.05888],[95.1126,6.05828],[95.11248,6.05797],[95.11186,6.05785],[95.11167,6.05804],[95.11164,6.05856],[95.1121,6.05885],[95.11254,6.05888]]]}},{"type":"Feature","properties":{"nama":"Kota Sabang","provinsi":"Aceh","sumber":"Batas_Kab"},"geometry":{"type":"Polygon","coordinates":[[[95.11526,6.05936],[95.1151,6.05935],[95.11508,6.05943],[95.11524,6.05948],[95.11526,6.05936]]]}},{"type":"Feature","properties":{"nama":"Kota Sabang","provinsi":"Aceh","sumber":"Batas_Kab"},"geometry":{"type":"Polygon","coordinates":[[[95.11534,6.05977],[95.11522,6.0598],[95.11517,6.05998],[95.11531,6.05989],[95.11534,6.05977]]]}},{"type":"Feature","properties":{"nama":"Kota Sabang","provinsi":"Aceh","sumber":"Batas_Kab"},"geometry":{"type":"Polygon","coordinates":[[[95.11447,6.06005],[95.11471,6.06],[95.11475,6.05981],[95.11425,6.05992],[95.11447,6.06005]]]}},{"type":"Feature","properties":{"nama":"Kota Sabang","provinsi":"Aceh","sumber":"Batas_Kab"},"geometry":{"type":"Polygon","coordinates":[[[95.11442,6.06195],[95.11457,6.06156],[95.11449,6.06149],[95.11423,6.06186],[95.11442,6.06195]]]}},{"type":"Feature","properties":{"nama":"Kota Sabang","provinsi":"Aceh","sumber":"Batas_Kab"},"geometry":{"type":"Polygon","coordinates":[[[95.11397,6.06245],[95.11378,6.06255],[95.1138,6.06268],[95.11397,6.06268],[95.11397,6.06245]]]}},{"type":"Feature","properties":{"nama":"Kota Sabang","provinsi":"Aceh","sumber":"Batas_Kab"},"geometry":{"type":"Polygon","coordinates":[[[95.11407,6.06255],[95.11442,6.0627],[95.11436,6.06244],[95.11407,6.06255]]]}},{"type":"Feature","properties":{"nama":"Kota Sabang","provinsi":"Aceh","sumber":"Batas_Kab"},"geometry":{"type":"Polygon","coordinates":[[[95.11384,6.06285],[95.11369,6.0629],[95.11377,6.06298],[95.11384,6.06285]]]}},{"type":"Feature","properties":{"nama":"Kota Sabang","provinsi":"Aceh","sumber":"Batas_Kab"},"geometry":{"type":"Polygon","coordinates":[[[95.11683,6.07679],[95.11997,6.07518],[95.12044,6.07476],[95.12063,6.07415],[95.12034,6.07333],[95.12012,6.0728],[95.11951,6.07214],[95.11862,6.07164],[95.11682,6.07101],[95.11555,6.07085],[95.11496,6.07109],[95.11488,6.07079],[95.11467,6.07089],[95.1145,6.07064],[95.11443,6.07077],[95.11464,6.07115],[95.11449,6.07157],[95.11395,6.0722],[95.11318,6.07274],[95.11252,6.07389],[95.11234,6.07518],[95.11278,6.07563],[95.11381,6.07603],[95.11429,6.07636],[95.11548,6.0767],[95.11683,6.07679]]]}},{"type":"Feature","properties":{"nama":"Kota Subulussalam","provinsi":"Aceh","sumber":"Batas_Kab"},"geometry":{"type":"Polygon","coordinates":[[[97.93619,2.9895],[97.93702,2.98914],[97.9373,2.98868],[97.93849,2.98746],[97.93979,2.98714],[97.9419,2.98803],[97.94336,2.98803],[97.94457,2.98787],[97.94652,2.98689],[97.94838,2.98698],[97.95292,2.98576],[97.9539,2.98454],[97.95495,2.98276],[97.95535,2.98098],[97.95511,2.97944],[97.95519,2.97441],[97.95503,2.97214],[97.95544,2.97003],[97.95633,2.96371],[97.95665,2.96039],[97.95568,2.95633],[97.95381,2.95131],[97.95341,2.94896],[97.953,2.94409],[97.953,2.94004],[97.95171,2.93412],[97.95073,2.93282],[97.94838,2.93169],[97.94636,2.93047],[97.9453,2.92918],[97.94498,2.92658],[97.9453,2.92439],[97.94587,2.92285],[97.94676,2.92115],[97.94782,2.91994],[97.94879,2.91686],[97.94838,2.9154],[97.94741,2.91426],[97.94571,2.91288],[97.94441,2.91142],[97.94328,2.90891],[97.94238,2.90648],[97.94198,2.90461],[97.94255,2.90251],[97.94433,2.89902],[97.9466,2.89691],[97.94928,2.89481],[97.95292,2.89351],[97.95617,2.89262],[97.96354,2.89108],[97.96727,2.89035],[97.97068,2.88986],[97.97432,2.88881],[97.98097,2.88597],[97.98397,2.88378],[97.98592,2.88265],[97.98932,2.88273],[97.99191,2.88248],[97.99305,2.88184],[97.9954,2.87851],[97.9967,2.87559],[97.99808,2.87389],[97.99994,2.87389],[98.00091,2.87446],[98.00229,2.87446],[98.00367,2.87389],[98.0074,2.8713],[98.0134,2.86676],[98.01769,2.86327],[98.02142,2.8606],[98.02815,2.85508],[98.02928,2.85338],[98.02977,2.85192],[98.03155,2.84965],[98.03334,2.84811],[98.03626,2.84738],[98.03909,2.84746],[98.03958,2.84665],[98.03999,2.84503],[98.04177,2.83652],[98.04412,2.8306],[98.04651,2.82598],[98.04781,2.8242],[98.05008,2.82185],[98.05535,2.81885],[98.05916,2.81755],[98.06151,2.81731],[98.0671,2.81731],[98.08226,2.82015],[98.08575,2.82055],[98.08996,2.82071],[98.09839,2.82282],[98.09936,2.82266],[98.09912,2.82185],[98.09855,2.82104],[98.09815,2.81909],[98.09831,2.81715],[98.1005,2.81018],[98.1022,2.80353],[98.10317,2.79777],[98.10399,2.79404],[98.10496,2.79145],[98.10585,2.79007],[98.1078,2.78886],[98.10958,2.78813],[98.11152,2.78756],[98.1169,2.78505],[98.11548,2.78374],[98.114,2.78207],[98.11212,2.78069],[98.1108,2.77931],[98.11012,2.77816],[98.10915,2.77707],[98.10823,2.77644],[98.10669,2.77592],[98.10446,2.77557],[98.0963,2.77494],[98.08961,2.77298],[98.08367,2.77062],[98.07676,2.7682],[98.07282,2.76653],[98.0706,2.7655],[98.06937,2.76417],[98.07293,2.75706],[98.0765,2.7506],[98.07645,2.74984],[98.07593,2.74898],[98.07446,2.74787],[98.07398,2.74692],[98.07232,2.74213],[98.07185,2.74128],[98.07146,2.73915],[98.07141,2.73639],[98.07179,2.73389],[98.07285,2.731],[98.07514,2.72653],[98.08005,2.7182],[98.08181,2.71571],[98.08529,2.70868],[98.08606,2.70605],[98.08668,2.70471],[98.0912,2.69911],[98.09316,2.69757],[98.09762,2.69311],[98.0993,2.69098],[98.10206,2.68701],[98.10402,2.68193],[98.10374,2.67868],[98.10368,2.67624],[98.1046,2.67176],[98.10489,2.66728],[98.10493,2.66397],[98.10474,2.66159],[98.10351,2.65565],[98.10353,2.65227],[98.10443,2.64706],[98.10559,2.64256],[98.1062,2.63966],[98.10613,2.63703],[98.1063,2.63113],[98.10578,2.62969],[98.10557,2.6297],[98.10474,2.62875],[98.10658,2.62836],[98.10673,2.62647],[98.10691,2.62583],[98.1068,2.62485],[98.10606,2.62357],[98.10579,2.62276],[98.10554,2.62074],[98.10595,2.61924],[98.10642,2.61853],[98.10814,2.61734],[98.10863,2.61684],[98.1089,2.6158],[98.10896,2.61529],[98.10885,2.61492],[98.10897,2.61438],[98.10911,2.61397],[98.10959,2.61342],[98.11011,2.61217],[98.11026,2.61076],[98.10963,2.60902],[98.10959,2.60757],[98.10923,2.60609],[98.10771,2.60444],[98.10715,2.60422],[98.10429,2.6039],[98.10287,2.60338],[98.10175,2.6032],[98.09963,2.60345],[98.09928,2.60336],[98.09891,2.60305],[98.0978,2.60286],[98.09727,2.60294],[98.09608,2.6027],[98.09381,2.60297],[98.09355,2.60221],[98.09299,2.60201],[98.09206,2.60239],[98.09174,2.6027],[98.09131,2.60348],[98.08927,2.60405],[98.08876,2.60404],[98.08711,2.60333],[98.08481,2.60341],[98.08415,2.60114],[98.08335,2.59334],[98.08159,2.58798],[98.07964,2.5853],[98.07846,2.58218],[98.0766,2.57479],[98.03508,2.57986],[98.02346,2.58157],[98.01929,2.582],[98.01785,2.58185],[98.01285,2.5823],[98.00909,2.58236],[98.00663,2.58276],[98.00409,2.58259],[98.00117,2.58216],[97.99876,2.58165],[97.99438,2.58198],[97.98943,2.58041],[97.98605,2.57981],[97.9815,2.57866],[97.97774,2.578],[97.97604,2.57743],[97.97399,2.57697],[97.97217,2.57674],[97.97012,2.57617],[97.9683,2.57594],[97.96637,2.57514],[97.96193,2.57376],[97.95919,2.5731],[97.95669,2.57293],[97.95476,2.57262],[97.95276,2.57254],[97.9514,2.57263],[97.94803,2.57243],[97.94381,2.57186],[97.94147,2.57216],[97.93914,2.57141],[97.93755,2.57118],[97.92522,2.57039],[97.92219,2.57003],[97.91604,2.56993],[97.91506,2.56977],[97.91363,2.56988],[97.91269,2.57058],[97.91196,2.5703],[97.91133,2.56967],[97.91019,2.56805],[97.90906,2.5676],[97.90795,2.56766],[97.90706,2.56631],[97.90626,2.5657],[97.9058,2.56493],[97.90549,2.56287],[97.90504,2.56249],[97.90407,2.56223],[97.90258,2.5622],[97.9006,2.56292],[97.89896,2.56441],[97.85503,2.56456],[97.85526,2.52744],[97.8651,2.52744],[97.86497,2.49881],[97.84061,2.49993],[97.81543,2.49988],[97.7912,2.50019],[97.79546,2.5446],[97.79554,2.54842],[97.79706,2.55392],[97.81196,2.59813],[97.8174,2.61463],[97.82521,2.63693],[97.81343,2.65306],[97.81716,2.66732],[97.79689,2.71576],[97.77804,2.76272],[97.77081,2.77707],[97.76796,2.78306],[97.76653,2.78807],[97.77622,2.79362],[97.78353,2.79728],[97.78763,2.79952],[97.78462,2.80495],[97.84686,2.83262],[97.85165,2.8361],[97.8577,2.84298],[97.86022,2.84604],[97.86,2.85716],[97.86006,2.85984],[97.85944,2.862],[97.85784,2.86501],[97.85777,2.86711],[97.85738,2.87003],[97.85716,2.87384],[97.85716,2.87637],[97.85761,2.87923],[97.85858,2.88189],[97.85886,2.88206],[97.85938,2.8829],[97.8631,2.88505],[97.86762,2.88694],[97.87283,2.88846],[97.87693,2.89003],[97.88547,2.89408],[97.88885,2.89611],[97.89138,2.89828],[97.89765,2.90415],[97.9028,2.90782],[97.90415,2.90982],[97.90572,2.91178],[97.90795,2.91981],[97.90844,2.92188],[97.90882,2.9246],[97.90899,2.93347],[97.90888,2.93609],[97.90835,2.94422],[97.90759,2.94996],[97.9071,2.95508],[97.90665,2.95712],[97.9061,2.95852],[97.90509,2.95992],[97.90272,2.96274],[97.90038,2.96631],[97.89641,2.96632],[97.89216,2.96607],[97.87338,2.96773],[97.86408,2.9702],[97.84617,2.97456],[97.8355,2.97757],[97.82923,2.97914],[97.8242,2.98005],[97.818,2.98168],[97.81692,2.98231],[97.81479,2.98304],[97.81778,2.9868],[97.82479,2.9951],[97.82769,2.99906],[97.82807,2.99947],[97.8299,3.00055],[97.83336,3.00136],[97.83723,3.00327],[97.83864,3.00348],[97.83951,3.00355],[97.84047,3.00345],[97.84248,3.00269],[97.84428,3.00182],[97.84518,3.00123],[97.84614,3.00116],[97.84839,3.00155],[97.85364,3.00214],[97.8571,3.00288],[97.85879,3.00341],[97.86349,3.00567],[97.86646,3.00779],[97.86925,3.00953],[97.87382,3.00936],[97.87658,3.00888],[97.87921,3.00864],[97.88377,3.0085],[97.89068,3.00879],[97.89261,3.00876],[97.89517,3.00869],[97.89783,3.00831],[97.90039,3.00745],[97.90558,3.00283],[97.91221,3.0],[97.91305,2.99923],[97.9135,2.99902],[97.9167,2.99854],[97.91781,2.99774],[97.91854,2.9968],[97.91962,2.99457],[97.92003,2.99425],[97.92066,2.99422],[97.92211,2.99488],[97.92319,2.99509],[97.92464,2.99499],[97.92611,2.99468],[97.92767,2.99363],[97.92823,2.99308],[97.92868,2.9921],[97.93007,2.99071],[97.93097,2.99029],[97.93222,2.99008],[97.93312,2.99009],[97.93477,2.99037],[97.93532,2.99026],[97.93577,2.99],[97.93619,2.9895]]]}},{"type":"Feature","properties":{"nama":"Nagan Raya","provinsi":"Aceh","sumber":"Batas_Kab"},"geometry":{"type":"Polygon","coordinates":[[[96.51173,4.62643],[96.51581,4.62252],[96.51666,4.62193],[96.51766,4.62131],[96.52023,4.62018],[96.52095,4.61974],[96.52168,4.61901],[96.52376,4.61641],[96.5246,4.61559],[96.52561,4.61508],[96.52831,4.6145],[96.53398,4.60906],[96.53701,4.60557],[96.53893,4.6036],[96.54141,4.60135],[96.54478,4.59965],[96.54804,4.59772],[96.55077,4.59561],[96.55544,4.59333],[96.5588,4.5921],[96.5618,4.58933],[96.56451,4.58641],[96.56873,4.58066],[96.57007,4.57922],[96.57177,4.57787],[96.57375,4.57752],[96.57601,4.57555],[96.57729,4.57493],[96.58101,4.5738],[96.58433,4.57347],[96.58534,4.57324],[96.58949,4.5716],[96.59389,4.57042],[96.59629,4.56951],[96.59884,4.56887],[96.60406,4.56715],[96.60556,4.5663],[96.60741,4.56469],[96.60826,4.56374],[96.60948,4.56307],[96.61097,4.56302],[96.61303,4.56335],[96.61448,4.56321],[96.61514,4.56297],[96.61711,4.56175],[96.61813,4.56137],[96.62294,4.5605],[96.62426,4.56048],[96.6277,4.56096],[96.63055,4.56085],[96.63355,4.56144],[96.63564,4.56163],[96.63844,4.56142],[96.63929,4.56121],[96.64104,4.55956],[96.64365,4.55838],[96.64617,4.55694],[96.6494,4.55402],[96.65277,4.55005],[96.65379,4.54849],[96.6541,4.54752],[96.65366,4.54641],[96.65282,4.54505],[96.65266,4.54399],[96.65269,4.54273],[96.65403,4.54048],[96.65443,4.53677],[96.65547,4.53389],[96.65575,4.53115],[96.65566,4.52974],[96.65273,4.52885],[96.64897,4.52958],[96.64481,4.52988],[96.64076,4.53097],[96.63702,4.53269],[96.6357,4.53229],[96.63298,4.53228],[96.63164,4.53395],[96.62964,4.53466],[96.62792,4.53461],[96.62607,4.53322],[96.62407,4.53311],[96.62274,4.53215],[96.61857,4.53064],[96.61762,4.52911],[96.61708,4.52773],[96.61582,4.52576],[96.61544,4.52398],[96.61477,4.52407],[96.61185,4.52359],[96.61025,4.52198],[96.60931,4.51833],[96.60789,4.51707],[96.60557,4.51383],[96.60863,4.5096],[96.60845,4.50798],[96.60661,4.50648],[96.60822,4.50529],[96.60793,4.50398],[96.60662,4.50272],[96.60799,4.50089],[96.60878,4.50025],[96.61063,4.49908],[96.6117,4.49938],[96.61247,4.5001],[96.61199,4.5019],[96.61419,4.50346],[96.61459,4.50669],[96.61828,4.50975],[96.61845,4.51112],[96.61976,4.51149],[96.62202,4.51419],[96.6231,4.51372],[96.62357,4.51228],[96.625,4.51216],[96.62644,4.50834],[96.6271,4.50786],[96.62847,4.50865],[96.62996,4.50889],[96.63389,4.50872],[96.639,4.51016],[96.65181,4.50534],[96.65945,4.50231],[96.6627,4.49962],[96.66495,4.48992],[96.66569,4.49015],[96.66605,4.49009],[96.66679,4.48951],[96.66802,4.48887],[96.66941,4.48724],[96.67085,4.48656],[96.67173,4.48631],[96.67335,4.48529],[96.67392,4.48509],[96.67531,4.48497],[96.67659,4.48433],[96.67775,4.48419],[96.67843,4.48374],[96.67909,4.48348],[96.6815,4.48323],[96.68258,4.4829],[96.68512,4.47874],[96.68716,4.47647],[96.68824,4.47448],[96.68884,4.47205],[96.68873,4.46978],[96.68253,4.46893],[96.67938,4.46664],[96.6752,4.46537],[96.67272,4.46543],[96.67049,4.46447],[96.66964,4.46349],[96.66877,4.46193],[96.66836,4.46027],[96.66783,4.45963],[96.66686,4.45783],[96.66614,4.4569],[96.66538,4.4564],[96.6647,4.45619],[96.66271,4.45607],[96.66248,4.45585],[96.66239,4.45489],[96.66212,4.45423],[96.66168,4.45402],[96.65997,4.45406],[96.65948,4.45387],[96.65839,4.45256],[96.65724,4.45147],[96.6564,4.45012],[96.65515,4.44968],[96.65473,4.44939],[96.65442,4.44877],[96.65402,4.44679],[96.65261,4.44394],[96.65216,4.4427],[96.65117,4.44169],[96.65082,4.44105],[96.65023,4.4381],[96.65001,4.4375],[96.64871,4.43597],[96.64834,4.43501],[96.64806,4.43464],[96.64562,4.43366],[96.64494,4.43312],[96.64305,4.43018],[96.64251,4.42743],[96.64128,4.42642],[96.64082,4.42584],[96.64041,4.4232],[96.63997,4.42246],[96.63896,4.42133],[96.63957,4.4188],[96.63818,4.41648],[96.62795,4.40999],[96.62784,4.4063],[96.63143,4.40452],[96.63418,4.40345],[96.65209,4.40003],[96.66362,4.39821],[96.6676,4.39768],[96.67073,4.3981],[96.67274,4.39793],[96.67384,4.39754],[96.67528,4.39658],[96.67827,4.39505],[96.68058,4.39485],[96.68393,4.39417],[96.68244,4.3933],[96.68146,4.392],[96.68068,4.39046],[96.67972,4.38895],[96.67903,4.38824],[96.67825,4.38793],[96.67637,4.38771],[96.67524,4.3871],[96.67418,4.38689],[96.67345,4.38537],[96.67294,4.38374],[96.6718,4.38187],[96.67207,4.37933],[96.67278,4.37816],[96.67305,4.37646],[96.67324,4.37603],[96.67409,4.37529],[96.67443,4.37463],[96.67451,4.37291],[96.6751,4.37116],[96.67523,4.36927],[96.67608,4.36749],[96.67623,4.3668],[96.67742,4.36604],[96.67942,4.36595],[96.68149,4.36624],[96.68289,4.36549],[96.68515,4.36483],[96.68613,4.36416],[96.68715,4.36309],[96.68839,4.36263],[96.69011,4.36263],[96.6922,4.3634],[96.6943,4.36437],[96.69737,4.36545],[96.69964,4.36285],[96.70279,4.36171],[96.70412,4.36172],[96.70545,4.36119],[96.71894,4.354],[96.71686,4.35019],[96.71533,4.3448],[96.71409,4.33875],[96.71386,4.33607],[96.71477,4.33105],[96.71603,4.32896],[96.71765,4.32728],[96.71891,4.32621],[96.72369,4.32389],[96.72853,4.32115],[96.73914,4.31463],[96.742,4.31338],[96.74449,4.3114],[96.74773,4.30851],[96.75,4.30362],[96.75135,4.30196],[96.75695,4.29665],[96.75849,4.29534],[96.76117,4.29393],[96.76308,4.2933],[96.77135,4.28987],[96.77831,4.28763],[96.78144,4.28701],[96.78421,4.28611],[96.78744,4.28484],[96.79085,4.28267],[96.79366,4.2804],[96.79494,4.27886],[96.79647,4.27584],[96.79752,4.2732],[96.79889,4.26806],[96.79926,4.26606],[96.79931,4.26479],[96.79877,4.26316],[96.79634,4.25819],[96.792,4.25175],[96.79121,4.25],[96.79044,4.24759],[96.78978,4.2444],[96.78979,4.24022],[96.78991,4.23906],[96.79105,4.23532],[96.79328,4.22957],[96.79551,4.22174],[96.79568,4.2207],[96.79569,4.2186],[96.79549,4.2164],[96.79572,4.21515],[96.79573,4.21333],[96.79546,4.20914],[96.79471,4.20713],[96.79356,4.20311],[96.79154,4.19989],[96.78372,4.19029],[96.78173,4.188],[96.77427,4.18034],[96.77241,4.17885],[96.76988,4.17736],[96.76723,4.1756],[96.76579,4.17435],[96.76054,4.16909],[96.75801,4.167],[96.7564,4.16537],[96.75401,4.16343],[96.75162,4.16169],[96.75,4.16129],[96.74958,4.16105],[96.74899,4.1604],[96.74753,4.1576],[96.74604,4.15272],[96.74499,4.15049],[96.74071,4.14471],[96.73589,4.13907],[96.73277,4.1364],[96.73211,4.13556],[96.72677,4.12075],[96.72237,4.10993],[96.7219,4.10905],[96.71862,4.10447],[96.7165,4.10075],[96.71624,4.09988],[96.71608,4.09834],[96.71608,4.09748],[96.71649,4.09646],[96.71709,4.09626],[96.71771,4.09549],[96.71869,4.09473],[96.71914,4.09467],[96.72136,4.09612],[96.72214,4.09618],[96.72254,4.09597],[96.72313,4.09539],[96.72387,4.09414],[96.72211,4.09055],[96.72113,4.0871],[96.7212,4.08593],[96.72153,4.0848],[96.72144,4.0838],[96.72021,4.0826],[96.71909,4.07987],[96.71892,4.07878],[96.71947,4.07753],[96.72039,4.07631],[96.722,4.0723],[96.72632,4.06484],[96.72672,4.06363],[96.72641,4.06282],[96.72648,4.06149],[96.72745,4.05911],[96.72767,4.05749],[96.7275,4.05508],[96.72669,4.05302],[96.72677,4.05188],[96.72714,4.05056],[96.72682,4.04994],[96.72563,4.04878],[96.72528,4.0481],[96.72511,4.04735],[96.7252,4.04507],[96.72549,4.04364],[96.72614,4.04237],[96.72747,4.04084],[96.72773,4.04022],[96.72767,4.03909],[96.72724,4.03768],[96.72376,4.03218],[96.72318,4.03169],[96.72262,4.03093],[96.72229,4.03014],[96.7221,4.02904],[96.72095,4.02669],[96.72003,4.02584],[96.7179,4.02547],[96.71749,4.02501],[96.71692,4.02401],[96.71584,4.02314],[96.71541,4.023],[96.71465,4.02335],[96.71429,4.02332],[96.71288,4.02172],[96.71289,4.02155],[96.71419,4.02015],[96.71552,4.01894],[96.71588,4.01831],[96.71596,4.0169],[96.717,4.01687],[96.71721,4.01673],[96.7172,4.01617],[96.71658,4.01558],[96.71646,4.015],[96.71663,4.01465],[96.7172,4.01414],[96.71739,4.01317],[96.71781,4.01263],[96.71789,4.01233],[96.71782,4.01195],[96.71717,4.01149],[96.71693,4.01114],[96.71702,4.01076],[96.71748,4.0101],[96.7175,4.00965],[96.71723,4.0094],[96.71692,4.00931],[96.71623,4.00969],[96.71556,4.0096],[96.71399,4.00859],[96.71308,4.00854],[96.71261,4.00836],[96.71226,4.00802],[96.71152,4.00622],[96.71082,4.00574],[96.70989,4.00538],[96.70896,4.00424],[96.70864,4.00427],[96.7084,4.00465],[96.70726,4.00568],[96.70686,4.00572],[96.70644,4.00538],[96.70627,4.00501],[96.70603,4.00269],[96.70616,4.00243],[96.70727,4.00183],[96.70743,4.00137],[96.70735,4.00098],[96.70714,4.00078],[96.70635,4.00115],[96.70612,4.00106],[96.70595,4.00076],[96.70585,4.0],[96.70629,3.99932],[96.70618,3.99855],[96.70627,3.99646],[96.70676,3.99503],[96.70665,3.99485],[96.70633,3.99475],[96.70465,3.99509],[96.70429,3.99497],[96.70087,3.99244],[96.69968,3.99124],[96.69938,3.99123],[96.69909,3.99165],[96.69849,3.99199],[96.69804,3.99206],[96.69767,3.99192],[96.69765,3.99153],[96.69779,3.99127],[96.69894,3.99042],[96.69959,3.98957],[96.69943,3.98848],[96.6991,3.9878],[96.69819,3.98783],[96.69743,3.98714],[96.69709,3.98707],[96.69657,3.98744],[96.69506,3.98793],[96.69245,3.98907],[96.69074,3.9901],[96.69021,3.99025],[96.68804,3.99014],[96.68511,3.98934],[96.68448,3.98907],[96.68442,3.98879],[96.68491,3.98795],[96.68582,3.987],[96.68662,3.9855],[96.68668,3.98448],[96.68611,3.98344],[96.68428,3.98346],[96.68352,3.9841],[96.68287,3.98442],[96.68149,3.98432],[96.68124,3.98449],[96.68016,3.98651],[96.67959,3.98667],[96.679,3.98664],[96.67849,3.98633],[96.67797,3.98571],[96.67668,3.98466],[96.67655,3.9841],[96.67653,3.98272],[96.67609,3.98169],[96.67574,3.98159],[96.67555,3.98203],[96.67525,3.98214],[96.67446,3.98173],[96.67388,3.98116],[96.67326,3.97977],[96.67295,3.97946],[96.67263,3.97943],[96.67232,3.97961],[96.6719,3.98062],[96.67162,3.98093],[96.6709,3.98113],[96.67,3.98116],[96.66945,3.98091],[96.66909,3.98065],[96.66854,3.97981],[96.66768,3.98013],[96.66605,3.98046],[96.66577,3.98039],[96.6655,3.97868],[96.66492,3.97745],[96.66391,3.97727],[96.66265,3.97671],[96.66091,3.97486],[96.66101,3.97436],[96.66083,3.97392],[96.6605,3.97368],[96.6598,3.97356],[96.65944,3.97336],[96.65851,3.97226],[96.65769,3.97201],[96.65739,3.97227],[96.65717,3.9723],[96.65644,3.97212],[96.65597,3.97184],[96.65541,3.97115],[96.65538,3.97011],[96.65528,3.96989],[96.65451,3.97],[96.65407,3.97042],[96.65296,3.97051],[96.65236,3.9703],[96.65128,3.96933],[96.65063,3.96915],[96.64996,3.96915],[96.64867,3.96932],[96.64773,3.97018],[96.64716,3.97029],[96.64657,3.97009],[96.64579,3.96895],[96.64542,3.96888],[96.64412,3.96952],[96.64314,3.96938],[96.64279,3.96973],[96.6423,3.9699],[96.64198,3.96988],[96.64168,3.96961],[96.64147,3.9696],[96.64155,3.97008],[96.64112,3.97053],[96.64083,3.97065],[96.64005,3.96979],[96.64001,3.96941],[96.64023,3.9687],[96.64002,3.9684],[96.63965,3.96831],[96.63925,3.96781],[96.63795,3.96763],[96.6377,3.96726],[96.63773,3.96673],[96.63747,3.96652],[96.63695,3.96661],[96.63664,3.96645],[96.63642,3.96672],[96.63626,3.96675],[96.63612,3.96656],[96.63606,3.96588],[96.63544,3.96613],[96.63527,3.96548],[96.63499,3.96537],[96.63473,3.96505],[96.63406,3.96491],[96.63397,3.96442],[96.63331,3.96377],[96.6319,3.96344],[96.63094,3.96219],[96.63096,3.96178],[96.63154,3.96148],[96.6318,3.96109],[96.63243,3.96078],[96.63259,3.96002],[96.63241,3.95957],[96.63245,3.95923],[96.63291,3.9589],[96.63348,3.95823],[96.63409,3.95787],[96.6343,3.9575],[96.63336,3.95659],[96.63214,3.95627],[96.63163,3.95587],[96.62908,3.95226],[96.62712,3.95011],[96.62691,3.9493],[96.62754,3.94822],[96.62768,3.94732],[96.62827,3.94682],[96.62811,3.9466],[96.62755,3.94643],[96.62737,3.94615],[96.62749,3.94581],[96.62826,3.94522],[96.62793,3.94453],[96.62806,3.94393],[96.62793,3.94367],[96.62698,3.94284],[96.62622,3.94286],[96.62559,3.94258],[96.62517,3.94269],[96.62504,3.94285],[96.62495,3.94343],[96.62463,3.94382],[96.62475,3.94518],[96.6245,3.94538],[96.62418,3.94529],[96.62374,3.94461],[96.62309,3.94443],[96.6228,3.94415],[96.62272,3.94391],[96.62299,3.94329],[96.62317,3.94205],[96.6235,3.94162],[96.6239,3.94145],[96.62474,3.94176],[96.62485,3.94149],[96.62478,3.94119],[96.62433,3.9408],[96.62362,3.94079],[96.62295,3.94045],[96.62278,3.94066],[96.62273,3.94123],[96.62247,3.94141],[96.62216,3.94144],[96.62192,3.9412],[96.62144,3.93989],[96.62223,3.93865],[96.62224,3.93836],[96.62017,3.93833],[96.61995,3.9382],[96.61998,3.93791],[96.62155,3.93721],[96.62173,3.9363],[96.62132,3.93644],[96.61986,3.93744],[96.61944,3.93738],[96.61933,3.93707],[96.61985,3.93617],[96.61953,3.93501],[96.62031,3.93468],[96.62119,3.93352],[96.62147,3.9329],[96.62134,3.93219],[96.6211,3.93177],[96.62071,3.93153],[96.61952,3.93169],[96.61922,3.93161],[96.61902,3.93136],[96.61889,3.93072],[96.61839,3.93075],[96.61767,3.93042],[96.61762,3.93004],[96.61783,3.92964],[96.6192,3.92911],[96.61879,3.92852],[96.61839,3.92846],[96.61789,3.92901],[96.61739,3.9292],[96.61687,3.92919],[96.61666,3.92889],[96.61675,3.92839],[96.61764,3.92777],[96.61779,3.92721],[96.61763,3.9268],[96.61674,3.92638],[96.61657,3.92586],[96.61667,3.92549],[96.61759,3.9249],[96.6186,3.92403],[96.61911,3.92296],[96.61926,3.92287],[96.61962,3.92299],[96.62,3.92352],[96.62039,3.92339],[96.62042,3.92318],[96.62011,3.92266],[96.62029,3.92193],[96.62068,3.92168],[96.62149,3.92154],[96.62172,3.92129],[96.62162,3.92112],[96.6211,3.92101],[96.62,3.92132],[96.61986,3.92121],[96.62032,3.91993],[96.62006,3.91881],[96.61968,3.91822],[96.61926,3.91819],[96.61904,3.9184],[96.619,3.91932],[96.61864,3.91936],[96.61835,3.91892],[96.61822,3.91819],[96.6187,3.91759],[96.61909,3.9166],[96.61925,3.9165],[96.61962,3.91662],[96.62006,3.91766],[96.6204,3.91787],[96.62187,3.91773],[96.6225,3.91741],[96.62264,3.91666],[96.62256,3.91612],[96.62167,3.91578],[96.62136,3.9154],[96.62155,3.91422],[96.62128,3.91273],[96.62099,3.91248],[96.62003,3.91253],[96.61916,3.91223],[96.61885,3.91188],[96.61863,3.91103],[96.61841,3.91082],[96.61815,3.91082],[96.61789,3.91135],[96.61796,3.91202],[96.61894,3.91304],[96.61903,3.91328],[96.61896,3.91365],[96.61856,3.91396],[96.61751,3.9144],[96.61676,3.91494],[96.61634,3.91479],[96.61619,3.91443],[96.61627,3.91392],[96.61754,3.91257],[96.61755,3.91208],[96.61724,3.91168],[96.61714,3.91109],[96.61712,3.90982],[96.61731,3.90856],[96.61722,3.90825],[96.61699,3.90803],[96.61553,3.9072],[96.61488,3.9072],[96.61429,3.90758],[96.61415,3.90792],[96.61409,3.90902],[96.61378,3.909],[96.61311,3.908],[96.61293,3.90793],[96.61255,3.90805],[96.61237,3.90832],[96.61233,3.90876],[96.61282,3.90966],[96.61268,3.91004],[96.61244,3.91015],[96.61199,3.91002],[96.6113,3.90934],[96.61111,3.90874],[96.6113,3.90751],[96.61092,3.90725],[96.61061,3.90734],[96.61015,3.90937],[96.61021,3.91076],[96.60995,3.91102],[96.60971,3.91099],[96.60934,3.91069],[96.60927,3.90978],[96.60896,3.9093],[96.60836,3.90937],[96.60767,3.91046],[96.60712,3.91061],[96.60649,3.91026],[96.60583,3.909],[96.60517,3.90807],[96.60473,3.90787],[96.6043,3.90789],[96.60354,3.90821],[96.60319,3.90802],[96.60314,3.90781],[96.60335,3.90736],[96.60478,3.90682],[96.60561,3.90623],[96.6057,3.9056],[96.60539,3.90485],[96.60534,3.90427],[96.60556,3.90371],[96.60612,3.90305],[96.60618,3.90251],[96.60582,3.90199],[96.60515,3.90178],[96.60491,3.90158],[96.60463,3.8997],[96.60358,3.89843],[96.60344,3.89774],[96.60381,3.89674],[96.60374,3.89601],[96.60226,3.89536],[96.60184,3.89541],[96.60135,3.89565],[96.60092,3.89557],[96.60065,3.89541],[96.59982,3.89434],[96.59845,3.89374],[96.59832,3.89333],[96.59843,3.89312],[96.59895,3.89312],[96.59964,3.89357],[96.60005,3.89355],[96.60067,3.89314],[96.60127,3.89296],[96.60182,3.89244],[96.6015,3.89202],[96.60082,3.89185],[96.59857,3.89243],[96.59822,3.89218],[96.59813,3.89188],[96.59833,3.89115],[96.59854,3.89089],[96.59907,3.89056],[96.59939,3.89052],[96.59999,3.89067],[96.60083,3.89119],[96.60129,3.89116],[96.60152,3.89091],[96.60037,3.88943],[96.59936,3.88893],[96.59818,3.88767],[96.59737,3.88721],[96.5966,3.88715],[96.59618,3.88686],[96.59608,3.8864],[96.59624,3.88584],[96.59745,3.8848],[96.59767,3.88434],[96.59746,3.88391],[96.59593,3.88365],[96.59577,3.88329],[96.59587,3.88309],[96.5961,3.88304],[96.59719,3.8832],[96.59757,3.88306],[96.59768,3.88276],[96.59745,3.88131],[96.59793,3.8807],[96.59858,3.88065],[96.5996,3.88127],[96.60089,3.88128],[96.60104,3.88083],[96.60098,3.87984],[96.60072,3.87933],[96.60017,3.8786],[96.59994,3.87848],[96.59904,3.87867],[96.59809,3.87919],[96.59749,3.87905],[96.59742,3.87863],[96.59795,3.87783],[96.59803,3.87743],[96.59786,3.87696],[96.59756,3.87672],[96.59679,3.87672],[96.59628,3.87697],[96.5953,3.87713],[96.59477,3.87693],[96.59462,3.87665],[96.59461,3.87635],[96.59477,3.87606],[96.59504,3.87591],[96.59639,3.87606],[96.597,3.87581],[96.59776,3.87391],[96.59782,3.87336],[96.59762,3.87303],[96.59695,3.87302],[96.59658,3.87343],[96.59623,3.87457],[96.59586,3.87471],[96.59545,3.87464],[96.59504,3.87411],[96.59469,3.87205],[96.59484,3.87156],[96.59538,3.87068],[96.59542,3.86994],[96.59518,3.86982],[96.59481,3.86993],[96.59376,3.8711],[96.59337,3.87111],[96.59322,3.871],[96.59311,3.87047],[96.59378,3.87004],[96.59416,3.86948],[96.59441,3.86886],[96.5946,3.86766],[96.59522,3.86726],[96.59652,3.86715],[96.59674,3.86691],[96.59666,3.86612],[96.59628,3.86515],[96.59574,3.86466],[96.59534,3.86462],[96.59396,3.86504],[96.59351,3.86483],[96.59338,3.86447],[96.5936,3.86409],[96.59476,3.86375],[96.59499,3.86351],[96.59516,3.86315],[96.59508,3.8627],[96.59408,3.86188],[96.59366,3.86057],[96.59326,3.85999],[96.59262,3.86004],[96.59201,3.8605],[96.59152,3.8605],[96.59112,3.86018],[96.59055,3.85917],[96.59058,3.85871],[96.59175,3.85758],[96.59181,3.85702],[96.59155,3.85669],[96.59061,3.85652],[96.58983,3.85602],[96.58949,3.85562],[96.5895,3.85511],[96.58961,3.85485],[96.59004,3.85459],[96.59134,3.85499],[96.59197,3.85481],[96.59191,3.85212],[96.59181,3.85167],[96.59133,3.85132],[96.59032,3.85102],[96.5891,3.85099],[96.58863,3.85052],[96.58858,3.84981],[96.58889,3.84885],[96.58891,3.84835],[96.58837,3.84693],[96.58836,3.84645],[96.58872,3.84573],[96.58973,3.84541],[96.58986,3.84525],[96.58984,3.84501],[96.58962,3.84474],[96.58888,3.84429],[96.58777,3.84386],[96.5872,3.844],[96.58642,3.84476],[96.58573,3.84478],[96.58552,3.84428],[96.58575,3.8434],[96.58573,3.84293],[96.58553,3.84256],[96.58478,3.84182],[96.58492,3.84139],[96.58631,3.84042],[96.58712,3.83891],[96.58748,3.83877],[96.58771,3.83884],[96.58851,3.83938],[96.58885,3.83945],[96.58925,3.83915],[96.58929,3.83868],[96.58859,3.83767],[96.58686,3.83701],[96.58608,3.83713],[96.58578,3.83741],[96.58529,3.83829],[96.58483,3.8387],[96.58455,3.83862],[96.58444,3.83792],[96.58456,3.83712],[96.58584,3.83568],[96.58569,3.83523],[96.58475,3.83433],[96.5847,3.83377],[96.58513,3.83322],[96.58627,3.83271],[96.58659,3.83174],[96.58676,3.83158],[96.58721,3.83173],[96.58796,3.83234],[96.5882,3.83285],[96.58837,3.83414],[96.58856,3.83442],[96.58909,3.83465],[96.59073,3.8346],[96.59135,3.83413],[96.59199,3.83278],[96.59198,3.832],[96.59142,3.83095],[96.59141,3.83033],[96.59188,3.8301],[96.59296,3.83029],[96.59371,3.83009],[96.59411,3.82966],[96.59447,3.82884],[96.59476,3.82867],[96.59587,3.8286],[96.59661,3.82817],[96.59781,3.82842],[96.59836,3.82827],[96.59854,3.82809],[96.59851,3.82776],[96.59748,3.82703],[96.59737,3.82663],[96.59739,3.82643],[96.59786,3.82579],[96.59838,3.82547],[96.599,3.82549],[96.60009,3.82605],[96.60077,3.82593],[96.6008,3.82567],[96.60054,3.82526],[96.59959,3.82485],[96.59924,3.82451],[96.59911,3.82392],[96.59932,3.82348],[96.60027,3.82298],[96.60083,3.82285],[96.60116,3.82312],[96.60143,3.82471],[96.60179,3.82526],[96.60208,3.82529],[96.6028,3.82496],[96.60376,3.8251],[96.60432,3.82499],[96.60435,3.82461],[96.60309,3.82218],[96.60317,3.82174],[96.60441,3.82073],[96.60484,3.81998],[96.60484,3.81963],[96.60416,3.81915],[96.60383,3.81861],[96.60375,3.81835],[96.6039,3.81798],[96.6045,3.81784],[96.60561,3.81825],[96.60615,3.81817],[96.60651,3.8179],[96.60717,3.81696],[96.60762,3.81671],[96.60865,3.81697],[96.61,3.818],[96.61043,3.818],[96.61068,3.81783],[96.61065,3.81754],[96.60972,3.81667],[96.60917,3.81572],[96.60808,3.815],[96.60792,3.81425],[96.60825,3.81346],[96.6083,3.81282],[96.6089,3.81165],[96.60874,3.81074],[96.6089,3.81038],[96.61036,3.8095],[96.61076,3.80969],[96.61142,3.81056],[96.61191,3.81081],[96.61267,3.81061],[96.61299,3.81005],[96.61392,3.80477],[96.61374,3.8042],[96.6129,3.80318],[96.6126,3.80239],[96.61254,3.80179],[96.61272,3.80127],[96.61294,3.80105],[96.61418,3.80081],[96.61439,3.80055],[96.6144,3.80019],[96.61391,3.79978],[96.61292,3.79982],[96.61231,3.79965],[96.61188,3.79903],[96.61177,3.79819],[96.61219,3.79762],[96.61267,3.79764],[96.61383,3.79855],[96.61444,3.79942],[96.61513,3.79947],[96.61552,3.79929],[96.61564,3.79898],[96.61561,3.79781],[96.61614,3.79648],[96.61614,3.79619],[96.61596,3.79607],[96.6156,3.79611],[96.61489,3.79661],[96.61441,3.79672],[96.61379,3.79638],[96.61363,3.79604],[96.61364,3.79557],[96.61411,3.79532],[96.61531,3.79521],[96.61617,3.79475],[96.61669,3.79429],[96.61765,3.794],[96.61814,3.79369],[96.6185,3.79302],[96.61839,3.79184],[96.61853,3.79125],[96.61907,3.79082],[96.61961,3.79062],[96.61989,3.79033],[96.61989,3.78996],[96.61956,3.78936],[96.61915,3.78784],[96.61881,3.78716],[96.6188,3.7862],[96.61864,3.78566],[96.61808,3.78538],[96.61729,3.7854],[96.61658,3.78497],[96.61499,3.78217],[96.6144,3.7808],[96.61395,3.7803],[96.61286,3.77976],[96.61245,3.77929],[96.61222,3.77876],[96.61132,3.77913],[96.61095,3.78016],[96.61106,3.78073],[96.61186,3.7816],[96.61184,3.78194],[96.61166,3.78213],[96.61123,3.78226],[96.61087,3.78222],[96.61056,3.78199],[96.61025,3.78126],[96.60977,3.77892],[96.60949,3.77852],[96.60863,3.77788],[96.60839,3.77732],[96.60855,3.7768],[96.61012,3.77546],[96.61026,3.77485],[96.61006,3.77471],[96.60815,3.77486],[96.60728,3.77459],[96.60671,3.77391],[96.60635,3.77288],[96.60653,3.77194],[96.60673,3.77171],[96.60712,3.77162],[96.60743,3.77199],[96.60773,3.77329],[96.60795,3.77372],[96.60825,3.77376],[96.60856,3.77328],[96.60854,3.77257],[96.6083,3.77187],[96.60763,3.77102],[96.60671,3.77027],[96.60641,3.76982],[96.60637,3.76948],[96.60664,3.76911],[96.60732,3.769],[96.60794,3.76923],[96.60838,3.76967],[96.60897,3.77091],[96.60947,3.77122],[96.60984,3.77119],[96.61141,3.76989],[96.61163,3.76942],[96.61165,3.76899],[96.61153,3.76876],[96.61127,3.76867],[96.61045,3.7689],[96.60977,3.76877],[96.60949,3.76829],[96.60966,3.76779],[96.61008,3.7676],[96.61102,3.76759],[96.61154,3.7674],[96.61233,3.7669],[96.61327,3.766],[96.6142,3.76558],[96.61509,3.76547],[96.61674,3.76595],[96.61748,3.76587],[96.61751,3.76559],[96.61686,3.76472],[96.61552,3.76387],[96.61523,3.76349],[96.61517,3.7631],[96.61558,3.7627],[96.61629,3.76253],[96.61754,3.76256],[96.61901,3.76287],[96.61935,3.76258],[96.61942,3.76226],[96.61914,3.76183],[96.6176,3.76137],[96.6169,3.76094],[96.61654,3.76027],[96.61651,3.75991],[96.61668,3.75957],[96.61709,3.75931],[96.61783,3.75936],[96.61877,3.75981],[96.61942,3.7596],[96.61985,3.75917],[96.61995,3.75826],[96.61956,3.75403],[96.61971,3.75198],[96.61942,3.75129],[96.61918,3.75118],[96.61882,3.75122],[96.61786,3.753],[96.61718,3.75353],[96.61664,3.75356],[96.61572,3.75308],[96.61496,3.75205],[96.61477,3.75146],[96.61481,3.75048],[96.61505,3.75019],[96.61615,3.75067],[96.61643,3.75064],[96.61674,3.75037],[96.61725,3.74923],[96.61783,3.74877],[96.61811,3.7487],[96.61849,3.74888],[96.61893,3.74966],[96.61935,3.74998],[96.61974,3.75004],[96.62011,3.7499],[96.62096,3.74806],[96.62171,3.74686],[96.62404,3.74412],[96.62447,3.74343],[96.62459,3.74294],[96.62444,3.74192],[96.62348,3.7401],[96.62257,3.73947],[96.62063,3.73856],[96.62,3.73705],[96.61712,3.73642],[96.61394,3.73601],[96.61345,3.73588],[96.61296,3.73539],[96.60932,3.73553],[96.59725,3.73455],[96.59088,3.73431],[96.58656,3.73427],[96.58144,3.73446],[96.5762,3.73424],[96.57029,3.73355],[96.56743,3.73296],[96.56517,3.73274],[96.56256,3.7323],[96.56138,3.7319],[96.5574,3.73131],[96.55527,3.73118],[96.55441,3.73095],[96.55192,3.73092],[96.54861,3.73066],[96.54334,3.73063],[96.54248,3.73077],[96.54139,3.73071],[96.53953,3.73095],[96.53748,3.73099],[96.53428,3.73145],[96.53065,3.73238],[96.52904,3.73262],[96.52419,3.73428],[96.51697,3.73746],[96.51136,3.74059],[96.50258,3.74621],[96.49653,3.75056],[96.49365,3.7529],[96.48826,3.75684],[96.48655,3.75839],[96.48466,3.75985],[96.4839,3.7603],[96.48339,3.76101],[96.48179,3.76238],[96.48033,3.76335],[96.48006,3.76382],[96.47999,3.76427],[96.47935,3.76488],[96.47819,3.76519],[96.47716,3.7659],[96.47206,3.77009],[96.47066,3.77105],[96.46701,3.77424],[96.45992,3.78012],[96.45848,3.78108],[96.45784,3.78195],[96.44797,3.79059],[96.4424,3.79594],[96.43859,3.79941],[96.43713,3.8011],[96.43437,3.80378],[96.43397,3.80444],[96.43349,3.80564],[96.4332,3.80584],[96.43202,3.80589],[96.43145,3.80618],[96.42813,3.80937],[96.42561,3.81158],[96.42516,3.81211],[96.42467,3.81245],[96.42174,3.81541],[96.41695,3.81984],[96.41476,3.82224],[96.41396,3.82283],[96.40673,3.83048],[96.40164,3.83547],[96.39598,3.84045],[96.39258,3.84301],[96.3909,3.84456],[96.38905,3.84587],[96.38652,3.84687],[96.38606,3.8472],[96.38593,3.84769],[96.3862,3.84831],[96.38644,3.84831],[96.38621,3.8479],[96.38627,3.84738],[96.38694,3.84748],[96.38747,3.84818],[96.38598,3.84965],[96.38572,3.84923],[96.38546,3.84911],[96.38374,3.8493],[96.38306,3.84968],[96.38276,3.85005],[96.38257,3.85059],[96.3823,3.85224],[96.38057,3.85562],[96.38029,3.85655],[96.37697,3.86213],[96.37607,3.86343],[96.37544,3.8653],[96.37474,3.86589],[96.37417,3.86659],[96.36818,3.87516],[96.36405,3.88058],[96.36273,3.88253],[96.36135,3.88482],[96.35996,3.88672],[96.35783,3.89011],[96.35558,3.89426],[96.35451,3.89555],[96.35345,3.89719],[96.35238,3.89907],[96.34852,3.90516],[96.34227,3.9139],[96.33202,3.92914],[96.31743,3.95003],[96.31706,3.95058],[96.31622,3.95245],[96.3111,3.9595],[96.30836,3.96397],[96.29824,3.97923],[96.29016,3.99018],[96.28826,3.99288],[96.28774,3.99396],[96.28688,3.99517],[96.2867,3.99538],[96.28565,3.99591],[96.28526,3.99636],[96.28416,3.99808],[96.27923,4.00456],[96.27362,4.01141],[96.27004,4.01542],[96.26442,4.02215],[96.25509,4.03234],[96.24992,4.03732],[96.24886,4.03796],[96.24731,4.04045],[96.24479,4.04313],[96.24092,4.04809],[96.2372,4.05349],[96.23464,4.0576],[96.23312,4.05968],[96.22737,4.06646],[96.22479,4.06912],[96.22193,4.07259],[96.22045,4.07426],[96.21892,4.07574],[96.21455,4.08085],[96.20904,4.08667],[96.20744,4.08852],[96.20593,4.08994],[96.20207,4.09419],[96.19669,4.09967],[96.19578,4.10033],[96.19462,4.10045],[96.19465,4.09971],[96.19438,4.09969],[96.19442,4.10122],[96.19509,4.10209],[96.19516,4.10274],[96.19413,4.10383],[96.19356,4.10415],[96.19314,4.10402],[96.19275,4.10363],[96.19185,4.10314],[96.19171,4.1029],[96.19218,4.09973],[96.1921,4.09913],[96.19201,4.09916],[96.19148,4.10279],[96.1915,4.10302],[96.19217,4.10373],[96.19153,4.10493],[96.18968,4.10693],[96.19321,4.11],[96.20017,4.11548],[96.20173,4.11388],[96.20289,4.11247],[96.20405,4.11031],[96.20619,4.11093],[96.21372,4.11362],[96.21486,4.11068],[96.22135,4.11382],[96.2215,4.11339],[96.22213,4.11369],[96.22198,4.11413],[96.22379,4.115],[96.2234,4.11609],[96.22693,4.11809],[96.23354,4.1203],[96.23549,4.12138],[96.2363,4.1221],[96.23812,4.12549],[96.24179,4.12808],[96.24334,4.12949],[96.24287,4.12964],[96.24197,4.13068],[96.23872,4.13232],[96.23635,4.13264],[96.23561,4.13291],[96.23425,4.13291],[96.23543,4.1352],[96.23693,4.14028],[96.23837,4.14393],[96.2428,4.14113],[96.24678,4.14158],[96.24724,4.14325],[96.24873,4.14319],[96.24923,4.14228],[96.24959,4.14221],[96.24969,4.14179],[96.24932,4.14105],[96.24979,4.1397],[96.25207,4.14002],[96.25192,4.13817],[96.25304,4.13828],[96.25414,4.13874],[96.25418,4.13849],[96.25386,4.13794],[96.25395,4.13762],[96.25607,4.13744],[96.25604,4.13648],[96.25708,4.13648],[96.25765,4.13697],[96.25787,4.13775],[96.25776,4.13859],[96.25789,4.13891],[96.25817,4.13911],[96.2586,4.14029],[96.25797,4.14074],[96.25678,4.1413],[96.25646,4.14178],[96.25643,4.14209],[96.25822,4.14298],[96.25829,4.14577],[96.25795,4.14601],[96.25778,4.14641],[96.25823,4.14708],[96.26091,4.1463],[96.26165,4.1466],[96.2648,4.14563],[96.26479,4.14451],[96.26488,4.14434],[96.2656,4.14417],[96.26608,4.14431],[96.26795,4.14392],[96.26885,4.14549],[96.26896,4.14616],[96.26876,4.14764],[96.26883,4.14806],[96.26907,4.14836],[96.27217,4.14994],[96.27318,4.15129],[96.27526,4.15253],[96.27566,4.15315],[96.27565,4.15379],[96.27505,4.15464],[96.27454,4.15495],[96.27318,4.15541],[96.27292,4.15609],[96.27239,4.15841],[96.27256,4.15998],[96.27177,4.16135],[96.27171,4.16309],[96.27175,4.16337],[96.27205,4.16375],[96.27346,4.16472],[96.27361,4.16506],[96.27357,4.16671],[96.27352,4.16701],[96.2726,4.16837],[96.27128,4.16886],[96.27461,4.17367],[96.27496,4.17491],[96.27444,4.17624],[96.27477,4.17781],[96.27572,4.179],[96.27806,4.18044],[96.27777,4.18046],[96.27911,4.18402],[96.27806,4.18654],[96.27734,4.18778],[96.27668,4.18831],[96.27505,4.18878],[96.2746,4.1887],[96.27363,4.18817],[96.27315,4.18811],[96.27296,4.1883],[96.27328,4.18991],[96.27277,4.19038],[96.27267,4.19077],[96.27274,4.19141],[96.27264,4.19147],[96.27232,4.19111],[96.27205,4.19117],[96.27184,4.19319],[96.27073,4.19598],[96.26998,4.19628],[96.26943,4.19748],[96.2682,4.19822],[96.26801,4.19883],[96.26809,4.19971],[96.26798,4.20069],[96.26834,4.20185],[96.26826,4.20281],[96.26844,4.20323],[96.26974,4.20398],[96.27038,4.20487],[96.27109,4.20523],[96.27169,4.20583],[96.27231,4.20609],[96.27311,4.20672],[96.27348,4.20728],[96.27274,4.20744],[96.2716,4.20846],[96.27116,4.20914],[96.27096,4.21028],[96.27041,4.21131],[96.26977,4.21147],[96.26891,4.21198],[96.26919,4.21234],[96.2695,4.21371],[96.26922,4.21585],[96.26872,4.21659],[96.26783,4.21719],[96.26732,4.21895],[96.26689,4.21938],[96.26599,4.21986],[96.26561,4.22048],[96.26564,4.22103],[96.26621,4.22303],[96.26694,4.22444],[96.26697,4.22502],[96.26678,4.22545],[96.265,4.2273],[96.26472,4.22886],[96.26449,4.22946],[96.26429,4.22972],[96.26392,4.2298],[96.26288,4.22915],[96.26193,4.22917],[96.26115,4.22952],[96.26048,4.23039],[96.25957,4.23092],[96.25942,4.23142],[96.25956,4.23266],[96.25906,4.23407],[96.25774,4.23521],[96.25734,4.23607],[96.25738,4.23657],[96.25668,4.23705],[96.25545,4.23756],[96.255,4.23814],[96.255,4.23894],[96.25565,4.24047],[96.25557,4.24153],[96.25526,4.24185],[96.25432,4.24221],[96.25235,4.24367],[96.25201,4.24426],[96.252,4.24482],[96.25264,4.24514],[96.25364,4.24527],[96.25407,4.24587],[96.25772,4.24676],[96.25815,4.24721],[96.25849,4.24795],[96.25833,4.24838],[96.2574,4.24963],[96.25722,4.2507],[96.25736,4.25197],[96.25784,4.25344],[96.25854,4.25498],[96.25937,4.26239],[96.25958,4.26567],[96.25939,4.26619],[96.25934,4.26823],[96.25921,4.26879],[96.25886,4.26915],[96.25886,4.26973],[96.25913,4.27084],[96.25896,4.27115],[96.25896,4.27171],[96.25872,4.2719],[96.25856,4.27234],[96.25883,4.2739],[96.26005,4.27474],[96.26059,4.27546],[96.26071,4.27698],[96.26113,4.27719],[96.26317,4.27763],[96.26375,4.27788],[96.26521,4.27804],[96.26626,4.27895],[96.26733,4.28053],[96.26898,4.28143],[96.26944,4.28207],[96.26979,4.28349],[96.27013,4.28396],[96.27081,4.28453],[96.27222,4.28519],[96.27297,4.2857],[96.2733,4.28625],[96.27332,4.28689],[96.27361,4.28733],[96.27394,4.28833],[96.27424,4.2898],[96.27485,4.291],[96.27504,4.29237],[96.2744,4.29351],[96.27364,4.29449],[96.2726,4.29554],[96.27228,4.29621],[96.27225,4.29665],[96.27256,4.29709],[96.27333,4.29747],[96.27402,4.29843],[96.27482,4.29922],[96.27526,4.30027],[96.27507,4.30106],[96.27463,4.30192],[96.27494,4.30287],[96.27799,4.30658],[96.27869,4.30766],[96.28034,4.30883],[96.28142,4.30937],[96.2824,4.30944],[96.28316,4.30975],[96.28357,4.31023],[96.28367,4.31112],[96.28421,4.31191],[96.28661,4.31402],[96.28866,4.31518],[96.29086,4.31812],[96.29143,4.3182],[96.29201,4.31799],[96.29251,4.31762],[96.29349,4.31728],[96.29435,4.31722],[96.29512,4.31748],[96.29542,4.31779],[96.29642,4.31995],[96.29815,4.32199],[96.29935,4.32299],[96.30028,4.32311],[96.29954,4.32426],[96.30112,4.32658],[96.30115,4.32757],[96.30071,4.32787],[96.3003,4.32788],[96.29969,4.32753],[96.29925,4.32757],[96.29875,4.32792],[96.29929,4.32826],[96.29992,4.32961],[96.30013,4.32981],[96.30108,4.3302],[96.30329,4.33235],[96.30515,4.33383],[96.30892,4.33625],[96.31066,4.337],[96.31127,4.33761],[96.31144,4.33795],[96.31122,4.33863],[96.31123,4.33904],[96.31157,4.33948],[96.31201,4.34049],[96.31214,4.34328],[96.31067,4.34375],[96.30807,4.34505],[96.30742,4.34593],[96.30737,4.34622],[96.30761,4.34746],[96.30757,4.34787],[96.30724,4.34829],[96.30506,4.34889],[96.30478,4.34907],[96.3046,4.34928],[96.30489,4.34996],[96.30563,4.35008],[96.30621,4.35033],[96.30837,4.35148],[96.30862,4.35204],[96.31001,4.35377],[96.31076,4.35498],[96.31291,4.3575],[96.31394,4.35853],[96.31454,4.3587],[96.31772,4.35845],[96.31908,4.35815],[96.31973,4.35787],[96.31992,4.35755],[96.32018,4.35739],[96.32072,4.35735],[96.32108,4.35808],[96.32112,4.35898],[96.32073,4.35992],[96.31968,4.36374],[96.32016,4.36514],[96.31955,4.36548],[96.31975,4.36653],[96.32018,4.36766],[96.32074,4.3679],[96.32237,4.36821],[96.32324,4.36889],[96.32346,4.36859],[96.32412,4.3684],[96.32566,4.3686],[96.32706,4.36737],[96.32736,4.36724],[96.32767,4.36725],[96.32841,4.36767],[96.33001,4.36759],[96.33025,4.3677],[96.33071,4.36846],[96.33186,4.36918],[96.33233,4.3697],[96.33308,4.37006],[96.33391,4.37091],[96.33528,4.37112],[96.33846,4.37352],[96.33892,4.37407],[96.33883,4.37557],[96.33909,4.37645],[96.33998,4.37678],[96.34075,4.37677],[96.34107,4.37695],[96.34137,4.37754],[96.34149,4.37854],[96.34132,4.37899],[96.34131,4.37957],[96.34158,4.38003],[96.34211,4.38051],[96.34306,4.38103],[96.3433,4.38173],[96.34307,4.38297],[96.34292,4.38323],[96.34198,4.38382],[96.34137,4.3838],[96.3408,4.38364],[96.33941,4.38293],[96.33774,4.38253],[96.33672,4.38277],[96.33528,4.38374],[96.33479,4.38392],[96.332,4.38437],[96.33167,4.38432],[96.33228,4.38607],[96.33225,4.38723],[96.33244,4.38913],[96.33287,4.38972],[96.33226,4.39048],[96.3323,4.39078],[96.33277,4.39115],[96.33338,4.39122],[96.33544,4.39081],[96.33609,4.3905],[96.33843,4.38996],[96.33892,4.38971],[96.33988,4.38999],[96.34064,4.3906],[96.34175,4.39086],[96.34205,4.39077],[96.3424,4.39028],[96.34267,4.39012],[96.34342,4.39021],[96.34384,4.38996],[96.34522,4.38972],[96.34574,4.39003],[96.34636,4.39079],[96.34655,4.3916],[96.34727,4.39264],[96.3473,4.39285],[96.34697,4.39331],[96.34688,4.39365],[96.34694,4.39392],[96.34719,4.39402],[96.34762,4.3939],[96.34815,4.39321],[96.34867,4.39314],[96.34905,4.39275],[96.34929,4.39208],[96.34981,4.39146],[96.34982,4.39033],[96.35046,4.38983],[96.35075,4.38974],[96.35157,4.38983],[96.35249,4.38924],[96.35234,4.38882],[96.35253,4.38877],[96.35285,4.38882],[96.35326,4.38909],[96.35388,4.38987],[96.35419,4.38938],[96.3551,4.38958],[96.35581,4.3889],[96.35634,4.38873],[96.35718,4.38913],[96.35813,4.38927],[96.3592,4.38996],[96.35982,4.39018],[96.36051,4.39072],[96.361,4.39151],[96.36159,4.39201],[96.36262,4.39243],[96.36401,4.39271],[96.36485,4.39394],[96.36472,4.39476],[96.36479,4.39507],[96.36548,4.3963],[96.36594,4.39658],[96.36652,4.39665],[96.36706,4.39705],[96.36787,4.3972],[96.36848,4.3979],[96.36877,4.39789],[96.36948,4.39755],[96.36998,4.39774],[96.37002,4.39823],[96.36966,4.39964],[96.36981,4.40075],[96.36945,4.40143],[96.36942,4.40174],[96.36972,4.40246],[96.3702,4.40303],[96.37027,4.40341],[96.36985,4.40405],[96.36998,4.40457],[96.36933,4.40557],[96.36929,4.40621],[96.36956,4.4068],[96.3704,4.40753],[96.37065,4.40818],[96.37042,4.40897],[96.36943,4.41048],[96.36933,4.41103],[96.36985,4.41242],[96.37018,4.4128],[96.37113,4.41343],[96.37146,4.41399],[96.37151,4.41432],[96.37131,4.41504],[96.37128,4.41606],[96.37178,4.41697],[96.37209,4.41792],[96.38041,4.41906],[96.38548,4.41948],[96.38876,4.41998],[96.39997,4.41884],[96.4039,4.41877],[96.40989,4.41906],[96.41696,4.41963],[96.42253,4.42105],[96.4296,4.42248],[96.43352,4.42362],[96.43766,4.42505],[96.4443,4.42912],[96.45601,4.43704],[96.4625,4.44618],[96.46586,4.44904],[96.47378,4.45653],[96.47778,4.45882],[96.48221,4.4611],[96.48413,4.46467],[96.48528,4.47045],[96.48549,4.47381],[96.48085,4.48851],[96.48064,4.49058],[96.48363,4.49629],[96.48442,4.49908],[96.48413,4.50008],[96.48376,4.50071],[96.4791,4.50083],[96.46418,4.50045],[96.46158,4.50064],[96.45925,4.50114],[96.45856,4.50197],[96.45768,4.50595],[96.45637,4.51006],[96.45457,4.51354],[96.4523,4.51749],[96.45035,4.52034],[96.44333,4.52784],[96.45178,4.52887],[96.45672,4.53142],[96.46177,4.53523],[96.4704,4.54403],[96.47284,4.54534],[96.47819,4.54582],[96.48093,4.54552],[96.48307,4.54463],[96.48515,4.54451],[96.49086,4.54612],[96.49223,4.54772],[96.49211,4.55498],[96.49294,4.55676],[96.49497,4.55766],[96.49627,4.55956],[96.49639,4.56188],[96.49562,4.56438],[96.49205,4.57901],[96.49033,4.5871],[96.49062,4.58984],[96.49462,4.596],[96.49568,4.60067],[96.49467,4.60334],[96.49455,4.60536],[96.49419,4.60721],[96.4936,4.60905],[96.49437,4.61518],[96.49366,4.61857],[96.49294,4.62053],[96.49092,4.62244],[96.49059,4.62446],[96.49007,4.62476],[96.49102,4.62451],[96.4921,4.62459],[96.49287,4.6249],[96.49385,4.62558],[96.49808,4.62911],[96.5,4.63155],[96.50115,4.63199],[96.50285,4.63222],[96.50723,4.62985],[96.51173,4.62643]]]}},{"type":"Feature","properties":{"nama":"Pidie","provinsi":"Aceh","sumber":"Batas_Kab"},"geometry":{"type":"Polygon","coordinates":[[[95.75419,5.56414],[95.75856,5.56264],[95.76085,5.56212],[95.76239,5.56162],[95.76295,5.56132],[95.7639,5.56012],[95.76453,5.55977],[95.76622,5.55918],[95.76955,5.55838],[95.77074,5.55749],[95.77163,5.5559],[95.77207,5.55556],[95.77234,5.55509],[95.77424,5.55405],[95.77634,5.55314],[95.77763,5.55192],[95.77846,5.55137],[95.7805,5.55028],[95.78397,5.54878],[95.78737,5.54739],[95.79124,5.54606],[95.79248,5.54515],[95.79438,5.54451],[95.7981,5.54353],[95.79876,5.54319],[95.79916,5.54274],[95.80252,5.54189],[95.80573,5.54086],[95.80754,5.54014],[95.81257,5.53772],[95.81812,5.53595],[95.82065,5.53539],[95.823,5.53515],[95.82575,5.53527],[95.82723,5.53566],[95.82791,5.53572],[95.83187,5.53279],[95.83217,5.53241],[95.83307,5.53213],[95.8356,5.53056],[95.83673,5.52972],[95.83693,5.52923],[95.83997,5.52733],[95.84813,5.52261],[95.85483,5.51945],[95.85533,5.51893],[95.85622,5.51843],[95.85848,5.51747],[95.86446,5.51553],[95.86625,5.51477],[95.86796,5.51443],[95.86965,5.51391],[95.87132,5.51318],[95.87622,5.5104],[95.87955,5.50828],[95.88435,5.506],[95.88446,5.50598],[95.88494,5.50636],[95.88514,5.50632],[95.88494,5.50629],[95.88445,5.50586],[95.88435,5.50562],[95.88458,5.50537],[95.88498,5.50552],[95.8856,5.50607],[95.8856,5.50591],[95.88503,5.50545],[95.88509,5.50521],[95.88542,5.50488],[95.88706,5.50388],[95.88838,5.50238],[95.88853,5.50117],[95.88844,5.50053],[95.88965,5.49838],[95.89016,5.49579],[95.89094,5.49405],[95.89162,5.49167],[95.89203,5.48869],[95.89224,5.48803],[95.89294,5.48681],[95.89392,5.48685],[95.89387,5.48664],[95.89297,5.48662],[95.89279,5.48639],[95.893,5.48507],[95.89335,5.48415],[95.89348,5.48294],[95.89339,5.48253],[95.89305,5.4823],[95.89287,5.4813],[95.89302,5.47992],[95.89289,5.47937],[95.8932,5.47851],[95.89289,5.47783],[95.89227,5.47813],[95.89199,5.47695],[95.89217,5.47571],[95.89287,5.47409],[95.89288,5.47378],[95.89243,5.47259],[95.89225,5.47168],[95.89237,5.47104],[95.89263,5.47078],[95.89259,5.46985],[95.89217,5.46889],[95.89186,5.46879],[95.89184,5.46806],[95.89148,5.46761],[95.89175,5.4662],[95.89163,5.46486],[95.89042,5.46338],[95.89134,5.46129],[95.89827,5.44966],[95.90232,5.44375],[95.90609,5.43883],[95.90988,5.43439],[95.91502,5.42969],[95.91521,5.42907],[95.91509,5.42847],[95.91558,5.42734],[95.91614,5.42701],[95.91744,5.42571],[95.91916,5.42349],[95.92438,5.41842],[95.93076,5.41299],[95.93299,5.41143],[95.93309,5.411],[95.93218,5.40994],[95.93274,5.40938],[95.93338,5.40844],[95.93383,5.40716],[95.93399,5.40625],[95.93523,5.40563],[95.93599,5.40616],[95.93611,5.40716],[95.93869,5.4104],[95.93775,5.40908],[95.93765,5.40877],[95.9391,5.40678],[95.94341,5.40272],[95.94629,5.40019],[95.95131,5.39638],[95.9558,5.39388],[95.95628,5.39368],[95.95663,5.39376],[95.95609,5.3933],[95.95631,5.39316],[95.95814,5.39267],[95.96663,5.3886],[95.96884,5.38836],[95.96942,5.3888],[95.96943,5.38916],[95.96967,5.38914],[95.96966,5.3889],[95.96926,5.38848],[95.96965,5.38813],[95.96935,5.38781],[95.9686,5.38764],[95.96734,5.38779],[95.96807,5.386],[95.96889,5.38496],[95.97697,5.37726],[95.98005,5.37454],[95.98723,5.36898],[95.99251,5.36521],[95.99356,5.3643],[95.99375,5.36388],[95.99445,5.36315],[95.99498,5.363],[95.99663,5.36211],[95.99842,5.36062],[96.00271,5.35742],[96.00895,5.35301],[96.01079,5.35189],[96.01168,5.35151],[96.01307,5.35067],[96.01366,5.3507],[96.01477,5.35101],[96.01511,5.35047],[96.0139,5.34999],[96.01418,5.34917],[96.01507,5.34838],[96.01703,5.34719],[96.01717,5.34687],[96.01763,5.34656],[96.02129,5.34463],[96.02168,5.34458],[96.02201,5.34415],[96.02216,5.34366],[96.02338,5.34266],[96.02368,5.34263],[96.02437,5.34227],[96.02889,5.33869],[96.03648,5.33339],[96.04123,5.33055],[96.04537,5.32852],[96.04649,5.32809],[96.04932,5.32731],[96.0496,5.32751],[96.04896,5.32667],[96.04936,5.32634],[96.04955,5.32598],[96.05082,5.32536],[96.05191,5.32386],[96.05312,5.32266],[96.05506,5.32023],[96.05598,5.31893],[96.06086,5.31069],[96.06254,5.30815],[96.06588,5.30377],[96.06818,5.30125],[96.07067,5.29894],[96.07313,5.29711],[96.07575,5.29574],[96.0772,5.29462],[96.07831,5.29408],[96.07851,5.29355],[96.07845,5.29311],[96.07869,5.29245],[96.0791,5.29224],[96.07927,5.29232],[96.07977,5.29218],[96.08068,5.2923],[96.08263,5.29199],[96.0883,5.29014],[96.09438,5.28877],[96.09731,5.28831],[96.1026,5.28775],[96.10306,5.28779],[96.104,5.28749],[96.10459,5.28699],[96.10476,5.28632],[96.10458,5.28442],[96.10524,5.28434],[96.10529,5.28347],[96.10522,5.28302],[96.10504,5.28274],[96.10401,5.28259],[96.10066,5.28348],[96.09954,5.28394],[96.09894,5.28441],[96.09843,5.28404],[96.09821,5.28403],[96.09802,5.28426],[96.09776,5.28499],[96.09783,5.28623],[96.09737,5.28647],[96.09686,5.28652],[96.09664,5.28637],[96.0963,5.28571],[96.09534,5.28564],[96.09466,5.28503],[96.09402,5.2848],[96.08993,5.28651],[96.08865,5.28628],[96.08782,5.28652],[96.08692,5.28683],[96.08619,5.28743],[96.08552,5.28675],[96.08403,5.28804],[96.0824,5.2892],[96.08229,5.28956],[96.08165,5.29004],[96.08097,5.29024],[96.07999,5.28996],[96.07927,5.28999],[96.07845,5.29031],[96.07803,5.29149],[96.07747,5.29159],[96.07623,5.29209],[96.07499,5.29346],[96.07424,5.29402],[96.07315,5.29395],[96.07215,5.29346],[96.07111,5.29329],[96.07017,5.29338],[96.06874,5.29414],[96.0658,5.29647],[96.06414,5.29713],[96.06407,5.29616],[96.06363,5.29535],[96.06354,5.2945],[96.06336,5.29422],[96.06214,5.29375],[96.06108,5.29225],[96.05973,5.29191],[96.05944,5.29151],[96.05882,5.29138],[96.05855,5.29071],[96.05786,5.29081],[96.05775,5.2904],[96.05727,5.28979],[96.05657,5.28963],[96.05636,5.28934],[96.05582,5.289],[96.05524,5.28883],[96.05485,5.28895],[96.05436,5.28833],[96.05584,5.28761],[96.0547,5.28489],[96.05548,5.2845],[96.05524,5.28399],[96.05544,5.28385],[96.05487,5.28299],[96.05393,5.28075],[96.05267,5.28014],[96.05256,5.28018],[96.05229,5.27985],[96.05097,5.28021],[96.05067,5.27996],[96.05029,5.27885],[96.05028,5.27844],[96.05046,5.27803],[96.0504,5.27758],[96.0495,5.27596],[96.0494,5.27544],[96.04843,5.27318],[96.04774,5.27327],[96.04729,5.27308],[96.04676,5.2731],[96.04665,5.27295],[96.04652,5.27156],[96.04599,5.27011],[96.04593,5.26952],[96.0454,5.26779],[96.04535,5.2671],[96.04496,5.26623],[96.04666,5.26565],[96.04674,5.26558],[96.04662,5.26526],[96.04812,5.2649],[96.04837,5.26465],[96.05081,5.2646],[96.05075,5.26435],[96.05152,5.26412],[96.051,5.26301],[96.05157,5.26281],[96.05142,5.26249],[96.05331,5.26178],[96.05286,5.26072],[96.05325,5.26054],[96.05316,5.26034],[96.05606,5.25884],[96.05534,5.25772],[96.05554,5.25631],[96.05539,5.25519],[96.05447,5.25407],[96.05482,5.25388],[96.05445,5.25315],[96.05453,5.25308],[96.05387,5.25182],[96.05377,5.25188],[96.05345,5.25117],[96.0527,5.25006],[96.05252,5.2502],[96.05213,5.24967],[96.05198,5.24976],[96.0513,5.2489],[96.05091,5.24925],[96.05049,5.24883],[96.05034,5.24895],[96.05015,5.2487],[96.05037,5.24849],[96.05013,5.24825],[96.05004,5.24834],[96.04982,5.24814],[96.04937,5.24753],[96.04912,5.24781],[96.04856,5.24689],[96.04844,5.24698],[96.04823,5.24668],[96.04815,5.24672],[96.04751,5.24566],[96.04761,5.24561],[96.04638,5.24259],[96.04272,5.24406],[96.04264,5.24387],[96.04245,5.24396],[96.04253,5.24414],[96.04074,5.24482],[96.04083,5.24515],[96.04095,5.24511],[96.04119,5.24588],[96.0407,5.24605],[96.04037,5.24581],[96.0399,5.24586],[96.03978,5.24577],[96.03804,5.2414],[96.03812,5.24137],[96.03796,5.24103],[96.03848,5.24078],[96.0367,5.23703],[96.0394,5.23565],[96.03904,5.23515],[96.03918,5.23505],[96.03908,5.23423],[96.0395,5.23376],[96.03923,5.23309],[96.03907,5.23201],[96.03916,5.23167],[96.03888,5.23148],[96.03893,5.23048],[96.03954,5.23002],[96.04017,5.22931],[96.04092,5.22762],[96.04084,5.22653],[96.04154,5.22602],[96.04239,5.22448],[96.0422,5.22387],[96.04226,5.22368],[96.04307,5.2229],[96.04306,5.22227],[96.0435,5.22104],[96.04362,5.22014],[96.04397,5.21961],[96.04375,5.21916],[96.04377,5.21889],[96.04427,5.21843],[96.04431,5.21698],[96.04451,5.21688],[96.04552,5.21697],[96.04649,5.21681],[96.04678,5.21648],[96.04688,5.21582],[96.04721,5.21566],[96.04801,5.21556],[96.048,5.21466],[96.04845,5.21427],[96.04898,5.21324],[96.04895,5.21272],[96.04871,5.21227],[96.04891,5.21158],[96.04888,5.21059],[96.04906,5.21034],[96.04934,5.21024],[96.04999,5.21058],[96.0505,5.21049],[96.05065,5.21035],[96.05081,5.2097],[96.0512,5.20895],[96.05114,5.20828],[96.05073,5.20681],[96.05092,5.2058],[96.05203,5.20488],[96.05309,5.20457],[96.05439,5.20356],[96.05491,5.20348],[96.05536,5.20374],[96.05586,5.20362],[96.05592,5.20344],[96.05574,5.20333],[96.05571,5.2031],[96.0565,5.20222],[96.05614,5.20204],[96.0553,5.20216],[96.05386,5.20205],[96.0532,5.20187],[96.05263,5.20144],[96.05172,5.2004],[96.05091,5.20005],[96.05058,5.19977],[96.04989,5.19985],[96.04911,5.19919],[96.04794,5.19867],[96.04762,5.19779],[96.04766,5.19731],[96.04785,5.19707],[96.048,5.19638],[96.04877,5.19442],[96.04871,5.19426],[96.04801,5.19435],[96.04763,5.19424],[96.04751,5.19399],[96.04837,5.19384],[96.04868,5.19361],[96.04873,5.19337],[96.04909,5.1933],[96.04945,5.19296],[96.04994,5.19286],[96.04916,5.19092],[96.04909,5.18943],[96.04949,5.18884],[96.05092,5.18751],[96.05151,5.18664],[96.05145,5.18586],[96.05112,5.18557],[96.05102,5.18468],[96.05221,5.18363],[96.05224,5.18268],[96.051,5.18193],[96.04985,5.17998],[96.04933,5.17864],[96.04841,5.17737],[96.04585,5.1745],[96.04351,5.17465],[96.04288,5.17439],[96.04284,5.17391],[96.04342,5.17277],[96.04324,5.17225],[96.0428,5.17209],[96.04146,5.17236],[96.04073,5.17208],[96.03993,5.17213],[96.03785,5.17329],[96.03702,5.17417],[96.03632,5.17438],[96.03617,5.17403],[96.03648,5.17364],[96.03625,5.17334],[96.03577,5.17334],[96.03556,5.17369],[96.0348,5.17423],[96.03431,5.17421],[96.03393,5.17387],[96.03382,5.17326],[96.03385,5.17187],[96.03327,5.17069],[96.03321,5.16982],[96.03284,5.16961],[96.03233,5.1697],[96.03189,5.16963],[96.03164,5.16915],[96.0317,5.16876],[96.03244,5.16842],[96.03256,5.16795],[96.03185,5.16706],[96.0317,5.16597],[96.03116,5.16535],[96.03098,5.16433],[96.02964,5.16241],[96.02944,5.16231],[96.02836,5.16278],[96.02811,5.16361],[96.02784,5.16379],[96.02759,5.16374],[96.0272,5.16339],[96.02678,5.16277],[96.0261,5.16242],[96.02585,5.16121],[96.02497,5.16036],[96.02433,5.1593],[96.02426,5.15908],[96.02472,5.15848],[96.02462,5.15775],[96.02536,5.1572],[96.0258,5.15709],[96.02606,5.15677],[96.0261,5.15507],[96.02596,5.1544],[96.02565,5.15387],[96.02583,5.1533],[96.02467,5.15227],[96.02363,5.15187],[96.02292,5.15104],[96.02288,5.15029],[96.02102,5.14774],[96.02075,5.14635],[96.02026,5.14589],[96.02169,5.14492],[96.02503,5.14203],[96.02659,5.14036],[96.02757,5.1396],[96.02876,5.13886],[96.03344,5.13663],[96.03924,5.13329],[96.0412,5.13211],[96.04382,5.12998],[96.0453,5.12743],[96.04598,5.12417],[96.04712,5.12119],[96.04764,5.1188],[96.04865,5.11754],[96.05575,5.11027],[96.05764,5.10851],[96.05911,5.10764],[96.06205,5.10666],[96.06508,5.10605],[96.06721,5.10649],[96.07112,5.10626],[96.07429,5.10421],[96.07779,5.10117],[96.08265,5.09677],[96.08464,5.09435],[96.08645,5.09354],[96.08981,5.09167],[96.09189,5.09099],[96.09584,5.09012],[96.09986,5.08944],[96.10122,5.08941],[96.10264,5.08942],[96.10513,5.0907],[96.10656,5.09114],[96.10778,5.09168],[96.11046,5.09174],[96.11207,5.0915],[96.11275,5.09101],[96.11395,5.0889],[96.11465,5.08701],[96.11523,5.08587],[96.11725,5.08362],[96.11931,5.08191],[96.12256,5.0799],[96.12642,5.07794],[96.12985,5.07687],[96.13544,5.07473],[96.13752,5.07437],[96.13872,5.07448],[96.14433,5.07741],[96.14452,5.07766],[96.14608,5.07869],[96.14804,5.07898],[96.14887,5.07881],[96.15106,5.07803],[96.15322,5.0776],[96.15973,5.07388],[96.1622,5.07242],[96.16414,5.07078],[96.16536,5.06938],[96.1668,5.06839],[96.17084,5.06889],[96.17288,5.06866],[96.17882,5.06903],[96.17976,5.06871],[96.18159,5.06837],[96.18364,5.06828],[96.18463,5.06865],[96.18646,5.06998],[96.18719,5.07074],[96.18781,5.07153],[96.18837,5.07365],[96.1888,5.07449],[96.19044,5.07659],[96.19238,5.07717],[96.19302,5.07689],[96.19391,5.07536],[96.19393,5.07358],[96.19436,5.0711],[96.19426,5.07026],[96.19359,5.06818],[96.19338,5.06709],[96.19334,5.06635],[96.19347,5.06568],[96.19414,5.06407],[96.19515,5.06323],[96.19598,5.0622],[96.19664,5.06161],[96.19688,5.06048],[96.19576,5.05753],[96.19597,5.05634],[96.19743,5.05434],[96.20138,5.05038],[96.2023,5.04885],[96.20299,5.04708],[96.20648,5.04091],[96.20672,5.04013],[96.20604,5.03417],[96.2049,5.0306],[96.20444,5.02706],[96.20383,5.02558],[96.2005,5.01377],[96.19672,5.00823],[96.19201,5.00269],[96.191,5.00133],[96.18997,5.00023],[96.18982,4.99939],[96.19,4.99743],[96.19042,4.99545],[96.19084,4.99451],[96.19636,4.98894],[96.19847,4.98634],[96.20085,4.9839],[96.20251,4.98128],[96.20442,4.973],[96.20698,4.9671],[96.20908,4.96281],[96.21042,4.96067],[96.21157,4.95918],[96.21396,4.95741],[96.21767,4.95501],[96.22104,4.95184],[96.22625,4.94782],[96.23308,4.94548],[96.23672,4.94364],[96.24052,4.94153],[96.24412,4.93934],[96.24799,4.9367],[96.24966,4.93482],[96.25063,4.93292],[96.25103,4.93123],[96.2523,4.92752],[96.25278,4.92567],[96.25327,4.9227],[96.25452,4.92121],[96.25999,4.91591],[96.26354,4.91375],[96.26964,4.91206],[96.27326,4.91076],[96.27667,4.90973],[96.27957,4.90935],[96.28277,4.90988],[96.28566,4.9099],[96.28881,4.90965],[96.29903,4.91146],[96.30223,4.91437],[96.30524,4.91623],[96.30839,4.91617],[96.31121,4.91566],[96.31368,4.9143],[96.31602,4.91457],[96.32212,4.91565],[96.32539,4.91724],[96.33632,4.93104],[96.33967,4.9365],[96.34059,4.93861],[96.34452,4.94264],[96.34649,4.94388],[96.3492,4.94354],[96.35063,4.94372],[96.35209,4.94419],[96.35413,4.94437],[96.35652,4.94429],[96.36084,4.9429],[96.36294,4.94258],[96.36516,4.94197],[96.36719,4.94101],[96.36812,4.94012],[96.37115,4.93791],[96.37208,4.9363],[96.37219,4.93419],[96.37294,4.93173],[96.37419,4.93098],[96.37661,4.93037],[96.37926,4.93037],[96.38065,4.93087],[96.38543,4.93287],[96.38782,4.93437],[96.39071,4.93562],[96.39393,4.93748],[96.39656,4.93873],[96.39894,4.94013],[96.40251,4.94108],[96.40677,4.94054],[96.40936,4.94075],[96.41072,4.94047],[96.41312,4.94035],[96.41743,4.9398],[96.41933,4.93975],[96.42473,4.94044],[96.43063,4.93821],[96.43458,4.9374],[96.43808,4.9343],[96.44515,4.93054],[96.44708,4.92914],[96.45305,4.92357],[96.45448,4.92248],[96.45562,4.92131],[96.46376,4.9142],[96.46511,4.91229],[96.46585,4.91027],[96.46661,4.90891],[96.46732,4.90515],[96.46785,4.90375],[96.46901,4.8979],[96.46949,4.89654],[96.47028,4.8949],[96.46989,4.89414],[96.46903,4.89296],[96.4687,4.8918],[96.46885,4.88983],[96.46936,4.88894],[96.46988,4.88744],[96.46756,4.87239],[96.46603,4.86858],[96.46166,4.86487],[96.45975,4.86373],[96.45757,4.86312],[96.45623,4.86154],[96.45661,4.86011],[96.45823,4.85868],[96.46004,4.85783],[96.46118,4.85678],[96.46346,4.85411],[96.46365,4.85326],[96.46346,4.8525],[96.46499,4.85088],[96.46641,4.84993],[96.46661,4.84793],[96.46727,4.84707],[96.47146,4.84669],[96.47327,4.84574],[96.47479,4.84564],[96.47728,4.84473],[96.4764,4.84231],[96.47592,4.84029],[96.47562,4.83568],[96.47538,4.83475],[96.47518,4.83244],[96.47512,4.83042],[96.47474,4.8287],[96.47443,4.8265],[96.47444,4.82574],[96.47344,4.8198],[96.47297,4.81468],[96.47349,4.81184],[96.47423,4.80908],[96.47587,4.80463],[96.47652,4.8038],[96.4771,4.8023],[96.47737,4.80046],[96.47713,4.7992],[96.47713,4.79852],[96.47643,4.79581],[96.47584,4.79279],[96.47569,4.78944],[96.47541,4.78811],[96.47524,4.78577],[96.4752,4.78112],[96.47547,4.77961],[96.47571,4.77486],[96.47511,4.77356],[96.47284,4.77017],[96.47228,4.76887],[96.47219,4.76638],[96.47237,4.76559],[96.47231,4.76462],[96.47199,4.76361],[96.47171,4.76314],[96.47093,4.76234],[96.46929,4.76136],[96.46846,4.76125],[96.46247,4.76221],[96.4601,4.76313],[96.45924,4.76331],[96.45229,4.76387],[96.44684,4.76477],[96.44251,4.7646],[96.44172,4.7647],[96.43957,4.76461],[96.43528,4.76383],[96.42834,4.76313],[96.42437,4.76228],[96.42286,4.76212],[96.42022,4.76146],[96.41131,4.76079],[96.40505,4.76051],[96.40355,4.76026],[96.39955,4.76011],[96.39884,4.75999],[96.39583,4.76046],[96.39149,4.76138],[96.38081,4.76292],[96.37774,4.7632],[96.37625,4.76361],[96.37224,4.76401],[96.36633,4.76397],[96.36317,4.76424],[96.36161,4.76423],[96.35815,4.76457],[96.35264,4.76633],[96.34978,4.76637],[96.34566,4.76664],[96.34099,4.76763],[96.34015,4.76805],[96.33985,4.7684],[96.32746,4.76902],[96.32127,4.76748],[96.30694,4.76333],[96.30135,4.76619],[96.29665,4.76935],[96.29211,4.77221],[96.28937,4.77448],[96.28798,4.77638],[96.28797,4.77795],[96.28405,4.77931],[96.28208,4.7798],[96.27998,4.77698],[96.27839,4.77391],[96.27702,4.76984],[96.27495,4.76449],[96.27435,4.76262],[96.27314,4.75617],[96.27298,4.7534],[96.27377,4.74913],[96.27377,4.74769],[96.2736,4.74668],[96.27285,4.74603],[96.27223,4.74509],[96.26934,4.74273],[96.26826,4.74161],[96.26572,4.73817],[96.26452,4.73708],[96.26285,4.73586],[96.26183,4.73472],[96.26152,4.73352],[96.26102,4.73006],[96.26092,4.72851],[96.26121,4.72709],[96.26173,4.72572],[96.26171,4.7241],[96.26108,4.72103],[96.26044,4.71946],[96.26004,4.71775],[96.25899,4.7148],[96.26028,4.71238],[96.24327,4.71232],[96.16761,4.75009],[96.16714,4.74935],[96.16539,4.74861],[96.16484,4.74823],[96.16453,4.74698],[96.16431,4.74656],[96.16382,4.74606],[96.16334,4.74506],[96.16236,4.74448],[96.16187,4.74335],[96.16192,4.74206],[96.16302,4.73952],[96.16416,4.7389],[96.16449,4.7383],[96.16447,4.73799],[96.16239,4.73651],[96.16193,4.73522],[96.16155,4.7349],[96.16104,4.73466],[96.15936,4.73436],[96.15874,4.73332],[96.1588,4.73301],[96.15952,4.73239],[96.1599,4.73188],[96.1601,4.73128],[96.16008,4.73085],[96.15964,4.73043],[96.15946,4.73],[96.1594,4.7296],[96.15953,4.72911],[96.16036,4.7276],[96.16123,4.72674],[96.16125,4.72634],[96.16061,4.72542],[96.16028,4.72466],[96.16095,4.72354],[96.16091,4.72307],[96.16023,4.72139],[96.16021,4.72088],[96.15964,4.7195],[96.15953,4.71876],[96.15926,4.71829],[96.15871,4.718],[96.15849,4.71765],[96.15849,4.71709],[96.15834,4.7166],[96.15807,4.71633],[96.1583,4.71395],[96.15864,4.71231],[96.15856,4.71068],[96.15789,4.70981],[96.15699,4.70909],[96.1548,4.70648],[96.15427,4.70594],[96.15369,4.70572],[96.15218,4.70527],[96.15127,4.70531],[96.15085,4.70546],[96.15003,4.70506],[96.1495,4.70503],[96.14925,4.70523],[96.14907,4.70581],[96.14885,4.70601],[96.14851,4.70607],[96.14803,4.70596],[96.14749,4.70565],[96.14693,4.70496],[96.14605,4.70434],[96.14498,4.70393],[96.14436,4.70397],[96.14385,4.70419],[96.1432,4.70477],[96.14233,4.70517],[96.14193,4.70514],[96.14107,4.70425],[96.14045,4.70322],[96.1401,4.70202],[96.14011,4.70115],[96.1398,4.69963],[96.14005,4.69825],[96.14067,4.69768],[96.14079,4.69723],[96.14066,4.69681],[96.13855,4.69498],[96.13789,4.69375],[96.1375,4.69266],[96.13739,4.69179],[96.13755,4.69088],[96.13782,4.69032],[96.139,4.68857],[96.13927,4.68739],[96.13905,4.68672],[96.1377,4.68483],[96.13593,4.68304],[96.13531,4.68188],[96.13499,4.68025],[96.13373,4.6767],[96.13347,4.67536],[96.10445,4.67522],[96.10445,4.67655],[96.10497,4.67895],[96.10589,4.68095],[96.10614,4.68187],[96.1064,4.68226],[96.10721,4.68443],[96.10723,4.68488],[96.10759,4.68511],[96.10899,4.68538],[96.1096,4.68581],[96.11007,4.6864],[96.1102,4.68717],[96.11069,4.68862],[96.11096,4.68926],[96.11126,4.68959],[96.11103,4.69006],[96.1108,4.69151],[96.11063,4.69363],[96.11034,4.69447],[96.10918,4.69645],[96.10915,4.69702],[96.10929,4.69747],[96.11016,4.69808],[96.11047,4.69862],[96.11069,4.70043],[96.10962,4.70262],[96.10867,4.70348],[96.1079,4.70481],[96.10744,4.70519],[96.10676,4.70645],[96.1068,4.707],[96.10705,4.70756],[96.10743,4.70797],[96.10793,4.70825],[96.10833,4.70888],[96.10735,4.71165],[96.10786,4.71337],[96.1079,4.71511],[96.1076,4.71548],[96.1069,4.71588],[96.10649,4.71667],[96.10493,4.71745],[96.10418,4.71838],[96.10373,4.71948],[96.10368,4.72003],[96.10396,4.72249],[96.10371,4.72289],[96.10298,4.72304],[96.10454,4.72737],[96.10526,4.72992],[96.10555,4.73062],[96.10619,4.73149],[96.10594,4.7334],[96.10625,4.73458],[96.10621,4.73498],[96.10591,4.73525],[96.10575,4.73582],[96.10579,4.73636],[96.10649,4.73722],[96.10666,4.73863],[96.10659,4.73924],[96.10726,4.74065],[96.10678,4.74969],[96.00021,4.7495],[95.99546,4.75428],[95.99448,4.7556],[95.9951,4.7596],[95.99532,4.76916],[95.99491,4.77179],[95.99404,4.7755],[95.9934,4.78118],[95.99212,4.78603],[95.99093,4.78777],[95.98619,4.79293],[95.98214,4.79462],[95.97965,4.79636],[95.97823,4.7987],[95.97622,4.80319],[95.97398,4.80744],[95.97227,4.81241],[95.97144,4.81343],[95.9674,4.81608],[95.96283,4.81944],[95.96088,4.82172],[95.95916,4.82412],[95.9575,4.82741],[95.95413,4.83263],[95.95154,4.83511],[95.94962,4.83659],[95.94605,4.83768],[95.92678,4.84749],[95.9198,4.85302],[95.91748,4.85552],[95.91415,4.85878],[95.91082,4.86037],[95.90678,4.86302],[95.90389,4.86547],[95.90132,4.86811],[95.89895,4.87123],[95.89668,4.87478],[95.89455,4.87885],[95.89332,4.88043],[95.88688,4.89117],[95.88575,4.89462],[95.88582,4.89849],[95.88559,4.89997],[95.88488,4.90132],[95.88353,4.90931],[95.88203,4.91486],[95.88141,4.91587],[95.88038,4.91664],[95.8788,4.91736],[95.87761,4.9187],[95.87276,4.92155],[95.86572,4.92416],[95.86119,4.92566],[95.85839,4.92691],[95.8562,4.92841],[95.85511,4.93013],[95.85488,4.93171],[95.85513,4.93463],[95.8542,4.93889],[95.85287,4.94143],[95.85108,4.9454],[95.84995,4.94885],[95.84763,4.95278],[95.84692,4.95441],[95.84621,4.95494],[95.8443,4.95552],[95.84269,4.9562],[95.84121,4.95711],[95.83893,4.95903],[95.83736,4.96062],[95.83523,4.96244],[95.83333,4.96456],[95.83114,4.96605],[95.83,4.96758],[95.82735,4.97041],[95.82426,4.97344],[95.82055,4.97613],[95.81495,4.9806],[95.80682,4.98599],[95.80287,4.9884],[95.79779,4.99239],[95.79295,4.9992],[95.79219,4.99984],[95.79148,5.00092],[95.79035,5.00212],[95.78929,5.00398],[95.7881,5.00536],[95.78353,5.00878],[95.78276,5.00998],[95.78205,5.01226],[95.78188,5.01381],[95.77804,5.02249],[95.77685,5.0231],[95.77222,5.027],[95.77201,5.02797],[95.7704,5.03147],[95.76898,5.03396],[95.76722,5.03564],[95.76604,5.03794],[95.76524,5.04019],[95.76454,5.04283],[95.76422,5.04704],[95.76362,5.05029],[95.76287,5.05374],[95.76211,5.05546],[95.75978,5.05691],[95.75754,5.05773],[95.75154,5.05895],[95.75002,5.05991],[95.74506,5.06058],[95.743,5.0606],[95.74433,5.06248],[95.74656,5.0648],[95.74874,5.06547],[95.75103,5.06589],[95.756,5.06583],[95.76358,5.06505],[95.76457,5.06635],[95.76524,5.06799],[95.76614,5.06929],[95.7684,5.07104],[95.77013,5.07216],[95.77043,5.07212],[95.77151,5.07154],[95.7739,5.07181],[95.77806,5.07372],[95.78106,5.07529],[95.78414,5.07603],[95.78506,5.0764],[95.78569,5.07678],[95.78711,5.07873],[95.79249,5.08105],[95.79457,5.08133],[95.79578,5.08116],[95.79852,5.07952],[95.79902,5.07935],[95.80148,5.07984],[95.808,5.08329],[95.81448,5.084],[95.81807,5.08503],[95.82015,5.08527],[95.82073,5.08547],[95.82161,5.08635],[95.82195,5.08697],[95.82389,5.09228],[95.82453,5.09355],[95.82768,5.1036],[95.82827,5.10585],[95.83017,5.11131],[95.83119,5.1164],[95.83182,5.1176],[95.83262,5.1199],[95.83397,5.1229],[95.83745,5.1281],[95.83879,5.13039],[95.84001,5.13364],[95.84068,5.13609],[95.84041,5.13894],[95.83992,5.14149],[95.83893,5.1445],[95.83563,5.15156],[95.83477,5.15428],[95.83314,5.16153],[95.83261,5.16468],[95.82782,5.17222],[95.82525,5.17536],[95.82144,5.18055],[95.81829,5.18353],[95.81324,5.1889],[95.81192,5.19078],[95.81158,5.19149],[95.81095,5.19211],[95.8093,5.19327],[95.8088,5.1938],[95.80711,5.19589],[95.80554,5.19849],[95.80475,5.20008],[95.80405,5.201],[95.79944,5.20453],[95.79596,5.20817],[95.79376,5.21023],[95.79149,5.21341],[95.78897,5.21751],[95.78703,5.22245],[95.78628,5.22511],[95.78586,5.22763],[95.78429,5.23323],[95.78423,5.23778],[95.78353,5.24058],[95.78238,5.24401],[95.78201,5.24459],[95.77977,5.24706],[95.77664,5.25094],[95.77535,5.25228],[95.77476,5.2534],[95.77451,5.25508],[95.77486,5.25668],[95.77532,5.25725],[95.77595,5.25764],[95.77732,5.25809],[95.77829,5.2582],[95.78022,5.2582],[95.78358,5.25841],[95.78478,5.2588],[95.78592,5.25965],[95.78678,5.26125],[95.78724,5.26267],[95.78789,5.26643],[95.78778,5.26814],[95.78801,5.269],[95.7887,5.27048],[95.78985,5.27235],[95.79083,5.27323],[95.7914,5.27414],[95.79171,5.27549],[95.79179,5.27829],[95.7914,5.28013],[95.79106,5.2807],[95.7887,5.28225],[95.78768,5.28277],[95.78643,5.28311],[95.77573,5.28493],[95.77215,5.2862],[95.76979,5.28725],[95.76485,5.28978],[95.7638,5.29075],[95.76262,5.29287],[95.7619,5.29358],[95.76117,5.29405],[95.76004,5.29574],[95.75846,5.29931],[95.75813,5.30097],[95.75825,5.30262],[95.75871,5.30365],[95.75951,5.30456],[95.76088,5.30524],[95.76291,5.30534],[95.76441,5.30511],[95.76601,5.30521],[95.76692,5.30572],[95.76755,5.30629],[95.76783,5.30669],[95.76807,5.30754],[95.76762,5.30948],[95.767,5.31068],[95.76603,5.31188],[95.76297,5.31407],[95.76178,5.31458],[95.76016,5.31467],[95.75828,5.315],[95.75432,5.31433],[95.75272,5.31457],[95.75136,5.31503],[95.75,5.31599],[95.74899,5.31693],[95.74847,5.31887],[95.74779,5.32363],[95.74706,5.33085],[95.74715,5.33357],[95.7477,5.33683],[95.74821,5.33865],[95.75091,5.34318],[95.75132,5.34411],[95.75169,5.34607],[95.75162,5.34772],[95.75147,5.34846],[95.7505,5.35084],[95.74981,5.35195],[95.74952,5.35288],[95.74947,5.35383],[95.74903,5.35627],[95.74903,5.35761],[95.74958,5.35911],[95.75082,5.3608],[95.75245,5.36028],[95.75375,5.36012],[95.75615,5.36069],[95.75849,5.36213],[95.75926,5.36334],[95.75971,5.36439],[95.76,5.36461],[95.76048,5.36605],[95.76052,5.36683],[95.76098,5.36856],[95.76011,5.36979],[95.75861,5.37137],[95.75695,5.37511],[95.75625,5.37737],[95.75615,5.37976],[95.75631,5.38152],[95.7571,5.38394],[95.75738,5.3871],[95.75772,5.38923],[95.75866,5.39135],[95.75926,5.39191],[95.76263,5.39346],[95.76382,5.39417],[95.76419,5.39517],[95.76461,5.39775],[95.76499,5.39885],[95.76542,5.39967],[95.7667,5.40121],[95.76705,5.40183],[95.76755,5.40346],[95.75726,5.40804],[95.75513,5.40992],[95.75409,5.41198],[95.75347,5.41456],[95.75314,5.41613],[95.75311,5.41759],[95.7533,5.41862],[95.75372,5.42],[95.75585,5.4223],[95.75633,5.42474],[95.75699,5.42699],[95.7585,5.43072],[95.75882,5.43124],[95.76262,5.43084],[95.7641,5.43088],[95.76591,5.43111],[95.76841,5.43094],[95.76967,5.43101],[95.77327,5.43232],[95.77639,5.43507],[95.77702,5.43633],[95.77814,5.43739],[95.77901,5.43889],[95.78032,5.44068],[95.7803,5.44265],[95.77952,5.4446],[95.77928,5.44597],[95.77903,5.44629],[95.77943,5.44701],[95.77867,5.44707],[95.7783,5.44726],[95.77807,5.44756],[95.77793,5.44828],[95.77838,5.44923],[95.77825,5.44939],[95.77799,5.44941],[95.77756,5.45011],[95.77699,5.4504],[95.77704,5.45065],[95.77746,5.45098],[95.77746,5.45119],[95.77706,5.45144],[95.77701,5.45161],[95.77722,5.45211],[95.77722,5.4525],[95.77671,5.45418],[95.77676,5.45456],[95.77606,5.4554],[95.77485,5.45628],[95.77304,5.45518],[95.77158,5.45508],[95.77159,5.45479],[95.77194,5.45447],[95.77187,5.45372],[95.77171,5.45356],[95.77023,5.45372],[95.76758,5.45469],[95.76737,5.45466],[95.7655,5.45314],[95.76527,5.4527],[95.7653,5.45247],[95.76602,5.45128],[95.76595,5.45095],[95.76502,5.45033],[95.7645,5.44982],[95.76447,5.44966],[95.76483,5.44907],[95.76458,5.44756],[95.76345,5.44757],[95.76287,5.44776],[95.7626,5.44764],[95.76226,5.44695],[95.76228,5.44646],[95.76293,5.44544],[95.76287,5.44504],[95.76224,5.44458],[95.76103,5.44433],[95.76093,5.44459],[95.7609,5.4468],[95.76108,5.44929],[95.76162,5.45087],[95.76114,5.45163],[95.7611,5.45252],[95.76132,5.45332],[95.76137,5.4542],[95.76185,5.45469],[95.7619,5.45528],[95.76176,5.45553],[95.76101,5.45583],[95.76018,5.45586],[95.7594,5.45718],[95.75958,5.46088],[95.7619,5.46415],[95.76305,5.46492],[95.76419,5.46756],[95.76063,5.47168],[95.75905,5.47288],[95.7574,5.47463],[95.75618,5.47665],[95.7541,5.47853],[95.75283,5.47917],[95.75175,5.47943],[95.75,5.48021],[95.74622,5.47991],[95.74401,5.48035],[95.74036,5.48268],[95.73742,5.48504],[95.73303,5.48804],[95.72891,5.49198],[95.72756,5.49671],[95.72601,5.50047],[95.72693,5.50266],[95.72818,5.50477],[95.73067,5.50619],[95.73385,5.50847],[95.73693,5.51091],[95.73729,5.51263],[95.73724,5.5162],[95.73304,5.51743],[95.73108,5.51841],[95.72854,5.52011],[95.72682,5.52153],[95.72528,5.52334],[95.72782,5.52851],[95.72769,5.53147],[95.72868,5.54219],[95.73096,5.54512],[95.73246,5.54781],[95.73293,5.54958],[95.73677,5.55516],[95.7391,5.55793],[95.7418,5.55975],[95.74225,5.56164],[95.74336,5.56405],[95.74358,5.56611],[95.74455,5.56871],[95.74467,5.56939],[95.74766,5.56847],[95.74888,5.56749],[95.74927,5.56666],[95.74976,5.5662],[95.75122,5.56542],[95.75419,5.56414]]]}},{"type":"Feature","properties":{"nama":"Pidie Jaya","provinsi":"Aceh","sumber":"Batas_Kab"},"geometry":{"type":"Polygon","coordinates":[[[96.10524,5.28434],[96.10589,5.28426],[96.10582,5.28468],[96.10612,5.28502],[96.10687,5.28505],[96.1075,5.2853],[96.10824,5.28524],[96.11159,5.28386],[96.11515,5.28268],[96.11891,5.28156],[96.12336,5.28047],[96.12802,5.27962],[96.13867,5.27819],[96.14013,5.27814],[96.14187,5.27787],[96.1421,5.27765],[96.14285,5.27738],[96.14286,5.27715],[96.14246,5.2767],[96.14313,5.27633],[96.14342,5.27646],[96.14505,5.2762],[96.1468,5.27625],[96.14802,5.27588],[96.15017,5.27439],[96.1569,5.27059],[96.16194,5.26809],[96.16529,5.26666],[96.16943,5.26514],[96.17557,5.26321],[96.1794,5.26221],[96.18714,5.26053],[96.18774,5.25998],[96.1873,5.26007],[96.18744,5.25973],[96.18726,5.25967],[96.18728,5.25927],[96.18774,5.25952],[96.1893,5.25975],[96.191,5.25946],[96.19748,5.25875],[96.2025,5.25849],[96.20966,5.25868],[96.2131,5.25891],[96.2176,5.25937],[96.22585,5.26051],[96.23134,5.26137],[96.23825,5.2627],[96.23917,5.26277],[96.23981,5.26265],[96.23914,5.26238],[96.24034,5.26171],[96.24091,5.26208],[96.24144,5.26205],[96.24231,5.26264],[96.24426,5.26288],[96.24589,5.26271],[96.25125,5.26289],[96.25772,5.26361],[96.26058,5.26411],[96.26098,5.26451],[96.26139,5.26537],[96.26176,5.26555],[96.26143,5.26532],[96.26,5.26214],[96.26129,5.26161],[96.26267,5.26462],[96.26264,5.26512],[96.26277,5.26468],[96.26152,5.26182],[96.26424,5.25981],[96.27097,5.25649],[96.27108,5.25658],[96.27104,5.25643],[96.27114,5.25637],[96.27139,5.25645],[96.27133,5.25631],[96.27702,5.25337],[96.27696,5.25323],[96.27708,5.25317],[96.27724,5.25327],[96.27955,5.25193],[96.27933,5.25161],[96.27958,5.25121],[96.28129,5.25033],[96.28698,5.24764],[96.29238,5.24531],[96.30499,5.24054],[96.30588,5.23986],[96.30578,5.23829],[96.30652,5.238],[96.30732,5.23843],[96.30758,5.23843],[96.30873,5.23766],[96.31099,5.23666],[96.3199,5.23289],[96.32491,5.23092],[96.32839,5.23003],[96.33219,5.22946],[96.33234,5.22926],[96.33227,5.22894],[96.33242,5.22878],[96.33314,5.22888],[96.33369,5.22881],[96.34178,5.22696],[96.34327,5.22649],[96.34297,5.226],[96.34084,5.22443],[96.34061,5.22392],[96.34,5.21924],[96.34117,5.21169],[96.34239,5.20743],[96.34217,5.20496],[96.34162,5.20305],[96.33964,5.20004],[96.33832,5.19722],[96.33798,5.19544],[96.33692,5.19146],[96.3365,5.18773],[96.33594,5.18609],[96.33513,5.18486],[96.33503,5.18343],[96.33556,5.18191],[96.33478,5.17896],[96.3344,5.17534],[96.33516,5.17292],[96.33589,5.16928],[96.33471,5.16711],[96.33481,5.15478],[96.33499,5.15054],[96.33538,5.14977],[96.33575,5.14946],[96.33539,5.14821],[96.33554,5.14759],[96.3366,5.14523],[96.33734,5.1446],[96.33766,5.14329],[96.3374,5.14124],[96.33785,5.13954],[96.33882,5.13812],[96.34087,5.13608],[96.34119,5.13593],[96.34147,5.13391],[96.34222,5.13191],[96.34302,5.13057],[96.34443,5.1291],[96.34599,5.12684],[96.34741,5.12704],[96.34819,5.12605],[96.3482,5.1255],[96.3463,5.12492],[96.34566,5.12416],[96.34662,5.12309],[96.34701,5.12206],[96.34684,5.12094],[96.34723,5.1193],[96.34724,5.11849],[96.34609,5.11509],[96.34648,5.11456],[96.34671,5.11352],[96.34669,5.11183],[96.34609,5.11115],[96.3458,5.11043],[96.34637,5.10924],[96.34698,5.10878],[96.34874,5.10823],[96.34937,5.1077],[96.34969,5.10627],[96.34943,5.10358],[96.34959,5.10228],[96.34989,5.1015],[96.35095,5.09976],[96.35159,5.09916],[96.35347,5.09661],[96.35379,5.09583],[96.35427,5.09386],[96.35523,5.09209],[96.35518,5.09152],[96.35384,5.08983],[96.35355,5.08899],[96.35401,5.08696],[96.35304,5.08542],[96.35119,5.08384],[96.35044,5.08275],[96.34827,5.08136],[96.34793,5.07975],[96.34823,5.07883],[96.34993,5.07657],[96.35035,5.07539],[96.35052,5.07328],[96.35015,5.06994],[96.35021,5.06866],[96.35232,5.06591],[96.35514,5.0645],[96.3566,5.06322],[96.35889,5.06152],[96.35955,5.06118],[96.36013,5.06053],[96.36099,5.05852],[96.36092,5.05726],[96.36114,5.05523],[96.36176,5.05344],[96.36217,5.05267],[96.36247,5.05146],[96.36351,5.04951],[96.3644,5.04829],[96.36482,5.04636],[96.36472,5.04469],[96.36446,5.04391],[96.36428,5.04155],[96.3643,5.03723],[96.36406,5.03518],[96.36365,5.03401],[96.36038,5.02981],[96.35944,5.02832],[96.35765,5.026],[96.35665,5.02533],[96.35382,5.02487],[96.35272,5.02375],[96.35011,5.02036],[96.34814,5.01843],[96.34695,5.01691],[96.34621,5.01544],[96.34625,5.01391],[96.34667,5.01159],[96.34661,5.01112],[96.34677,5.01002],[96.34726,5.0081],[96.34734,5.00664],[96.34718,5.00509],[96.3468,5.00362],[96.34671,5.001],[96.34708,4.99922],[96.347,4.99632],[96.34712,4.9953],[96.34657,4.99388],[96.34473,4.98992],[96.34348,4.98786],[96.34227,4.98703],[96.34168,4.98645],[96.34055,4.98512],[96.33923,4.98325],[96.33794,4.97937],[96.33742,4.97844],[96.33669,4.97749],[96.33484,4.97571],[96.32768,4.96935],[96.32714,4.96795],[96.32654,4.9659],[96.32685,4.96388],[96.32731,4.9624],[96.32805,4.9613],[96.3287,4.96077],[96.32918,4.96004],[96.33274,4.95335],[96.33427,4.95087],[96.33553,4.94929],[96.33999,4.94535],[96.3419,4.94425],[96.34456,4.94341],[96.34649,4.94388],[96.34452,4.94264],[96.34059,4.93861],[96.33967,4.9365],[96.33632,4.93104],[96.32539,4.91724],[96.32212,4.91565],[96.31602,4.91457],[96.31368,4.9143],[96.31121,4.91566],[96.30839,4.91617],[96.30524,4.91623],[96.30223,4.91437],[96.29903,4.91146],[96.28881,4.90965],[96.28566,4.9099],[96.28277,4.90988],[96.27957,4.90935],[96.27667,4.90973],[96.27326,4.91076],[96.26964,4.91206],[96.26354,4.91375],[96.25999,4.91591],[96.25452,4.92121],[96.25327,4.9227],[96.25278,4.92567],[96.2523,4.92752],[96.25103,4.93123],[96.25063,4.93292],[96.24966,4.93482],[96.24799,4.9367],[96.24412,4.93934],[96.24052,4.94153],[96.23672,4.94364],[96.23308,4.94548],[96.22625,4.94782],[96.22104,4.95184],[96.21767,4.95501],[96.21396,4.95741],[96.21157,4.95918],[96.21042,4.96067],[96.20908,4.96281],[96.20698,4.9671],[96.20442,4.973],[96.20251,4.98128],[96.20085,4.9839],[96.19847,4.98634],[96.19636,4.98894],[96.19084,4.99451],[96.19042,4.99545],[96.19,4.99743],[96.18982,4.99939],[96.18997,5.00023],[96.191,5.00133],[96.19201,5.00269],[96.19672,5.00823],[96.2005,5.01377],[96.20383,5.02558],[96.20444,5.02706],[96.2049,5.0306],[96.20604,5.03417],[96.20672,5.04013],[96.20648,5.04091],[96.20299,5.04708],[96.2023,5.04885],[96.20138,5.05038],[96.19743,5.05434],[96.19597,5.05634],[96.19576,5.05753],[96.19688,5.06048],[96.19664,5.06161],[96.19598,5.0622],[96.19515,5.06323],[96.19414,5.06407],[96.19347,5.06568],[96.19334,5.06635],[96.19338,5.06709],[96.19359,5.06818],[96.19426,5.07026],[96.19436,5.0711],[96.19393,5.07358],[96.19391,5.07536],[96.19302,5.07689],[96.19238,5.07717],[96.19044,5.07659],[96.1888,5.07449],[96.18837,5.07365],[96.18781,5.07153],[96.18719,5.07074],[96.18646,5.06998],[96.18463,5.06865],[96.18364,5.06828],[96.18159,5.06837],[96.17976,5.06871],[96.17882,5.06903],[96.17288,5.06866],[96.17084,5.06889],[96.1668,5.06839],[96.16536,5.06938],[96.16414,5.07078],[96.1622,5.07242],[96.15973,5.07388],[96.15322,5.0776],[96.15106,5.07803],[96.14887,5.07881],[96.14804,5.07898],[96.14608,5.07869],[96.14452,5.07766],[96.14433,5.07741],[96.13872,5.07448],[96.13752,5.07437],[96.13544,5.07473],[96.12985,5.07687],[96.12642,5.07794],[96.12256,5.0799],[96.11931,5.08191],[96.11725,5.08362],[96.11523,5.08587],[96.11465,5.08701],[96.11395,5.0889],[96.11275,5.09101],[96.11207,5.0915],[96.11046,5.09174],[96.10778,5.09168],[96.10656,5.09114],[96.10513,5.0907],[96.10264,5.08942],[96.10122,5.08941],[96.09986,5.08944],[96.09584,5.09012],[96.09189,5.09099],[96.08981,5.09167],[96.08645,5.09354],[96.08464,5.09435],[96.08265,5.09677],[96.07779,5.10117],[96.07429,5.10421],[96.07112,5.10626],[96.06721,5.10649],[96.06508,5.10605],[96.06205,5.10666],[96.05911,5.10764],[96.05764,5.10851],[96.05575,5.11027],[96.04865,5.11754],[96.04764,5.1188],[96.04712,5.12119],[96.04598,5.12417],[96.0453,5.12743],[96.04382,5.12998],[96.0412,5.13211],[96.03924,5.13329],[96.03344,5.13663],[96.02876,5.13886],[96.02757,5.1396],[96.02659,5.14036],[96.02503,5.14203],[96.02169,5.14492],[96.02026,5.14589],[96.02075,5.14635],[96.02102,5.14774],[96.02288,5.15029],[96.02292,5.15104],[96.02363,5.15187],[96.02467,5.15227],[96.02583,5.1533],[96.02565,5.15387],[96.02596,5.1544],[96.0261,5.15507],[96.02606,5.15677],[96.0258,5.15709],[96.02536,5.1572],[96.02462,5.15775],[96.02472,5.15848],[96.02426,5.15908],[96.02433,5.1593],[96.02497,5.16036],[96.02585,5.16121],[96.0261,5.16242],[96.02678,5.16277],[96.0272,5.16339],[96.02759,5.16374],[96.02784,5.16379],[96.02811,5.16361],[96.02836,5.16278],[96.02944,5.16231],[96.02964,5.16241],[96.03098,5.16433],[96.03116,5.16535],[96.0317,5.16597],[96.03185,5.16706],[96.03256,5.16795],[96.03244,5.16842],[96.0317,5.16876],[96.03164,5.16915],[96.03189,5.16963],[96.03233,5.1697],[96.03284,5.16961],[96.03321,5.16982],[96.03327,5.17069],[96.03385,5.17187],[96.03382,5.17326],[96.03393,5.17387],[96.03431,5.17421],[96.0348,5.17423],[96.03556,5.17369],[96.03577,5.17334],[96.03625,5.17334],[96.03648,5.17364],[96.03617,5.17403],[96.03632,5.17438],[96.03702,5.17417],[96.03785,5.17329],[96.03993,5.17213],[96.04073,5.17208],[96.04146,5.17236],[96.0428,5.17209],[96.04324,5.17225],[96.04342,5.17277],[96.04284,5.17391],[96.04288,5.17439],[96.04351,5.17465],[96.04585,5.1745],[96.04841,5.17737],[96.04933,5.17864],[96.04985,5.17998],[96.051,5.18193],[96.05224,5.18268],[96.05221,5.18363],[96.05102,5.18468],[96.05112,5.18557],[96.05145,5.18586],[96.05151,5.18664],[96.05092,5.18751],[96.04949,5.18884],[96.04909,5.18943],[96.04916,5.19092],[96.04994,5.19286],[96.04945,5.19296],[96.04909,5.1933],[96.04873,5.19337],[96.04868,5.19361],[96.04837,5.19384],[96.04751,5.19399],[96.04763,5.19424],[96.04801,5.19435],[96.04871,5.19426],[96.04877,5.19442],[96.048,5.19638],[96.04785,5.19707],[96.04766,5.19731],[96.04762,5.19779],[96.04794,5.19867],[96.04911,5.19919],[96.04989,5.19985],[96.05058,5.19977],[96.05091,5.20005],[96.05172,5.2004],[96.05263,5.20144],[96.0532,5.20187],[96.05386,5.20205],[96.0553,5.20216],[96.05614,5.20204],[96.0565,5.20222],[96.05571,5.2031],[96.05574,5.20333],[96.05592,5.20344],[96.05586,5.20362],[96.05536,5.20374],[96.05491,5.20348],[96.05439,5.20356],[96.05309,5.20457],[96.05203,5.20488],[96.05092,5.2058],[96.05073,5.20681],[96.05114,5.20828],[96.0512,5.20895],[96.05081,5.2097],[96.05065,5.21035],[96.0505,5.21049],[96.04999,5.21058],[96.04934,5.21024],[96.04906,5.21034],[96.04888,5.21059],[96.04891,5.21158],[96.04871,5.21227],[96.04895,5.21272],[96.04898,5.21324],[96.04845,5.21427],[96.048,5.21466],[96.04801,5.21556],[96.04721,5.21566],[96.04688,5.21582],[96.04678,5.21648],[96.04649,5.21681],[96.04552,5.21697],[96.04451,5.21688],[96.04431,5.21698],[96.04427,5.21843],[96.04377,5.21889],[96.04375,5.21916],[96.04397,5.21961],[96.04362,5.22014],[96.0435,5.22104],[96.04306,5.22227],[96.04307,5.2229],[96.04226,5.22368],[96.0422,5.22387],[96.04239,5.22448],[96.04154,5.22602],[96.04084,5.22653],[96.04092,5.22762],[96.04017,5.22931],[96.03954,5.23002],[96.03893,5.23048],[96.03888,5.23148],[96.03916,5.23167],[96.03907,5.23201],[96.03923,5.23309],[96.0395,5.23376],[96.03908,5.23423],[96.03918,5.23505],[96.03904,5.23515],[96.0394,5.23565],[96.0367,5.23703],[96.03848,5.24078],[96.03796,5.24103],[96.03812,5.24137],[96.03804,5.2414],[96.03978,5.24577],[96.0399,5.24586],[96.04037,5.24581],[96.0407,5.24605],[96.04119,5.24588],[96.04095,5.24511],[96.04083,5.24515],[96.04074,5.24482],[96.04253,5.24414],[96.04245,5.24396],[96.04264,5.24387],[96.04272,5.24406],[96.04638,5.24259],[96.04761,5.24561],[96.04751,5.24566],[96.04815,5.24672],[96.04823,5.24668],[96.04844,5.24698],[96.04856,5.24689],[96.04912,5.24781],[96.04937,5.24753],[96.04982,5.24814],[96.05004,5.24834],[96.05013,5.24825],[96.05037,5.24849],[96.05015,5.2487],[96.05034,5.24895],[96.05049,5.24883],[96.05091,5.24925],[96.0513,5.2489],[96.05198,5.24976],[96.05213,5.24967],[96.05252,5.2502],[96.0527,5.25006],[96.05345,5.25117],[96.05377,5.25188],[96.05387,5.25182],[96.05453,5.25308],[96.05445,5.25315],[96.05482,5.25388],[96.05447,5.25407],[96.05539,5.25519],[96.05554,5.25631],[96.05534,5.25772],[96.05606,5.25884],[96.05316,5.26034],[96.05325,5.26054],[96.05286,5.26072],[96.05331,5.26178],[96.05142,5.26249],[96.05157,5.26281],[96.051,5.26301],[96.05152,5.26412],[96.05075,5.26435],[96.05081,5.2646],[96.04837,5.26465],[96.04812,5.2649],[96.04725,5.26504],[96.04662,5.26526],[96.04674,5.26558],[96.04666,5.26565],[96.04496,5.26623],[96.04535,5.2671],[96.0454,5.26779],[96.04593,5.26952],[96.04599,5.27011],[96.04652,5.27156],[96.04665,5.27295],[96.04676,5.2731],[96.04729,5.27308],[96.04774,5.27327],[96.04843,5.27318],[96.0494,5.27544],[96.0495,5.27596],[96.0504,5.27758],[96.05046,5.27803],[96.05028,5.27844],[96.05029,5.27885],[96.05067,5.27996],[96.05097,5.28021],[96.05229,5.27985],[96.05256,5.28018],[96.05267,5.28014],[96.05393,5.28075],[96.05487,5.28299],[96.05544,5.28385],[96.05524,5.28399],[96.05548,5.2845],[96.0547,5.28489],[96.05584,5.28761],[96.05436,5.28833],[96.05485,5.28895],[96.05524,5.28883],[96.05582,5.289],[96.05636,5.28934],[96.05657,5.28963],[96.05727,5.28979],[96.05775,5.2904],[96.05786,5.29081],[96.05855,5.29071],[96.05882,5.29138],[96.05944,5.29151],[96.05973,5.29191],[96.06108,5.29225],[96.06214,5.29375],[96.06336,5.29422],[96.06354,5.2945],[96.06363,5.29535],[96.06407,5.29616],[96.06414,5.29713],[96.0658,5.29647],[96.06874,5.29414],[96.07017,5.29338],[96.07111,5.29329],[96.07215,5.29346],[96.07315,5.29395],[96.07424,5.29402],[96.07499,5.29346],[96.07623,5.29209],[96.07747,5.29159],[96.07803,5.29149],[96.07845,5.29031],[96.07927,5.28999],[96.07999,5.28996],[96.08097,5.29024],[96.08165,5.29004],[96.08229,5.28956],[96.0824,5.2892],[96.08403,5.28804],[96.08552,5.28675],[96.08619,5.28743],[96.08692,5.28683],[96.08782,5.28652],[96.08865,5.28628],[96.08993,5.28651],[96.09402,5.2848],[96.09466,5.28503],[96.09534,5.28564],[96.0963,5.28571],[96.09664,5.28637],[96.09686,5.28652],[96.09737,5.28647],[96.09783,5.28623],[96.09776,5.28499],[96.09802,5.28426],[96.09821,5.28403],[96.09843,5.28404],[96.09894,5.28441],[96.09954,5.28394],[96.10066,5.28348],[96.10401,5.28259],[96.10512,5.28283],[96.10529,5.28347],[96.10524,5.28434]]]}},{"type":"Feature","properties":{"nama":"Simeulue","provinsi":"Aceh","sumber":"Batas_Kab"},"geometry":{"type":"Polygon","coordinates":[[[96.65018,2.12479],[96.6506,2.12459],[96.65077,2.12427],[96.65112,2.12433],[96.65156,2.12419],[96.65222,2.12448],[96.65358,2.12432],[96.65402,2.1245],[96.65475,2.12431],[96.65541,2.12433],[96.65616,2.12393],[96.65708,2.12367],[96.65808,2.12369],[96.65856,2.12301],[96.65874,2.12305],[96.65906,2.12361],[96.6599,2.1234],[96.66039,2.12374],[96.66121,2.12395],[96.6617,2.12393],[96.66232,2.1237],[96.66322,2.12298],[96.66398,2.12255],[96.66484,2.12246],[96.66554,2.12216],[96.66705,2.1209],[96.66794,2.12051],[96.66857,2.11994],[96.66913,2.1192],[96.67018,2.11838],[96.6714,2.11704],[96.67182,2.11686],[96.67246,2.11689],[96.67301,2.11667],[96.67495,2.11485],[96.67744,2.11319],[96.67824,2.11226],[96.67869,2.11117],[96.67937,2.11002],[96.67983,2.10862],[96.68031,2.10767],[96.68043,2.10675],[96.6811,2.10548],[96.68118,2.10456],[96.68211,2.10246],[96.68213,2.10166],[96.6819,2.10151],[96.68183,2.10114],[96.68227,2.10072],[96.68252,2.10064],[96.68268,2.10038],[96.68274,2.09972],[96.68257,2.09939],[96.68255,2.09895],[96.68294,2.09845],[96.6839,2.09827],[96.68442,2.09792],[96.68496,2.09683],[96.68541,2.09632],[96.68548,2.09588],[96.68654,2.09489],[96.68787,2.09277],[96.68863,2.09102],[96.68864,2.08891],[96.68833,2.08783],[96.68839,2.08755],[96.68817,2.08741],[96.68802,2.08686],[96.68755,2.08623],[96.68743,2.08577],[96.68707,2.08521],[96.68609,2.08421],[96.68564,2.08349],[96.68494,2.08299],[96.68448,2.08229],[96.68384,2.08214],[96.6833,2.08165],[96.68306,2.08052],[96.68282,2.08013],[96.68255,2.08005],[96.68211,2.08015],[96.68194,2.07995],[96.68157,2.08021],[96.68057,2.07996],[96.68011,2.07869],[96.67979,2.07821],[96.67948,2.07798],[96.67936,2.07763],[96.67913,2.07747],[96.67913,2.07709],[96.67887,2.07659],[96.67888,2.07632],[96.67862,2.07622],[96.67848,2.07586],[96.67799,2.07543],[96.67785,2.0752],[96.67798,2.07486],[96.67757,2.07455],[96.67665,2.07405],[96.67611,2.07396],[96.67489,2.07308],[96.67382,2.07288],[96.67201,2.07329],[96.6712,2.07369],[96.67044,2.07375],[96.67007,2.07366],[96.67016,2.07332],[96.67006,2.07306],[96.66902,2.07252],[96.66795,2.0715],[96.6669,2.06949],[96.66635,2.0689],[96.66572,2.0687],[96.6646,2.06766],[96.66345,2.06724],[96.66297,2.06726],[96.66239,2.06752],[96.66212,2.06809],[96.6609,2.06826],[96.6605,2.06798],[96.65986,2.06707],[96.65959,2.067],[96.65887,2.06633],[96.65849,2.0662],[96.65826,2.06589],[96.65792,2.06581],[96.6569,2.06487],[96.65607,2.06451],[96.65559,2.06407],[96.65514,2.06405],[96.65475,2.06369],[96.65437,2.06363],[96.65434,2.06346],[96.65384,2.06311],[96.65358,2.0626],[96.6531,2.06212],[96.65314,2.06186],[96.65289,2.06114],[96.6529,2.06009],[96.65264,2.05955],[96.65181,2.05886],[96.65115,2.0587],[96.65068,2.05874],[96.65022,2.05813],[96.64938,2.05784],[96.64635,2.05786],[96.64574,2.05776],[96.64476,2.05804],[96.64424,2.0584],[96.64294,2.05972],[96.64231,2.06005],[96.64171,2.06058],[96.64139,2.06126],[96.64077,2.06116],[96.63949,2.06167],[96.63836,2.06041],[96.63733,2.06039],[96.63637,2.06059],[96.63542,2.06094],[96.63493,2.06132],[96.6325,2.06258],[96.62992,2.06427],[96.62875,2.06468],[96.62794,2.06532],[96.62761,2.06534],[96.62655,2.06628],[96.62545,2.06699],[96.62506,2.06761],[96.6244,2.06816],[96.62407,2.0688],[96.62342,2.06951],[96.62249,2.0711],[96.62195,2.07136],[96.62186,2.07162],[96.62131,2.07216],[96.61966,2.07352],[96.61746,2.07589],[96.61664,2.07711],[96.61622,2.07741],[96.61585,2.07824],[96.61462,2.08013],[96.61295,2.08458],[96.61274,2.08598],[96.61284,2.08696],[96.61264,2.08846],[96.61308,2.08953],[96.61321,2.09103],[96.61341,2.09136],[96.61429,2.09185],[96.61481,2.09243],[96.61508,2.09344],[96.61478,2.0938],[96.61475,2.09458],[96.61433,2.09497],[96.61397,2.09574],[96.61301,2.09633],[96.6122,2.09642],[96.61176,2.09701],[96.61159,2.09811],[96.61178,2.09827],[96.61189,2.09997],[96.61158,2.10053],[96.61166,2.10247],[96.61134,2.10359],[96.61144,2.10481],[96.61132,2.10495],[96.61152,2.10509],[96.61158,2.10536],[96.61154,2.10603],[96.61168,2.10613],[96.61156,2.10628],[96.61171,2.10662],[96.61164,2.10696],[96.61183,2.10728],[96.6118,2.10755],[96.61226,2.10807],[96.61274,2.10985],[96.61275,2.11059],[96.61325,2.11149],[96.61359,2.1118],[96.61377,2.11234],[96.61409,2.11254],[96.61474,2.11347],[96.61532,2.1139],[96.61585,2.11408],[96.61609,2.11437],[96.61692,2.11485],[96.61724,2.11529],[96.61867,2.11633],[96.62135,2.11778],[96.62188,2.11863],[96.62221,2.11882],[96.62263,2.11942],[96.6236,2.12007],[96.62381,2.12033],[96.62368,2.12056],[96.62418,2.12096],[96.62469,2.1212],[96.62541,2.12123],[96.62695,2.12217],[96.6277,2.12214],[96.62803,2.12174],[96.62849,2.12244],[96.62923,2.12263],[96.62949,2.12287],[96.62998,2.12264],[96.6307,2.12272],[96.63118,2.12233],[96.63178,2.12217],[96.63225,2.12242],[96.63272,2.12223],[96.63363,2.12279],[96.63438,2.1224],[96.63486,2.12194],[96.63633,2.12189],[96.63694,2.12163],[96.63743,2.12109],[96.63861,2.12088],[96.63886,2.12076],[96.63893,2.12058],[96.63928,2.12047],[96.64062,2.12034],[96.64225,2.12047],[96.64368,2.12132],[96.64426,2.12209],[96.64533,2.12315],[96.64624,2.12368],[96.64741,2.12397],[96.64766,2.12386],[96.64843,2.12391],[96.64861,2.12448],[96.64949,2.12481],[96.65018,2.12479]]]}},{"type":"Feature","properties":{"nama":"Simeulue","provinsi":"Aceh","sumber":"Batas_Kab"},"geometry":{"type":"Polygon","coordinates":[[[96.62531,2.18927],[96.62609,2.18887],[96.6266,2.18905],[96.62838,2.18868],[96.62871,2.18878],[96.62982,2.18876],[96.6302,2.18845],[96.6307,2.18848],[96.63117,2.18781],[96.63141,2.18801],[96.63147,2.18831],[96.63171,2.18843],[96.63234,2.18841],[96.63265,2.18819],[96.63308,2.1884],[96.63381,2.18825],[96.634,2.18806],[96.63419,2.18811],[96.63471,2.18755],[96.63501,2.18761],[96.63534,2.18741],[96.63563,2.18745],[96.63571,2.18725],[96.63616,2.18707],[96.63691,2.18624],[96.63728,2.1861],[96.63763,2.18559],[96.63835,2.18532],[96.64062,2.18297],[96.64054,2.18198],[96.64064,2.18183],[96.64089,2.18186],[96.641,2.18123],[96.64153,2.18048],[96.64283,2.17943],[96.64299,2.17949],[96.64311,2.17984],[96.64318,2.17977],[96.64331,2.17915],[96.64364,2.17858],[96.64353,2.17824],[96.64362,2.1773],[96.64396,2.17683],[96.64419,2.1768],[96.64451,2.17624],[96.64455,2.17551],[96.64432,2.17536],[96.64434,2.17508],[96.6449,2.17431],[96.64537,2.17405],[96.64581,2.1728],[96.64599,2.17279],[96.64714,2.1717],[96.64967,2.17064],[96.65012,2.17034],[96.65149,2.17003],[96.65331,2.17034],[96.65368,2.17054],[96.65402,2.17045],[96.65411,2.17079],[96.65447,2.17046],[96.65534,2.17043],[96.65548,2.17054],[96.65534,2.17148],[96.65558,2.17156],[96.65597,2.17075],[96.65663,2.17073],[96.65729,2.17103],[96.65779,2.17075],[96.65804,2.17029],[96.6586,2.17029],[96.6588,2.16997],[96.65917,2.16995],[96.65948,2.16959],[96.65976,2.16959],[96.6603,2.16934],[96.6605,2.16905],[96.66087,2.16916],[96.66175,2.16881],[96.66187,2.16844],[96.66251,2.16774],[96.66251,2.16555],[96.66188,2.16348],[96.66189,2.16292],[96.66153,2.16252],[96.6614,2.16216],[96.66139,2.16151],[96.66103,2.16077],[96.66091,2.16023],[96.66067,2.16009],[96.66056,2.15962],[96.66031,2.15934],[96.66009,2.15876],[96.65976,2.15869],[96.65953,2.15814],[96.65898,2.1578],[96.65894,2.15735],[96.65857,2.15645],[96.65814,2.15629],[96.65798,2.15583],[96.65757,2.15562],[96.65754,2.15525],[96.65722,2.15507],[96.65723,2.1547],[96.65697,2.15421],[96.65652,2.15424],[96.65627,2.15412],[96.65547,2.1533],[96.65523,2.15278],[96.65459,2.15243],[96.65447,2.15208],[96.6542,2.15179],[96.65356,2.1516],[96.65318,2.1511],[96.65269,2.15106],[96.6522,2.15069],[96.65149,2.15049],[96.64962,2.1503],[96.64868,2.15042],[96.64655,2.14991],[96.6452,2.15006],[96.64452,2.14993],[96.64358,2.15008],[96.64299,2.14981],[96.64169,2.15012],[96.64059,2.1501],[96.6402,2.15015],[96.63991,2.15033],[96.63876,2.15038],[96.63779,2.15058],[96.63747,2.15078],[96.63677,2.15063],[96.63495,2.15168],[96.63467,2.15172],[96.63454,2.15194],[96.63419,2.15209],[96.63371,2.15209],[96.63147,2.1537],[96.63037,2.15507],[96.62857,2.15631],[96.62744,2.15755],[96.62629,2.15917],[96.62579,2.15977],[96.6254,2.16003],[96.62473,2.16097],[96.62464,2.16127],[96.62416,2.16165],[96.62257,2.16343],[96.6224,2.16376],[96.62048,2.16576],[96.61929,2.16832],[96.61909,2.16863],[96.61878,2.16881],[96.61849,2.16941],[96.61784,2.17014],[96.6171,2.17003],[96.61653,2.17032],[96.61614,2.17062],[96.61608,2.17099],[96.61589,2.1712],[96.614,2.17222],[96.61385,2.17234],[96.61369,2.17328],[96.61208,2.1745],[96.61168,2.17504],[96.6112,2.17536],[96.6103,2.17656],[96.61027,2.17685],[96.6096,2.17815],[96.60905,2.17952],[96.6089,2.18066],[96.60862,2.1813],[96.60867,2.1818],[96.60931,2.18318],[96.6095,2.18396],[96.61038,2.18493],[96.61141,2.18568],[96.61359,2.18656],[96.61538,2.18662],[96.61711,2.18693],[96.61798,2.18734],[96.61851,2.18724],[96.61965,2.18739],[96.62059,2.18791],[96.62151,2.18798],[96.62289,2.18871],[96.62459,2.18887],[96.62473,2.18909],[96.62511,2.18903],[96.62531,2.18927]]]}},{"type":"Feature","properties":{"nama":"Simeulue","provinsi":"Aceh","sumber":"Batas_Kab"},"geometry":{"type":"Polygon","coordinates":[[[96.20407,2.35962],[96.20454,2.35801],[96.20509,2.35766],[96.20524,2.35741],[96.20529,2.35672],[96.20509,2.35622],[96.20478,2.35573],[96.204,2.35497],[96.20279,2.35407],[96.20234,2.35324],[96.20127,2.35218],[96.20027,2.35144],[96.19995,2.351],[96.19903,2.35053],[96.1984,2.3499],[96.19728,2.34948],[96.19671,2.34862],[96.19636,2.34903],[96.19589,2.34875],[96.19427,2.34858],[96.19408,2.3483],[96.19247,2.34928],[96.19229,2.35019],[96.19185,2.35062],[96.19139,2.35136],[96.19177,2.35265],[96.19136,2.3538],[96.19145,2.35587],[96.1916,2.35632],[96.19298,2.35743],[96.19359,2.35837],[96.1947,2.35846],[96.19529,2.35906],[96.19573,2.35922],[96.19656,2.35922],[96.19691,2.35891],[96.19751,2.35887],[96.19875,2.35917],[96.19959,2.35922],[96.2002,2.35898],[96.20108,2.3594],[96.20164,2.35932],[96.20387,2.35964],[96.20407,2.35962]]]}},{"type":"Feature","properties":{"nama":"Simeulue","provinsi":"Aceh","sumber":"Batas_Kab"},"geometry":{"type":"Polygon","coordinates":[[[96.20404,2.36106],[96.20429,2.36038],[96.20385,2.36035],[96.20352,2.36073],[96.20355,2.36099],[96.20378,2.36113],[96.20404,2.36106]]]}},{"type":"Feature","properties":{"nama":"Simeulue","provinsi":"Aceh","sumber":"Batas_Kab"},"geometry":{"type":"Polygon","coordinates":[[[96.25736,2.37294],[96.2576,2.37306],[96.25775,2.37294],[96.25746,2.37217],[96.25714,2.3717],[96.25729,2.37119],[96.2572,2.37065],[96.25645,2.36991],[96.25637,2.36933],[96.25664,2.36781],[96.25691,2.367],[96.25753,2.3663],[96.25807,2.36527],[96.25855,2.36466],[96.25929,2.36437],[96.25984,2.3639],[96.26079,2.36339],[96.26089,2.36326],[96.2609,2.36264],[96.26101,2.3626],[96.26109,2.36229],[96.26103,2.36202],[96.26079,2.36163],[96.25975,2.36089],[96.25881,2.35987],[96.25676,2.35837],[96.25615,2.35756],[96.25568,2.35603],[96.25582,2.35448],[96.25563,2.35412],[96.2554,2.35241],[96.25547,2.35162],[96.25477,2.34996],[96.25365,2.34901],[96.25251,2.3485],[96.2521,2.34794],[96.25073,2.34711],[96.25013,2.34638],[96.2496,2.34626],[96.24864,2.34575],[96.24822,2.34526],[96.24663,2.34539],[96.24626,2.34521],[96.24608,2.34497],[96.24584,2.34495],[96.24531,2.3451],[96.24326,2.34523],[96.24245,2.34547],[96.24148,2.34547],[96.24021,2.34524],[96.23805,2.34507],[96.23763,2.34482],[96.23637,2.34492],[96.2355,2.34474],[96.2351,2.34489],[96.23281,2.34607],[96.23221,2.34663],[96.23143,2.34691],[96.23103,2.34731],[96.22919,2.3482],[96.22694,2.34968],[96.22619,2.35032],[96.22554,2.35063],[96.22508,2.35143],[96.22476,2.35252],[96.22423,2.35313],[96.22388,2.35391],[96.22365,2.35408],[96.22247,2.35568],[96.22085,2.35741],[96.22029,2.35754],[96.21955,2.35791],[96.21879,2.3586],[96.21887,2.35895],[96.22051,2.35934],[96.22159,2.36013],[96.22263,2.36027],[96.22388,2.36089],[96.22562,2.36039],[96.22623,2.36039],[96.22714,2.36014],[96.22875,2.35927],[96.22901,2.35924],[96.23031,2.35925],[96.23139,2.35953],[96.2322,2.3596],[96.23302,2.35943],[96.23341,2.35971],[96.23443,2.36007],[96.23564,2.36002],[96.23669,2.36016],[96.2376,2.36043],[96.2383,2.36082],[96.23944,2.36081],[96.24024,2.36115],[96.24041,2.36083],[96.24061,2.36085],[96.24089,2.36106],[96.24108,2.36153],[96.24137,2.36172],[96.24184,2.36181],[96.24219,2.36166],[96.24246,2.3619],[96.24264,2.36166],[96.24281,2.36169],[96.24285,2.36206],[96.24322,2.36234],[96.24304,2.36287],[96.24451,2.36313],[96.24504,2.36351],[96.24541,2.36399],[96.24626,2.36421],[96.24772,2.36488],[96.24987,2.36647],[96.25026,2.36665],[96.25184,2.36877],[96.25265,2.3697],[96.25298,2.36984],[96.25361,2.37056],[96.25502,2.37267],[96.25524,2.3731],[96.25525,2.37345],[96.25565,2.37386],[96.25577,2.37395],[96.25669,2.37372],[96.25736,2.37294]]]}},{"type":"Feature","properties":{"nama":"Simeulue","provinsi":"Aceh","sumber":"Batas_Kab"},"geometry":{"type":"Polygon","coordinates":[[[96.33213,2.38324],[96.33178,2.38334],[96.33143,2.38383],[96.33248,2.3847],[96.33274,2.38478],[96.33302,2.38538],[96.33347,2.38587],[96.33365,2.38591],[96.33383,2.38558],[96.3338,2.38503],[96.33327,2.38446],[96.33282,2.38371],[96.33213,2.38324]]]}},{"type":"Feature","properties":{"nama":"Simeulue","provinsi":"Aceh","sumber":"Batas_Kab"},"geometry":{"type":"Polygon","coordinates":[[[96.50353,2.41162],[96.50337,2.41154],[96.50332,2.41207],[96.50358,2.41182],[96.50353,2.41162]]]}},{"type":"Feature","properties":{"nama":"Simeulue","provinsi":"Aceh","sumber":"Batas_Kab"},"geometry":{"type":"Polygon","coordinates":[[[96.50411,2.41277],[96.50405,2.41255],[96.50379,2.41271],[96.50362,2.41266],[96.50338,2.41288],[96.50334,2.41309],[96.50367,2.41321],[96.50411,2.41277]]]}},{"type":"Feature","properties":{"nama":"Simeulue","provinsi":"Aceh","sumber":"Batas_Kab"},"geometry":{"type":"Polygon","coordinates":[[[96.2307,2.41645],[96.23141,2.41627],[96.23185,2.41555],[96.23188,2.41536],[96.2316,2.41528],[96.23163,2.4151],[96.23187,2.41495],[96.23209,2.41502],[96.23221,2.41477],[96.2322,2.41441],[96.23183,2.41398],[96.23182,2.41379],[96.23211,2.41355],[96.23181,2.41266],[96.23161,2.41247],[96.23132,2.41243],[96.23082,2.41269],[96.23039,2.41264],[96.22951,2.41321],[96.22899,2.413],[96.22886,2.41339],[96.22897,2.41354],[96.2287,2.41358],[96.22856,2.41387],[96.22882,2.41415],[96.22891,2.41498],[96.22908,2.41538],[96.23053,2.41621],[96.2307,2.41645]]]}},{"type":"Feature","properties":{"nama":"Simeulue","provinsi":"Aceh","sumber":"Batas_Kab"},"geometry":{"type":"Polygon","coordinates":[[[96.50062,2.41464],[96.50043,2.41465],[96.50039,2.41494],[96.50107,2.4164],[96.501,2.41699],[96.50116,2.41707],[96.50154,2.41676],[96.50157,2.41637],[96.50062,2.41464]]]}},{"type":"Feature","properties":{"nama":"Simeulue","provinsi":"Aceh","sumber":"Batas_Kab"},"geometry":{"type":"Polygon","coordinates":[[[96.49099,2.42022],[96.49066,2.42046],[96.49065,2.42061],[96.49084,2.42074],[96.49105,2.42065],[96.49099,2.42022]]]}},{"type":"Feature","properties":{"nama":"Simeulue","provinsi":"Aceh","sumber":"Batas_Kab"},"geometry":{"type":"Polygon","coordinates":[[[96.48966,2.42076],[96.49002,2.42079],[96.49015,2.42042],[96.49002,2.42022],[96.48941,2.42017],[96.48873,2.41988],[96.48878,2.42036],[96.48928,2.4211],[96.48966,2.42076]]]}},{"type":"Feature","properties":{"nama":"Simeulue","provinsi":"Aceh","sumber":"Batas_Kab"},"geometry":{"type":"Polygon","coordinates":[[[96.48759,2.42087],[96.4873,2.42093],[96.4873,2.42118],[96.48743,2.42138],[96.48785,2.42151],[96.48759,2.42087]]]}},{"type":"Feature","properties":{"nama":"Simeulue","provinsi":"Aceh","sumber":"Batas_Kab"},"geometry":{"type":"Polygon","coordinates":[[[96.49127,2.42121],[96.49104,2.42125],[96.49107,2.42155],[96.49135,2.42172],[96.49162,2.42162],[96.49158,2.42134],[96.49127,2.42121]]]}},{"type":"Feature","properties":{"nama":"Simeulue","provinsi":"Aceh","sumber":"Batas_Kab"},"geometry":{"type":"Polygon","coordinates":[[[96.48438,2.42304],[96.48474,2.42313],[96.48502,2.42349],[96.48561,2.42336],[96.48541,2.42218],[96.48562,2.42199],[96.48604,2.42224],[96.48667,2.42334],[96.48683,2.42331],[96.4869,2.42312],[96.48727,2.42283],[96.4873,2.42257],[96.48664,2.42188],[96.4862,2.42116],[96.48531,2.42117],[96.48512,2.42085],[96.48492,2.42079],[96.48445,2.42099],[96.48331,2.42098],[96.48333,2.42131],[96.4838,2.42165],[96.48352,2.42205],[96.48268,2.42185],[96.48259,2.42225],[96.48349,2.4226],[96.48329,2.42327],[96.48365,2.42358],[96.4841,2.42337],[96.48438,2.42304]]]}},{"type":"Feature","properties":{"nama":"Simeulue","provinsi":"Aceh","sumber":"Batas_Kab"},"geometry":{"type":"Polygon","coordinates":[[[96.52181,2.42468],[96.52164,2.42477],[96.52177,2.42507],[96.52199,2.42488],[96.52181,2.42468]]]}},{"type":"Feature","properties":{"nama":"Simeulue","provinsi":"Aceh","sumber":"Batas_Kab"},"geometry":{"type":"Polygon","coordinates":[[[96.52484,2.42663],[96.52456,2.42649],[96.52424,2.42648],[96.52439,2.42692],[96.52463,2.42705],[96.52489,2.42698],[96.52484,2.42663]]]}},{"type":"Feature","properties":{"nama":"Simeulue","provinsi":"Aceh","sumber":"Batas_Kab"},"geometry":{"type":"Polygon","coordinates":[[[96.48503,2.42929],[96.48502,2.42864],[96.4848,2.4285],[96.48388,2.42819],[96.48375,2.4279],[96.48377,2.42731],[96.48322,2.42726],[96.48299,2.42736],[96.48233,2.42719],[96.48249,2.42699],[96.48382,2.42689],[96.48434,2.42628],[96.48452,2.42584],[96.48436,2.42501],[96.48396,2.42471],[96.48359,2.42391],[96.48323,2.42391],[96.48295,2.42328],[96.4826,2.42328],[96.48235,2.42368],[96.48191,2.42385],[96.48164,2.42365],[96.48142,2.42399],[96.48024,2.4244],[96.4801,2.42486],[96.48029,2.42535],[96.48036,2.42636],[96.48133,2.42852],[96.48183,2.42875],[96.48386,2.42878],[96.48458,2.42893],[96.48506,2.4301],[96.48532,2.43015],[96.48536,2.43001],[96.48503,2.42929]]]}},{"type":"Feature","properties":{"nama":"Simeulue","provinsi":"Aceh","sumber":"Batas_Kab"},"geometry":{"type":"Polygon","coordinates":[[[96.48645,2.43392],[96.4869,2.43342],[96.48696,2.43329],[96.48682,2.43326],[96.48616,2.43367],[96.48612,2.43397],[96.48645,2.43392]]]}},{"type":"Feature","properties":{"nama":"Simeulue","provinsi":"Aceh","sumber":"Batas_Kab"},"geometry":{"type":"Polygon","coordinates":[[[96.48793,2.43418],[96.48742,2.43411],[96.48758,2.4344],[96.48798,2.43454],[96.48793,2.43418]]]}},{"type":"Feature","properties":{"nama":"Simeulue","provinsi":"Aceh","sumber":"Batas_Kab"},"geometry":{"type":"Polygon","coordinates":[[[96.48428,2.43511],[96.48408,2.43526],[96.48422,2.4356],[96.48454,2.43581],[96.48476,2.4358],[96.48481,2.43528],[96.48428,2.43511]]]}},{"type":"Feature","properties":{"nama":"Simeulue","provinsi":"Aceh","sumber":"Batas_Kab"},"geometry":{"type":"Polygon","coordinates":[[[96.48642,2.43579],[96.48673,2.43581],[96.48679,2.43552],[96.48667,2.43536],[96.48652,2.43558],[96.48631,2.43507],[96.48608,2.43537],[96.48612,2.43609],[96.48642,2.43579]]]}},{"type":"Feature","properties":{"nama":"Simeulue","provinsi":"Aceh","sumber":"Batas_Kab"},"geometry":{"type":"Polygon","coordinates":[[[96.48554,2.43573],[96.48538,2.43572],[96.48523,2.43616],[96.48531,2.43645],[96.48554,2.43614],[96.48554,2.43573]]]}},{"type":"Feature","properties":{"nama":"Simeulue","provinsi":"Aceh","sumber":"Batas_Kab"},"geometry":{"type":"Polygon","coordinates":[[[96.48675,2.43619],[96.48656,2.436],[96.48645,2.43624],[96.48643,2.43716],[96.48654,2.43677],[96.48677,2.43662],[96.48657,2.43639],[96.48675,2.43619]]]}},{"type":"Feature","properties":{"nama":"Simeulue","provinsi":"Aceh","sumber":"Batas_Kab"},"geometry":{"type":"Polygon","coordinates":[[[96.48694,2.43686],[96.48673,2.43704],[96.48677,2.43726],[96.48694,2.43712],[96.48694,2.43686]]]}},{"type":"Feature","properties":{"nama":"Simeulue","provinsi":"Aceh","sumber":"Batas_Kab"},"geometry":{"type":"Polygon","coordinates":[[[96.48813,2.43543],[96.48788,2.43541],[96.48792,2.43506],[96.48773,2.43475],[96.48746,2.43465],[96.48721,2.43474],[96.48708,2.43554],[96.48731,2.43652],[96.48787,2.43726],[96.48802,2.43727],[96.48808,2.43709],[96.48785,2.43696],[96.48722,2.43558],[96.48724,2.43522],[96.48764,2.43491],[96.48774,2.43506],[96.48762,2.4353],[96.48789,2.43621],[96.48865,2.43694],[96.4883,2.43735],[96.48869,2.43741],[96.48898,2.43714],[96.48897,2.43696],[96.48865,2.43631],[96.48819,2.43595],[96.48805,2.4356],[96.48813,2.43543]]]}},{"type":"Feature","properties":{"nama":"Simeulue","provinsi":"Aceh","sumber":"Batas_Kab"},"geometry":{"type":"Polygon","coordinates":[[[96.48704,2.43804],[96.48731,2.4376],[96.48762,2.43766],[96.48753,2.43731],[96.48716,2.43731],[96.48687,2.4375],[96.48665,2.43732],[96.48668,2.43778],[96.48647,2.43771],[96.4864,2.43796],[96.48644,2.43808],[96.48674,2.43815],[96.48704,2.43804]]]}},{"type":"Feature","properties":{"nama":"Simeulue","provinsi":"Aceh","sumber":"Batas_Kab"},"geometry":{"type":"Polygon","coordinates":[[[96.48483,2.43736],[96.48458,2.43728],[96.48424,2.43781],[96.48423,2.43812],[96.48455,2.43809],[96.48483,2.43736]]]}},{"type":"Feature","properties":{"nama":"Simeulue","provinsi":"Aceh","sumber":"Batas_Kab"},"geometry":{"type":"Polygon","coordinates":[[[96.49007,2.43891],[96.49017,2.43865],[96.48964,2.43879],[96.48941,2.43873],[96.4893,2.43855],[96.48942,2.43827],[96.48908,2.43819],[96.48895,2.43752],[96.48889,2.43872],[96.48926,2.43893],[96.49007,2.43891]]]}},{"type":"Feature","properties":{"nama":"Simeulue","provinsi":"Aceh","sumber":"Batas_Kab"},"geometry":{"type":"Polygon","coordinates":[[[96.48945,2.43962],[96.48905,2.43952],[96.4891,2.43964],[96.48945,2.43962]]]}},{"type":"Feature","properties":{"nama":"Simeulue","provinsi":"Aceh","sumber":"Batas_Kab"},"geometry":{"type":"Polygon","coordinates":[[[96.49002,2.43966],[96.48982,2.43971],[96.48982,2.43981],[96.4901,2.43994],[96.49002,2.43966]]]}},{"type":"Feature","properties":{"nama":"Simeulue","provinsi":"Aceh","sumber":"Batas_Kab"},"geometry":{"type":"Polygon","coordinates":[[[96.49258,2.44007],[96.49292,2.43876],[96.4933,2.43907],[96.49346,2.43903],[96.49342,2.43885],[96.49303,2.43848],[96.49301,2.43807],[96.49399,2.43787],[96.49411,2.43773],[96.49405,2.43713],[96.49461,2.43715],[96.49441,2.43614],[96.49452,2.43586],[96.49502,2.43553],[96.49507,2.43485],[96.4956,2.4344],[96.49635,2.43406],[96.49891,2.43344],[96.50086,2.43344],[96.5016,2.43366],[96.50245,2.43369],[96.50331,2.43351],[96.5041,2.43316],[96.50533,2.43326],[96.50682,2.43285],[96.50715,2.43266],[96.50754,2.43175],[96.50874,2.43103],[96.50938,2.43033],[96.51023,2.4302],[96.51098,2.43057],[96.51138,2.43058],[96.51206,2.42989],[96.51322,2.42962],[96.51359,2.4293],[96.51456,2.42897],[96.51475,2.42876],[96.51473,2.42826],[96.51507,2.42769],[96.51633,2.42703],[96.51759,2.42557],[96.51754,2.42501],[96.51699,2.42356],[96.51635,2.42256],[96.51591,2.42216],[96.5159,2.42155],[96.51514,2.42105],[96.51482,2.42069],[96.51363,2.42005],[96.51323,2.41943],[96.51249,2.41896],[96.51228,2.41844],[96.51167,2.41794],[96.51115,2.41718],[96.51115,2.41619],[96.51096,2.41559],[96.51084,2.41545],[96.51058,2.41541],[96.51039,2.415],[96.51003,2.41486],[96.50973,2.41509],[96.50895,2.41507],[96.50864,2.41529],[96.50709,2.41515],[96.50622,2.41566],[96.506,2.41608],[96.50515,2.41685],[96.50464,2.4167],[96.50372,2.41689],[96.50309,2.41664],[96.50194,2.41679],[96.50202,2.4171],[96.50243,2.41726],[96.50291,2.41818],[96.50321,2.4181],[96.50349,2.41858],[96.50283,2.41863],[96.5025,2.41843],[96.50193,2.41848],[96.50188,2.41832],[96.50173,2.41831],[96.50083,2.41887],[96.5,2.41871],[96.49872,2.41812],[96.49843,2.41786],[96.49839,2.4169],[96.49865,2.41644],[96.49854,2.41604],[96.49876,2.41563],[96.49869,2.4153],[96.49887,2.41473],[96.49927,2.41416],[96.49966,2.41406],[96.50004,2.41377],[96.50021,2.41385],[96.50043,2.41371],[96.50084,2.41416],[96.50137,2.41423],[96.50186,2.41397],[96.50239,2.41394],[96.5031,2.41319],[96.50291,2.41226],[96.50256,2.4117],[96.50122,2.4118],[96.50075,2.41163],[96.50026,2.41195],[96.49972,2.41258],[96.49945,2.41269],[96.49902,2.41323],[96.49917,2.41388],[96.49905,2.41416],[96.49804,2.41528],[96.49775,2.41617],[96.49754,2.41644],[96.49712,2.41676],[96.4967,2.41675],[96.49623,2.41743],[96.4963,2.41824],[96.49603,2.41868],[96.49538,2.41914],[96.495,2.41917],[96.49463,2.4195],[96.49426,2.4196],[96.49364,2.41882],[96.49344,2.41883],[96.4931,2.4191],[96.49213,2.41898],[96.49124,2.41822],[96.49024,2.41846],[96.48964,2.4182],[96.48917,2.41846],[96.48839,2.41817],[96.48783,2.41855],[96.48603,2.41905],[96.48601,2.41927],[96.48612,2.41935],[96.48824,2.41919],[96.4886,2.41936],[96.48918,2.41904],[96.49026,2.41946],[96.49058,2.4197],[96.49083,2.41943],[96.4913,2.41939],[96.49162,2.4197],[96.49216,2.4199],[96.49215,2.42006],[96.49192,2.42015],[96.49138,2.42004],[96.49122,2.42037],[96.49179,2.42137],[96.49221,2.42147],[96.49196,2.42178],[96.49202,2.42215],[96.4919,2.42249],[96.49258,2.42276],[96.4926,2.42296],[96.49206,2.42295],[96.49143,2.42262],[96.49111,2.42267],[96.49049,2.42223],[96.4904,2.42182],[96.49002,2.42149],[96.4897,2.42168],[96.48955,2.42233],[96.48913,2.42254],[96.48908,2.42274],[96.48928,2.4235],[96.48909,2.4234],[96.48868,2.42279],[96.48813,2.42248],[96.48807,2.4223],[96.4877,2.42225],[96.48769,2.42252],[96.48827,2.42368],[96.48814,2.42383],[96.48773,2.42359],[96.4876,2.42365],[96.48779,2.42446],[96.48768,2.42503],[96.48733,2.42541],[96.48672,2.42544],[96.48653,2.42573],[96.4854,2.42564],[96.4851,2.42597],[96.48549,2.42687],[96.48629,2.427],[96.4869,2.42789],[96.48717,2.42794],[96.48749,2.42782],[96.48783,2.42796],[96.4879,2.42842],[96.48749,2.4291],[96.48742,2.42956],[96.48772,2.42964],[96.48791,2.42919],[96.48816,2.42903],[96.48892,2.42901],[96.48987,2.42981],[96.49001,2.43026],[96.49057,2.43067],[96.49051,2.4313],[96.49062,2.43147],[96.49103,2.43159],[96.49127,2.43135],[96.49144,2.43134],[96.49134,2.43199],[96.49148,2.43236],[96.49121,2.43261],[96.49109,2.43334],[96.49093,2.43343],[96.49089,2.43325],[96.49057,2.43304],[96.49,2.43311],[96.48974,2.43262],[96.48925,2.43293],[96.48912,2.43347],[96.48847,2.4337],[96.48831,2.43403],[96.48897,2.43415],[96.48882,2.43454],[96.48899,2.43486],[96.48963,2.43484],[96.48927,2.43507],[96.48919,2.43535],[96.48934,2.4359],[96.48988,2.43617],[96.48955,2.43632],[96.48957,2.43677],[96.48929,2.43651],[96.48922,2.43657],[96.48934,2.43692],[96.48928,2.43749],[96.4898,2.43783],[96.49046,2.43769],[96.4907,2.43775],[96.49073,2.43792],[96.49045,2.43819],[96.49046,2.43836],[96.4909,2.4382],[96.49116,2.4383],[96.49139,2.43892],[96.4913,2.43991],[96.49186,2.43965],[96.49249,2.4401],[96.49258,2.44007]]]}},{"type":"Feature","properties":{"nama":"Simeulue","provinsi":"Aceh","sumber":"Batas_Kab"},"geometry":{"type":"Polygon","coordinates":[[[96.47694,2.4402],[96.4776,2.44019],[96.47878,2.43975],[96.47995,2.43948],[96.48119,2.43894],[96.48201,2.43891],[96.48221,2.43851],[96.48254,2.43833],[96.48274,2.43831],[96.48321,2.43876],[96.48342,2.43876],[96.48358,2.43859],[96.48357,2.43827],[96.48342,2.43803],[96.48414,2.43748],[96.48454,2.43639],[96.48388,2.43523],[96.48373,2.43442],[96.48306,2.43386],[96.48328,2.43317],[96.48385,2.43308],[96.48362,2.43267],[96.48337,2.43288],[96.48306,2.43288],[96.48286,2.43325],[96.48268,2.43328],[96.48215,2.43274],[96.48217,2.43243],[96.48169,2.4324],[96.48106,2.43197],[96.48065,2.43218],[96.48063,2.43238],[96.48176,2.43429],[96.48183,2.43466],[96.48169,2.43491],[96.48132,2.43491],[96.48056,2.43439],[96.48049,2.43389],[96.48022,2.4333],[96.47952,2.4333],[96.47908,2.43387],[96.47849,2.43545],[96.47646,2.43564],[96.47594,2.43623],[96.47567,2.43634],[96.47563,2.43682],[96.47593,2.43819],[96.47591,2.43939],[96.4758,2.4397],[96.476,2.43988],[96.47679,2.43994],[96.47694,2.4402]]]}},{"type":"Feature","properties":{"nama":"Simeulue","provinsi":"Aceh","sumber":"Batas_Kab"},"geometry":{"type":"Polygon","coordinates":[[[96.49104,2.44062],[96.49069,2.44039],[96.49091,2.44074],[96.49104,2.44062]]]}},{"type":"Feature","properties":{"nama":"Simeulue","provinsi":"Aceh","sumber":"Batas_Kab"},"geometry":{"type":"Polygon","coordinates":[[[96.48968,2.44075],[96.4898,2.44017],[96.4895,2.44033],[96.4896,2.44113],[96.48988,2.4416],[96.49023,2.44177],[96.49021,2.44125],[96.48968,2.44075]]]}},{"type":"Feature","properties":{"nama":"Simeulue","provinsi":"Aceh","sumber":"Batas_Kab"},"geometry":{"type":"Polygon","coordinates":[[[96.3922,2.47066],[96.39202,2.47072],[96.39207,2.47169],[96.39231,2.47154],[96.39239,2.47129],[96.3922,2.47066]]]}},{"type":"Feature","properties":{"nama":"Simeulue","provinsi":"Aceh","sumber":"Batas_Kab"},"geometry":{"type":"Polygon","coordinates":[[[96.39199,2.47174],[96.39182,2.47177],[96.3918,2.47209],[96.39207,2.47201],[96.39199,2.47174]]]}},{"type":"Feature","properties":{"nama":"Simeulue","provinsi":"Aceh","sumber":"Batas_Kab"},"geometry":{"type":"Polygon","coordinates":[[[96.42679,2.481],[96.42761,2.47972],[96.42764,2.47928],[96.42717,2.47951],[96.42715,2.48005],[96.42666,2.48068],[96.42656,2.48112],[96.42679,2.481]]]}},{"type":"Feature","properties":{"nama":"Simeulue","provinsi":"Aceh","sumber":"Batas_Kab"},"geometry":{"type":"Polygon","coordinates":[[[96.38678,2.48258],[96.38655,2.48257],[96.38641,2.48271],[96.38642,2.48314],[96.38667,2.48317],[96.38685,2.48302],[96.38678,2.48258]]]}},{"type":"Feature","properties":{"nama":"Simeulue","provinsi":"Aceh","sumber":"Batas_Kab"},"geometry":{"type":"Polygon","coordinates":[[[96.42259,2.48345],[96.42241,2.48348],[96.42244,2.48372],[96.42353,2.48486],[96.42359,2.48467],[96.42337,2.48396],[96.42259,2.48345]]]}},{"type":"Feature","properties":{"nama":"Simeulue","provinsi":"Aceh","sumber":"Batas_Kab"},"geometry":{"type":"Polygon","coordinates":[[[96.38257,2.48505],[96.38242,2.48478],[96.38228,2.48477],[96.38161,2.48514],[96.38152,2.48541],[96.38172,2.48613],[96.38207,2.48598],[96.38223,2.48548],[96.38257,2.48505]]]}},{"type":"Feature","properties":{"nama":"Simeulue","provinsi":"Aceh","sumber":"Batas_Kab"},"geometry":{"type":"Polygon","coordinates":[[[96.39794,2.48893],[96.39961,2.48867],[96.39982,2.48848],[96.3998,2.4883],[96.39935,2.48799],[96.39917,2.48804],[96.39923,2.48819],[96.3991,2.4883],[96.39848,2.48816],[96.39816,2.48834],[96.39794,2.48893]]]}},{"type":"Feature","properties":{"nama":"Simeulue","provinsi":"Aceh","sumber":"Batas_Kab"},"geometry":{"type":"Polygon","coordinates":[[[96.37751,2.4898],[96.37727,2.48999],[96.37741,2.4902],[96.37766,2.49007],[96.37751,2.4898]]]}},{"type":"Feature","properties":{"nama":"Simeulue","provinsi":"Aceh","sumber":"Batas_Kab"},"geometry":{"type":"Polygon","coordinates":[[[96.39733,2.48999],[96.3972,2.48993],[96.39676,2.49028],[96.39679,2.49081],[96.39733,2.48999]]]}},{"type":"Feature","properties":{"nama":"Simeulue","provinsi":"Aceh","sumber":"Batas_Kab"},"geometry":{"type":"Polygon","coordinates":[[[96.37732,2.49084],[96.37714,2.49107],[96.37734,2.49116],[96.37747,2.49095],[96.37732,2.49084]]]}},{"type":"Feature","properties":{"nama":"Simeulue","provinsi":"Aceh","sumber":"Batas_Kab"},"geometry":{"type":"Polygon","coordinates":[[[96.39592,2.49368],[96.39625,2.49306],[96.3964,2.49214],[96.39668,2.49179],[96.39655,2.49134],[96.39625,2.49235],[96.39602,2.49265],[96.39578,2.49376],[96.39541,2.49418],[96.3956,2.49459],[96.39573,2.49449],[96.39592,2.49368]]]}},{"type":"Feature","properties":{"nama":"Simeulue","provinsi":"Aceh","sumber":"Batas_Kab"},"geometry":{"type":"Polygon","coordinates":[[[96.40242,2.49605],[96.40234,2.496],[96.40182,2.49657],[96.40165,2.49703],[96.40096,2.49797],[96.40106,2.49822],[96.40142,2.49813],[96.40193,2.4977],[96.40236,2.49671],[96.40242,2.49605]]]}},{"type":"Feature","properties":{"nama":"Simeulue","provinsi":"Aceh","sumber":"Batas_Kab"},"geometry":{"type":"Polygon","coordinates":[[[96.37414,2.49922],[96.37358,2.49907],[96.37378,2.49925],[96.37414,2.49922]]]}},{"type":"Feature","properties":{"nama":"Simeulue","provinsi":"Aceh","sumber":"Batas_Kab"},"geometry":{"type":"Polygon","coordinates":[[[96.37754,2.49911],[96.37739,2.49917],[96.37761,2.49943],[96.37765,2.49925],[96.37754,2.49911]]]}},{"type":"Feature","properties":{"nama":"Simeulue","provinsi":"Aceh","sumber":"Batas_Kab"},"geometry":{"type":"Polygon","coordinates":[[[96.3745,2.49921],[96.3743,2.49928],[96.37471,2.49951],[96.37493,2.49938],[96.3745,2.49921]]]}},{"type":"Feature","properties":{"nama":"Simeulue","provinsi":"Aceh","sumber":"Batas_Kab"},"geometry":{"type":"Polygon","coordinates":[[[96.37649,2.49958],[96.37557,2.49917],[96.37669,2.50027],[96.37715,2.50017],[96.37649,2.49958]]]}},{"type":"Feature","properties":{"nama":"Simeulue","provinsi":"Aceh","sumber":"Batas_Kab"},"geometry":{"type":"Polygon","coordinates":[[[96.36963,2.49973],[96.36938,2.49978],[96.36913,2.50046],[96.36961,2.5],[96.36963,2.49973]]]}},{"type":"Feature","properties":{"nama":"Simeulue","provinsi":"Aceh","sumber":"Batas_Kab"},"geometry":{"type":"Polygon","coordinates":[[[96.37254,2.50009],[96.37269,2.49956],[96.37314,2.49924],[96.3732,2.49899],[96.37274,2.49898],[96.37205,2.49935],[96.37165,2.49978],[96.37118,2.49982],[96.37127,2.50009],[96.37179,2.50013],[96.37201,2.50044],[96.372,2.50071],[96.37254,2.50009]]]}},{"type":"Feature","properties":{"nama":"Simeulue","provinsi":"Aceh","sumber":"Batas_Kab"},"geometry":{"type":"Polygon","coordinates":[[[96.37181,2.50106],[96.37163,2.50102],[96.3712,2.50135],[96.37099,2.5017],[96.37101,2.50208],[96.3712,2.50212],[96.37144,2.50196],[96.37181,2.50106]]]}},{"type":"Feature","properties":{"nama":"Simeulue","provinsi":"Aceh","sumber":"Batas_Kab"},"geometry":{"type":"Polygon","coordinates":[[[96.38867,2.50214],[96.38923,2.50216],[96.38862,2.50205],[96.38809,2.50222],[96.38787,2.50246],[96.38867,2.50214]]]}},{"type":"Feature","properties":{"nama":"Simeulue","provinsi":"Aceh","sumber":"Batas_Kab"},"geometry":{"type":"Polygon","coordinates":[[[96.39401,2.5044],[96.39487,2.50387],[96.39511,2.50296],[96.39505,2.50242],[96.39455,2.50271],[96.39398,2.50285],[96.39309,2.5037],[96.39233,2.50371],[96.39223,2.50384],[96.39259,2.50433],[96.39336,2.50424],[96.39401,2.5044]]]}},{"type":"Feature","properties":{"nama":"Simeulue","provinsi":"Aceh","sumber":"Batas_Kab"},"geometry":{"type":"Polygon","coordinates":[[[96.38093,2.50528],[96.38175,2.50481],[96.3821,2.50428],[96.38186,2.50358],[96.38148,2.50357],[96.38108,2.50381],[96.3805,2.50338],[96.37998,2.50322],[96.38003,2.50287],[96.3809,2.50173],[96.38088,2.50154],[96.38071,2.50146],[96.3807,2.50182],[96.38046,2.50206],[96.38019,2.50212],[96.37987,2.50194],[96.37996,2.50142],[96.38018,2.50124],[96.38043,2.50134],[96.38049,2.50118],[96.38002,2.50014],[96.37972,2.49988],[96.37867,2.50047],[96.37865,2.50073],[96.37903,2.50171],[96.37962,2.50274],[96.37973,2.50319],[96.38041,2.50365],[96.38075,2.50466],[96.38061,2.50501],[96.38066,2.50521],[96.38093,2.50528]]]}},{"type":"Feature","properties":{"nama":"Simeulue","provinsi":"Aceh","sumber":"Batas_Kab"},"geometry":{"type":"Polygon","coordinates":[[[96.41527,2.50495],[96.41508,2.50495],[96.41474,2.50541],[96.41517,2.50546],[96.41527,2.50495]]]}},{"type":"Feature","properties":{"nama":"Simeulue","provinsi":"Aceh","sumber":"Batas_Kab"},"geometry":{"type":"Polygon","coordinates":[[[96.385,2.50499],[96.38473,2.50442],[96.38416,2.50437],[96.38363,2.50454],[96.38325,2.50429],[96.38286,2.5044],[96.38294,2.50455],[96.38391,2.50495],[96.38483,2.505],[96.38533,2.50555],[96.38548,2.50545],[96.38548,2.50527],[96.385,2.50499]]]}},{"type":"Feature","properties":{"nama":"Simeulue","provinsi":"Aceh","sumber":"Batas_Kab"},"geometry":{"type":"Polygon","coordinates":[[[96.39626,2.50587],[96.39558,2.50609],[96.39541,2.50646],[96.39561,2.50688],[96.39579,2.50691],[96.39593,2.50677],[96.39624,2.50622],[96.39626,2.50587]]]}},{"type":"Feature","properties":{"nama":"Simeulue","provinsi":"Aceh","sumber":"Batas_Kab"},"geometry":{"type":"Polygon","coordinates":[[[96.36879,2.50956],[96.37032,2.50921],[96.37073,2.50789],[96.37152,2.50738],[96.3718,2.50739],[96.37189,2.50813],[96.37176,2.5089],[96.37202,2.50925],[96.3728,2.50943],[96.37386,2.50929],[96.37417,2.50903],[96.37458,2.50828],[96.37475,2.50821],[96.37569,2.50895],[96.37607,2.50898],[96.37613,2.50877],[96.37505,2.50792],[96.37515,2.50691],[96.37496,2.50573],[96.37447,2.50537],[96.37381,2.50548],[96.37315,2.50595],[96.37293,2.50581],[96.37275,2.50515],[96.37241,2.50503],[96.37222,2.50521],[96.37192,2.50598],[96.37156,2.50614],[96.37116,2.50605],[96.37074,2.50559],[96.37049,2.50554],[96.37027,2.50575],[96.37014,2.50651],[96.36979,2.50668],[96.3694,2.50657],[96.36905,2.50541],[96.36829,2.50414],[96.36726,2.50417],[96.36696,2.50455],[96.36696,2.50473],[96.36796,2.50559],[96.36802,2.50578],[96.36777,2.50633],[96.36751,2.50653],[96.36646,2.50647],[96.36598,2.50726],[96.36585,2.50783],[96.36594,2.50814],[96.36647,2.50815],[96.36644,2.50936],[96.36663,2.50953],[96.36816,2.50937],[96.36879,2.50956]]]}},{"type":"Feature","properties":{"nama":"Simeulue","provinsi":"Aceh","sumber":"Batas_Kab"},"geometry":{"type":"Polygon","coordinates":[[[96.44463,2.51956],[96.44406,2.51965],[96.44389,2.51999],[96.44443,2.5205],[96.44472,2.52111],[96.44491,2.52094],[96.44471,2.52032],[96.44482,2.51978],[96.44463,2.51956]]]}},{"type":"Feature","properties":{"nama":"Simeulue","provinsi":"Aceh","sumber":"Batas_Kab"},"geometry":{"type":"Polygon","coordinates":[[[96.39262,2.52173],[96.39225,2.52175],[96.39204,2.52233],[96.39215,2.52241],[96.39255,2.52228],[96.39276,2.52198],[96.39262,2.52173]]]}},{"type":"Feature","properties":{"nama":"Simeulue","provinsi":"Aceh","sumber":"Batas_Kab"},"geometry":{"type":"Polygon","coordinates":[[[96.39067,2.522],[96.39057,2.52189],[96.39007,2.52228],[96.39,2.52261],[96.39029,2.52257],[96.39067,2.522]]]}},{"type":"Feature","properties":{"nama":"Simeulue","provinsi":"Aceh","sumber":"Batas_Kab"},"geometry":{"type":"Polygon","coordinates":[[[96.35717,2.52218],[96.35656,2.52216],[96.35687,2.5229],[96.3572,2.5229],[96.35745,2.52274],[96.35717,2.52218]]]}},{"type":"Feature","properties":{"nama":"Simeulue","provinsi":"Aceh","sumber":"Batas_Kab"},"geometry":{"type":"Polygon","coordinates":[[[96.35599,2.52536],[96.35544,2.52532],[96.35534,2.52556],[96.35541,2.52579],[96.35591,2.5258],[96.35604,2.52562],[96.35599,2.52536]]]}},{"type":"Feature","properties":{"nama":"Simeulue","provinsi":"Aceh","sumber":"Batas_Kab"},"geometry":{"type":"Polygon","coordinates":[[[96.37798,2.52731],[96.37945,2.52703],[96.38019,2.52664],[96.38098,2.52555],[96.38147,2.52512],[96.38175,2.52429],[96.38148,2.52332],[96.38115,2.52345],[96.38022,2.52348],[96.37906,2.52214],[96.37778,2.522],[96.37734,2.52166],[96.37711,2.52114],[96.37707,2.5205],[96.37739,2.52037],[96.37733,2.51974],[96.37893,2.51786],[96.37933,2.5175],[96.38069,2.51711],[96.38092,2.51683],[96.38092,2.51665],[96.38074,2.51645],[96.38032,2.5168],[96.37988,2.51666],[96.37918,2.5157],[96.37903,2.51526],[96.37912,2.5151],[96.38089,2.5144],[96.38176,2.51475],[96.38192,2.51508],[96.38231,2.51477],[96.38286,2.51478],[96.38342,2.51514],[96.3836,2.51548],[96.3832,2.51626],[96.38336,2.51669],[96.38449,2.5169],[96.38528,2.51744],[96.38555,2.51741],[96.38575,2.51784],[96.38655,2.51815],[96.38776,2.51789],[96.38931,2.51517],[96.38978,2.51484],[96.39118,2.51438],[96.39168,2.51409],[96.39183,2.51385],[96.39182,2.51358],[96.39137,2.51286],[96.39118,2.51206],[96.39056,2.51111],[96.39048,2.51062],[96.39005,2.51044],[96.3896,2.51063],[96.3897,2.51099],[96.38888,2.51236],[96.38882,2.51299],[96.38794,2.51472],[96.38714,2.51495],[96.38613,2.51483],[96.38612,2.51509],[96.38639,2.51549],[96.38618,2.51568],[96.38583,2.5165],[96.38549,2.51665],[96.38513,2.51662],[96.38489,2.51675],[96.38408,2.51632],[96.38405,2.51506],[96.38385,2.51486],[96.38426,2.51463],[96.38373,2.51445],[96.38377,2.514],[96.3819,2.51352],[96.38152,2.51327],[96.38128,2.51275],[96.38162,2.51211],[96.3812,2.51201],[96.38104,2.5118],[96.38068,2.51204],[96.3805,2.51286],[96.38061,2.5136],[96.3804,2.51401],[96.379,2.51458],[96.37743,2.51583],[96.37664,2.51541],[96.37602,2.51558],[96.37501,2.51553],[96.37465,2.51513],[96.37446,2.51448],[96.37407,2.51399],[96.37364,2.51385],[96.37346,2.51389],[96.37294,2.51453],[96.37089,2.51497],[96.37068,2.51516],[96.37053,2.5156],[96.37001,2.51569],[96.36919,2.5156],[96.36875,2.51579],[96.3686,2.51603],[96.36868,2.51657],[96.36841,2.51707],[96.36777,2.51716],[96.36732,2.51701],[96.36716,2.5168],[96.36699,2.51684],[96.36703,2.51874],[96.36635,2.51847],[96.36531,2.51854],[96.36549,2.52038],[96.36511,2.52],[96.36494,2.51999],[96.36377,2.52038],[96.36339,2.52035],[96.36344,2.52078],[96.36292,2.52118],[96.36315,2.52197],[96.36351,2.52236],[96.36361,2.52305],[96.36354,2.52378],[96.36369,2.52413],[96.36501,2.52507],[96.36556,2.52517],[96.36648,2.52504],[96.36673,2.52516],[96.36683,2.52532],[96.36674,2.52577],[96.36699,2.52614],[96.36728,2.5258],[96.36723,2.52526],[96.36739,2.52503],[96.36928,2.52434],[96.36983,2.52356],[96.37146,2.52221],[96.37238,2.52185],[96.37341,2.52183],[96.37403,2.5216],[96.37473,2.52167],[96.37527,2.52187],[96.37647,2.5217],[96.37681,2.52213],[96.37702,2.52275],[96.37708,2.52378],[96.37694,2.52412],[96.3761,2.52467],[96.37612,2.52504],[96.37671,2.52527],[96.37742,2.52583],[96.37798,2.52731]]]}},{"type":"Feature","properties":{"nama":"Simeulue","provinsi":"Aceh","sumber":"Batas_Kab"},"geometry":{"type":"Polygon","coordinates":[[[96.34686,2.52815],[96.34749,2.52816],[96.34767,2.52771],[96.34756,2.527],[96.3479,2.52662],[96.34886,2.52639],[96.34972,2.52591],[96.34975,2.52555],[96.34958,2.52513],[96.34843,2.52553],[96.34825,2.52576],[96.34741,2.52627],[96.34694,2.52684],[96.34532,2.52686],[96.34531,2.52715],[96.34602,2.52747],[96.34651,2.52827],[96.34686,2.52815]]]}},{"type":"Feature","properties":{"nama":"Simeulue","provinsi":"Aceh","sumber":"Batas_Kab"},"geometry":{"type":"Polygon","coordinates":[[[96.38769,2.53378],[96.38755,2.53342],[96.38688,2.53275],[96.3866,2.5328],[96.38599,2.53342],[96.38609,2.53377],[96.38685,2.53381],[96.38718,2.53417],[96.38752,2.53411],[96.38769,2.53378]]]}},{"type":"Feature","properties":{"nama":"Simeulue","provinsi":"Aceh","sumber":"Batas_Kab"},"geometry":{"type":"Polygon","coordinates":[[[96.34995,2.53449],[96.34949,2.5339],[96.34928,2.53348],[96.3485,2.53286],[96.34778,2.53255],[96.34769,2.53201],[96.34785,2.53173],[96.3482,2.53159],[96.34905,2.53166],[96.3494,2.53152],[96.34972,2.53104],[96.34967,2.53064],[96.34977,2.53043],[96.3501,2.53006],[96.3507,2.5298],[96.35076,2.52961],[96.3506,2.52933],[96.35043,2.52928],[96.35,2.52954],[96.34826,2.53101],[96.3478,2.53089],[96.34682,2.53117],[96.34637,2.5314],[96.34581,2.53196],[96.34475,2.53189],[96.34494,2.53251],[96.34472,2.53295],[96.34477,2.5331],[96.34527,2.53287],[96.3456,2.53315],[96.34558,2.53355],[96.34598,2.53356],[96.34639,2.53418],[96.34668,2.53387],[96.3467,2.5335],[96.34698,2.53307],[96.3474,2.53277],[96.34764,2.53275],[96.34826,2.53317],[96.34848,2.53404],[96.34921,2.53411],[96.34995,2.53449]]]}},{"type":"Feature","properties":{"nama":"Simeulue","provinsi":"Aceh","sumber":"Batas_Kab"},"geometry":{"type":"Polygon","coordinates":[[[96.34577,2.53533],[96.34551,2.53466],[96.3449,2.53469],[96.34482,2.53454],[96.34477,2.53421],[96.34528,2.53387],[96.34511,2.53363],[96.34458,2.53401],[96.34443,2.53422],[96.34433,2.53489],[96.34414,2.53508],[96.34395,2.53508],[96.34382,2.53532],[96.34544,2.53559],[96.34577,2.53533]]]}},{"type":"Feature","properties":{"nama":"Simeulue","provinsi":"Aceh","sumber":"Batas_Kab"},"geometry":{"type":"Polygon","coordinates":[[[96.40607,2.53651],[96.40656,2.53609],[96.40605,2.53628],[96.4048,2.53561],[96.40461,2.53554],[96.40443,2.53568],[96.40481,2.53608],[96.40578,2.53652],[96.40607,2.53651]]]}},{"type":"Feature","properties":{"nama":"Simeulue","provinsi":"Aceh","sumber":"Batas_Kab"},"geometry":{"type":"Polygon","coordinates":[[[96.36774,2.53624],[96.36783,2.53652],[96.36815,2.53664],[96.36808,2.53649],[96.36774,2.53624]]]}},{"type":"Feature","properties":{"nama":"Simeulue","provinsi":"Aceh","sumber":"Batas_Kab"},"geometry":{"type":"Polygon","coordinates":[[[96.38574,2.53665],[96.38577,2.53573],[96.38563,2.53565],[96.38524,2.53591],[96.38437,2.53618],[96.38422,2.53642],[96.38442,2.53663],[96.38495,2.53667],[96.38522,2.53681],[96.38558,2.53676],[96.38574,2.53665]]]}},{"type":"Feature","properties":{"nama":"Simeulue","provinsi":"Aceh","sumber":"Batas_Kab"},"geometry":{"type":"Polygon","coordinates":[[[96.35951,2.54006],[96.3596,2.53953],[96.35943,2.53925],[96.3587,2.53894],[96.35706,2.53741],[96.35657,2.53744],[96.3558,2.53841],[96.35587,2.53874],[96.35577,2.53926],[96.35589,2.53939],[96.35786,2.53904],[96.3583,2.53929],[96.35915,2.54018],[96.35951,2.54006]]]}},{"type":"Feature","properties":{"nama":"Simeulue","provinsi":"Aceh","sumber":"Batas_Kab"},"geometry":{"type":"Polygon","coordinates":[[[96.34932,2.54173],[96.34905,2.54179],[96.34876,2.54212],[96.34895,2.54233],[96.34911,2.54228],[96.34932,2.54173]]]}},{"type":"Feature","properties":{"nama":"Simeulue","provinsi":"Aceh","sumber":"Batas_Kab"},"geometry":{"type":"Polygon","coordinates":[[[95.93729,2.5476],[95.93831,2.54681],[95.9384,2.54643],[95.9392,2.54579],[95.93952,2.54514],[95.94012,2.54448],[95.9409,2.54266],[95.94184,2.54234],[95.94208,2.54207],[95.94214,2.54175],[95.94251,2.54137],[95.94263,2.54085],[95.9434,2.54023],[95.94411,2.54034],[95.94475,2.53988],[95.9453,2.5397],[95.94599,2.53973],[95.94679,2.53997],[95.94724,2.54078],[95.9476,2.54091],[95.94781,2.54065],[95.94819,2.54051],[95.94852,2.54006],[95.94857,2.53942],[95.94903,2.53942],[95.95077,2.53737],[95.95211,2.53509],[95.95354,2.53358],[95.95431,2.53335],[95.9553,2.53275],[95.95591,2.53214],[95.95656,2.532],[95.9572,2.53136],[95.96014,2.52985],[95.96044,2.52948],[95.96082,2.52937],[95.96111,2.52885],[95.96142,2.529],[95.96183,2.52877],[95.96203,2.52841],[95.96241,2.52846],[95.96312,2.52795],[95.96313,2.52772],[95.96283,2.52753],[95.9633,2.52639],[95.96313,2.52591],[95.96241,2.5253],[95.96191,2.52513],[95.96155,2.52381],[95.96095,2.52308],[95.96012,2.52289],[95.95905,2.52288],[95.95843,2.52303],[95.95704,2.52368],[95.95673,2.52363],[95.95633,2.52332],[95.95494,2.52333],[95.95253,2.52411],[95.95027,2.52412],[95.94945,2.52437],[95.94929,2.52467],[95.94847,2.52467],[95.9465,2.52561],[95.94568,2.5254],[95.94481,2.52554],[95.94362,2.5252],[95.94197,2.52535],[95.94119,2.5256],[95.94056,2.52554],[95.93974,2.52571],[95.93935,2.52594],[95.93862,2.52594],[95.93831,2.52571],[95.93765,2.52585],[95.93719,2.52562],[95.93658,2.52561],[95.93617,2.52582],[95.93584,2.52576],[95.93545,2.526],[95.93513,2.52589],[95.93471,2.52597],[95.9341,2.52669],[95.93369,2.52651],[95.93253,2.52662],[95.93225,2.52682],[95.92997,2.52762],[95.92893,2.52824],[95.92847,2.52813],[95.92738,2.52819],[95.92721,2.52784],[95.92695,2.52783],[95.92658,2.52759],[95.92631,2.52771],[95.92591,2.52746],[95.92526,2.52769],[95.92475,2.52756],[95.92439,2.52768],[95.92298,2.52866],[95.92264,2.52848],[95.92235,2.52851],[95.92219,2.52869],[95.92219,2.52899],[95.92161,2.52944],[95.92115,2.52948],[95.92073,2.52914],[95.91937,2.53006],[95.91906,2.53058],[95.91861,2.53098],[95.91837,2.53093],[95.91836,2.5314],[95.91865,2.53205],[95.91888,2.53237],[95.91925,2.53257],[95.91929,2.53298],[95.91904,2.53375],[95.9199,2.53494],[95.91984,2.53604],[95.92074,2.53706],[95.92079,2.53791],[95.92104,2.53853],[95.92084,2.53986],[95.92201,2.54115],[95.92346,2.54186],[95.92448,2.54193],[95.92517,2.5416],[95.92737,2.54212],[95.92874,2.54184],[95.9297,2.54205],[95.92998,2.54231],[95.93063,2.54219],[95.93106,2.54264],[95.93131,2.54352],[95.93141,2.54477],[95.93216,2.54643],[95.93274,2.54703],[95.93375,2.54721],[95.93485,2.5469],[95.93528,2.5471],[95.93586,2.54713],[95.93653,2.54772],[95.93729,2.5476]]]}},{"type":"Feature","properties":{"nama":"Simeulue","provinsi":"Aceh","sumber":"Batas_Kab"},"geometry":{"type":"Polygon","coordinates":[[[96.06593,2.54864],[96.06549,2.54865],[96.06536,2.54905],[96.06579,2.54981],[96.066,2.54984],[96.06641,2.54919],[96.06628,2.5488],[96.06593,2.54864]]]}},{"type":"Feature","properties":{"nama":"Simeulue","provinsi":"Aceh","sumber":"Batas_Kab"},"geometry":{"type":"Polygon","coordinates":[[[96.35988,2.55213],[96.36016,2.55217],[96.36028,2.55195],[96.36004,2.55141],[96.35968,2.55192],[96.35954,2.55238],[96.35988,2.55213]]]}},{"type":"Feature","properties":{"nama":"Simeulue","provinsi":"Aceh","sumber":"Batas_Kab"},"geometry":{"type":"Polygon","coordinates":[[[96.34367,2.55321],[96.34326,2.55367],[96.34319,2.55393],[96.34333,2.55409],[96.34388,2.55394],[96.34367,2.55321]]]}},{"type":"Feature","properties":{"nama":"Simeulue","provinsi":"Aceh","sumber":"Batas_Kab"},"geometry":{"type":"Polygon","coordinates":[[[96.3284,2.56344],[96.3279,2.56333],[96.32789,2.56342],[96.32801,2.56355],[96.32829,2.56358],[96.3284,2.56344]]]}},{"type":"Feature","properties":{"nama":"Simeulue","provinsi":"Aceh","sumber":"Batas_Kab"},"geometry":{"type":"Polygon","coordinates":[[[96.31195,2.56326],[96.31141,2.56279],[96.31076,2.56338],[96.31076,2.5636],[96.31119,2.56406],[96.31146,2.5641],[96.31206,2.56374],[96.31195,2.56326]]]}},{"type":"Feature","properties":{"nama":"Simeulue","provinsi":"Aceh","sumber":"Batas_Kab"},"geometry":{"type":"Polygon","coordinates":[[[96.31035,2.56665],[96.31013,2.5668],[96.31027,2.56742],[96.30946,2.568],[96.30955,2.56824],[96.31054,2.56812],[96.31092,2.56783],[96.3109,2.56746],[96.31054,2.56676],[96.31035,2.56665]]]}},{"type":"Feature","properties":{"nama":"Simeulue","provinsi":"Aceh","sumber":"Batas_Kab"},"geometry":{"type":"Polygon","coordinates":[[[96.36035,2.5685],[96.36004,2.56853],[96.36012,2.5689],[96.36041,2.56877],[96.36035,2.5685]]]}},{"type":"Feature","properties":{"nama":"Simeulue","provinsi":"Aceh","sumber":"Batas_Kab"},"geometry":{"type":"Polygon","coordinates":[[[96.36442,2.56986],[96.36421,2.5699],[96.36426,2.57021],[96.36453,2.57007],[96.36442,2.56986]]]}},{"type":"Feature","properties":{"nama":"Simeulue","provinsi":"Aceh","sumber":"Batas_Kab"},"geometry":{"type":"Polygon","coordinates":[[[95.87246,2.61355],[95.87261,2.61291],[95.87243,2.61206],[95.87175,2.61172],[95.87046,2.61147],[95.86972,2.61076],[95.86933,2.61058],[95.86909,2.61019],[95.86856,2.60879],[95.86891,2.60832],[95.86941,2.60652],[95.86934,2.60585],[95.86904,2.60566],[95.86824,2.60563],[95.86794,2.60545],[95.86741,2.60558],[95.86668,2.60554],[95.86613,2.60527],[95.86546,2.60472],[95.865,2.60465],[95.8647,2.60477],[95.86446,2.6063],[95.86484,2.60731],[95.86492,2.60896],[95.86515,2.60919],[95.86587,2.60938],[95.86611,2.60963],[95.86634,2.6104],[95.86672,2.61065],[95.86715,2.61119],[95.8672,2.61217],[95.86797,2.61242],[95.86823,2.61279],[95.86837,2.61277],[95.86836,2.61243],[95.86849,2.61246],[95.86884,2.61265],[95.86914,2.61313],[95.86977,2.61349],[95.87037,2.61351],[95.87125,2.61424],[95.8719,2.61414],[95.8721,2.61379],[95.87246,2.61355]]]}},{"type":"Feature","properties":{"nama":"Simeulue","provinsi":"Aceh","sumber":"Batas_Kab"},"geometry":{"type":"Polygon","coordinates":[[[96.30567,2.62912],[96.30441,2.62948],[96.30424,2.62973],[96.3046,2.62987],[96.30522,2.62978],[96.30579,2.62939],[96.30567,2.62912]]]}},{"type":"Feature","properties":{"nama":"Simeulue","provinsi":"Aceh","sumber":"Batas_Kab"},"geometry":{"type":"Polygon","coordinates":[[[96.32638,2.63738],[96.3261,2.63765],[96.32591,2.63972],[96.32639,2.63934],[96.32656,2.63896],[96.32662,2.6379],[96.32638,2.63738]]]}},{"type":"Feature","properties":{"nama":"Simeulue","provinsi":"Aceh","sumber":"Batas_Kab"},"geometry":{"type":"Polygon","coordinates":[[[96.12022,2.64179],[96.12067,2.64142],[96.1212,2.64132],[96.12155,2.64098],[96.12219,2.64083],[96.1227,2.64105],[96.12306,2.64168],[96.12348,2.64174],[96.12356,2.64096],[96.12376,2.64062],[96.12329,2.63964],[96.12305,2.63951],[96.12268,2.63957],[96.12153,2.64019],[96.12085,2.64027],[96.12068,2.64037],[96.12049,2.64087],[96.1202,2.64109],[96.1198,2.64107],[96.11888,2.64068],[96.11816,2.64061],[96.1175,2.64113],[96.11802,2.64126],[96.11828,2.64185],[96.11908,2.6416],[96.11983,2.64189],[96.12022,2.64179]]]}},{"type":"Feature","properties":{"nama":"Simeulue","provinsi":"Aceh","sumber":"Batas_Kab"},"geometry":{"type":"Polygon","coordinates":[[[96.11725,2.64128],[96.1172,2.6412],[96.11696,2.64137],[96.1162,2.64223],[96.11624,2.6426],[96.11665,2.64233],[96.11692,2.6416],[96.11725,2.64128]]]}},{"type":"Feature","properties":{"nama":"Simeulue","provinsi":"Aceh","sumber":"Batas_Kab"},"geometry":{"type":"Polygon","coordinates":[[[96.15311,2.64867],[96.1529,2.64862],[96.15276,2.64885],[96.15284,2.64938],[96.15312,2.64925],[96.15311,2.64867]]]}},{"type":"Feature","properties":{"nama":"Simeulue","provinsi":"Aceh","sumber":"Batas_Kab"},"geometry":{"type":"Polygon","coordinates":[[[96.11495,2.64938],[96.11546,2.64934],[96.11532,2.64816],[96.11562,2.64756],[96.1159,2.64741],[96.11632,2.64758],[96.1167,2.64856],[96.11844,2.64893],[96.11946,2.64876],[96.11933,2.64851],[96.11829,2.6484],[96.11785,2.64788],[96.11743,2.64821],[96.1169,2.64813],[96.11674,2.64802],[96.11669,2.64775],[96.11721,2.64702],[96.11775,2.647],[96.11805,2.64649],[96.11844,2.64649],[96.11872,2.64685],[96.11917,2.64658],[96.11998,2.64645],[96.11989,2.64617],[96.11853,2.64504],[96.11844,2.64503],[96.11836,2.6454],[96.11776,2.64574],[96.11668,2.64571],[96.11632,2.64553],[96.11597,2.64414],[96.11609,2.64346],[96.11607,2.64326],[96.11587,2.64345],[96.11574,2.644],[96.11602,2.64484],[96.11601,2.64531],[96.1154,2.64642],[96.11436,2.64672],[96.11415,2.64689],[96.11323,2.64649],[96.11283,2.64669],[96.11349,2.6479],[96.11354,2.6485],[96.11319,2.64915],[96.11332,2.6494],[96.11378,2.64974],[96.11378,2.6504],[96.11405,2.65045],[96.11421,2.65035],[96.11443,2.64961],[96.11495,2.64938]]]}},{"type":"Feature","properties":{"nama":"Simeulue","provinsi":"Aceh","sumber":"Batas_Kab"},"geometry":{"type":"Polygon","coordinates":[[[96.13035,2.65042],[96.12954,2.64957],[96.12967,2.64994],[96.13006,2.65035],[96.13005,2.65091],[96.13044,2.65098],[96.13035,2.65042]]]}},{"type":"Feature","properties":{"nama":"Simeulue","provinsi":"Aceh","sumber":"Batas_Kab"},"geometry":{"type":"Polygon","coordinates":[[[96.10213,2.65098],[96.10171,2.6506],[96.10152,2.65021],[96.1016,2.64939],[96.10145,2.64899],[96.10152,2.6489],[96.10182,2.64918],[96.10195,2.64893],[96.1016,2.64852],[96.10108,2.64852],[96.10075,2.64929],[96.10057,2.65012],[96.10027,2.65044],[96.09967,2.65054],[96.0995,2.65088],[96.09974,2.6513],[96.10007,2.65153],[96.10066,2.65089],[96.10048,2.65137],[96.10053,2.65153],[96.10108,2.65168],[96.10181,2.65147],[96.10218,2.65119],[96.10213,2.65098]]]}},{"type":"Feature","properties":{"nama":"Simeulue","provinsi":"Aceh","sumber":"Batas_Kab"},"geometry":{"type":"Polygon","coordinates":[[[96.11876,2.65286],[96.11856,2.65203],[96.11823,2.6519],[96.11818,2.65174],[96.11818,2.65075],[96.11772,2.6508],[96.11747,2.65117],[96.11728,2.65124],[96.11693,2.65104],[96.11681,2.65058],[96.11621,2.6504],[96.11658,2.65113],[96.11678,2.65201],[96.11704,2.65235],[96.11756,2.65254],[96.11794,2.65247],[96.11903,2.65319],[96.11922,2.65319],[96.11876,2.65286]]]}},{"type":"Feature","properties":{"nama":"Simeulue","provinsi":"Aceh","sumber":"Batas_Kab"},"geometry":{"type":"Polygon","coordinates":[[[96.1259,2.65385],[96.12549,2.65295],[96.1248,2.65332],[96.12433,2.65305],[96.12406,2.65323],[96.12415,2.65341],[96.12481,2.65377],[96.12528,2.65354],[96.12586,2.65423],[96.1259,2.65385]]]}},{"type":"Feature","properties":{"nama":"Simeulue","provinsi":"Aceh","sumber":"Batas_Kab"},"geometry":{"type":"Polygon","coordinates":[[[96.12329,2.65438],[96.12319,2.65435],[96.12287,2.65476],[96.12206,2.65494],[96.12207,2.65503],[96.12251,2.65518],[96.12297,2.65513],[96.12329,2.65438]]]}},{"type":"Feature","properties":{"nama":"Simeulue","provinsi":"Aceh","sumber":"Batas_Kab"},"geometry":{"type":"Polygon","coordinates":[[[96.21383,2.65534],[96.21524,2.65489],[96.21581,2.65433],[96.21759,2.65368],[96.21844,2.6531],[96.21933,2.65287],[96.21955,2.65252],[96.21962,2.65205],[96.21941,2.65147],[96.21911,2.65109],[96.21827,2.65041],[96.21729,2.65034],[96.21674,2.65045],[96.21574,2.64981],[96.21515,2.64977],[96.2142,2.64987],[96.21335,2.65076],[96.2128,2.6508],[96.2118,2.65157],[96.21136,2.65238],[96.21095,2.65259],[96.21055,2.65332],[96.21021,2.65365],[96.21036,2.65415],[96.21111,2.65474],[96.2123,2.65496],[96.2127,2.65521],[96.21355,2.65519],[96.21383,2.65534]]]}},{"type":"Feature","properties":{"nama":"Simeulue","provinsi":"Aceh","sumber":"Batas_Kab"},"geometry":{"type":"Polygon","coordinates":[[[96.11811,2.65615],[96.11965,2.65597],[96.12003,2.6556],[96.12032,2.65553],[96.12088,2.65566],[96.12112,2.65551],[96.12128,2.65487],[96.12068,2.65509],[96.12,2.65474],[96.11992,2.65368],[96.12056,2.6526],[96.12136,2.6521],[96.12151,2.65181],[96.12145,2.65152],[96.12065,2.65164],[96.12027,2.65258],[96.11957,2.65325],[96.1198,2.65475],[96.11966,2.65531],[96.11908,2.65564],[96.11849,2.65569],[96.11809,2.65559],[96.11786,2.65527],[96.1176,2.6553],[96.11686,2.65618],[96.11735,2.65637],[96.11811,2.65615]]]}},{"type":"Feature","properties":{"nama":"Simeulue","provinsi":"Aceh","sumber":"Batas_Kab"},"geometry":{"type":"Polygon","coordinates":[[[96.13048,2.65238],[96.12993,2.65176],[96.1297,2.65275],[96.1298,2.65298],[96.13028,2.65336],[96.13099,2.65528],[96.13102,2.65648],[96.1315,2.65722],[96.13175,2.65842],[96.13191,2.6576],[96.13216,2.65723],[96.13189,2.65674],[96.132,2.656],[96.13164,2.65558],[96.13129,2.65544],[96.13081,2.65453],[96.13083,2.65407],[96.1314,2.65371],[96.13138,2.6536],[96.13088,2.65324],[96.13088,2.65255],[96.13048,2.65238]]]}},{"type":"Feature","properties":{"nama":"Simeulue","provinsi":"Aceh","sumber":"Batas_Kab"},"geometry":{"type":"Polygon","coordinates":[[[96.12511,2.65818],[96.1239,2.65802],[96.12345,2.65677],[96.12329,2.65672],[96.12345,2.6582],[96.12402,2.65828],[96.1243,2.65881],[96.12483,2.65889],[96.12494,2.65884],[96.12511,2.65818]]]}},{"type":"Feature","properties":{"nama":"Simeulue","provinsi":"Aceh","sumber":"Batas_Kab"},"geometry":{"type":"Polygon","coordinates":[[[96.3673,2.65799],[96.36797,2.65769],[96.36887,2.65689],[96.37003,2.65624],[96.37072,2.65607],[96.3717,2.65606],[96.37235,2.6556],[96.37308,2.65534],[96.37452,2.65505],[96.3761,2.65482],[96.37747,2.65494],[96.37816,2.65474],[96.37898,2.65477],[96.37965,2.65494],[96.38081,2.65481],[96.38274,2.65489],[96.38422,2.65516],[96.38658,2.65495],[96.38784,2.65376],[96.3882,2.65362],[96.38884,2.65287],[96.38998,2.65229],[96.39086,2.65163],[96.39095,2.65137],[96.39066,2.65112],[96.39062,2.65082],[96.39089,2.65031],[96.39147,2.65001],[96.39211,2.64991],[96.39336,2.64931],[96.39393,2.6492],[96.3946,2.6487],[96.3969,2.64541],[96.3965,2.64514],[96.39572,2.64505],[96.39502,2.64525],[96.39402,2.64514],[96.39337,2.64533],[96.39233,2.64589],[96.39059,2.64617],[96.3881,2.64631],[96.38447,2.64553],[96.38284,2.64412],[96.38247,2.64407],[96.382,2.64429],[96.37981,2.6448],[96.3787,2.6454],[96.37637,2.64611],[96.37612,2.64629],[96.37557,2.64628],[96.37387,2.64726],[96.37349,2.64736],[96.37229,2.64828],[96.37142,2.64941],[96.37036,2.64982],[96.36951,2.65052],[96.36673,2.65209],[96.36636,2.65208],[96.36571,2.65243],[96.36415,2.65283],[96.36305,2.65333],[96.36242,2.65324],[96.36207,2.65367],[96.36128,2.65392],[96.36045,2.65389],[96.35973,2.65402],[96.35849,2.65377],[96.35771,2.65395],[96.35649,2.65383],[96.35432,2.65426],[96.3531,2.65494],[96.35253,2.6555],[96.35231,2.65605],[96.35229,2.65682],[96.35266,2.65768],[96.35352,2.65785],[96.35419,2.65827],[96.3549,2.65896],[96.35577,2.65933],[96.35626,2.66014],[96.35761,2.66053],[96.35801,2.66117],[96.35896,2.66125],[96.35969,2.66164],[96.36074,2.66198],[96.36201,2.66288],[96.36465,2.66353],[96.36493,2.6635],[96.36535,2.66322],[96.36586,2.66263],[96.36555,2.66202],[96.36538,2.66069],[96.36583,2.6593],[96.36614,2.65882],[96.3673,2.65799]]]}},{"type":"Feature","properties":{"nama":"Simeulue","provinsi":"Aceh","sumber":"Batas_Kab"},"geometry":{"type":"Polygon","coordinates":[[[96.17168,2.66379],[96.17211,2.66314],[96.17209,2.66289],[96.17194,2.66297],[96.17165,2.66355],[96.17104,2.66379],[96.1707,2.66366],[96.17022,2.66311],[96.17011,2.66404],[96.17027,2.66468],[96.1696,2.66542],[96.16919,2.66631],[96.16998,2.66614],[96.17004,2.66598],[96.16989,2.66555],[96.17044,2.66525],[96.17061,2.66433],[96.17089,2.66409],[96.17168,2.66379]]]}},{"type":"Feature","properties":{"nama":"Simeulue","provinsi":"Aceh","sumber":"Batas_Kab"},"geometry":{"type":"Polygon","coordinates":[[[96.16232,2.66869],[96.16237,2.66836],[96.16164,2.66822],[96.16134,2.66776],[96.16138,2.66721],[96.1612,2.66667],[96.16126,2.66543],[96.16071,2.66496],[96.16051,2.66454],[96.15953,2.66418],[96.15916,2.66371],[96.15869,2.6636],[96.15836,2.66322],[96.15779,2.66321],[96.15787,2.66276],[96.15772,2.66266],[96.15709,2.66296],[96.15569,2.66428],[96.15532,2.66482],[96.15469,2.66472],[96.15447,2.66489],[96.15322,2.66687],[96.15264,2.66734],[96.1521,2.66834],[96.15239,2.66861],[96.15278,2.66851],[96.15328,2.66875],[96.155,2.66812],[96.15755,2.66875],[96.15869,2.66881],[96.16029,2.66866],[96.16063,2.66895],[96.16076,2.66941],[96.1614,2.66899],[96.16232,2.66869]]]}},{"type":"Feature","properties":{"nama":"Simeulue","provinsi":"Aceh","sumber":"Batas_Kab"},"geometry":{"type":"Polygon","coordinates":[[[96.13304,2.66986],[96.13266,2.66999],[96.1325,2.67036],[96.13268,2.67086],[96.13254,2.67145],[96.13284,2.67161],[96.13304,2.67152],[96.13332,2.67048],[96.13304,2.66986]]]}},{"type":"Feature","properties":{"nama":"Simeulue","provinsi":"Aceh","sumber":"Batas_Kab"},"geometry":{"type":"Polygon","coordinates":[[[96.10778,2.67381],[96.10795,2.67341],[96.10775,2.67364],[96.10778,2.67381]]]}},{"type":"Feature","properties":{"nama":"Simeulue","provinsi":"Aceh","sumber":"Batas_Kab"},"geometry":{"type":"Polygon","coordinates":[[[96.14506,2.67783],[96.14563,2.67745],[96.14627,2.67637],[96.14686,2.67564],[96.1475,2.67416],[96.14732,2.67321],[96.14681,2.67253],[96.14656,2.6724],[96.14584,2.6726],[96.14461,2.67349],[96.14405,2.67412],[96.14335,2.67567],[96.14332,2.67618],[96.14395,2.67784],[96.14506,2.67783]]]}},{"type":"Feature","properties":{"nama":"Simeulue","provinsi":"Aceh","sumber":"Batas_Kab"},"geometry":{"type":"Polygon","coordinates":[[[95.71918,2.70477],[95.71906,2.70483],[95.7189,2.70524],[95.71924,2.70498],[95.71918,2.70477]]]}},{"type":"Feature","properties":{"nama":"Simeulue","provinsi":"Aceh","sumber":"Batas_Kab"},"geometry":{"type":"Polygon","coordinates":[[[95.71782,2.70507],[95.71773,2.70494],[95.71727,2.70494],[95.71717,2.70508],[95.71736,2.70547],[95.71771,2.7053],[95.71782,2.70507]]]}},{"type":"Feature","properties":{"nama":"Simeulue","provinsi":"Aceh","sumber":"Batas_Kab"},"geometry":{"type":"Polygon","coordinates":[[[96.14613,2.70872],[96.146,2.70875],[96.14599,2.709],[96.14622,2.70894],[96.14613,2.70872]]]}},{"type":"Feature","properties":{"nama":"Simeulue","provinsi":"Aceh","sumber":"Batas_Kab"},"geometry":{"type":"Polygon","coordinates":[[[96.14623,2.7093],[96.14602,2.70934],[96.146,2.70962],[96.14613,2.70963],[96.14623,2.7093]]]}},{"type":"Feature","properties":{"nama":"Simeulue","provinsi":"Aceh","sumber":"Batas_Kab"},"geometry":{"type":"Polygon","coordinates":[[[96.14625,2.7102],[96.14611,2.71017],[96.14624,2.71024],[96.14625,2.7102]]]}},{"type":"Feature","properties":{"nama":"Simeulue","provinsi":"Aceh","sumber":"Batas_Kab"},"geometry":{"type":"Polygon","coordinates":[[[96.14604,2.71054],[96.14591,2.71069],[96.14595,2.71081],[96.14604,2.71078],[96.14604,2.71054]]]}},{"type":"Feature","properties":{"nama":"Simeulue","provinsi":"Aceh","sumber":"Batas_Kab"},"geometry":{"type":"Polygon","coordinates":[[[96.1432,2.71394],[96.14354,2.71399],[96.1438,2.71388],[96.14348,2.71323],[96.14349,2.71252],[96.14332,2.71294],[96.14296,2.71303],[96.1428,2.71343],[96.14249,2.71358],[96.1433,2.71434],[96.1432,2.71394]]]}},{"type":"Feature","properties":{"nama":"Simeulue","provinsi":"Aceh","sumber":"Batas_Kab"},"geometry":{"type":"Polygon","coordinates":[[[95.74301,2.71827],[95.74328,2.71824],[95.74355,2.71794],[95.7438,2.71792],[95.74403,2.71722],[95.74389,2.71662],[95.74433,2.71627],[95.74507,2.71599],[95.74654,2.71589],[95.7472,2.71542],[95.74746,2.71557],[95.74726,2.71575],[95.74732,2.71584],[95.74821,2.71601],[95.7484,2.71575],[95.74801,2.71539],[95.74753,2.71534],[95.74709,2.7151],[95.74644,2.71455],[95.74617,2.71408],[95.7459,2.71273],[95.74595,2.71217],[95.7463,2.71156],[95.74612,2.71147],[95.7459,2.71177],[95.74527,2.71161],[95.74495,2.71135],[95.74468,2.71065],[95.7448,2.70999],[95.74536,2.7089],[95.74565,2.70879],[95.7458,2.70852],[95.74616,2.70845],[95.74667,2.70861],[95.74716,2.70835],[95.74704,2.70668],[95.74686,2.70612],[95.74666,2.70587],[95.74619,2.70564],[95.74551,2.70591],[95.74484,2.70583],[95.74424,2.70611],[95.74351,2.70591],[95.7432,2.70568],[95.74282,2.70505],[95.74266,2.70374],[95.74247,2.7037],[95.74227,2.70384],[95.74226,2.70404],[95.74213,2.70405],[95.74173,2.70356],[95.74127,2.70328],[95.74099,2.70326],[95.74067,2.70346],[95.74041,2.70327],[95.74032,2.70344],[95.7401,2.70335],[95.73986,2.70355],[95.73958,2.70332],[95.73933,2.70357],[95.73897,2.70345],[95.7386,2.70376],[95.73745,2.70382],[95.73709,2.70407],[95.736,2.70404],[95.73559,2.70384],[95.73514,2.70389],[95.73484,2.70353],[95.73489,2.70341],[95.73512,2.7035],[95.73482,2.70303],[95.73389,2.70245],[95.73321,2.70236],[95.73244,2.70262],[95.73207,2.7025],[95.73195,2.70264],[95.73121,2.70287],[95.7308,2.70289],[95.72985,2.7034],[95.7289,2.70338],[95.72813,2.70395],[95.72715,2.70355],[95.72653,2.70365],[95.72523,2.70336],[95.72419,2.70331],[95.72309,2.70396],[95.7225,2.7046],[95.72218,2.7052],[95.7219,2.70495],[95.72163,2.70493],[95.72145,2.70512],[95.72135,2.70557],[95.72082,2.70569],[95.72071,2.70613],[95.72048,2.70582],[95.7203,2.70583],[95.71964,2.70727],[95.71868,2.7102],[95.71828,2.71017],[95.71819,2.71056],[95.71802,2.71065],[95.71784,2.71059],[95.7175,2.71009],[95.7173,2.71006],[95.71691,2.71026],[95.71707,2.71066],[95.71679,2.71068],[95.71655,2.71045],[95.7161,2.71035],[95.71555,2.71041],[95.71507,2.7108],[95.71499,2.71113],[95.71452,2.71124],[95.71389,2.71196],[95.71395,2.71277],[95.71428,2.7133],[95.71522,2.71325],[95.71523,2.71352],[95.71492,2.71411],[95.71497,2.71431],[95.7153,2.71474],[95.71586,2.71513],[95.71676,2.71521],[95.7174,2.71546],[95.71866,2.7154],[95.7189,2.71552],[95.7187,2.71569],[95.71883,2.71587],[95.71963,2.71558],[95.7201,2.71562],[95.72019,2.71579],[95.72045,2.71519],[95.72077,2.7151],[95.72087,2.71524],[95.72068,2.71544],[95.72082,2.71564],[95.72063,2.7158],[95.72104,2.71609],[95.72107,2.71649],[95.72189,2.71694],[95.72304,2.71705],[95.72375,2.71652],[95.72387,2.71628],[95.72392,2.71574],[95.72361,2.71511],[95.72398,2.71474],[95.7239,2.71433],[95.7243,2.71414],[95.72462,2.71347],[95.72536,2.71289],[95.72645,2.71317],[95.72646,2.71388],[95.72658,2.71412],[95.72677,2.71417],[95.728,2.71379],[95.72834,2.71343],[95.72888,2.71324],[95.72951,2.7127],[95.73045,2.71274],[95.73196,2.7124],[95.73266,2.71251],[95.73343,2.7124],[95.73374,2.71262],[95.73436,2.71245],[95.73552,2.71274],[95.73569,2.71267],[95.73606,2.71295],[95.73803,2.71358],[95.73803,2.71395],[95.73816,2.71408],[95.73845,2.71399],[95.73832,2.71357],[95.73869,2.7135],[95.7391,2.71372],[95.73903,2.71406],[95.73929,2.71426],[95.73956,2.71429],[95.73965,2.71403],[95.73977,2.714],[95.74021,2.71431],[95.74071,2.71511],[95.74071,2.71544],[95.74051,2.71579],[95.74018,2.71584],[95.73993,2.71613],[95.73933,2.71624],[95.73935,2.7171],[95.7395,2.71746],[95.74038,2.7176],[95.74067,2.71788],[95.74118,2.71738],[95.74131,2.71694],[95.74156,2.71675],[95.74195,2.71669],[95.74249,2.71715],[95.74218,2.71754],[95.74225,2.71799],[95.74301,2.71827]]]}},{"type":"Feature","properties":{"nama":"Simeulue","provinsi":"Aceh","sumber":"Batas_Kab"},"geometry":{"type":"Polygon","coordinates":[[[96.11588,2.72472],[96.11667,2.72435],[96.11708,2.72462],[96.11733,2.72463],[96.11751,2.72399],[96.11803,2.72384],[96.11814,2.72373],[96.11808,2.7235],[96.11752,2.72316],[96.11736,2.72369],[96.11659,2.72406],[96.11593,2.72422],[96.11588,2.72472]]]}},{"type":"Feature","properties":{"nama":"Simeulue","provinsi":"Aceh","sumber":"Batas_Kab"},"geometry":{"type":"Polygon","coordinates":[[[96.13175,2.7246],[96.13235,2.72465],[96.13245,2.72438],[96.13239,2.7241],[96.13212,2.72405],[96.13165,2.72436],[96.1312,2.72439],[96.13115,2.72422],[96.13132,2.72368],[96.13112,2.72353],[96.13078,2.7244],[96.13094,2.72518],[96.13111,2.72517],[96.13175,2.7246]]]}},{"type":"Feature","properties":{"nama":"Simeulue","provinsi":"Aceh","sumber":"Batas_Kab"},"geometry":{"type":"Polygon","coordinates":[[[96.1352,2.72612],[96.13653,2.72534],[96.13715,2.72438],[96.13805,2.72369],[96.138,2.72306],[96.13824,2.72233],[96.13854,2.7221],[96.13891,2.72206],[96.13912,2.72175],[96.13897,2.71955],[96.13845,2.71981],[96.13836,2.71969],[96.13801,2.71969],[96.13775,2.71932],[96.13741,2.71944],[96.13678,2.72005],[96.13668,2.72033],[96.13634,2.72051],[96.13614,2.72083],[96.13617,2.72111],[96.13573,2.72135],[96.13595,2.72146],[96.1363,2.72132],[96.13653,2.72145],[96.13672,2.72193],[96.13648,2.72233],[96.13578,2.72293],[96.13509,2.72264],[96.13496,2.72249],[96.13496,2.72213],[96.13516,2.72171],[96.13554,2.72147],[96.13542,2.72135],[96.13488,2.72134],[96.13487,2.72178],[96.13438,2.72265],[96.13384,2.72283],[96.13368,2.72343],[96.13326,2.72357],[96.13323,2.72375],[96.1334,2.72381],[96.13399,2.72354],[96.13444,2.72348],[96.1348,2.72322],[96.13495,2.72341],[96.13473,2.72372],[96.13438,2.72492],[96.13402,2.7255],[96.13298,2.72618],[96.13299,2.72635],[96.13347,2.72655],[96.13404,2.72659],[96.1352,2.72612]]]}},{"type":"Feature","properties":{"nama":"Simeulue","provinsi":"Aceh","sumber":"Batas_Kab"},"geometry":{"type":"Polygon","coordinates":[[[96.12593,2.73278],[96.12616,2.73269],[96.1266,2.73272],[96.1263,2.73252],[96.12593,2.73278]]]}},{"type":"Feature","properties":{"nama":"Simeulue","provinsi":"Aceh","sumber":"Batas_Kab"},"geometry":{"type":"Polygon","coordinates":[[[96.11877,2.73258],[96.1186,2.73273],[96.11895,2.73279],[96.11895,2.73261],[96.11877,2.73258]]]}},{"type":"Feature","properties":{"nama":"Simeulue","provinsi":"Aceh","sumber":"Batas_Kab"},"geometry":{"type":"Polygon","coordinates":[[[96.12203,2.73261],[96.12182,2.73274],[96.12196,2.73304],[96.12219,2.73292],[96.12203,2.73261]]]}},{"type":"Feature","properties":{"nama":"Simeulue","provinsi":"Aceh","sumber":"Batas_Kab"},"geometry":{"type":"Polygon","coordinates":[[[96.12564,2.73308],[96.12558,2.73301],[96.12519,2.73316],[96.12532,2.73322],[96.12564,2.73308]]]}},{"type":"Feature","properties":{"nama":"Simeulue","provinsi":"Aceh","sumber":"Batas_Kab"},"geometry":{"type":"Polygon","coordinates":[[[96.12528,2.73421],[96.12494,2.73368],[96.12475,2.734],[96.12506,2.73457],[96.12528,2.73421]]]}},{"type":"Feature","properties":{"nama":"Simeulue","provinsi":"Aceh","sumber":"Batas_Kab"},"geometry":{"type":"Polygon","coordinates":[[[96.11901,2.73415],[96.11883,2.73448],[96.11907,2.73458],[96.11925,2.73427],[96.11901,2.73415]]]}},{"type":"Feature","properties":{"nama":"Simeulue","provinsi":"Aceh","sumber":"Batas_Kab"},"geometry":{"type":"Polygon","coordinates":[[[96.12014,2.73413],[96.11992,2.73436],[96.11996,2.73458],[96.12021,2.73436],[96.12014,2.73413]]]}},{"type":"Feature","properties":{"nama":"Simeulue","provinsi":"Aceh","sumber":"Batas_Kab"},"geometry":{"type":"Polygon","coordinates":[[[96.12054,2.73485],[96.12041,2.73489],[96.12048,2.73504],[96.12057,2.73501],[96.12054,2.73485]]]}},{"type":"Feature","properties":{"nama":"Simeulue","provinsi":"Aceh","sumber":"Batas_Kab"},"geometry":{"type":"Polygon","coordinates":[[[96.1264,2.7348],[96.12606,2.73467],[96.12582,2.73478],[96.12577,2.73496],[96.1259,2.73509],[96.12629,2.73514],[96.1264,2.7348]]]}},{"type":"Feature","properties":{"nama":"Simeulue","provinsi":"Aceh","sumber":"Batas_Kab"},"geometry":{"type":"Polygon","coordinates":[[[96.12569,2.73482],[96.12537,2.73488],[96.12532,2.73523],[96.12566,2.73515],[96.12569,2.73482]]]}},{"type":"Feature","properties":{"nama":"Simeulue","provinsi":"Aceh","sumber":"Batas_Kab"},"geometry":{"type":"Polygon","coordinates":[[[96.12509,2.73491],[96.1249,2.73503],[96.12486,2.73546],[96.12499,2.73558],[96.12522,2.73547],[96.12509,2.73491]]]}},{"type":"Feature","properties":{"nama":"Simeulue","provinsi":"Aceh","sumber":"Batas_Kab"},"geometry":{"type":"Polygon","coordinates":[[[96.11395,2.73732],[96.11511,2.73739],[96.11592,2.73684],[96.1161,2.73683],[96.11633,2.73657],[96.11695,2.73707],[96.1172,2.73685],[96.11717,2.73649],[96.11754,2.73596],[96.11734,2.73581],[96.1166,2.73624],[96.11609,2.73606],[96.11595,2.73618],[96.11597,2.73642],[96.1157,2.73669],[96.11461,2.73717],[96.11433,2.73715],[96.11429,2.73668],[96.11415,2.73656],[96.11398,2.7366],[96.1138,2.73699],[96.11352,2.73721],[96.11372,2.73748],[96.11395,2.73732]]]}},{"type":"Feature","properties":{"nama":"Simeulue","provinsi":"Aceh","sumber":"Batas_Kab"},"geometry":{"type":"Polygon","coordinates":[[[96.11338,2.7377],[96.11322,2.73723],[96.11295,2.73756],[96.11311,2.73777],[96.11338,2.7377]]]}},{"type":"Feature","properties":{"nama":"Simeulue","provinsi":"Aceh","sumber":"Batas_Kab"},"geometry":{"type":"Polygon","coordinates":[[[96.11217,2.73905],[96.11232,2.73871],[96.11276,2.73835],[96.11303,2.73835],[96.11355,2.73863],[96.11397,2.73827],[96.11394,2.73818],[96.11365,2.73795],[96.1129,2.73798],[96.1121,2.73859],[96.11187,2.73898],[96.11157,2.73882],[96.11151,2.73891],[96.11158,2.73922],[96.11243,2.73958],[96.11217,2.73905]]]}},{"type":"Feature","properties":{"nama":"Simeulue","provinsi":"Aceh","sumber":"Batas_Kab"},"geometry":{"type":"Polygon","coordinates":[[[96.11451,2.73884],[96.11441,2.73853],[96.11373,2.73879],[96.11372,2.73957],[96.1141,2.73958],[96.11451,2.73884]]]}},{"type":"Feature","properties":{"nama":"Simeulue","provinsi":"Aceh","sumber":"Batas_Kab"},"geometry":{"type":"Polygon","coordinates":[[[96.12121,2.73872],[96.12051,2.73915],[96.12034,2.73979],[96.12009,2.74017],[96.12016,2.74052],[96.12088,2.74074],[96.12154,2.74039],[96.1223,2.73922],[96.12224,2.73908],[96.12121,2.73872]]]}},{"type":"Feature","properties":{"nama":"Simeulue","provinsi":"Aceh","sumber":"Batas_Kab"},"geometry":{"type":"Polygon","coordinates":[[[96.11426,2.7411],[96.11468,2.74117],[96.11483,2.74096],[96.1146,2.7408],[96.11438,2.74083],[96.11426,2.7411]]]}},{"type":"Feature","properties":{"nama":"Simeulue","provinsi":"Aceh","sumber":"Batas_Kab"},"geometry":{"type":"Polygon","coordinates":[[[96.11199,2.74088],[96.11184,2.74067],[96.11125,2.74045],[96.11118,2.74009],[96.11094,2.73996],[96.11017,2.74052],[96.10994,2.74102],[96.11009,2.74114],[96.11086,2.74088],[96.11164,2.74121],[96.11199,2.74088]]]}},{"type":"Feature","properties":{"nama":"Simeulue","provinsi":"Aceh","sumber":"Batas_Kab"},"geometry":{"type":"Polygon","coordinates":[[[96.11564,2.74121],[96.11549,2.74136],[96.11567,2.74152],[96.11582,2.7414],[96.11564,2.74121]]]}},{"type":"Feature","properties":{"nama":"Simeulue","provinsi":"Aceh","sumber":"Batas_Kab"},"geometry":{"type":"Polygon","coordinates":[[[96.11213,2.74113],[96.11176,2.74131],[96.1118,2.74155],[96.11224,2.74143],[96.11226,2.74126],[96.11213,2.74113]]]}},{"type":"Feature","properties":{"nama":"Simeulue","provinsi":"Aceh","sumber":"Batas_Kab"},"geometry":{"type":"Polygon","coordinates":[[[96.11362,2.74185],[96.11356,2.74159],[96.11276,2.74083],[96.1124,2.74142],[96.11265,2.74154],[96.11283,2.74186],[96.11362,2.74185]]]}},{"type":"Feature","properties":{"nama":"Simeulue","provinsi":"Aceh","sumber":"Batas_Kab"},"geometry":{"type":"Polygon","coordinates":[[[96.10478,2.74261],[96.10538,2.74229],[96.10536,2.7422],[96.10521,2.74212],[96.10508,2.74221],[96.10493,2.74202],[96.10489,2.74228],[96.10463,2.74247],[96.10478,2.74261]]]}},{"type":"Feature","properties":{"nama":"Simeulue","provinsi":"Aceh","sumber":"Batas_Kab"},"geometry":{"type":"Polygon","coordinates":[[[96.10392,2.7426],[96.1038,2.74268],[96.10399,2.74276],[96.104,2.74273],[96.10392,2.7426]]]}},{"type":"Feature","properties":{"nama":"Simeulue","provinsi":"Aceh","sumber":"Batas_Kab"},"geometry":{"type":"Polygon","coordinates":[[[96.11242,2.74315],[96.1134,2.74301],[96.11361,2.74286],[96.11297,2.7425],[96.11269,2.74202],[96.11201,2.74178],[96.11172,2.74255],[96.11242,2.74315]]]}},{"type":"Feature","properties":{"nama":"Simeulue","provinsi":"Aceh","sumber":"Batas_Kab"},"geometry":{"type":"Polygon","coordinates":[[[96.11448,2.74347],[96.11419,2.74347],[96.11428,2.74371],[96.11448,2.74347]]]}},{"type":"Feature","properties":{"nama":"Simeulue","provinsi":"Aceh","sumber":"Batas_Kab"},"geometry":{"type":"Polygon","coordinates":[[[96.08842,2.74793],[96.08875,2.74778],[96.08888,2.74716],[96.08882,2.74679],[96.08847,2.74629],[96.08806,2.74648],[96.08792,2.74703],[96.08812,2.74774],[96.08842,2.74793]]]}},{"type":"Feature","properties":{"nama":"Simeulue","provinsi":"Aceh","sumber":"Batas_Kab"},"geometry":{"type":"Polygon","coordinates":[[[96.08517,2.74715],[96.08645,2.74598],[96.08678,2.74532],[96.08659,2.74532],[96.08536,2.74634],[96.08397,2.74674],[96.08356,2.74728],[96.0837,2.74773],[96.08423,2.74794],[96.08479,2.74769],[96.08517,2.74715]]]}},{"type":"Feature","properties":{"nama":"Simeulue","provinsi":"Aceh","sumber":"Batas_Kab"},"geometry":{"type":"Polygon","coordinates":[[[96.10109,2.74947],[96.10195,2.7495],[96.102,2.74924],[96.10184,2.74889],[96.10156,2.74885],[96.10108,2.7492],[96.10109,2.74947]]]}},{"type":"Feature","properties":{"nama":"Simeulue","provinsi":"Aceh","sumber":"Batas_Kab"},"geometry":{"type":"Polygon","coordinates":[[[96.10421,2.74955],[96.10485,2.74956],[96.10509,2.74932],[96.10525,2.74888],[96.10519,2.74862],[96.10435,2.74798],[96.10433,2.7477],[96.10463,2.74735],[96.10529,2.74728],[96.10563,2.74709],[96.10567,2.74691],[96.1055,2.7466],[96.10578,2.74591],[96.10576,2.74564],[96.10536,2.74542],[96.10481,2.74554],[96.10376,2.74616],[96.10312,2.74638],[96.10222,2.74719],[96.10106,2.74728],[96.10082,2.74759],[96.10036,2.74768],[96.09999,2.74822],[96.09913,2.7479],[96.09939,2.74753],[96.09975,2.74748],[96.09952,2.74725],[96.09919,2.74745],[96.0989,2.74793],[96.0983,2.74823],[96.09813,2.74852],[96.09827,2.74887],[96.09844,2.74895],[96.09879,2.74869],[96.09913,2.7488],[96.09945,2.7485],[96.10045,2.74848],[96.10113,2.74802],[96.10172,2.74781],[96.10223,2.748],[96.10267,2.74897],[96.10349,2.74902],[96.10367,2.74945],[96.10399,2.74977],[96.10415,2.74973],[96.10421,2.74955]]]}},{"type":"Feature","properties":{"nama":"Simeulue","provinsi":"Aceh","sumber":"Batas_Kab"},"geometry":{"type":"Polygon","coordinates":[[[96.10398,2.74997],[96.10376,2.75],[96.10383,2.75019],[96.10396,2.7501],[96.10398,2.74997]]]}},{"type":"Feature","properties":{"nama":"Simeulue","provinsi":"Aceh","sumber":"Batas_Kab"},"geometry":{"type":"Polygon","coordinates":[[[96.10103,2.7503],[96.10115,2.74988],[96.10091,2.74949],[96.10016,2.74944],[96.09976,2.74967],[96.0995,2.74931],[96.09943,2.74955],[96.09907,2.74979],[96.09914,2.75],[96.09948,2.74991],[96.09952,2.75027],[96.10103,2.7503]]]}},{"type":"Feature","properties":{"nama":"Simeulue","provinsi":"Aceh","sumber":"Batas_Kab"},"geometry":{"type":"Polygon","coordinates":[[[96.10081,2.75088],[96.10016,2.75058],[96.1,2.75092],[96.10076,2.75134],[96.10081,2.75088]]]}},{"type":"Feature","properties":{"nama":"Simeulue","provinsi":"Aceh","sumber":"Batas_Kab"},"geometry":{"type":"Polygon","coordinates":[[[96.11168,2.75171],[96.1129,2.75126],[96.11337,2.75081],[96.11352,2.75036],[96.11348,2.74822],[96.11428,2.7468],[96.11673,2.74473],[96.11736,2.74447],[96.11828,2.74438],[96.11892,2.744],[96.11949,2.74422],[96.12057,2.74404],[96.1218,2.74457],[96.12181,2.74467],[96.12163,2.74463],[96.12154,2.74478],[96.12188,2.74508],[96.12206,2.74512],[96.12238,2.74493],[96.12242,2.74355],[96.12269,2.74196],[96.1231,2.74115],[96.12392,2.74048],[96.12428,2.74045],[96.12464,2.74069],[96.12534,2.74039],[96.12548,2.74005],[96.12589,2.73982],[96.12683,2.73976],[96.12684,2.73949],[96.12703,2.73937],[96.12686,2.73861],[96.12709,2.73809],[96.12754,2.73776],[96.12855,2.73773],[96.12873,2.73751],[96.12902,2.73766],[96.12914,2.73752],[96.12902,2.73709],[96.12839,2.73605],[96.12831,2.73543],[96.12849,2.735],[96.12833,2.73464],[96.12771,2.73441],[96.12735,2.7345],[96.12789,2.73556],[96.12778,2.73578],[96.12742,2.73588],[96.12696,2.73644],[96.12591,2.73721],[96.12551,2.73704],[96.12479,2.73726],[96.12462,2.73741],[96.12462,2.73799],[96.12436,2.73825],[96.124,2.73834],[96.12354,2.73827],[96.12329,2.73839],[96.12329,2.73882],[96.12412,2.73899],[96.12426,2.73921],[96.12419,2.73976],[96.12394,2.73986],[96.12356,2.7405],[96.12343,2.7404],[96.12355,2.74017],[96.12301,2.73971],[96.1232,2.7389],[96.1221,2.73953],[96.12209,2.74016],[96.12191,2.74075],[96.1215,2.74088],[96.12119,2.74083],[96.12122,2.74129],[96.12139,2.74147],[96.12126,2.7417],[96.1207,2.74173],[96.1206,2.74158],[96.12068,2.74124],[96.11995,2.74094],[96.11942,2.73983],[96.11923,2.73983],[96.11862,2.74025],[96.11816,2.74032],[96.11794,2.74048],[96.11788,2.7408],[96.11797,2.74211],[96.11713,2.74211],[96.1163,2.74237],[96.1158,2.74214],[96.11532,2.7424],[96.11525,2.74257],[96.11536,2.74283],[96.1158,2.7427],[96.11587,2.74284],[96.11563,2.74336],[96.1149,2.74407],[96.11422,2.74397],[96.11407,2.74365],[96.11371,2.74368],[96.1134,2.74349],[96.11325,2.7436],[96.11305,2.74422],[96.11369,2.74498],[96.11347,2.74525],[96.11287,2.74505],[96.11249,2.74556],[96.11187,2.74576],[96.111,2.74571],[96.11018,2.74549],[96.10988,2.74528],[96.10915,2.74554],[96.10895,2.74524],[96.1089,2.74478],[96.10919,2.74459],[96.10921,2.74441],[96.10863,2.74424],[96.10801,2.74342],[96.10715,2.74274],[96.10662,2.74291],[96.10595,2.74356],[96.10552,2.74411],[96.10563,2.74446],[96.10522,2.74472],[96.10503,2.74472],[96.10494,2.74448],[96.10452,2.74416],[96.10435,2.7442],[96.1043,2.74447],[96.10374,2.74446],[96.10373,2.74472],[96.10419,2.74479],[96.10473,2.74514],[96.10529,2.74517],[96.10558,2.74538],[96.1061,2.74472],[96.10613,2.74455],[96.10596,2.74431],[96.10627,2.74447],[96.10727,2.74368],[96.10764,2.74378],[96.10804,2.74434],[96.108,2.74474],[96.10727,2.74515],[96.1072,2.74596],[96.10694,2.74603],[96.10672,2.7459],[96.10661,2.74617],[96.1068,2.74637],[96.10684,2.74677],[96.10769,2.74896],[96.10864,2.75003],[96.10867,2.75032],[96.10842,2.75079],[96.10963,2.75167],[96.1099,2.75133],[96.11168,2.75171]]]}},{"type":"Feature","properties":{"nama":"Simeulue","provinsi":"Aceh","sumber":"Batas_Kab"},"geometry":{"type":"Polygon","coordinates":[[[96.01369,2.78458],[96.0143,2.7838],[96.01475,2.78281],[96.01478,2.78235],[96.01465,2.78211],[96.01438,2.78186],[96.01342,2.78159],[96.01218,2.78094],[96.01132,2.78085],[96.0109,2.78098],[96.01002,2.78224],[96.00986,2.78268],[96.00988,2.78341],[96.01026,2.78388],[96.01128,2.7843],[96.01212,2.78431],[96.01259,2.78456],[96.01335,2.78469],[96.01369,2.78458]]]}},{"type":"Feature","properties":{"nama":"Simeulue","provinsi":"Aceh","sumber":"Batas_Kab"},"geometry":{"type":"Polygon","coordinates":[[[95.96593,2.82413],[95.96516,2.824],[95.96474,2.82424],[95.96384,2.82569],[95.96264,2.82643],[95.96237,2.82715],[95.96261,2.82772],[95.96375,2.82821],[95.96476,2.82819],[95.96566,2.82758],[95.96637,2.82681],[95.96663,2.82635],[95.96667,2.82512],[95.96628,2.82441],[95.96593,2.82413]]]}},{"type":"Feature","properties":{"nama":"Simeulue","provinsi":"Aceh","sumber":"Batas_Kab"},"geometry":{"type":"Polygon","coordinates":[[[95.90231,2.82898],[95.90175,2.82877],[95.90185,2.82902],[95.90174,2.82926],[95.90189,2.82931],[95.90231,2.82898]]]}},{"type":"Feature","properties":{"nama":"Simeulue","provinsi":"Aceh","sumber":"Batas_Kab"},"geometry":{"type":"Polygon","coordinates":[[[95.78479,2.82894],[95.78455,2.82905],[95.78454,2.8293],[95.78527,2.82941],[95.78507,2.82904],[95.78479,2.82894]]]}},{"type":"Feature","properties":{"nama":"Simeulue","provinsi":"Aceh","sumber":"Batas_Kab"},"geometry":{"type":"Polygon","coordinates":[[[95.90241,2.8295],[95.90252,2.82924],[95.90241,2.82917],[95.9022,2.82936],[95.90241,2.8295]]]}},{"type":"Feature","properties":{"nama":"Simeulue","provinsi":"Aceh","sumber":"Batas_Kab"},"geometry":{"type":"Polygon","coordinates":[[[95.9025,2.82967],[95.90239,2.82957],[95.90212,2.82968],[95.90227,2.8298],[95.9025,2.82967]]]}},{"type":"Feature","properties":{"nama":"Simeulue","provinsi":"Aceh","sumber":"Batas_Kab"},"geometry":{"type":"Polygon","coordinates":[[[95.78861,2.83051],[95.78943,2.8303],[95.78954,2.83021],[95.78878,2.82987],[95.78861,2.83011],[95.78861,2.83051]]]}},{"type":"Feature","properties":{"nama":"Simeulue","provinsi":"Aceh","sumber":"Batas_Kab"},"geometry":{"type":"Polygon","coordinates":[[[95.89641,2.83097],[95.8961,2.83106],[95.89582,2.83186],[95.89518,2.83227],[95.89518,2.83238],[95.8956,2.83253],[95.89582,2.83279],[95.8963,2.83264],[95.89647,2.83218],[95.89651,2.83119],[95.89641,2.83097]]]}},{"type":"Feature","properties":{"nama":"Simeulue","provinsi":"Aceh","sumber":"Batas_Kab"},"geometry":{"type":"Polygon","coordinates":[[[95.76459,2.83544],[95.76622,2.83535],[95.7672,2.83495],[95.76782,2.83454],[95.76801,2.83428],[95.76863,2.83434],[95.76885,2.83416],[95.76942,2.83407],[95.76952,2.8339],[95.76932,2.83336],[95.76942,2.833],[95.77019,2.83261],[95.77047,2.83263],[95.77061,2.83308],[95.77104,2.8333],[95.77193,2.83173],[95.77198,2.83127],[95.77181,2.83091],[95.77166,2.83082],[95.77094,2.83084],[95.77024,2.83158],[95.76867,2.83138],[95.76772,2.83201],[95.76748,2.83172],[95.76677,2.83163],[95.76682,2.83142],[95.76717,2.83114],[95.76816,2.83129],[95.76848,2.83066],[95.76888,2.83046],[95.76916,2.83004],[95.76919,2.82955],[95.76885,2.82937],[95.76849,2.82888],[95.76741,2.82838],[95.76581,2.82814],[95.76568,2.82827],[95.76587,2.8286],[95.76578,2.82889],[95.7656,2.82896],[95.76518,2.82842],[95.7647,2.82837],[95.7642,2.82952],[95.76373,2.82981],[95.76369,2.83141],[95.76383,2.83172],[95.76413,2.83196],[95.76422,2.83226],[95.76361,2.83313],[95.76343,2.83403],[95.7641,2.83535],[95.76459,2.83544]]]}},{"type":"Feature","properties":{"nama":"Simeulue","provinsi":"Aceh","sumber":"Batas_Kab"},"geometry":{"type":"Polygon","coordinates":[[[95.8871,2.83505],[95.88696,2.83512],[95.88688,2.83541],[95.88738,2.83602],[95.88745,2.83534],[95.88737,2.83515],[95.8871,2.83505]]]}},{"type":"Feature","properties":{"nama":"Simeulue","provinsi":"Aceh","sumber":"Batas_Kab"},"geometry":{"type":"Polygon","coordinates":[[[95.78819,2.83407],[95.78724,2.8343],[95.78715,2.83464],[95.78872,2.83632],[95.78888,2.83646],[95.78924,2.83649],[95.78939,2.83629],[95.78819,2.83407]]]}},{"type":"Feature","properties":{"nama":"Simeulue","provinsi":"Aceh","sumber":"Batas_Kab"},"geometry":{"type":"Polygon","coordinates":[[[95.88578,2.8359],[95.88543,2.83599],[95.88541,2.83643],[95.88568,2.83681],[95.88626,2.83694],[95.88641,2.83675],[95.88627,2.83641],[95.88578,2.8359]]]}},{"type":"Feature","properties":{"nama":"Simeulue","provinsi":"Aceh","sumber":"Batas_Kab"},"geometry":{"type":"Polygon","coordinates":[[[95.78539,2.83732],[95.78517,2.83733],[95.78512,2.83769],[95.78557,2.83821],[95.78602,2.83843],[95.78668,2.83823],[95.7866,2.83793],[95.78634,2.83768],[95.78577,2.83758],[95.78539,2.83732]]]}},{"type":"Feature","properties":{"nama":"Simeulue","provinsi":"Aceh","sumber":"Batas_Kab"},"geometry":{"type":"Polygon","coordinates":[[[95.91067,2.83769],[95.91092,2.8377],[95.91112,2.83805],[95.91132,2.83804],[95.91163,2.8373],[95.91157,2.83685],[95.91116,2.83656],[95.91054,2.83656],[95.91009,2.83678],[95.90973,2.83718],[95.90922,2.8375],[95.90871,2.83811],[95.90872,2.83949],[95.90888,2.83955],[95.90909,2.83929],[95.90964,2.83913],[95.90992,2.83875],[95.9104,2.83854],[95.91067,2.83769]]]}},{"type":"Feature","properties":{"nama":"Simeulue","provinsi":"Aceh","sumber":"Batas_Kab"},"geometry":{"type":"Polygon","coordinates":[[[95.96477,2.84167],[95.96419,2.84156],[95.96399,2.84174],[95.96278,2.84348],[95.96254,2.84498],[95.9632,2.84686],[95.96343,2.84705],[95.96393,2.84717],[95.9648,2.84703],[95.96521,2.84677],[95.96568,2.84611],[95.96582,2.84556],[95.9655,2.84264],[95.96538,2.84232],[95.96477,2.84167]]]}},{"type":"Feature","properties":{"nama":"Simeulue","provinsi":"Aceh","sumber":"Batas_Kab"},"geometry":{"type":"Polygon","coordinates":[[[95.88835,2.8478],[95.88839,2.84741],[95.88804,2.84729],[95.88734,2.84749],[95.887,2.84778],[95.88698,2.84816],[95.88721,2.84829],[95.88773,2.84816],[95.88835,2.8478]]]}},{"type":"Feature","properties":{"nama":"Simeulue","provinsi":"Aceh","sumber":"Batas_Kab"},"geometry":{"type":"Polygon","coordinates":[[[95.87588,2.85044],[95.8762,2.84998],[95.87707,2.8497],[95.87717,2.84954],[95.87661,2.84897],[95.87642,2.84896],[95.87576,2.8494],[95.87555,2.84935],[95.87494,2.84878],[95.87468,2.84891],[95.87463,2.84936],[95.87446,2.84965],[95.87384,2.8496],[95.87248,2.84987],[95.87223,2.85062],[95.8723,2.85086],[95.87261,2.85096],[95.87335,2.85039],[95.87396,2.85037],[95.87425,2.85055],[95.87425,2.85129],[95.87457,2.8516],[95.87465,2.85199],[95.87388,2.85263],[95.87443,2.85292],[95.87473,2.85334],[95.87487,2.85336],[95.8752,2.8531],[95.87538,2.85192],[95.87563,2.85162],[95.87588,2.85044]]]}},{"type":"Feature","properties":{"nama":"Simeulue","provinsi":"Aceh","sumber":"Batas_Kab"},"geometry":{"type":"Polygon","coordinates":[[[95.94377,2.85149],[95.94359,2.85143],[95.94264,2.85167],[95.942,2.85353],[95.94191,2.85428],[95.942,2.85446],[95.94299,2.85519],[95.94352,2.85473],[95.94374,2.85426],[95.94397,2.85199],[95.94377,2.85149]]]}},{"type":"Feature","properties":{"nama":"Simeulue","provinsi":"Aceh","sumber":"Batas_Kab"},"geometry":{"type":"Polygon","coordinates":[[[95.93126,2.86087],[95.93091,2.86091],[95.93054,2.86123],[95.9299,2.86289],[95.92947,2.86311],[95.929,2.86366],[95.92837,2.86375],[95.92806,2.864],[95.92808,2.86444],[95.92849,2.86489],[95.92893,2.86499],[95.92921,2.86492],[95.93022,2.86432],[95.93069,2.86381],[95.93117,2.86212],[95.93156,2.86168],[95.93152,2.86126],[95.93126,2.86087]]]}},{"type":"Feature","properties":{"nama":"Simeulue","provinsi":"Aceh","sumber":"Batas_Kab"},"geometry":{"type":"Polygon","coordinates":[[[95.8841,2.86651],[95.88358,2.86651],[95.88305,2.86668],[95.88229,2.86696],[95.88221,2.8672],[95.88355,2.86759],[95.88413,2.86821],[95.88434,2.86732],[95.88427,2.86678],[95.8841,2.86651]]]}},{"type":"Feature","properties":{"nama":"Simeulue","provinsi":"Aceh","sumber":"Batas_Kab"},"geometry":{"type":"Polygon","coordinates":[[[95.88557,2.8692],[95.88416,2.86887],[95.88409,2.86912],[95.88373,2.86939],[95.88374,2.86969],[95.88459,2.8699],[95.88522,2.87023],[95.88557,2.8692]]]}},{"type":"Feature","properties":{"nama":"Simeulue","provinsi":"Aceh","sumber":"Batas_Kab"},"geometry":{"type":"Polygon","coordinates":[[[95.76367,2.89129],[95.76376,2.89088],[95.76332,2.89053],[95.76305,2.89052],[95.7625,2.89083],[95.76193,2.8909],[95.76145,2.89083],[95.7606,2.89037],[95.76029,2.89057],[95.76016,2.89108],[95.75911,2.89134],[95.75918,2.89307],[95.75908,2.89367],[95.75943,2.89426],[95.76101,2.89505],[95.76201,2.89444],[95.76357,2.89377],[95.76365,2.89325],[95.76356,2.89265],[95.764,2.89221],[95.76367,2.89129]]]}},{"type":"Feature","properties":{"nama":"Simeulue","provinsi":"Aceh","sumber":"Batas_Kab"},"geometry":{"type":"Polygon","coordinates":[[[95.83746,2.89777],[95.83728,2.89767],[95.83689,2.89777],[95.83711,2.89812],[95.83749,2.89821],[95.83757,2.89808],[95.83746,2.89777]]]}},{"type":"Feature","properties":{"nama":"Simeulue","provinsi":"Aceh","sumber":"Batas_Kab"},"geometry":{"type":"Polygon","coordinates":[[[95.83545,2.89765],[95.83528,2.89767],[95.83525,2.89786],[95.8354,2.89839],[95.83564,2.89847],[95.83573,2.89791],[95.83545,2.89765]]]}},{"type":"Feature","properties":{"nama":"Simeulue","provinsi":"Aceh","sumber":"Batas_Kab"},"geometry":{"type":"Polygon","coordinates":[[[95.82337,2.90169],[95.82292,2.90169],[95.82275,2.90184],[95.82322,2.90207],[95.82349,2.90194],[95.82337,2.90169]]]}},{"type":"Feature","properties":{"nama":"Simeulue","provinsi":"Aceh","sumber":"Batas_Kab"},"geometry":{"type":"Polygon","coordinates":[[[95.82669,2.9033],[95.82648,2.90355],[95.82664,2.90373],[95.82679,2.90361],[95.82669,2.9033]]]}},{"type":"Feature","properties":{"nama":"Simeulue","provinsi":"Aceh","sumber":"Batas_Kab"},"geometry":{"type":"Polygon","coordinates":[[[95.75706,2.90462],[95.75769,2.90371],[95.75768,2.90347],[95.75747,2.90314],[95.75712,2.9029],[95.75655,2.90282],[95.75601,2.90286],[95.7556,2.90304],[95.75538,2.9035],[95.75514,2.90369],[95.75514,2.90428],[95.75655,2.90484],[95.75706,2.90462]]]}},{"type":"Feature","properties":{"nama":"Simeulue","provinsi":"Aceh","sumber":"Batas_Kab"},"geometry":{"type":"Polygon","coordinates":[[[95.80829,2.91104],[95.80813,2.9111],[95.8082,2.91123],[95.80837,2.91121],[95.80829,2.91104]]]}},{"type":"Feature","properties":{"nama":"Simeulue","provinsi":"Aceh","sumber":"Batas_Kab"},"geometry":{"type":"Polygon","coordinates":[[[95.80683,2.91269],[95.8067,2.91276],[95.80678,2.91292],[95.80688,2.91284],[95.80683,2.91269]]]}},{"type":"Feature","properties":{"nama":"Simeulue","provinsi":"Aceh","sumber":"Batas_Kab"},"geometry":{"type":"Polygon","coordinates":[[[95.80306,2.91282],[95.80241,2.91266],[95.8023,2.9128],[95.8023,2.91292],[95.80268,2.91307],[95.80288,2.91358],[95.80317,2.91333],[95.80306,2.91282]]]}},{"type":"Feature","properties":{"nama":"Simeulue","provinsi":"Aceh","sumber":"Batas_Kab"},"geometry":{"type":"Polygon","coordinates":[[[95.75971,2.92903],[95.76006,2.929],[95.76077,2.92924],[95.7609,2.9292],[95.76112,2.92877],[95.7616,2.92637],[95.76136,2.92563],[95.76103,2.92522],[95.75992,2.92554],[95.75874,2.92566],[95.7583,2.926],[95.75786,2.92685],[95.75781,2.9274],[95.75875,2.92927],[95.75912,2.92932],[95.75971,2.92903]]]}},{"type":"Feature","properties":{"nama":"Simeulue","provinsi":"Aceh","sumber":"Batas_Kab"},"geometry":{"type":"Polygon","coordinates":[[[95.80122,2.93009],[95.80276,2.93003],[95.80331,2.92954],[95.8037,2.92944],[95.80472,2.92868],[95.80496,2.92795],[95.80543,2.9273],[95.80561,2.92618],[95.80516,2.92428],[95.8055,2.92232],[95.80459,2.92139],[95.80357,2.92183],[95.80357,2.92197],[95.80395,2.92236],[95.80402,2.92272],[95.80315,2.92344],[95.80269,2.92346],[95.80191,2.92282],[95.80172,2.92279],[95.80115,2.92317],[95.80098,2.92311],[95.8008,2.92252],[95.80043,2.92227],[95.80054,2.92152],[95.80079,2.92112],[95.80132,2.92137],[95.80162,2.92127],[95.80172,2.92088],[95.8016,2.92071],[95.80128,2.92065],[95.80125,2.92052],[95.8014,2.92042],[95.8016,2.92057],[95.80183,2.92053],[95.80202,2.91858],[95.80184,2.91835],[95.80113,2.91839],[95.80085,2.91825],[95.80056,2.91749],[95.80069,2.91737],[95.80154,2.91741],[95.80251,2.91697],[95.80276,2.91711],[95.80331,2.91782],[95.8042,2.9181],[95.80456,2.91793],[95.80523,2.91727],[95.80579,2.91617],[95.80556,2.91596],[95.80501,2.91589],[95.8047,2.91664],[95.80407,2.91684],[95.80374,2.91677],[95.80306,2.91633],[95.80261,2.91655],[95.80141,2.91559],[95.79976,2.91515],[95.79948,2.91446],[95.79928,2.91476],[95.79915,2.91581],[95.79867,2.91601],[95.7985,2.91671],[95.79837,2.91673],[95.79828,2.91633],[95.79799,2.91598],[95.79796,2.91559],[95.7982,2.91478],[95.79811,2.9142],[95.79842,2.91373],[95.79834,2.91341],[95.79847,2.91303],[95.79916,2.91238],[95.79961,2.91225],[95.80077,2.91276],[95.80191,2.91271],[95.80185,2.91253],[95.80144,2.91232],[95.80127,2.91197],[95.80167,2.91034],[95.80149,2.90932],[95.80096,2.90911],[95.80016,2.90924],[95.7995,2.90904],[95.79935,2.90886],[95.79956,2.90833],[95.80039,2.90827],[95.80101,2.90877],[95.80176,2.90896],[95.80222,2.90893],[95.80239,2.90862],[95.80174,2.90685],[95.80206,2.90636],[95.80236,2.9063],[95.80329,2.90736],[95.80338,2.90872],[95.80418,2.90941],[95.80449,2.91005],[95.80454,2.91058],[95.80626,2.91157],[95.80692,2.91244],[95.80761,2.91156],[95.80747,2.91084],[95.80698,2.91052],[95.80715,2.90988],[95.80739,2.90971],[95.80791,2.91036],[95.8088,2.91061],[95.81015,2.91068],[95.8105,2.91084],[95.8106,2.91111],[95.81047,2.91191],[95.80993,2.91234],[95.80954,2.91326],[95.8089,2.91391],[95.80873,2.91427],[95.80883,2.91452],[95.80957,2.91471],[95.80959,2.91428],[95.81,2.9136],[95.81089,2.91284],[95.81141,2.91298],[95.81155,2.9128],[95.81154,2.91249],[95.8118,2.91223],[95.81202,2.91222],[95.81299,2.91315],[95.81362,2.91321],[95.81407,2.91359],[95.81443,2.91329],[95.81621,2.91317],[95.81694,2.9129],[95.81863,2.91261],[95.81936,2.91226],[95.81985,2.91129],[95.82022,2.91122],[95.82027,2.91109],[95.82021,2.91088],[95.81985,2.91073],[95.82015,2.91041],[95.8201,2.91009],[95.81982,2.91025],[95.81942,2.90995],[95.81836,2.90989],[95.81776,2.91066],[95.81762,2.91063],[95.81761,2.91037],[95.81801,2.90939],[95.81793,2.90911],[95.81744,2.90887],[95.81743,2.90811],[95.81825,2.90749],[95.81894,2.9071],[95.81919,2.9072],[95.81919,2.90783],[95.81898,2.90855],[95.8192,2.90875],[95.82098,2.90812],[95.82084,2.90777],[95.82099,2.9077],[95.82156,2.90806],[95.82181,2.90793],[95.82277,2.90791],[95.82333,2.90764],[95.82388,2.90756],[95.82419,2.90768],[95.82434,2.90827],[95.82475,2.9084],[95.82502,2.90815],[95.82502,2.90767],[95.82478,2.90714],[95.82358,2.90594],[95.82353,2.90552],[95.82387,2.90476],[95.82356,2.90448],[95.82348,2.90418],[95.8235,2.90319],[95.82254,2.90233],[95.82206,2.90142],[95.822,2.90069],[95.82214,2.9004],[95.82237,2.90035],[95.82246,2.90065],[95.82262,2.90069],[95.82334,2.90005],[95.82324,2.89968],[95.82239,2.89954],[95.82227,2.89916],[95.82258,2.89899],[95.82256,2.89864],[95.82348,2.89796],[95.82411,2.89836],[95.8245,2.89812],[95.82477,2.89813],[95.82502,2.89841],[95.82496,2.89891],[95.82507,2.89941],[95.82557,2.90017],[95.82583,2.90118],[95.82579,2.90205],[95.8261,2.90262],[95.8266,2.90291],[95.82766,2.90292],[95.82807,2.90367],[95.82887,2.9039],[95.82914,2.90379],[95.82911,2.90365],[95.82842,2.90322],[95.82833,2.90274],[95.83008,2.90002],[95.83026,2.89951],[95.83019,2.89885],[95.83032,2.89854],[95.83045,2.89838],[95.83082,2.89836],[95.83112,2.89885],[95.83134,2.89895],[95.83166,2.89891],[95.83168,2.89857],[95.83239,2.89767],[95.83241,2.89756],[95.83206,2.89724],[95.83231,2.89697],[95.83232,2.89675],[95.83371,2.897],[95.8338,2.89691],[95.83407,2.89572],[95.83443,2.89547],[95.83508,2.89535],[95.83527,2.89502],[95.83532,2.89466],[95.83495,2.89414],[95.83489,2.89364],[95.83503,2.89346],[95.83542,2.89337],[95.83581,2.89285],[95.83617,2.89314],[95.83641,2.89304],[95.83663,2.89254],[95.83663,2.89181],[95.8383,2.89021],[95.8383,2.88975],[95.83778,2.88825],[95.83754,2.8881],[95.83675,2.88831],[95.83592,2.8882],[95.83576,2.88827],[95.83574,2.88845],[95.83588,2.88922],[95.83491,2.8912],[95.83401,2.89161],[95.83336,2.89147],[95.83309,2.89125],[95.83296,2.89072],[95.83311,2.8905],[95.83371,2.89027],[95.83373,2.8897],[95.83404,2.88898],[95.83339,2.8877],[95.83343,2.88718],[95.83373,2.88705],[95.8341,2.88716],[95.835,2.88593],[95.83638,2.88513],[95.83723,2.88414],[95.83893,2.88346],[95.83963,2.88288],[95.8408,2.88299],[95.84113,2.88254],[95.84138,2.88249],[95.84211,2.88305],[95.84121,2.88459],[95.83963,2.88548],[95.83889,2.88615],[95.83865,2.88719],[95.83897,2.88751],[95.83931,2.88863],[95.83985,2.88867],[95.84015,2.88883],[95.84012,2.88927],[95.83847,2.89151],[95.83815,2.89261],[95.83738,2.89364],[95.8368,2.89467],[95.83653,2.8956],[95.83591,2.89616],[95.83559,2.8969],[95.83553,2.89745],[95.83578,2.89758],[95.83587,2.89707],[95.83606,2.89681],[95.83788,2.8965],[95.83838,2.89569],[95.83914,2.89513],[95.83922,2.89533],[95.83897,2.89568],[95.83915,2.89679],[95.83909,2.89724],[95.83846,2.89737],[95.83809,2.89764],[95.83807,2.89802],[95.83859,2.89869],[95.83845,2.89904],[95.83805,2.89914],[95.83747,2.89883],[95.83582,2.89972],[95.8348,2.89992],[95.83444,2.90049],[95.83413,2.90066],[95.83353,2.90216],[95.83391,2.90367],[95.83387,2.90418],[95.83416,2.90489],[95.83476,2.90567],[95.83487,2.90602],[95.83443,2.90729],[95.83431,2.91037],[95.83465,2.91217],[95.83501,2.91278],[95.83534,2.91299],[95.83567,2.91287],[95.83588,2.91235],[95.83627,2.91209],[95.83759,2.91159],[95.83858,2.9114],[95.83973,2.91191],[95.84055,2.91166],[95.84342,2.91163],[95.84383,2.91176],[95.84446,2.91222],[95.84522,2.91231],[95.84602,2.9123],[95.84667,2.91199],[95.84828,2.91191],[95.84957,2.91215],[95.85092,2.91297],[95.85143,2.91291],[95.85202,2.91306],[95.85332,2.91305],[95.85413,2.91319],[95.85554,2.91221],[95.85757,2.91163],[95.85861,2.91105],[95.86052,2.91041],[95.86114,2.90982],[95.8619,2.90875],[95.86233,2.90859],[95.86296,2.90879],[95.86432,2.90966],[95.86512,2.90981],[95.86606,2.91017],[95.86823,2.91117],[95.86876,2.9118],[95.87054,2.91302],[95.8723,2.91319],[95.87554,2.91135],[95.87617,2.91038],[95.87683,2.90903],[95.87741,2.90835],[95.87899,2.90541],[95.87964,2.90464],[95.88071,2.90378],[95.8838,2.90222],[95.88683,2.90147],[95.88824,2.90124],[95.88942,2.90126],[95.89,2.90137],[95.89041,2.90181],[95.89064,2.90183],[95.89277,2.90026],[95.89374,2.89989],[95.89406,2.89939],[95.89439,2.89921],[95.89452,2.89891],[95.89593,2.89825],[95.89663,2.89767],[95.89713,2.89746],[95.89769,2.89762],[95.89884,2.89737],[95.90123,2.89624],[95.90242,2.89624],[95.90347,2.89566],[95.90419,2.89498],[95.90473,2.89484],[95.90473,2.89414],[95.90501,2.89309],[95.90547,2.89202],[95.90601,2.89154],[95.90636,2.89041],[95.90668,2.88982],[95.90707,2.88752],[95.90739,2.88699],[95.90807,2.88643],[95.90839,2.88599],[95.90855,2.88496],[95.90892,2.88418],[95.90882,2.88386],[95.90913,2.88301],[95.9096,2.88225],[95.91021,2.88161],[95.91147,2.87837],[95.91191,2.87781],[95.91261,2.87735],[95.9138,2.876],[95.91447,2.8743],[95.91604,2.87226],[95.91628,2.87113],[95.91758,2.86904],[95.91763,2.86845],[95.91795,2.86791],[95.91766,2.86735],[95.91742,2.86719],[95.91723,2.86717],[95.9168,2.86749],[95.91472,2.86736],[95.91403,2.86691],[95.91376,2.86637],[95.91374,2.86616],[95.9148,2.86633],[95.91482,2.86611],[95.91424,2.86615],[95.91425,2.86588],[95.9145,2.86585],[95.91453,2.86595],[95.91489,2.8659],[95.91459,2.8659],[95.91458,2.86576],[95.9144,2.86576],[95.91418,2.86582],[95.91417,2.86613],[95.91374,2.8661],[95.91363,2.86388],[95.91324,2.86224],[95.91374,2.86073],[95.91421,2.85978],[95.91413,2.85884],[95.91396,2.85844],[95.9133,2.85766],[95.9122,2.85736],[95.91185,2.85714],[95.91183,2.8569],[95.91234,2.85704],[95.91252,2.85696],[95.91181,2.8565],[95.9116,2.85566],[95.91159,2.85541],[95.912,2.8549],[95.91221,2.8542],[95.91208,2.85391],[95.91177,2.85383],[95.91158,2.85385],[95.91137,2.85431],[95.91118,2.8543],[95.91105,2.8541],[95.91134,2.8527],[95.91156,2.85226],[95.91211,2.8517],[95.91291,2.84921],[95.91245,2.84765],[95.9122,2.84731],[95.9114,2.84731],[95.91082,2.8471],[95.91061,2.84731],[95.90959,2.84759],[95.90895,2.84807],[95.90874,2.84962],[95.90812,2.85034],[95.90791,2.8511],[95.90734,2.8523],[95.90705,2.85265],[95.90629,2.85306],[95.90587,2.85374],[95.90587,2.85422],[95.90637,2.85488],[95.90644,2.85557],[95.90644,2.85593],[95.90589,2.85667],[95.90533,2.857],[95.90458,2.85694],[95.90342,2.85736],[95.90234,2.85716],[95.90145,2.85749],[95.89924,2.85727],[95.89718,2.8585],[95.89617,2.85885],[95.89592,2.85903],[95.89552,2.85968],[95.89553,2.86022],[95.89541,2.86054],[95.89502,2.8608],[95.89477,2.86133],[95.89401,2.8621],[95.89294,2.86349],[95.89237,2.86398],[95.89214,2.86476],[95.89083,2.86514],[95.89034,2.86587],[95.88965,2.86652],[95.88942,2.86707],[95.88894,2.86739],[95.88853,2.86793],[95.88749,2.86963],[95.88675,2.87002],[95.88617,2.8709],[95.88581,2.8711],[95.88524,2.87114],[95.88506,2.87163],[95.88352,2.87261],[95.88293,2.87256],[95.88232,2.87273],[95.88177,2.8726],[95.88166,2.87242],[95.88196,2.87213],[95.8818,2.87196],[95.88188,2.87153],[95.8818,2.87133],[95.88134,2.87142],[95.881,2.87092],[95.88019,2.87114],[95.87947,2.87085],[95.87921,2.87008],[95.87928,2.86975],[95.87991,2.8687],[95.8798,2.86853],[95.87841,2.86806],[95.87828,2.8681],[95.87831,2.86881],[95.87821,2.86893],[95.87771,2.86893],[95.87729,2.8686],[95.87696,2.86855],[95.87636,2.86926],[95.87625,2.86959],[95.87665,2.86966],[95.87724,2.86935],[95.87776,2.86937],[95.87826,2.86974],[95.87895,2.87069],[95.87737,2.87164],[95.8769,2.87242],[95.87641,2.87236],[95.87585,2.87189],[95.87519,2.8717],[95.87405,2.87094],[95.87386,2.8705],[95.87385,2.8701],[95.87323,2.8692],[95.87307,2.8683],[95.87324,2.86741],[95.87374,2.86653],[95.87428,2.86621],[95.87475,2.86569],[95.87504,2.86558],[95.87552,2.86608],[95.87644,2.866],[95.87709,2.86555],[95.8776,2.86474],[95.87792,2.86359],[95.87843,2.86344],[95.87864,2.86349],[95.87925,2.86409],[95.8796,2.86421],[95.88044,2.86391],[95.88091,2.86339],[95.88151,2.86227],[95.88215,2.86187],[95.88264,2.86182],[95.88315,2.86137],[95.88307,2.86104],[95.8825,2.86068],[95.88234,2.86032],[95.88238,2.86017],[95.88322,2.85991],[95.88325,2.85956],[95.88307,2.85928],[95.88238,2.85919],[95.8821,2.85962],[95.88174,2.8596],[95.88128,2.86038],[95.88009,2.86067],[95.87963,2.86122],[95.87823,2.86199],[95.87789,2.86196],[95.8773,2.86151],[95.87706,2.86152],[95.87684,2.86202],[95.87644,2.86241],[95.87579,2.86385],[95.87564,2.86398],[95.87488,2.864],[95.87418,2.86381],[95.873,2.86446],[95.87235,2.86461],[95.87179,2.86434],[95.87165,2.86401],[95.87139,2.86264],[95.87108,2.86174],[95.87111,2.8613],[95.87148,2.86109],[95.87175,2.86055],[95.87125,2.86036],[95.8708,2.86054],[95.86993,2.86021],[95.86983,2.85933],[95.86972,2.85917],[95.86817,2.859],[95.86773,2.85964],[95.86729,2.85975],[95.86608,2.85902],[95.86611,2.85871],[95.86592,2.85855],[95.86513,2.85837],[95.86524,2.85805],[95.86561,2.8578],[95.86619,2.85713],[95.86698,2.85698],[95.86708,2.85643],[95.86733,2.85603],[95.86749,2.85591],[95.86808,2.85591],[95.86836,2.85514],[95.8692,2.85488],[95.86927,2.85436],[95.87024,2.8541],[95.8704,2.85394],[95.86933,2.85334],[95.86928,2.85288],[95.86938,2.85271],[95.87016,2.85254],[95.87017,2.85229],[95.86956,2.85199],[95.86973,2.85137],[95.86962,2.85123],[95.86888,2.85106],[95.86866,2.85087],[95.86843,2.84971],[95.86768,2.84958],[95.86681,2.84997],[95.86628,2.84991],[95.86581,2.84953],[95.86545,2.84899],[95.86566,2.84836],[95.86701,2.84777],[95.86807,2.84809],[95.86877,2.84772],[95.86956,2.8476],[95.87004,2.84673],[95.87051,2.84647],[95.87102,2.8465],[95.87137,2.84667],[95.87277,2.84647],[95.87307,2.84685],[95.87295,2.84743],[95.87172,2.84804],[95.87081,2.84925],[95.87088,2.84977],[95.87115,2.84991],[95.87161,2.84895],[95.87207,2.84843],[95.8729,2.84838],[95.87318,2.84807],[95.87374,2.84829],[95.87426,2.84804],[95.87464,2.84817],[95.87492,2.84846],[95.87514,2.84842],[95.87517,2.8481],[95.87445,2.8474],[95.87446,2.84686],[95.87492,2.8463],[95.87615,2.84564],[95.87765,2.84551],[95.87821,2.84576],[95.87838,2.84628],[95.87851,2.84631],[95.87883,2.84608],[95.87888,2.84575],[95.87873,2.84523],[95.87901,2.84502],[95.87996,2.84499],[95.88064,2.84533],[95.88088,2.84574],[95.88178,2.84481],[95.88262,2.8447],[95.88325,2.84433],[95.88396,2.84431],[95.88597,2.84335],[95.88714,2.84314],[95.88715,2.84211],[95.88701,2.84186],[95.88639,2.84158],[95.88698,2.84125],[95.88699,2.84111],[95.8865,2.84072],[95.88633,2.8404],[95.88665,2.83967],[95.88707,2.83924],[95.88664,2.83879],[95.88642,2.83835],[95.88623,2.83755],[95.8857,2.83744],[95.88524,2.83788],[95.88472,2.83812],[95.88434,2.83787],[95.8842,2.83723],[95.88418,2.83633],[95.88476,2.83553],[95.88498,2.83451],[95.88552,2.83362],[95.88583,2.83349],[95.88658,2.83394],[95.88702,2.83405],[95.88718,2.83402],[95.88733,2.83371],[95.88717,2.83308],[95.88735,2.8322],[95.88578,2.83167],[95.88564,2.83135],[95.88591,2.83077],[95.88567,2.83041],[95.88511,2.83017],[95.88499,2.82996],[95.88498,2.82972],[95.88539,2.82923],[95.8855,2.82871],[95.88537,2.82864],[95.88508,2.82891],[95.88444,2.82913],[95.88387,2.82954],[95.88401,2.83021],[95.88392,2.83081],[95.88408,2.83135],[95.88393,2.83173],[95.88345,2.83199],[95.88313,2.832],[95.88222,2.83129],[95.88111,2.83093],[95.88025,2.83027],[95.88001,2.82972],[95.88003,2.82925],[95.88083,2.8288],[95.88044,2.82792],[95.8805,2.82778],[95.88231,2.82655],[95.88259,2.82532],[95.88277,2.82503],[95.88372,2.82475],[95.88429,2.82506],[95.88447,2.82544],[95.88388,2.8266],[95.88442,2.82692],[95.8845,2.8273],[95.88565,2.8275],[95.88672,2.8283],[95.88709,2.82816],[95.88748,2.82758],[95.88849,2.82745],[95.8889,2.82759],[95.88924,2.82815],[95.88935,2.82861],[95.88967,2.82877],[95.8899,2.8287],[95.89005,2.82859],[95.89022,2.82787],[95.8905,2.82752],[95.89131,2.82719],[95.8922,2.82648],[95.89284,2.82632],[95.8929,2.8266],[95.89261,2.82684],[95.8926,2.82707],[95.89299,2.8272],[95.89364,2.82701],[95.89406,2.82752],[95.89418,2.82798],[95.89488,2.82805],[95.89521,2.82851],[95.89548,2.82863],[95.89578,2.82822],[95.89644,2.82796],[95.89693,2.82759],[95.89751,2.82693],[95.89811,2.82683],[95.8991,2.82701],[95.89966,2.82655],[95.90003,2.8257],[95.89971,2.82485],[95.89962,2.82396],[95.89964,2.82364],[95.89997,2.82316],[95.90066,2.82298],[95.90127,2.823],[95.90181,2.82337],[95.90204,2.82377],[95.90237,2.82387],[95.90299,2.82389],[95.90338,2.82365],[95.90392,2.82383],[95.90435,2.8243],[95.90462,2.82496],[95.90478,2.82675],[95.90502,2.8274],[95.9051,2.82819],[95.90483,2.82877],[95.90376,2.82963],[95.9033,2.82977],[95.90266,2.82964],[95.90258,2.82979],[95.90268,2.83019],[95.90317,2.8303],[95.90456,2.83013],[95.90534,2.82986],[95.90629,2.82993],[95.90623,2.82951],[95.90659,2.82942],[95.90667,2.82921],[95.90632,2.82865],[95.90705,2.82836],[95.90808,2.82848],[95.90826,2.82885],[95.90852,2.82902],[95.90854,2.83009],[95.90886,2.83027],[95.90911,2.83003],[95.90921,2.82927],[95.90958,2.82922],[95.90951,2.82862],[95.90977,2.8282],[95.91014,2.82815],[95.9104,2.82858],[95.91105,2.82876],[95.91099,2.82928],[95.91146,2.82982],[95.91146,2.83071],[95.9119,2.83124],[95.91212,2.83218],[95.9122,2.83316],[95.91234,2.8335],[95.9121,2.83406],[95.91239,2.83462],[95.91271,2.83478],[95.91317,2.83533],[95.91334,2.83577],[95.91319,2.8359],[95.91256,2.83595],[95.91243,2.83608],[95.91254,2.83693],[95.91204,2.83732],[95.91182,2.83785],[95.91205,2.83835],[95.91205,2.83878],[95.9128,2.83989],[95.913,2.84063],[95.91351,2.8416],[95.91331,2.84256],[95.91344,2.84329],[95.9143,2.84379],[95.91493,2.84461],[95.91577,2.84488],[95.91649,2.84477],[95.91728,2.8433],[95.91831,2.84283],[95.9194,2.84191],[95.91952,2.84158],[95.91946,2.84111],[95.92025,2.83918],[95.92082,2.83871],[95.9222,2.83814],[95.92292,2.83677],[95.92369,2.83637],[95.9243,2.83628],[95.92482,2.83584],[95.92458,2.83453],[95.92552,2.83308],[95.92547,2.83277],[95.92533,2.83268],[95.92537,2.83237],[95.92702,2.83151],[95.92731,2.83094],[95.92743,2.83018],[95.9279,2.82949],[95.92913,2.82837],[95.93013,2.82802],[95.93176,2.82783],[95.93235,2.82724],[95.93225,2.82672],[95.93143,2.82555],[95.93133,2.82477],[95.93153,2.82426],[95.93265,2.82328],[95.93474,2.82279],[95.93536,2.82302],[95.93598,2.82358],[95.93661,2.82389],[95.93737,2.82395],[95.93824,2.8238],[95.93961,2.8239],[95.94046,2.82377],[95.94127,2.82329],[95.94164,2.82283],[95.94229,2.82233],[95.94286,2.82144],[95.94359,2.82091],[95.94474,2.82078],[95.94496,2.82066],[95.9451,2.82026],[95.94498,2.81962],[95.94512,2.81948],[95.94646,2.81897],[95.94702,2.81827],[95.94725,2.81816],[95.95,2.81738],[95.95103,2.81681],[95.95196,2.81652],[95.95226,2.81634],[95.95255,2.81588],[95.95288,2.81599],[95.95297,2.81652],[95.95351,2.81669],[95.95398,2.81714],[95.9551,2.81757],[95.95546,2.81814],[95.95592,2.81842],[95.95629,2.81859],[95.95648,2.81854],[95.9578,2.81648],[95.95882,2.81304],[95.96071,2.81201],[95.96222,2.81144],[95.96363,2.81117],[95.96503,2.81115],[95.967,2.81137],[95.96936,2.81195],[95.97215,2.81207],[95.97381,2.81202],[95.97564,2.81149],[95.97643,2.81063],[95.97683,2.80981],[95.97749,2.80597],[95.97744,2.80498],[95.9767,2.80065],[95.97682,2.79799],[95.97808,2.7951],[95.98021,2.79107],[95.98125,2.79022],[95.98211,2.78914],[95.98397,2.78873],[95.98499,2.78876],[95.9859,2.78849],[95.9863,2.7881],[95.98682,2.78726],[95.98755,2.78666],[95.98889,2.78655],[95.99014,2.78612],[95.99108,2.78603],[95.99351,2.78481],[95.99433,2.78476],[95.99476,2.78505],[95.99648,2.78576],[95.9979,2.78584],[95.99962,2.78552],[96.00015,2.78514],[96.0005,2.78515],[96.00059,2.78498],[96.00118,2.78473],[96.00145,2.78475],[96.00174,2.78427],[96.00252,2.78393],[96.00313,2.78329],[96.00384,2.7828],[96.00468,2.78182],[96.00564,2.77991],[96.00591,2.77964],[96.00624,2.77835],[96.00666,2.77792],[96.00708,2.77476],[96.00729,2.77425],[96.00749,2.77395],[96.00773,2.77391],[96.00775,2.77373],[96.00872,2.77343],[96.00885,2.77328],[96.0088,2.77211],[96.0086,2.77121],[96.0083,2.77094],[96.00821,2.77059],[96.00775,2.77036],[96.00767,2.77047],[96.00711,2.77048],[96.00665,2.77078],[96.00669,2.77127],[96.00711,2.77138],[96.00696,2.77157],[96.00623,2.77154],[96.00583,2.77132],[96.00572,2.77106],[96.00572,2.77078],[96.00605,2.77065],[96.00656,2.76965],[96.00796,2.76815],[96.00804,2.7678],[96.00844,2.76717],[96.0109,2.76573],[96.01138,2.76567],[96.01163,2.76573],[96.01169,2.76586],[96.0122,2.76569],[96.01264,2.76535],[96.01277,2.7651],[96.01311,2.76497],[96.01415,2.76408],[96.01481,2.76321],[96.0151,2.763],[96.01634,2.7625],[96.01677,2.76255],[96.01773,2.76204],[96.01794,2.76208],[96.01812,2.76175],[96.01872,2.76132],[96.02051,2.7607],[96.02083,2.76025],[96.0211,2.76023],[96.0214,2.76003],[96.02168,2.76006],[96.02218,2.7602],[96.02276,2.7606],[96.02332,2.76059],[96.0235,2.76026],[96.02348,2.75952],[96.02361,2.75928],[96.02392,2.75923],[96.02424,2.75888],[96.02467,2.75868],[96.0249,2.75797],[96.02534,2.7575],[96.02642,2.75697],[96.02603,2.75666],[96.02618,2.75656],[96.02634,2.75666],[96.02733,2.75642],[96.02849,2.75653],[96.02874,2.75641],[96.02886,2.75675],[96.02905,2.75679],[96.0292,2.75671],[96.02909,2.75637],[96.02932,2.75628],[96.02985,2.75645],[96.03038,2.75697],[96.03207,2.7574],[96.03271,2.75781],[96.03509,2.75845],[96.03531,2.75863],[96.03641,2.75875],[96.03706,2.75911],[96.0376,2.75913],[96.03837,2.75959],[96.04016,2.76015],[96.04053,2.76013],[96.04072,2.75994],[96.04142,2.75967],[96.04169,2.75973],[96.04226,2.75934],[96.04279,2.75932],[96.04366,2.75983],[96.04424,2.76002],[96.04466,2.75988],[96.04476,2.75962],[96.04502,2.75954],[96.04789,2.75948],[96.04825,2.75932],[96.04905,2.75935],[96.04922,2.75926],[96.04998,2.75951],[96.05104,2.7594],[96.0512,2.75951],[96.05322,2.75971],[96.05542,2.75967],[96.05651,2.75937],[96.05688,2.75948],[96.05756,2.75998],[96.05986,2.7602],[96.06007,2.76005],[96.0604,2.7602],[96.06078,2.76017],[96.06112,2.76],[96.06148,2.76017],[96.06316,2.76012],[96.06363,2.75982],[96.06398,2.7599],[96.06469,2.75975],[96.06531,2.75956],[96.06597,2.75917],[96.06733,2.75887],[96.06779,2.75891],[96.06832,2.75855],[96.06858,2.75863],[96.06975,2.75824],[96.07162,2.7573],[96.07192,2.7573],[96.07305,2.75686],[96.07332,2.7569],[96.07413,2.75663],[96.07432,2.75644],[96.0744,2.75589],[96.07484,2.75547],[96.07587,2.75545],[96.07668,2.75523],[96.07755,2.75436],[96.07862,2.75377],[96.07905,2.75391],[96.07957,2.75468],[96.08011,2.75511],[96.08182,2.75567],[96.08254,2.75605],[96.08302,2.75607],[96.08351,2.7563],[96.08689,2.75627],[96.08866,2.75674],[96.08985,2.75619],[96.09059,2.75605],[96.092,2.75632],[96.09266,2.75632],[96.09318,2.7561],[96.09465,2.7548],[96.09608,2.75423],[96.09732,2.75437],[96.09757,2.75428],[96.09844,2.75453],[96.09966,2.7545],[96.10212,2.75352],[96.10282,2.75305],[96.10328,2.75229],[96.10343,2.75156],[96.10338,2.75112],[96.10298,2.75067],[96.10223,2.75108],[96.10186,2.75107],[96.10146,2.75084],[96.10103,2.75143],[96.10068,2.75154],[96.09933,2.75156],[96.09887,2.75141],[96.09788,2.75228],[96.09784,2.75246],[96.09814,2.75268],[96.09812,2.75285],[96.0974,2.75324],[96.09709,2.75307],[96.09691,2.75239],[96.0974,2.75197],[96.09781,2.75206],[96.09775,2.75171],[96.09796,2.7513],[96.09781,2.75122],[96.09649,2.75241],[96.09651,2.75188],[96.09636,2.75179],[96.09613,2.75191],[96.0961,2.75218],[96.0956,2.75237],[96.09526,2.75235],[96.09454,2.75321],[96.09405,2.75418],[96.09388,2.75424],[96.09342,2.75423],[96.09287,2.7539],[96.09195,2.75405],[96.09116,2.75376],[96.08977,2.75391],[96.08939,2.75413],[96.08738,2.75373],[96.08583,2.75401],[96.08471,2.75336],[96.08465,2.75303],[96.08575,2.75233],[96.08586,2.75208],[96.0862,2.75196],[96.08615,2.75161],[96.0858,2.75146],[96.08587,2.75083],[96.08557,2.74964],[96.08495,2.74869],[96.08418,2.74842],[96.08397,2.74801],[96.08344,2.74805],[96.0832,2.74792],[96.08321,2.74724],[96.08293,2.74721],[96.08237,2.7475],[96.08223,2.74739],[96.08213,2.74686],[96.08185,2.74698],[96.08137,2.74658],[96.08115,2.74577],[96.08055,2.74501],[96.08035,2.74456],[96.07951,2.7414],[96.07957,2.74096],[96.07912,2.74071],[96.07883,2.74001],[96.07836,2.73955],[96.07842,2.73938],[96.07823,2.73908],[96.07823,2.7388],[96.07853,2.73809],[96.07879,2.7381],[96.0789,2.73777],[96.0793,2.73752],[96.07978,2.73755],[96.07996,2.73712],[96.07993,2.73639],[96.08025,2.73544],[96.08015,2.73509],[96.08035,2.73461],[96.08069,2.73434],[96.08086,2.73373],[96.08106,2.73354],[96.0812,2.73253],[96.08163,2.7319],[96.08203,2.73164],[96.08234,2.7311],[96.0828,2.73107],[96.08327,2.73086],[96.08353,2.73093],[96.08359,2.73076],[96.08384,2.73087],[96.08412,2.73138],[96.08433,2.73152],[96.0844,2.73252],[96.08469,2.73276],[96.08503,2.73281],[96.08531,2.73255],[96.08591,2.73162],[96.08665,2.73148],[96.08741,2.73183],[96.08757,2.73207],[96.08779,2.73318],[96.0873,2.73456],[96.08725,2.73528],[96.08744,2.73594],[96.08766,2.7361],[96.08805,2.73584],[96.08851,2.73586],[96.08881,2.73608],[96.08907,2.7366],[96.08958,2.73715],[96.08973,2.73707],[96.08987,2.73717],[96.08949,2.73776],[96.08964,2.73797],[96.08948,2.73819],[96.08973,2.73926],[96.08924,2.73952],[96.08892,2.74028],[96.08899,2.74111],[96.08848,2.74174],[96.08785,2.74179],[96.08733,2.74218],[96.08686,2.74198],[96.08644,2.74217],[96.08605,2.74294],[96.08604,2.74413],[96.0862,2.74436],[96.08659,2.7445],[96.0872,2.74438],[96.08756,2.74451],[96.08805,2.74441],[96.08928,2.7465],[96.08945,2.7486],[96.08969,2.74888],[96.09012,2.74908],[96.09086,2.74893],[96.09189,2.74894],[96.09196,2.74855],[96.0937,2.74766],[96.09526,2.74667],[96.09621,2.74641],[96.09638,2.74647],[96.09653,2.74625],[96.09706,2.74608],[96.09747,2.74564],[96.09794,2.74587],[96.09874,2.74512],[96.09941,2.74481],[96.10002,2.74504],[96.10034,2.74491],[96.10057,2.74451],[96.10112,2.74419],[96.10159,2.74415],[96.1023,2.74373],[96.10237,2.74389],[96.10247,2.74386],[96.10284,2.74334],[96.10365,2.74309],[96.10374,2.74265],[96.10479,2.74164],[96.10561,2.74113],[96.10573,2.74088],[96.10599,2.741],[96.10649,2.74082],[96.10675,2.74059],[96.10719,2.74054],[96.10715,2.7409],[96.10743,2.74095],[96.10755,2.74032],[96.10831,2.73996],[96.10877,2.73994],[96.1089,2.73949],[96.10949,2.73927],[96.1097,2.73886],[96.11025,2.73873],[96.11077,2.73835],[96.11165,2.73828],[96.11249,2.73753],[96.1125,2.73716],[96.11328,2.73649],[96.11339,2.73625],[96.11449,2.73631],[96.11505,2.73589],[96.1155,2.73589],[96.1157,2.73562],[96.11561,2.73527],[96.11578,2.73507],[96.11591,2.7353],[96.11577,2.73574],[96.11592,2.73585],[96.11644,2.7355],[96.11659,2.73486],[96.11676,2.7349],[96.11709,2.73474],[96.11751,2.73545],[96.11842,2.73581],[96.11808,2.73533],[96.11829,2.73516],[96.11824,2.73489],[96.11742,2.734],[96.11764,2.73387],[96.11803,2.73411],[96.1183,2.73399],[96.11823,2.73344],[96.11841,2.73265],[96.11829,2.73252],[96.11803,2.7325],[96.1176,2.73284],[96.11753,2.73156],[96.1182,2.73113],[96.11873,2.73016],[96.11896,2.73026],[96.11935,2.73007],[96.11955,2.7305],[96.11955,2.73086],[96.11927,2.73143],[96.11858,2.73117],[96.1183,2.73119],[96.1181,2.73191],[96.11861,2.73214],[96.11868,2.73208],[96.11848,2.73168],[96.11866,2.73164],[96.11901,2.73179],[96.11882,2.73218],[96.11916,2.73268],[96.11955,2.73251],[96.11971,2.73258],[96.11902,2.73317],[96.11953,2.73379],[96.11972,2.73364],[96.11964,2.7332],[96.12,2.73276],[96.12054,2.73237],[96.1201,2.73194],[96.12002,2.73158],[96.12016,2.73145],[96.12042,2.73137],[96.12086,2.73152],[96.12104,2.73214],[96.12131,2.7325],[96.12179,2.73236],[96.12181,2.73208],[96.12151,2.73129],[96.12118,2.73073],[96.12173,2.72989],[96.12217,2.72997],[96.12221,2.73008],[96.12267,2.73004],[96.12292,2.7304],[96.12411,2.73063],[96.12439,2.73054],[96.12455,2.73022],[96.12415,2.7296],[96.12412,2.72933],[96.12456,2.72868],[96.12533,2.72815],[96.12553,2.72764],[96.12667,2.72842],[96.12752,2.72857],[96.12756,2.72899],[96.1277,2.72911],[96.12779,2.72909],[96.1279,2.72846],[96.12829,2.72797],[96.12846,2.72796],[96.1289,2.72829],[96.12918,2.72835],[96.1293,2.72854],[96.12925,2.72887],[96.12937,2.72902],[96.12923,2.72935],[96.12948,2.72975],[96.12948,2.73031],[96.13072,2.73019],[96.13088,2.73048],[96.13122,2.73056],[96.13154,2.73009],[96.13154,2.72991],[96.13134,2.72973],[96.13146,2.72952],[96.13073,2.72921],[96.13046,2.72931],[96.1304,2.72908],[96.13064,2.72869],[96.13087,2.72886],[96.13102,2.7292],[96.13141,2.7292],[96.13128,2.72836],[96.13183,2.72819],[96.13179,2.7279],[96.13148,2.72772],[96.13148,2.72745],[96.13162,2.72733],[96.13189,2.72741],[96.13205,2.72733],[96.1312,2.727],[96.12976,2.72689],[96.1295,2.72661],[96.1296,2.72636],[96.12922,2.72586],[96.12978,2.72427],[96.13015,2.72407],[96.12989,2.72363],[96.12998,2.72327],[96.1305,2.72263],[96.13009,2.7218],[96.13051,2.72141],[96.13111,2.72112],[96.13137,2.72065],[96.13164,2.71938],[96.13121,2.71897],[96.13078,2.71915],[96.13057,2.71957],[96.12988,2.72002],[96.12967,2.72092],[96.13003,2.72141],[96.12999,2.72167],[96.12909,2.72231],[96.12886,2.72217],[96.12871,2.72174],[96.12866,2.72242],[96.12807,2.72292],[96.12744,2.72313],[96.12687,2.72373],[96.1266,2.7238],[96.12644,2.72369],[96.12652,2.72335],[96.12642,2.72321],[96.12616,2.7238],[96.12557,2.72387],[96.12541,2.72366],[96.12564,2.72295],[96.12525,2.72273],[96.12458,2.72319],[96.12319,2.72334],[96.12339,2.72395],[96.12281,2.72435],[96.12236,2.72445],[96.12186,2.72423],[96.12098,2.72477],[96.12062,2.72518],[96.11972,2.72501],[96.11839,2.72575],[96.11727,2.7257],[96.11675,2.72593],[96.11606,2.72671],[96.11513,2.72677],[96.11418,2.72635],[96.11394,2.72663],[96.11404,2.72679],[96.11531,2.72707],[96.11535,2.72732],[96.11468,2.72784],[96.11305,2.72816],[96.11247,2.72885],[96.11154,2.7295],[96.11149,2.72869],[96.11122,2.72809],[96.11193,2.72731],[96.11226,2.72624],[96.11207,2.72603],[96.11116,2.72604],[96.11074,2.72545],[96.11045,2.72549],[96.1103,2.72584],[96.11021,2.72587],[96.11016,2.7257],[96.11095,2.72466],[96.11098,2.72447],[96.11077,2.72429],[96.11086,2.72401],[96.11126,2.72381],[96.11163,2.72411],[96.11199,2.72415],[96.11229,2.72353],[96.11216,2.72311],[96.11181,2.72317],[96.11165,2.72308],[96.11171,2.72242],[96.11142,2.72174],[96.11197,2.72008],[96.11239,2.71956],[96.11243,2.7193],[96.1133,2.71872],[96.11317,2.71724],[96.11335,2.71672],[96.11331,2.71617],[96.1135,2.71613],[96.11347,2.71594],[96.1137,2.71565],[96.11376,2.71583],[96.1136,2.71616],[96.11378,2.71619],[96.11397,2.71601],[96.11377,2.71495],[96.11309,2.71441],[96.11306,2.71416],[96.11323,2.71411],[96.11529,2.7149],[96.11556,2.71485],[96.11574,2.71444],[96.11547,2.71417],[96.1154,2.71381],[96.11594,2.71316],[96.11626,2.71217],[96.11703,2.71113],[96.11781,2.71083],[96.11767,2.71041],[96.11832,2.70973],[96.11877,2.70977],[96.11917,2.70955],[96.11958,2.70976],[96.12004,2.70982],[96.12041,2.71054],[96.12128,2.71121],[96.12163,2.71026],[96.12212,2.70944],[96.12235,2.70927],[96.12328,2.709],[96.12389,2.70922],[96.1242,2.70955],[96.12436,2.7095],[96.12422,2.7092],[96.12318,2.70873],[96.12259,2.70819],[96.12212,2.70807],[96.12211,2.70746],[96.12124,2.70716],[96.12108,2.70706],[96.12109,2.70684],[96.12146,2.70655],[96.12154,2.70601],[96.12191,2.70548],[96.12252,2.70523],[96.12501,2.70496],[96.1263,2.70537],[96.12674,2.70524],[96.127,2.70485],[96.12689,2.70361],[96.12732,2.70292],[96.12677,2.70257],[96.1269,2.70147],[96.12715,2.70118],[96.12882,2.70046],[96.12937,2.70046],[96.1298,2.70063],[96.12997,2.70134],[96.13012,2.70144],[96.13042,2.70101],[96.1307,2.701],[96.13128,2.70137],[96.13186,2.70203],[96.13221,2.7022],[96.1325,2.70211],[96.13279,2.7018],[96.13329,2.70203],[96.13424,2.70148],[96.13476,2.70161],[96.13494,2.70183],[96.1348,2.70216],[96.13497,2.70222],[96.13518,2.70207],[96.1353,2.70219],[96.13519,2.70284],[96.13493,2.70344],[96.13515,2.70405],[96.13606,2.70502],[96.13661,2.70525],[96.1375,2.70591],[96.13728,2.70674],[96.13684,2.70749],[96.13647,2.70777],[96.13593,2.70768],[96.13677,2.7084],[96.13709,2.70797],[96.13744,2.70823],[96.13721,2.70861],[96.1375,2.70939],[96.13737,2.70951],[96.1373,2.70989],[96.13678,2.71068],[96.13631,2.71069],[96.13579,2.71038],[96.13536,2.71046],[96.13474,2.71108],[96.13464,2.71134],[96.13504,2.71172],[96.13526,2.71225],[96.13522,2.71261],[96.13501,2.71292],[96.13427,2.71298],[96.13401,2.71287],[96.13349,2.71291],[96.13324,2.71278],[96.13293,2.71296],[96.13293,2.71351],[96.13328,2.71394],[96.13339,2.71435],[96.13416,2.71381],[96.13472,2.71375],[96.13489,2.71383],[96.13521,2.71459],[96.13546,2.71468],[96.13605,2.7141],[96.13646,2.7139],[96.13656,2.71371],[96.13643,2.71337],[96.13669,2.71327],[96.13693,2.71268],[96.13734,2.7125],[96.1375,2.71217],[96.13827,2.7118],[96.13827,2.71161],[96.13755,2.71057],[96.13768,2.71002],[96.13764,2.70957],[96.13787,2.70929],[96.13767,2.70823],[96.13806,2.70709],[96.13834,2.70715],[96.13865,2.70696],[96.13909,2.70778],[96.13933,2.70791],[96.13972,2.70786],[96.13958,2.70818],[96.13971,2.70864],[96.14013,2.70888],[96.14105,2.70902],[96.14111,2.70967],[96.14061,2.71041],[96.13993,2.71077],[96.13927,2.71072],[96.13909,2.71094],[96.13921,2.71128],[96.14005,2.71224],[96.14026,2.71226],[96.14045,2.71207],[96.14044,2.71251],[96.14121,2.71253],[96.14151,2.71301],[96.14169,2.71309],[96.14181,2.71295],[96.1418,2.71195],[96.14099,2.7118],[96.14082,2.71159],[96.14144,2.71064],[96.14161,2.71003],[96.14196,2.71012],[96.14229,2.71046],[96.14231,2.71073],[96.14202,2.711],[96.142,2.71117],[96.14279,2.71086],[96.14323,2.71089],[96.14421,2.71128],[96.14456,2.71102],[96.14494,2.71158],[96.14554,2.7116],[96.14563,2.71137],[96.14533,2.71118],[96.14559,2.7111],[96.14574,2.7104],[96.14538,2.7104],[96.14516,2.71026],[96.14539,2.70993],[96.14566,2.70994],[96.14544,2.70945],[96.14569,2.70953],[96.14579,2.7093],[96.1456,2.70927],[96.14577,2.70906],[96.14571,2.70889],[96.14542,2.70886],[96.14533,2.70871],[96.14602,2.70785],[96.14605,2.70767],[96.14594,2.70751],[96.14567,2.70749],[96.14529,2.70768],[96.14566,2.70711],[96.1457,2.70675],[96.14596,2.70675],[96.146,2.70639],[96.14638,2.70621],[96.14625,2.70541],[96.14645,2.70479],[96.14675,2.70493],[96.14679,2.70631],[96.14713,2.70602],[96.1471,2.70497],[96.1474,2.70449],[96.14756,2.70372],[96.14708,2.70317],[96.14627,2.70277],[96.1462,2.7026],[96.14635,2.70226],[96.14619,2.70202],[96.14592,2.70235],[96.14564,2.70233],[96.14506,2.70264],[96.1448,2.70257],[96.14463,2.70273],[96.14454,2.70273],[96.14448,2.7024],[96.14348,2.70228],[96.14323,2.70263],[96.14304,2.70265],[96.14292,2.70224],[96.14247,2.70224],[96.14264,2.70203],[96.14257,2.7018],[96.14266,2.70126],[96.14312,2.70128],[96.14352,2.70075],[96.1443,2.70028],[96.14512,2.70042],[96.14513,2.69987],[96.14495,2.69916],[96.14448,2.69826],[96.1448,2.69806],[96.14469,2.69755],[96.14518,2.69762],[96.14534,2.69786],[96.14655,2.69807],[96.14645,2.69832],[96.14616,2.69833],[96.14596,2.69852],[96.14641,2.69953],[96.14671,2.69973],[96.14702,2.69961],[96.14706,2.69924],[96.14748,2.69908],[96.14749,2.69845],[96.14613,2.69664],[96.14638,2.69594],[96.14581,2.6951],[96.14546,2.69508],[96.14486,2.69546],[96.14401,2.6957],[96.14395,2.69596],[96.14433,2.69617],[96.14437,2.69634],[96.14427,2.69636],[96.1438,2.6964],[96.14337,2.69619],[96.14286,2.69646],[96.14218,2.69626],[96.14204,2.69647],[96.14185,2.69629],[96.14148,2.69633],[96.14097,2.69609],[96.14089,2.69594],[96.14146,2.69517],[96.14151,2.69481],[96.14165,2.69469],[96.14211,2.69466],[96.14271,2.6937],[96.14271,2.69334],[96.14221,2.6928],[96.14249,2.6926],[96.14279,2.69276],[96.14289,2.69241],[96.14282,2.69225],[96.14249,2.69229],[96.14239,2.69218],[96.14266,2.6919],[96.14286,2.69212],[96.14293,2.69206],[96.14274,2.69146],[96.14251,2.69132],[96.14273,2.69083],[96.14349,2.69081],[96.14421,2.6913],[96.14396,2.69178],[96.14411,2.69269],[96.14446,2.69305],[96.1449,2.69321],[96.14525,2.69289],[96.14528,2.69268],[96.14525,2.69209],[96.14508,2.69168],[96.14552,2.69108],[96.14578,2.69111],[96.14577,2.69151],[96.14611,2.6913],[96.1466,2.69184],[96.14703,2.69176],[96.14686,2.69236],[96.14721,2.69325],[96.14757,2.69384],[96.14793,2.69392],[96.14854,2.69339],[96.14878,2.6935],[96.14916,2.6931],[96.14954,2.69311],[96.14962,2.69236],[96.14945,2.69154],[96.1498,2.69067],[96.15088,2.69011],[96.15101,2.68957],[96.15166,2.68898],[96.1515,2.68876],[96.15042,2.68823],[96.15026,2.68791],[96.14937,2.68794],[96.14896,2.68818],[96.14889,2.6886],[96.14866,2.68862],[96.14836,2.68987],[96.14773,2.69027],[96.1476,2.69002],[96.14724,2.68992],[96.14685,2.68929],[96.14627,2.68961],[96.14588,2.6891],[96.14548,2.6895],[96.14486,2.68956],[96.14477,2.68929],[96.14485,2.68902],[96.14544,2.68817],[96.14557,2.68761],[96.14543,2.68756],[96.14522,2.68774],[96.14504,2.68746],[96.14385,2.68827],[96.1429,2.68795],[96.14279,2.6884],[96.14159,2.68853],[96.14041,2.68927],[96.13977,2.68934],[96.13946,2.68899],[96.13975,2.68856],[96.13936,2.68877],[96.13848,2.68791],[96.13769,2.68739],[96.13595,2.68656],[96.13562,2.68561],[96.13561,2.68524],[96.13526,2.68518],[96.13488,2.68481],[96.13483,2.68413],[96.1345,2.68335],[96.13404,2.68322],[96.13144,2.6832],[96.13069,2.68282],[96.13029,2.68286],[96.12971,2.68257],[96.12907,2.68268],[96.12856,2.683],[96.12765,2.68321],[96.12696,2.68398],[96.12615,2.68454],[96.126,2.68478],[96.12571,2.68457],[96.12481,2.68472],[96.1241,2.68455],[96.12365,2.6847],[96.12353,2.68495],[96.12364,2.68508],[96.12332,2.68525],[96.12322,2.68528],[96.12315,2.68511],[96.12321,2.68484],[96.12304,2.6848],[96.12144,2.68527],[96.12104,2.68566],[96.12059,2.68575],[96.11998,2.68622],[96.11928,2.68734],[96.11906,2.68748],[96.11879,2.68806],[96.11869,2.68797],[96.11885,2.68744],[96.11792,2.68744],[96.11751,2.68683],[96.11665,2.68622],[96.11623,2.68609],[96.11595,2.68615],[96.11551,2.68593],[96.11506,2.68601],[96.11435,2.68585],[96.11311,2.68624],[96.11274,2.68652],[96.11261,2.6869],[96.11445,2.68787],[96.11473,2.68787],[96.11543,2.68745],[96.11667,2.68776],[96.11728,2.68838],[96.1173,2.68904],[96.11775,2.68958],[96.11913,2.69031],[96.11962,2.69005],[96.11999,2.6901],[96.12014,2.69043],[96.12012,2.69084],[96.12038,2.69082],[96.12062,2.69121],[96.12097,2.69137],[96.12101,2.69155],[96.12136,2.69181],[96.12094,2.69189],[96.12078,2.69261],[96.1205,2.69288],[96.12014,2.69294],[96.11978,2.69323],[96.11977,2.69374],[96.11961,2.69384],[96.11917,2.69382],[96.11866,2.69305],[96.11835,2.69299],[96.118,2.69272],[96.11756,2.69277],[96.1171,2.69264],[96.1169,2.69201],[96.11608,2.69204],[96.11506,2.69177],[96.11433,2.69193],[96.11399,2.69237],[96.11317,2.69212],[96.11303,2.69222],[96.11225,2.69179],[96.11253,2.69083],[96.1124,2.69071],[96.11224,2.6908],[96.11176,2.69033],[96.11172,2.69015],[96.11155,2.6901],[96.11095,2.69034],[96.11077,2.69014],[96.11075,2.68989],[96.11052,2.68995],[96.11006,2.68981],[96.1089,2.68924],[96.10845,2.68862],[96.1081,2.68849],[96.1081,2.68784],[96.10777,2.68728],[96.10751,2.68732],[96.10725,2.68705],[96.107,2.68626],[96.10654,2.68604],[96.10689,2.68535],[96.10735,2.68513],[96.10757,2.68484],[96.10744,2.68449],[96.10707,2.6842],[96.10652,2.68428],[96.10634,2.6846],[96.10542,2.68509],[96.10526,2.68534],[96.10469,2.68507],[96.10417,2.68417],[96.10449,2.68373],[96.10399,2.68387],[96.10388,2.68324],[96.10405,2.68291],[96.104,2.68274],[96.10375,2.68279],[96.10385,2.68264],[96.10376,2.68249],[96.10294,2.68239],[96.10226,2.68195],[96.10223,2.68169],[96.10198,2.68157],[96.10179,2.68107],[96.10173,2.68072],[96.10191,2.6804],[96.10181,2.68005],[96.10165,2.67994],[96.10161,2.68017],[96.10099,2.68],[96.10027,2.67862],[96.1,2.67861],[96.09904,2.678],[96.09902,2.67763],[96.10013,2.67666],[96.10059,2.67583],[96.10119,2.67523],[96.10128,2.67487],[96.10104,2.67447],[96.10086,2.6745],[96.10029,2.67502],[96.09964,2.67604],[96.09864,2.67684],[96.0984,2.67768],[96.0982,2.6777],[96.09792,2.67771],[96.09691,2.67718],[96.09665,2.67693],[96.09666,2.67656],[96.09646,2.67649],[96.09634,2.67581],[96.0956,2.67573],[96.09525,2.67518],[96.09507,2.67514],[96.0946,2.67559],[96.09442,2.67554],[96.09382,2.67576],[96.09336,2.67573],[96.09258,2.67541],[96.09206,2.67487],[96.09208,2.67422],[96.09233,2.67391],[96.09249,2.67333],[96.09299,2.6728],[96.09369,2.67253],[96.09439,2.67264],[96.09485,2.67304],[96.09546,2.67265],[96.0958,2.6727],[96.09624,2.6731],[96.09642,2.67306],[96.0966,2.67265],[96.09815,2.67222],[96.09852,2.6722],[96.09884,2.67234],[96.09906,2.67216],[96.10009,2.67234],[96.10046,2.67261],[96.10129,2.6729],[96.10177,2.67294],[96.10207,2.67272],[96.10204,2.67228],[96.10154,2.67195],[96.1013,2.6713],[96.10114,2.67119],[96.10087,2.67001],[96.10121,2.66953],[96.10165,2.66937],[96.10177,2.66911],[96.10182,2.66797],[96.10196,2.66797],[96.102,2.66779],[96.10194,2.66727],[96.10152,2.66671],[96.10188,2.66672],[96.10234,2.66703],[96.10279,2.66695],[96.10301,2.66677],[96.10332,2.66581],[96.10297,2.66625],[96.10288,2.66621],[96.10264,2.66548],[96.10261,2.66489],[96.10235,2.66463],[96.10272,2.66425],[96.10281,2.66393],[96.10266,2.66256],[96.1029,2.66207],[96.10335,2.66201],[96.10383,2.66154],[96.1046,2.66121],[96.10497,2.66082],[96.10412,2.66102],[96.10386,2.66064],[96.10395,2.66002],[96.10386,2.65985],[96.10304,2.65989],[96.10248,2.65958],[96.10227,2.65926],[96.10097,2.6592],[96.10063,2.65854],[96.10079,2.65777],[96.10071,2.65746],[96.10083,2.6572],[96.10107,2.65707],[96.10106,2.65679],[96.10169,2.65603],[96.10213,2.65594],[96.10249,2.65567],[96.10351,2.65566],[96.10367,2.65515],[96.10359,2.65478],[96.10411,2.65516],[96.104,2.65454],[96.10428,2.65431],[96.10449,2.65389],[96.10568,2.65318],[96.10548,2.65246],[96.10553,2.65189],[96.10538,2.65173],[96.10536,2.65118],[96.10514,2.65104],[96.10446,2.65133],[96.104,2.65138],[96.10241,2.65134],[96.10167,2.65175],[96.10131,2.65181],[96.10059,2.65173],[96.10025,2.65191],[96.09996,2.65171],[96.09957,2.65184],[96.09928,2.65215],[96.09898,2.65273],[96.09875,2.65364],[96.09831,2.65395],[96.09765,2.6533],[96.09766,2.65312],[96.09797,2.65298],[96.09794,2.65261],[96.09737,2.65245],[96.09748,2.65209],[96.09775,2.65184],[96.09881,2.65134],[96.09882,2.65107],[96.09865,2.65075],[96.09869,2.65035],[96.09931,2.65012],[96.09997,2.65036],[96.10029,2.65017],[96.10051,2.6498],[96.10039,2.64947],[96.09984,2.6494],[96.09966,2.6492],[96.10027,2.64897],[96.10029,2.64875],[96.09929,2.64867],[96.0995,2.64752],[96.09979,2.64708],[96.10014,2.64691],[96.10072,2.64696],[96.10135,2.64787],[96.10228,2.64873],[96.10218,2.65013],[96.10236,2.65065],[96.10309,2.65087],[96.10335,2.65076],[96.10341,2.65049],[96.10325,2.65054],[96.10317,2.65038],[96.10351,2.65017],[96.10362,2.64964],[96.10289,2.64879],[96.10276,2.64845],[96.1028,2.64799],[96.10238,2.6476],[96.10237,2.64674],[96.10198,2.64524],[96.10217,2.64452],[96.10262,2.64442],[96.10291,2.64445],[96.10359,2.64492],[96.10403,2.64507],[96.10527,2.64518],[96.10532,2.64486],[96.10576,2.64424],[96.10578,2.64383],[96.10563,2.6435],[96.10576,2.64316],[96.10543,2.64267],[96.10555,2.64234],[96.10523,2.64147],[96.10528,2.64093],[96.10553,2.64048],[96.10608,2.64042],[96.10659,2.64001],[96.10686,2.63895],[96.1068,2.63775],[96.10705,2.63689],[96.10697,2.63664],[96.10652,2.63671],[96.10607,2.63728],[96.10572,2.63737],[96.10547,2.63725],[96.1053,2.63692],[96.10562,2.63648],[96.10596,2.63647],[96.10632,2.63618],[96.10669,2.63644],[96.10696,2.63642],[96.10735,2.63601],[96.10755,2.63539],[96.10776,2.63521],[96.10805,2.63542],[96.10786,2.63571],[96.10809,2.63645],[96.10846,2.6362],[96.10841,2.63647],[96.10863,2.63663],[96.10863,2.63698],[96.10923,2.63731],[96.11003,2.63885],[96.11021,2.63885],[96.11054,2.63855],[96.11098,2.63865],[96.1127,2.63971],[96.11341,2.63992],[96.11387,2.64033],[96.11422,2.64037],[96.11443,2.6402],[96.11437,2.63994],[96.11319,2.63891],[96.11214,2.63838],[96.11163,2.63779],[96.11154,2.63718],[96.11096,2.6369],[96.11063,2.63655],[96.11054,2.6361],[96.11084,2.63462],[96.11127,2.6347],[96.11144,2.63462],[96.1118,2.63492],[96.11222,2.6356],[96.11233,2.63549],[96.11229,2.63506],[96.11275,2.63477],[96.11371,2.63627],[96.11383,2.63679],[96.11407,2.63677],[96.11411,2.6364],[96.11456,2.63598],[96.11466,2.63711],[96.11541,2.63712],[96.11636,2.63738],[96.11688,2.63786],[96.11719,2.63766],[96.11721,2.63739],[96.11685,2.63708],[96.11643,2.63694],[96.11643,2.63647],[96.11654,2.63621],[96.117,2.63586],[96.11681,2.63563],[96.11694,2.63521],[96.11733,2.63498],[96.11758,2.63509],[96.11749,2.63464],[96.11778,2.63441],[96.11922,2.63431],[96.11929,2.63465],[96.1191,2.63554],[96.11935,2.63573],[96.11926,2.63538],[96.11936,2.63521],[96.11951,2.63512],[96.11977,2.63522],[96.11989,2.63555],[96.11959,2.63582],[96.11971,2.63622],[96.12037,2.63622],[96.12063,2.63599],[96.12118,2.63604],[96.12136,2.6358],[96.12121,2.63558],[96.1208,2.63537],[96.12064,2.63506],[96.12045,2.63509],[96.12046,2.63485],[96.12087,2.63475],[96.12097,2.6345],[96.12173,2.63428],[96.12215,2.63357],[96.1227,2.63349],[96.1232,2.63358],[96.12354,2.63345],[96.12389,2.63374],[96.12389,2.6343],[96.12421,2.63488],[96.12386,2.63661],[96.12428,2.63778],[96.12434,2.63842],[96.1246,2.63871],[96.12505,2.63864],[96.12513,2.63889],[96.12471,2.63923],[96.1252,2.63931],[96.12518,2.63949],[96.12539,2.63957],[96.1257,2.64039],[96.12617,2.64084],[96.12615,2.64101],[96.12634,2.64124],[96.12666,2.64146],[96.12657,2.64162],[96.12589,2.6419],[96.12557,2.64225],[96.12536,2.64295],[96.1257,2.64382],[96.12551,2.64416],[96.12566,2.6442],[96.12681,2.64343],[96.12701,2.64361],[96.12756,2.64366],[96.12778,2.64383],[96.12779,2.64401],[96.12766,2.64435],[96.12684,2.64463],[96.12635,2.64505],[96.12608,2.64505],[96.12558,2.64468],[96.12455,2.64532],[96.12354,2.64534],[96.12367,2.64597],[96.12352,2.64669],[96.12366,2.64717],[96.12342,2.64789],[96.12373,2.64809],[96.12365,2.64778],[96.12445,2.64679],[96.1248,2.64646],[96.12519,2.64639],[96.12551,2.64653],[96.12585,2.64706],[96.12639,2.64702],[96.12687,2.64724],[96.12704,2.64801],[96.12734,2.64816],[96.12763,2.64759],[96.1279,2.64751],[96.1285,2.6476],[96.12838,2.64727],[96.12852,2.64656],[96.12876,2.64627],[96.12949,2.6459],[96.1296,2.64614],[96.12941,2.64757],[96.12966,2.64767],[96.13015,2.64746],[96.13028,2.64759],[96.13019,2.6483],[96.13055,2.64859],[96.13074,2.64859],[96.13145,2.64703],[96.13176,2.64574],[96.13162,2.64517],[96.13136,2.64478],[96.13081,2.64446],[96.13129,2.64389],[96.13093,2.64326],[96.13092,2.64298],[96.13154,2.64292],[96.13245,2.64385],[96.1327,2.64296],[96.13286,2.64286],[96.13332,2.64289],[96.13348,2.64311],[96.13339,2.64354],[96.1336,2.64386],[96.13378,2.64382],[96.13388,2.64396],[96.13375,2.6444],[96.13337,2.64463],[96.13342,2.6449],[96.13327,2.64507],[96.1335,2.64578],[96.13361,2.64604],[96.13396,2.6463],[96.13433,2.64633],[96.13472,2.64673],[96.1345,2.64713],[96.13428,2.64809],[96.13392,2.64824],[96.13331,2.64783],[96.13312,2.64784],[96.13267,2.64817],[96.13249,2.64855],[96.13277,2.64875],[96.13281,2.64921],[96.13308,2.64926],[96.13373,2.64987],[96.13377,2.65032],[96.13347,2.65064],[96.13346,2.65129],[96.13305,2.6516],[96.13273,2.65227],[96.133,2.65323],[96.13346,2.65351],[96.13338,2.65409],[96.13383,2.65397],[96.13432,2.65334],[96.13447,2.65301],[96.13437,2.65237],[96.13472,2.65206],[96.13503,2.65147],[96.13527,2.65058],[96.13591,2.64996],[96.13616,2.65002],[96.13642,2.65079],[96.1366,2.65088],[96.13645,2.65161],[96.13664,2.65247],[96.13644,2.6533],[96.13595,2.65393],[96.13587,2.65456],[96.13677,2.6545],[96.13745,2.65372],[96.13752,2.65347],[96.13697,2.65321],[96.13683,2.65258],[96.13707,2.65171],[96.13737,2.65129],[96.13736,2.64985],[96.13726,2.6497],[96.13661,2.64965],[96.13636,2.64979],[96.1364,2.65004],[96.1363,2.65007],[96.13616,2.64938],[96.13648,2.64852],[96.13675,2.64853],[96.13686,2.64839],[96.13678,2.64804],[96.13648,2.64825],[96.13645,2.64816],[96.13673,2.64766],[96.13746,2.64787],[96.13765,2.64768],[96.13745,2.64738],[96.13753,2.64684],[96.13717,2.6461],[96.1372,2.64592],[96.13791,2.64594],[96.1383,2.64572],[96.13853,2.64594],[96.13855,2.64649],[96.13909,2.64699],[96.13927,2.64751],[96.14007,2.64744],[96.14031,2.64731],[96.14113,2.64738],[96.14117,2.64779],[96.14146,2.6476],[96.14184,2.64784],[96.14171,2.64797],[96.14156,2.6486],[96.14137,2.64879],[96.14109,2.64995],[96.14045,2.65066],[96.14047,2.6513],[96.14058,2.65155],[96.14109,2.65176],[96.14205,2.6525],[96.1421,2.65283],[96.1417,2.65384],[96.14197,2.65386],[96.14254,2.65443],[96.14291,2.65448],[96.14323,2.65435],[96.14321,2.65426],[96.14277,2.65419],[96.14261,2.65358],[96.14228,2.65327],[96.14227,2.65209],[96.14187,2.65154],[96.14192,2.65128],[96.14238,2.65067],[96.14212,2.64973],[96.14235,2.64913],[96.14317,2.6483],[96.14402,2.648],[96.1443,2.64734],[96.14425,2.64696],[96.14466,2.64674],[96.14493,2.64691],[96.14513,2.64673],[96.14537,2.64722],[96.14524,2.64775],[96.14559,2.64807],[96.14553,2.64868],[96.14572,2.6494],[96.1459,2.6495],[96.14647,2.64864],[96.14675,2.64856],[96.14686,2.64801],[96.14778,2.64728],[96.14796,2.64686],[96.14786,2.64641],[96.14744,2.64572],[96.14695,2.64518],[96.14676,2.64514],[96.14669,2.64494],[96.14687,2.64472],[96.14671,2.64407],[96.14616,2.6437],[96.14575,2.64389],[96.14538,2.64342],[96.14501,2.6434],[96.14486,2.64315],[96.14487,2.64267],[96.1446,2.6424],[96.14477,2.64199],[96.14548,2.64156],[96.14578,2.64121],[96.14586,2.64048],[96.14597,2.64062],[96.14624,2.64055],[96.1462,2.64011],[96.14577,2.63996],[96.14593,2.63975],[96.14629,2.63968],[96.14626,2.63959],[96.14605,2.63944],[96.14569,2.63955],[96.14552,2.63961],[96.14536,2.63994],[96.14504,2.63959],[96.14464,2.63973],[96.14434,2.63937],[96.14417,2.63833],[96.1438,2.63846],[96.14382,2.63899],[96.14359,2.63913],[96.14361,2.6388],[96.14292,2.63835],[96.14297,2.63721],[96.14328,2.637],[96.14403,2.63689],[96.14336,2.63661],[96.14354,2.636],[96.14373,2.6358],[96.1451,2.63563],[96.14519,2.63587],[96.14483,2.63615],[96.14483,2.63633],[96.14504,2.63653],[96.14508,2.63679],[96.14524,2.63687],[96.14633,2.63589],[96.14649,2.63595],[96.14653,2.63642],[96.14605,2.63805],[96.14656,2.63805],[96.14721,2.6386],[96.14785,2.6386],[96.14783,2.63886],[96.14816,2.63907],[96.14828,2.63969],[96.14792,2.64035],[96.14799,2.64123],[96.14788,2.64147],[96.14849,2.64206],[96.14933,2.64196],[96.15018,2.64285],[96.15044,2.64355],[96.15092,2.64417],[96.1517,2.64465],[96.15254,2.64497],[96.15302,2.64582],[96.15334,2.6478],[96.15344,2.64777],[96.15345,2.64732],[96.15392,2.64708],[96.15443,2.64765],[96.15479,2.6477],[96.15497,2.64737],[96.15508,2.64638],[96.15485,2.64634],[96.15493,2.6466],[96.15435,2.64704],[96.15355,2.64673],[96.15333,2.64618],[96.15355,2.64578],[96.15444,2.6456],[96.15465,2.64532],[96.15419,2.64386],[96.15434,2.64352],[96.15474,2.64315],[96.15462,2.64306],[96.15416,2.64309],[96.15361,2.64257],[96.15395,2.64125],[96.15435,2.64088],[96.15463,2.64085],[96.15481,2.64087],[96.15526,2.64133],[96.15605,2.64118],[96.15647,2.64081],[96.1575,2.64086],[96.15774,2.641],[96.15807,2.64167],[96.15843,2.64177],[96.15833,2.64143],[96.15854,2.64124],[96.15908,2.6413],[96.15923,2.64121],[96.15891,2.64013],[96.15949,2.63935],[96.16025,2.63915],[96.16041,2.63938],[96.16077,2.63949],[96.16107,2.6398],[96.16241,2.63839],[96.1615,2.63879],[96.16109,2.63847],[96.16056,2.63759],[96.15969,2.6377],[96.15953,2.63747],[96.15947,2.63701],[96.15979,2.63637],[96.16042,2.6362],[96.16128,2.63551],[96.1614,2.63524],[96.16131,2.6349],[96.16063,2.63442],[96.16049,2.63407],[96.16064,2.63384],[96.16147,2.63363],[96.16164,2.6334],[96.16191,2.63332],[96.16272,2.63385],[96.16298,2.63381],[96.1634,2.63345],[96.16416,2.63381],[96.16452,2.63432],[96.16433,2.63481],[96.1647,2.63535],[96.1657,2.63574],[96.16596,2.636],[96.16604,2.63641],[96.1656,2.63675],[96.16542,2.63729],[96.16581,2.63757],[96.16626,2.6377],[96.16654,2.63723],[96.16735,2.63669],[96.16771,2.63573],[96.16824,2.63554],[96.16807,2.63483],[96.16916,2.63318],[96.16973,2.63345],[96.17106,2.63459],[96.17101,2.63493],[96.17055,2.63525],[96.17062,2.63549],[96.17118,2.63566],[96.17179,2.6351],[96.17225,2.63506],[96.17305,2.63384],[96.17305,2.63284],[96.1728,2.63259],[96.17235,2.63268],[96.17192,2.63254],[96.17211,2.63155],[96.17176,2.63075],[96.17133,2.63064],[96.17115,2.63032],[96.17142,2.62985],[96.17203,2.62964],[96.17235,2.62933],[96.17281,2.62935],[96.17288,2.62928],[96.17255,2.62881],[96.17312,2.62812],[96.17329,2.62833],[96.17367,2.62831],[96.17415,2.62861],[96.17435,2.62914],[96.1743,2.62968],[96.17474,2.63024],[96.17501,2.63031],[96.17555,2.63017],[96.17592,2.63041],[96.17599,2.63068],[96.17565,2.63136],[96.17621,2.63154],[96.1765,2.63097],[96.17645,2.62973],[96.17623,2.6296],[96.17642,2.62913],[96.17631,2.62889],[96.17634,2.62848],[96.1757,2.62813],[96.17553,2.62788],[96.1755,2.62735],[96.1753,2.62721],[96.17549,2.62703],[96.17556,2.62588],[96.17575,2.62568],[96.17636,2.62552],[96.17663,2.6249],[96.17661,2.62463],[96.17609,2.62426],[96.17604,2.62398],[96.17606,2.62368],[96.17635,2.62321],[96.17636,2.62254],[96.17676,2.62209],[96.17679,2.62155],[96.17694,2.62149],[96.17707,2.62159],[96.17739,2.62095],[96.17766,2.62097],[96.17781,2.6212],[96.17837,2.62154],[96.1783,2.62221],[96.1785,2.62235],[96.1794,2.62183],[96.17947,2.6213],[96.17973,2.6212],[96.17989,2.62078],[96.17963,2.6201],[96.17871,2.62005],[96.17839,2.61989],[96.17831,2.61957],[96.17843,2.61924],[96.178,2.61853],[96.17818,2.61806],[96.17792,2.61767],[96.17757,2.61772],[96.17763,2.6175],[96.17711,2.61683],[96.17714,2.61662],[96.1775,2.61636],[96.17744,2.61573],[96.17792,2.61611],[96.17844,2.61595],[96.17879,2.61603],[96.17882,2.61566],[96.17929,2.61509],[96.17972,2.61514],[96.17997,2.61552],[96.17987,2.61606],[96.18012,2.61629],[96.18069,2.61776],[96.18087,2.61797],[96.18106,2.61798],[96.1816,2.61747],[96.18207,2.61555],[96.18207,2.61435],[96.18149,2.61397],[96.18159,2.61363],[96.18195,2.61357],[96.18296,2.61386],[96.18307,2.6145],[96.18275,2.61505],[96.18319,2.61538],[96.18334,2.61565],[96.18365,2.61581],[96.18372,2.61535],[96.18396,2.61523],[96.18429,2.6146],[96.18493,2.61427],[96.18539,2.61426],[96.18563,2.6148],[96.18555,2.61525],[96.18469,2.61593],[96.18403,2.61628],[96.18449,2.61631],[96.18422,2.61652],[96.18429,2.6174],[96.18409,2.61771],[96.18405,2.61817],[96.18377,2.61852],[96.18398,2.61883],[96.18432,2.61893],[96.18474,2.61884],[96.18533,2.61843],[96.18565,2.61782],[96.18602,2.61752],[96.18621,2.61771],[96.18663,2.61723],[96.18755,2.61708],[96.18768,2.61732],[96.18745,2.6173],[96.18744,2.61739],[96.18787,2.61781],[96.18672,2.61896],[96.18617,2.61919],[96.18561,2.61979],[96.18578,2.62021],[96.18624,2.62029],[96.18661,2.62054],[96.18737,2.61952],[96.18793,2.61921],[96.18796,2.61903],[96.18848,2.6186],[96.18873,2.61866],[96.18983,2.61817],[96.18989,2.6181],[96.18956,2.61796],[96.18964,2.6178],[96.19001,2.61775],[96.19014,2.61796],[96.19049,2.61798],[96.19058,2.61744],[96.19097,2.61672],[96.19115,2.61671],[96.19129,2.61689],[96.19153,2.61661],[96.19204,2.6166],[96.19228,2.61645],[96.19262,2.61659],[96.19312,2.61699],[96.19301,2.61714],[96.19313,2.61749],[96.19268,2.6177],[96.19316,2.61825],[96.19295,2.61874],[96.19307,2.61908],[96.19279,2.6193],[96.19294,2.61995],[96.19288,2.62021],[96.19238,2.62063],[96.19221,2.62106],[96.19187,2.62137],[96.19213,2.62227],[96.19174,2.6232],[96.19173,2.62362],[96.19124,2.62389],[96.19123,2.62426],[96.19101,2.62478],[96.19012,2.62516],[96.18948,2.62524],[96.18882,2.62608],[96.18884,2.62636],[96.18855,2.62689],[96.18858,2.62716],[96.18819,2.62757],[96.18749,2.628],[96.18736,2.62825],[96.18695,2.62844],[96.1861,2.62979],[96.18613,2.63057],[96.18591,2.63106],[96.18563,2.63128],[96.18512,2.6314],[96.18491,2.63162],[96.18495,2.63199],[96.18517,2.63228],[96.18505,2.63284],[96.18465,2.63368],[96.18466,2.63395],[96.18372,2.63471],[96.18311,2.63545],[96.18271,2.63626],[96.18258,2.63723],[96.18212,2.63793],[96.18216,2.6384],[96.18252,2.63907],[96.18277,2.63921],[96.18273,2.6398],[96.18309,2.64005],[96.18289,2.64036],[96.18323,2.64081],[96.1834,2.64162],[96.18323,2.64196],[96.1832,2.64281],[96.18183,2.64517],[96.18183,2.64558],[96.1815,2.64602],[96.18169,2.6461],[96.18232,2.64575],[96.18297,2.64587],[96.18299,2.64633],[96.18353,2.64686],[96.18355,2.64757],[96.1833,2.64808],[96.1834,2.64892],[96.18321,2.64898],[96.18337,2.64926],[96.18345,2.649],[96.18358,2.64922],[96.18349,2.64928],[96.18354,2.64954],[96.18311,2.65044],[96.18252,2.65136],[96.18175,2.65188],[96.18089,2.65303],[96.18064,2.65362],[96.18062,2.65427],[96.18073,2.65433],[96.18099,2.65317],[96.18126,2.65283],[96.18141,2.65276],[96.18203,2.6531],[96.1822,2.65332],[96.18209,2.65401],[96.18154,2.65465],[96.18164,2.65494],[96.18147,2.6558],[96.18068,2.65673],[96.17982,2.657],[96.17917,2.65784],[96.17911,2.65809],[96.17878,2.65827],[96.17846,2.65872],[96.178,2.65883],[96.17761,2.65924],[96.17734,2.65928],[96.17699,2.65914],[96.17714,2.6587],[96.17703,2.65859],[96.17669,2.6589],[96.17621,2.65902],[96.17594,2.65951],[96.17552,2.65981],[96.1746,2.65985],[96.17421,2.6601],[96.17366,2.66016],[96.17353,2.66029],[96.17328,2.66085],[96.17286,2.66122],[96.17274,2.66188],[96.17223,2.66277],[96.17235,2.66287],[96.17255,2.66269],[96.17294,2.66196],[96.17347,2.66198],[96.17372,2.66227],[96.17374,2.66254],[96.17337,2.66306],[96.17341,2.66347],[96.17325,2.66381],[96.17234,2.6646],[96.17239,2.66509],[96.17223,2.66532],[96.17162,2.66574],[96.17067,2.66565],[96.17035,2.66598],[96.17039,2.66615],[96.17103,2.66629],[96.17138,2.66672],[96.17135,2.66699],[96.17116,2.6672],[96.17044,2.66737],[96.17027,2.66762],[96.16907,2.6678],[96.16896,2.66745],[96.16915,2.66676],[96.16902,2.66672],[96.16863,2.66806],[96.16872,2.66822],[96.16862,2.66866],[96.16831,2.66912],[96.16748,2.66981],[96.16712,2.66985],[96.16675,2.66958],[96.1666,2.66914],[96.16665,2.66852],[96.16561,2.66883],[96.16465,2.66857],[96.16346,2.66871],[96.16284,2.66855],[96.16275,2.66875],[96.16292,2.6694],[96.16281,2.66993],[96.16373,2.66999],[96.16396,2.67028],[96.16402,2.67065],[96.1638,2.67132],[96.16304,2.67205],[96.16311,2.67285],[96.16281,2.67327],[96.16276,2.67367],[96.16217,2.67404],[96.16175,2.67379],[96.16158,2.6732],[96.16133,2.67323],[96.16113,2.67353],[96.16134,2.6741],[96.16132,2.67446],[96.16075,2.6752],[96.16034,2.67532],[96.15972,2.67623],[96.15919,2.67644],[96.15903,2.67677],[96.15923,2.67699],[96.1595,2.67705],[96.16,2.67759],[96.16131,2.67756],[96.16167,2.6777],[96.16205,2.67841],[96.16224,2.67837],[96.16249,2.67765],[96.16287,2.67724],[96.16259,2.67668],[96.16242,2.6766],[96.16271,2.67615],[96.16335,2.67645],[96.1638,2.67704],[96.16384,2.67681],[96.16445,2.67661],[96.16508,2.67608],[96.1652,2.67493],[96.16543,2.67476],[96.16543,2.67458],[96.16502,2.67398],[96.16449,2.67415],[96.16421,2.67387],[96.16376,2.67391],[96.16362,2.6738],[96.16346,2.67345],[96.16363,2.67283],[96.16344,2.67226],[96.16432,2.67179],[96.16499,2.67166],[96.16544,2.67171],[96.16552,2.67127],[96.16608,2.67088],[96.16736,2.6709],[96.16822,2.67053],[96.16883,2.66961],[96.16906,2.66862],[96.16929,2.66859],[96.16972,2.66823],[96.17017,2.66815],[96.17061,2.66861],[96.17096,2.6685],[96.171,2.66816],[96.17127,2.66793],[96.1716,2.66809],[96.17198,2.6681],[96.1726,2.66852],[96.1727,2.66916],[96.17254,2.6695],[96.17214,2.66973],[96.17121,2.6695],[96.17112,2.66927],[96.17095,2.66947],[96.17102,2.66963],[96.17147,2.66968],[96.17184,2.66998],[96.17204,2.67042],[96.17261,2.67109],[96.17261,2.67164],[96.17126,2.67256],[96.17079,2.67255],[96.17047,2.67239],[96.17033,2.67292],[96.16991,2.67286],[96.16954,2.6732],[96.16963,2.67361],[96.17029,2.6742],[96.17117,2.67437],[96.17141,2.67409],[96.17171,2.67425],[96.17325,2.67358],[96.17385,2.67301],[96.17396,2.67213],[96.17381,2.67179],[96.17338,2.67163],[96.17335,2.67137],[96.17304,2.6712],[96.17295,2.67083],[96.17241,2.6702],[96.17242,2.66983],[96.17264,2.66964],[96.17309,2.66955],[96.17326,2.66983],[96.17407,2.66993],[96.17469,2.67155],[96.17533,2.67123],[96.17585,2.6706],[96.17574,2.67051],[96.17501,2.67061],[96.17481,2.67041],[96.17466,2.67007],[96.17487,2.66953],[96.17421,2.66839],[96.17434,2.66815],[96.17423,2.66772],[96.17452,2.66747],[96.1741,2.66679],[96.17429,2.66665],[96.17461,2.66681],[96.17465,2.66645],[96.17405,2.66561],[96.17346,2.66529],[96.17341,2.66513],[96.17359,2.6651],[96.17419,2.66547],[96.17422,2.66502],[96.17443,2.66486],[96.17449,2.66459],[96.17471,2.66442],[96.17495,2.66456],[96.17441,2.66503],[96.17439,2.66531],[96.17456,2.66574],[96.17516,2.66557],[96.17517,2.66588],[96.17553,2.66614],[96.17534,2.66666],[96.17533,2.66689],[96.17558,2.66728],[96.17534,2.66759],[96.17538,2.66814],[96.17717,2.66705],[96.1773,2.66753],[96.17744,2.66764],[96.17782,2.66764],[96.17836,2.66738],[96.17881,2.66696],[96.17867,2.66673],[96.17868,2.66637],[96.17849,2.66614],[96.17861,2.66596],[96.17879,2.66606],[96.17921,2.66672],[96.17948,2.66679],[96.17987,2.66659],[96.17994,2.66695],[96.18011,2.66695],[96.18007,2.66733],[96.18027,2.66747],[96.18021,2.66818],[96.18034,2.6683],[96.18062,2.66822],[96.18089,2.66795],[96.18089,2.66758],[96.18057,2.66689],[96.18024,2.66668],[96.18041,2.66613],[96.18033,2.66587],[96.18087,2.66551],[96.18132,2.66559],[96.18197,2.66518],[96.1824,2.6651],[96.18281,2.66407],[96.18255,2.66374],[96.18178,2.66348],[96.18134,2.66286],[96.18063,2.6629],[96.18015,2.66218],[96.1802,2.66173],[96.18011,2.66157],[96.17957,2.66138],[96.17981,2.66128],[96.18016,2.66141],[96.18045,2.66243],[96.18093,2.66272],[96.18108,2.66253],[96.18082,2.66252],[96.1806,2.66185],[96.1808,2.66162],[96.18134,2.66163],[96.18137,2.66155],[96.1809,2.66128],[96.18085,2.66077],[96.18064,2.66096],[96.18047,2.66086],[96.18026,2.66103],[96.17989,2.66078],[96.1799,2.66059],[96.1802,2.66074],[96.18034,2.66065],[96.18012,2.66027],[96.18035,2.66011],[96.17998,2.65961],[96.18013,2.65959],[96.18056,2.65993],[96.18111,2.66069],[96.18125,2.6606],[96.18152,2.66082],[96.18163,2.66067],[96.18155,2.66051],[96.18115,2.66029],[96.18118,2.65976],[96.18074,2.65975],[96.18034,2.65908],[96.18036,2.65878],[96.17983,2.65909],[96.17965,2.6586],[96.1799,2.65819],[96.18017,2.65816],[96.18062,2.65764],[96.18087,2.65753],[96.18054,2.6583],[96.18073,2.65846],[96.18067,2.65895],[96.18087,2.65936],[96.18109,2.65953],[96.18163,2.65938],[96.1817,2.65962],[96.18205,2.65972],[96.18239,2.66011],[96.18227,2.66081],[96.18146,2.66118],[96.18236,2.66146],[96.18296,2.66126],[96.18344,2.66138],[96.18332,2.6617],[96.18349,2.66192],[96.18386,2.66191],[96.18409,2.66113],[96.18493,2.66023],[96.1856,2.65995],[96.18623,2.65885],[96.18633,2.65821],[96.18671,2.6576],[96.18661,2.65745],[96.18726,2.65666],[96.18721,2.65613],[96.18742,2.65585],[96.18768,2.65577],[96.1877,2.65561],[96.18704,2.65497],[96.18636,2.65578],[96.18572,2.65593],[96.18509,2.65582],[96.18493,2.65572],[96.18473,2.65524],[96.18389,2.65534],[96.18361,2.65525],[96.18293,2.65424],[96.18295,2.65388],[96.18336,2.65401],[96.18337,2.65436],[96.18358,2.65453],[96.18433,2.65399],[96.18468,2.65406],[96.18452,2.65469],[96.18465,2.655],[96.18536,2.65402],[96.18523,2.65389],[96.18463,2.65375],[96.18472,2.6532],[96.185,2.65303],[96.18541,2.65352],[96.1856,2.65347],[96.18552,2.65301],[96.1856,2.65248],[96.18611,2.6519],[96.18611,2.65163],[96.18646,2.652],[96.18638,2.65254],[96.18652,2.65287],[96.18656,2.65234],[96.18709,2.65197],[96.18737,2.65197],[96.18759,2.65254],[96.18777,2.65255],[96.18788,2.65229],[96.18764,2.65146],[96.18781,2.65112],[96.18842,2.65097],[96.18923,2.65108],[96.18946,2.65079],[96.18981,2.65062],[96.19017,2.65001],[96.1904,2.65038],[96.19113,2.65047],[96.1912,2.65064],[96.19141,2.65068],[96.19132,2.65094],[96.19162,2.65117],[96.19174,2.65162],[96.19182,2.65167],[96.19192,2.65153],[96.19218,2.65161],[96.19247,2.65103],[96.19253,2.65119],[96.1928,2.65121],[96.19289,2.65085],[96.19273,2.65045],[96.19296,2.65029],[96.19345,2.64954],[96.19415,2.64926],[96.1943,2.64945],[96.1946,2.64947],[96.19455,2.64923],[96.19465,2.64922],[96.19504,2.64942],[96.1961,2.64815],[96.19599,2.64746],[96.19659,2.64704],[96.19734,2.64688],[96.19742,2.64703],[96.19716,2.64738],[96.19787,2.64766],[96.19843,2.64833],[96.19854,2.64833],[96.1986,2.64815],[96.19907,2.64822],[96.199,2.64786],[96.19876,2.6477],[96.19877,2.64758],[96.19927,2.64733],[96.19904,2.64701],[96.19926,2.64684],[96.19952,2.64686],[96.19969,2.64719],[96.19981,2.64715],[96.19951,2.64661],[96.19968,2.64629],[96.19966,2.64595],[96.19989,2.64578],[96.1997,2.64559],[96.19971,2.6454],[96.19954,2.64543],[96.19934,2.64484],[96.20015,2.64438],[96.20111,2.64421],[96.20135,2.64366],[96.20198,2.6441],[96.20198,2.64454],[96.20213,2.64464],[96.20228,2.64546],[96.20265,2.64635],[96.20281,2.64626],[96.20285,2.64579],[96.20316,2.64545],[96.20337,2.64572],[96.20411,2.64606],[96.2044,2.64603],[96.20465,2.64576],[96.20422,2.64585],[96.20396,2.64577],[96.20385,2.64535],[96.20346,2.64503],[96.20329,2.64518],[96.20296,2.64515],[96.20268,2.64583],[96.20248,2.64553],[96.20254,2.64527],[96.20306,2.64475],[96.20313,2.64391],[96.20339,2.6434],[96.20363,2.64323],[96.20352,2.64298],[96.20312,2.64272],[96.20298,2.6421],[96.20306,2.64197],[96.20332,2.64223],[96.20427,2.6422],[96.20441,2.64194],[96.20459,2.64195],[96.20468,2.6416],[96.20498,2.64147],[96.20527,2.64058],[96.20621,2.63994],[96.20628,2.63976],[96.20654,2.63984],[96.2066,2.63911],[96.20687,2.63908],[96.20689,2.63898],[96.20674,2.63839],[96.20646,2.6382],[96.20613,2.63852],[96.20575,2.63858],[96.20547,2.6374],[96.20566,2.63707],[96.20611,2.63672],[96.20642,2.63687],[96.2066,2.63676],[96.20686,2.63629],[96.20684,2.63602],[96.20716,2.63612],[96.20758,2.63567],[96.20808,2.63559],[96.20957,2.63498],[96.20979,2.6351],[96.21034,2.635],[96.21105,2.63509],[96.21174,2.63461],[96.21181,2.63435],[96.21168,2.6341],[96.21187,2.63391],[96.21198,2.63435],[96.21283,2.63427],[96.21326,2.63477],[96.2139,2.63468],[96.21463,2.63516],[96.21487,2.63503],[96.21547,2.6343],[96.21679,2.63374],[96.21715,2.63344],[96.21801,2.63349],[96.21852,2.63326],[96.21885,2.6326],[96.21888,2.63224],[96.21926,2.63195],[96.2196,2.6314],[96.21962,2.63103],[96.21946,2.63081],[96.21973,2.63055],[96.21969,2.63046],[96.21935,2.63053],[96.21898,2.63081],[96.21883,2.63021],[96.21789,2.63015],[96.21766,2.63046],[96.21744,2.63119],[96.21784,2.63202],[96.2174,2.6323],[96.21732,2.63196],[96.21664,2.6316],[96.21694,2.63124],[96.21719,2.63027],[96.21717,2.63],[96.21684,2.62982],[96.21681,2.62964],[96.21718,2.6296],[96.21805,2.62895],[96.21806,2.62877],[96.21796,2.62876],[96.21789,2.62894],[96.21761,2.62894],[96.21755,2.62877],[96.21799,2.62832],[96.21734,2.62771],[96.2174,2.6275],[96.21777,2.62756],[96.21789,2.62733],[96.21819,2.6277],[96.21837,2.62773],[96.21893,2.62701],[96.21898,2.62674],[96.21931,2.62661],[96.21973,2.62602],[96.21996,2.62614],[96.21967,2.62658],[96.21973,2.62686],[96.21994,2.62705],[96.22062,2.62694],[96.2209,2.62719],[96.22141,2.62714],[96.22138,2.62741],[96.22115,2.62756],[96.22065,2.62735],[96.22051,2.62747],[96.22062,2.62781],[96.22104,2.62801],[96.22198,2.62706],[96.22246,2.62689],[96.22353,2.62697],[96.22403,2.62678],[96.22472,2.62754],[96.22595,2.62704],[96.22597,2.62668],[96.22567,2.62634],[96.22585,2.62514],[96.22569,2.62519],[96.22544,2.6256],[96.22482,2.62537],[96.22408,2.62537],[96.2238,2.62575],[96.22363,2.6258],[96.22352,2.62519],[96.22334,2.62498],[96.22205,2.62417],[96.22173,2.62429],[96.22186,2.62366],[96.22141,2.62341],[96.22146,2.62304],[96.22125,2.62288],[96.22108,2.62176],[96.2217,2.62117],[96.22206,2.62107],[96.2228,2.62052],[96.22277,2.62019],[96.22299,2.61987],[96.22408,2.61976],[96.22463,2.62051],[96.22503,2.62058],[96.22541,2.62016],[96.22609,2.6201],[96.22657,2.61982],[96.22713,2.61991],[96.22735,2.61984],[96.22758,2.61954],[96.22785,2.61952],[96.22833,2.62008],[96.2286,2.62011],[96.22886,2.62043],[96.22951,2.62045],[96.22956,2.62079],[96.22987,2.62056],[96.23072,2.62098],[96.23119,2.62105],[96.23166,2.62172],[96.23183,2.62177],[96.23218,2.62166],[96.23242,2.62136],[96.23367,2.6215],[96.23407,2.62126],[96.23498,2.6204],[96.23533,2.61986],[96.23594,2.61973],[96.23593,2.61954],[96.23569,2.61942],[96.23588,2.61913],[96.23642,2.61914],[96.2372,2.61963],[96.23776,2.61967],[96.23861,2.61951],[96.23901,2.61926],[96.23921,2.61873],[96.2396,2.61831],[96.23959,2.61812],[96.23938,2.61795],[96.2395,2.61709],[96.24053,2.6158],[96.24076,2.61471],[96.24045,2.61273],[96.24059,2.61127],[96.23998,2.61041],[96.23995,2.60858],[96.23975,2.60815],[96.24001,2.60767],[96.2398,2.60739],[96.2398,2.60703],[96.24137,2.60506],[96.2411,2.60481],[96.24108,2.60463],[96.24122,2.60452],[96.24148,2.60457],[96.24194,2.6041],[96.24222,2.60292],[96.24247,2.60282],[96.24275,2.60205],[96.24295,2.60185],[96.24339,2.6017],[96.24376,2.60126],[96.24476,2.60069],[96.24507,2.59978],[96.24487,2.59911],[96.24562,2.59909],[96.24635,2.5987],[96.24747,2.59845],[96.24775,2.59821],[96.24797,2.59759],[96.24798,2.59722],[96.24784,2.5971],[96.24797,2.59642],[96.24782,2.59634],[96.24754,2.59656],[96.24739,2.59604],[96.24763,2.59576],[96.24702,2.5952],[96.24714,2.59475],[96.24704,2.59449],[96.24689,2.59439],[96.24582,2.59456],[96.24548,2.59422],[96.24551,2.5937],[96.24586,2.59331],[96.24631,2.59373],[96.24677,2.59377],[96.24719,2.59302],[96.24769,2.59316],[96.24816,2.59287],[96.24831,2.59207],[96.24902,2.59146],[96.24955,2.59145],[96.24997,2.59117],[96.25017,2.59159],[96.25033,2.59163],[96.25044,2.59147],[96.25039,2.59099],[96.25063,2.59068],[96.25188,2.59011],[96.25184,2.59],[96.25146,2.59013],[96.25112,2.58999],[96.25071,2.58893],[96.25115,2.589],[96.25104,2.58945],[96.2512,2.58952],[96.25144,2.58938],[96.25164,2.58896],[96.25203,2.58872],[96.25214,2.58838],[96.25258,2.58823],[96.25258,2.58814],[96.25216,2.58819],[96.2515,2.58867],[96.25139,2.58852],[96.25168,2.58755],[96.2519,2.58724],[96.25194,2.58675],[96.25233,2.58623],[96.25315,2.58565],[96.2532,2.58527],[96.25351,2.58507],[96.25425,2.58504],[96.25505,2.58477],[96.25546,2.5843],[96.25695,2.58323],[96.25835,2.58355],[96.25865,2.58289],[96.25909,2.58256],[96.25921,2.5822],[96.2603,2.58123],[96.26066,2.58114],[96.26086,2.58138],[96.26114,2.58103],[96.26151,2.58111],[96.26167,2.58088],[96.26241,2.58102],[96.26264,2.58121],[96.26268,2.58103],[96.26243,2.58065],[96.26219,2.58052],[96.26212,2.58006],[96.26231,2.58011],[96.26314,2.57894],[96.26377,2.57873],[96.26413,2.57831],[96.26441,2.57819],[96.26517,2.5782],[96.26529,2.57786],[96.26572,2.57743],[96.26578,2.57708],[96.26646,2.57675],[96.26667,2.57647],[96.2674,2.57636],[96.26793,2.57573],[96.2682,2.57571],[96.26862,2.57535],[96.269,2.57528],[96.26941,2.57447],[96.2707,2.57366],[96.27099,2.57356],[96.27124,2.57367],[96.27191,2.57336],[96.27372,2.57294],[96.27391,2.573],[96.27396,2.57317],[96.27586,2.57307],[96.2763,2.57323],[96.27681,2.57317],[96.27727,2.57332],[96.2781,2.57335],[96.27869,2.57355],[96.27939,2.57404],[96.28049,2.57413],[96.28105,2.57357],[96.28134,2.57351],[96.28178,2.5729],[96.28329,2.57259],[96.28477,2.57035],[96.2858,2.56943],[96.2864,2.56923],[96.28757,2.56822],[96.28893,2.5675],[96.2902,2.56699],[96.29066,2.56703],[96.29096,2.56682],[96.29233,2.56507],[96.29334,2.56345],[96.29369,2.56334],[96.29514,2.56241],[96.29662,2.56237],[96.29728,2.56221],[96.29858,2.56138],[96.29936,2.56121],[96.29993,2.5608],[96.30027,2.56092],[96.30072,2.56074],[96.30072,2.56026],[96.30166,2.5602],[96.30169,2.56055],[96.30197,2.56062],[96.3023,2.5605],[96.30259,2.56068],[96.30332,2.5607],[96.30357,2.56054],[96.30395,2.56053],[96.30486,2.55978],[96.30482,2.5592],[96.30505,2.55879],[96.30529,2.55863],[96.30625,2.55848],[96.30683,2.55862],[96.30705,2.55846],[96.30743,2.55846],[96.30813,2.55822],[96.3091,2.55828],[96.3101,2.55879],[96.31065,2.55883],[96.31096,2.55916],[96.31131,2.55925],[96.31143,2.55949],[96.31137,2.55994],[96.31115,2.56009],[96.3112,2.56055],[96.31152,2.56065],[96.31164,2.56089],[96.31191,2.56102],[96.31243,2.56106],[96.31364,2.56153],[96.31409,2.56126],[96.31503,2.56125],[96.31506,2.5609],[96.31474,2.56057],[96.31488,2.56045],[96.31573,2.56027],[96.31601,2.56034],[96.31599,2.56064],[96.31656,2.56062],[96.31721,2.56003],[96.31757,2.56029],[96.32096,2.55899],[96.32113,2.55907],[96.32146,2.55887],[96.32247,2.55874],[96.32399,2.55872],[96.32451,2.55845],[96.32511,2.55789],[96.32494,2.55736],[96.32462,2.55717],[96.32453,2.55681],[96.32465,2.55654],[96.32497,2.55632],[96.32511,2.55547],[96.32557,2.55495],[96.32564,2.55442],[96.32614,2.55404],[96.32662,2.55336],[96.32761,2.55245],[96.32814,2.55177],[96.32879,2.55191],[96.33077,2.55089],[96.33138,2.55077],[96.33188,2.55037],[96.33361,2.54992],[96.3345,2.54988],[96.33592,2.55011],[96.33618,2.55046],[96.3366,2.5503],[96.33715,2.55032],[96.33738,2.55062],[96.33815,2.55073],[96.33836,2.5509],[96.33849,2.55126],[96.33836,2.55199],[96.33845,2.55227],[96.33859,2.55238],[96.33878,2.55233],[96.33931,2.55269],[96.3405,2.55178],[96.34092,2.55188],[96.34204,2.55267],[96.34252,2.55269],[96.34272,2.55236],[96.34305,2.55219],[96.343,2.55211],[96.34214,2.55177],[96.3417,2.55187],[96.3404,2.55144],[96.34019,2.55113],[96.34027,2.55069],[96.34013,2.55056],[96.33904,2.55072],[96.33884,2.55051],[96.33886,2.55015],[96.3391,2.55008],[96.33925,2.55029],[96.33946,2.54973],[96.33966,2.5499],[96.3406,2.5501],[96.34085,2.54983],[96.34094,2.54939],[96.34164,2.54939],[96.34195,2.54922],[96.34182,2.54804],[96.34174,2.54799],[96.34147,2.54843],[96.34114,2.54838],[96.34086,2.54815],[96.3408,2.54773],[96.34051,2.54732],[96.34072,2.54666],[96.34066,2.54603],[96.34078,2.54587],[96.34117,2.54574],[96.34181,2.54671],[96.34206,2.54686],[96.34259,2.54679],[96.34314,2.54754],[96.34373,2.54735],[96.34484,2.54614],[96.34532,2.54601],[96.34595,2.546],[96.3469,2.54639],[96.348,2.54636],[96.34904,2.54669],[96.34957,2.54646],[96.34981,2.54606],[96.35011,2.54585],[96.35011,2.54569],[96.34922,2.54542],[96.34888,2.54546],[96.34885,2.54529],[96.34867,2.54521],[96.34867,2.54474],[96.3485,2.54432],[96.34766,2.54394],[96.34738,2.54357],[96.34678,2.54363],[96.3464,2.54403],[96.34593,2.54411],[96.34555,2.54522],[96.34537,2.54544],[96.34509,2.54547],[96.34456,2.54524],[96.34449,2.54487],[96.34481,2.54476],[96.3449,2.5445],[96.34424,2.54311],[96.34431,2.54086],[96.34478,2.54064],[96.34577,2.54096],[96.34648,2.54075],[96.34665,2.54095],[96.34651,2.54162],[96.34712,2.54164],[96.34744,2.54155],[96.34799,2.54064],[96.34863,2.54022],[96.34975,2.5401],[96.35024,2.53988],[96.35103,2.53989],[96.35124,2.53996],[96.35169,2.54042],[96.35213,2.54053],[96.35255,2.54042],[96.35289,2.53963],[96.35258,2.53949],[96.35221,2.53961],[96.35095,2.53886],[96.35041,2.53897],[96.35023,2.53913],[96.35026,2.53969],[96.34954,2.53998],[96.34892,2.53979],[96.34822,2.53898],[96.34733,2.53911],[96.34639,2.53892],[96.34552,2.53905],[96.34474,2.53944],[96.34431,2.53992],[96.34398,2.53991],[96.3435,2.53941],[96.34343,2.53907],[96.34385,2.53886],[96.34416,2.53853],[96.34419,2.53817],[96.34372,2.53777],[96.34327,2.53794],[96.34308,2.53761],[96.34275,2.53663],[96.3431,2.53632],[96.34303,2.53566],[96.34333,2.53548],[96.34282,2.53492],[96.34257,2.5344],[96.34208,2.5341],[96.34197,2.53338],[96.34204,2.53311],[96.3424,2.53295],[96.34254,2.53257],[96.34246,2.53213],[96.34261,2.53177],[96.34269,2.53172],[96.34284,2.53189],[96.34291,2.53182],[96.34291,2.53145],[96.34386,2.53056],[96.34389,2.53029],[96.34289,2.53072],[96.3425,2.53109],[96.34193,2.53124],[96.34187,2.53109],[96.34215,2.53075],[96.34176,2.53025],[96.34149,2.53018],[96.34087,2.53049],[96.34047,2.53049],[96.33988,2.53072],[96.33949,2.53065],[96.33916,2.53008],[96.33909,2.52943],[96.33942,2.52784],[96.33989,2.52704],[96.34015,2.52689],[96.3406,2.52703],[96.34113,2.52693],[96.34139,2.52718],[96.34183,2.52705],[96.34219,2.52722],[96.34264,2.52713],[96.34378,2.52662],[96.34411,2.52595],[96.34437,2.52582],[96.34464,2.52581],[96.34474,2.52627],[96.34495,2.52642],[96.34519,2.52602],[96.34529,2.52546],[96.34479,2.52457],[96.34446,2.52361],[96.34387,2.52356],[96.34389,2.52327],[96.3428,2.52254],[96.34257,2.52269],[96.34269,2.52331],[96.3424,2.52363],[96.3421,2.52436],[96.34179,2.52456],[96.34094,2.52557],[96.33981,2.52574],[96.33955,2.52512],[96.33927,2.52515],[96.33914,2.52501],[96.33901,2.52457],[96.33918,2.52406],[96.33979,2.52323],[96.33997,2.5228],[96.34005,2.52153],[96.34128,2.52121],[96.34115,2.52083],[96.34132,2.52061],[96.3419,2.52078],[96.3422,2.5207],[96.34223,2.52037],[96.34251,2.5204],[96.34296,2.52009],[96.34295,2.51959],[96.34331,2.51926],[96.34437,2.51899],[96.34524,2.51849],[96.3457,2.51841],[96.346,2.51795],[96.34625,2.51786],[96.34681,2.51817],[96.34732,2.51874],[96.34777,2.5194],[96.34793,2.52042],[96.34938,2.52189],[96.34963,2.52184],[96.34983,2.5216],[96.35014,2.52187],[96.3506,2.52195],[96.35137,2.52139],[96.35205,2.52221],[96.35224,2.52192],[96.3521,2.52159],[96.35219,2.52158],[96.35357,2.52314],[96.35437,2.52339],[96.35524,2.52304],[96.35578,2.52338],[96.35588,2.52304],[96.3556,2.52244],[96.35534,2.52266],[96.35506,2.52266],[96.35474,2.52247],[96.35422,2.52267],[96.35423,2.52223],[96.35373,2.52187],[96.35381,2.5217],[96.35362,2.52151],[96.35362,2.52116],[96.35334,2.52069],[96.35312,2.52058],[96.35315,2.52008],[96.35276,2.52057],[96.3523,2.52069],[96.35147,2.52034],[96.35086,2.51975],[96.35092,2.51922],[96.35127,2.51858],[96.35113,2.51824],[96.35112,2.5175],[96.35159,2.51688],[96.35158,2.51639],[96.35211,2.51575],[96.35254,2.51555],[96.35278,2.51584],[96.35324,2.51598],[96.35364,2.51587],[96.3539,2.51599],[96.35446,2.51579],[96.35489,2.516],[96.35544,2.51598],[96.3562,2.51526],[96.35661,2.51513],[96.35756,2.51536],[96.35799,2.51506],[96.35843,2.51535],[96.35895,2.51527],[96.35991,2.51451],[96.3606,2.51416],[96.36078,2.51423],[96.36089,2.51456],[96.36108,2.51452],[96.36122,2.51482],[96.36204,2.51461],[96.36245,2.5147],[96.36277,2.51592],[96.36248,2.51682],[96.36247,2.51738],[96.36265,2.51772],[96.36247,2.51812],[96.36166,2.51834],[96.36107,2.51808],[96.36108,2.51773],[96.36143,2.5171],[96.36131,2.51681],[96.36102,2.51678],[96.36035,2.51728],[96.36002,2.51792],[96.35973,2.51787],[96.3594,2.51799],[96.3592,2.51854],[96.35842,2.51934],[96.35855,2.51946],[96.35995,2.51962],[96.36026,2.51985],[96.36085,2.51997],[96.36147,2.52036],[96.36188,2.52045],[96.36214,2.52019],[96.36211,2.51984],[96.36268,2.51871],[96.3635,2.51828],[96.36424,2.51755],[96.36446,2.51691],[96.36505,2.51647],[96.36525,2.5159],[96.36514,2.51498],[96.36554,2.51439],[96.36663,2.51379],[96.36728,2.51406],[96.36821,2.51315],[96.36923,2.5133],[96.37042,2.51253],[96.37062,2.51221],[96.37051,2.51177],[96.36974,2.51159],[96.3693,2.51175],[96.36913,2.51222],[96.36882,2.51234],[96.36808,2.51228],[96.36785,2.51239],[96.3676,2.51283],[96.36736,2.51293],[96.36546,2.51268],[96.36477,2.51235],[96.3645,2.51159],[96.3641,2.51109],[96.36354,2.5108],[96.36327,2.51034],[96.36359,2.50939],[96.36423,2.50899],[96.36429,2.50878],[96.36418,2.50875],[96.36363,2.50898],[96.36434,2.5082],[96.36455,2.50714],[96.36436,2.50679],[96.36407,2.5066],[96.36385,2.50606],[96.36281,2.50554],[96.36239,2.50507],[96.36259,2.50305],[96.36353,2.50225],[96.36345,2.5021],[96.36321,2.50224],[96.36288,2.50208],[96.36282,2.50162],[96.36257,2.50135],[96.36272,2.5006],[96.3629,2.50036],[96.36386,2.50007],[96.36437,2.49938],[96.36439,2.49883],[96.36404,2.49852],[96.36402,2.49834],[96.36409,2.49815],[96.36436,2.498],[96.36441,2.49748],[96.36518,2.49746],[96.36537,2.49726],[96.36538,2.49679],[96.36502,2.49652],[96.36516,2.49613],[96.36534,2.49609],[96.36554,2.49628],[96.36598,2.49626],[96.36617,2.49607],[96.36669,2.49592],[96.36699,2.49603],[96.36724,2.49581],[96.36755,2.49611],[96.36819,2.49624],[96.36868,2.49611],[96.36889,2.49571],[96.36915,2.49581],[96.36916,2.49554],[96.36938,2.49561],[96.36944,2.49536],[96.37015,2.49489],[96.37086,2.49514],[96.37077,2.49535],[96.37093,2.49546],[96.37076,2.49555],[96.37073,2.49573],[96.37105,2.49645],[96.37186,2.49553],[96.37239,2.49559],[96.37319,2.49524],[96.37267,2.49438],[96.37178,2.49387],[96.37141,2.49378],[96.37113,2.49407],[96.37047,2.49415],[96.37025,2.49399],[96.37022,2.49353],[96.36997,2.49347],[96.36978,2.49326],[96.36936,2.49318],[96.36937,2.49292],[96.36915,2.49275],[96.36906,2.492],[96.36881,2.49175],[96.3689,2.49129],[96.36907,2.49123],[96.36927,2.49155],[96.36969,2.49175],[96.3704,2.49169],[96.37054,2.49142],[96.37072,2.49144],[96.37072,2.49162],[96.371,2.49168],[96.37217,2.49075],[96.37236,2.49031],[96.3719,2.49022],[96.37149,2.48972],[96.37017,2.48915],[96.36989,2.48916],[96.36927,2.48957],[96.36881,2.48957],[96.36848,2.48928],[96.36882,2.48828],[96.36943,2.4876],[96.37038,2.48732],[96.37141,2.48666],[96.37187,2.48599],[96.37214,2.48596],[96.3726,2.48683],[96.37306,2.48713],[96.3737,2.48692],[96.37446,2.48637],[96.37468,2.48587],[96.37388,2.48505],[96.374,2.48479],[96.37443,2.48468],[96.37496,2.48432],[96.37544,2.48474],[96.37577,2.48483],[96.37577,2.4846],[96.37613,2.48454],[96.37617,2.4841],[96.37664,2.4838],[96.37651,2.48346],[96.3758,2.48273],[96.37599,2.482],[96.37682,2.48203],[96.3784,2.4829],[96.37951,2.48311],[96.37988,2.48335],[96.38048,2.48291],[96.38063,2.4822],[96.3809,2.48184],[96.38131,2.48165],[96.38178,2.48193],[96.38205,2.48188],[96.38269,2.48114],[96.38272,2.48087],[96.38245,2.48065],[96.38249,2.48038],[96.38215,2.47997],[96.38211,2.47961],[96.38285,2.47871],[96.38316,2.47878],[96.38338,2.47828],[96.38372,2.47822],[96.38374,2.47805],[96.38353,2.47798],[96.38367,2.47774],[96.38363,2.47728],[96.38413,2.47662],[96.38399,2.47597],[96.38437,2.47556],[96.38363,2.47479],[96.38336,2.47478],[96.38319,2.47499],[96.38293,2.4749],[96.38283,2.47418],[96.38224,2.47281],[96.38192,2.47247],[96.38198,2.47175],[96.38245,2.4713],[96.38345,2.47099],[96.38494,2.47157],[96.38548,2.47205],[96.38602,2.47116],[96.38678,2.4705],[96.38697,2.47053],[96.38736,2.47093],[96.38801,2.47103],[96.38827,2.47093],[96.38908,2.47116],[96.38956,2.47171],[96.38949,2.47241],[96.39082,2.47306],[96.39125,2.47364],[96.39122,2.4742],[96.3918,2.47503],[96.39225,2.47512],[96.39242,2.47479],[96.39197,2.4739],[96.39161,2.47358],[96.3911,2.47224],[96.38997,2.47184],[96.38972,2.47078],[96.38911,2.46997],[96.38844,2.46847],[96.38726,2.46774],[96.38625,2.46792],[96.38588,2.46783],[96.3857,2.46761],[96.38599,2.4669],[96.38672,2.46634],[96.38693,2.46603],[96.387,2.46559],[96.3861,2.46573],[96.38564,2.46536],[96.38545,2.46534],[96.38449,2.46657],[96.38432,2.46698],[96.38372,2.46716],[96.38289,2.4669],[96.38298,2.46666],[96.38329,2.46678],[96.38361,2.46621],[96.38406,2.46588],[96.3847,2.46509],[96.38477,2.46419],[96.38502,2.46373],[96.38619,2.46337],[96.38585,2.46325],[96.38529,2.46342],[96.3852,2.46338],[96.38541,2.46319],[96.38537,2.46311],[96.38505,2.4633],[96.38472,2.46311],[96.38441,2.46207],[96.38441,2.46162],[96.38476,2.46134],[96.38509,2.4615],[96.3856,2.46232],[96.38596,2.46252],[96.38616,2.46252],[96.38661,2.4622],[96.38643,2.46138],[96.38615,2.46099],[96.38578,2.46097],[96.38521,2.46121],[96.38466,2.46115],[96.38399,2.4608],[96.38333,2.46017],[96.38365,2.45997],[96.38354,2.45974],[96.38377,2.45959],[96.38362,2.45912],[96.38436,2.4587],[96.38462,2.45869],[96.38501,2.45807],[96.385,2.45789],[96.38456,2.45749],[96.3847,2.45687],[96.3844,2.45621],[96.38455,2.45599],[96.38546,2.45605],[96.38588,2.45545],[96.38681,2.45528],[96.38708,2.4553],[96.38738,2.45551],[96.38801,2.45661],[96.38833,2.45758],[96.3876,2.45839],[96.38751,2.45924],[96.38765,2.45989],[96.38784,2.46043],[96.3886,2.46079],[96.38867,2.46135],[96.38901,2.46166],[96.38919,2.4617],[96.3896,2.46133],[96.38976,2.46049],[96.39019,2.46041],[96.39088,2.46099],[96.39093,2.46185],[96.39128,2.46201],[96.39208,2.46188],[96.39254,2.46196],[96.39316,2.46152],[96.39397,2.46057],[96.39449,2.46034],[96.39497,2.45992],[96.39533,2.45986],[96.39556,2.46003],[96.39564,2.46039],[96.39617,2.46075],[96.39634,2.46109],[96.39629,2.46135],[96.39576,2.46187],[96.39578,2.46211],[96.3965,2.46215],[96.39684,2.46261],[96.39732,2.46289],[96.39794,2.46287],[96.3987,2.46309],[96.39922,2.46364],[96.39951,2.46433],[96.40061,2.46438],[96.40119,2.46479],[96.40181,2.46496],[96.40235,2.46487],[96.40235,2.46452],[96.40193,2.46434],[96.40139,2.46445],[96.4007,2.46425],[96.40055,2.46394],[96.40048,2.46299],[96.4002,2.46262],[96.40005,2.46207],[96.39936,2.46157],[96.39922,2.46105],[96.39824,2.46073],[96.39777,2.45922],[96.39732,2.459],[96.3974,2.45873],[96.39766,2.4586],[96.39784,2.45827],[96.39785,2.45773],[96.39757,2.45749],[96.39728,2.45743],[96.39686,2.45772],[96.39667,2.45771],[96.39654,2.45759],[96.3966,2.45724],[96.39728,2.45706],[96.39798,2.45641],[96.39841,2.4572],[96.39901,2.45759],[96.39883,2.45829],[96.399,2.45862],[96.39989,2.45842],[96.40033,2.4578],[96.40093,2.45773],[96.40079,2.45622],[96.40105,2.45554],[96.40097,2.45521],[96.4011,2.45487],[96.40094,2.45466],[96.40105,2.45455],[96.40156,2.45463],[96.40204,2.45524],[96.40257,2.4554],[96.40365,2.45618],[96.40505,2.45777],[96.40608,2.45712],[96.40662,2.45724],[96.4068,2.45745],[96.40683,2.45763],[96.40662,2.45776],[96.40666,2.45794],[96.40639,2.45863],[96.40726,2.45957],[96.40725,2.46001],[96.40753,2.46092],[96.40771,2.46113],[96.40692,2.46201],[96.40714,2.46252],[96.40686,2.46276],[96.40675,2.46344],[96.40687,2.46379],[96.40677,2.46425],[96.40686,2.46513],[96.4067,2.46625],[96.40679,2.46642],[96.40706,2.46635],[96.40826,2.46666],[96.40844,2.46664],[96.4085,2.46649],[96.40899,2.46728],[96.40825,2.46887],[96.408,2.46914],[96.40764,2.46921],[96.40757,2.46939],[96.408,2.4701],[96.40799,2.47037],[96.40765,2.47066],[96.40633,2.47072],[96.406,2.47106],[96.40581,2.47138],[96.40591,2.47165],[96.40585,2.472],[96.40548,2.47258],[96.40547,2.47334],[96.40525,2.47394],[96.40513,2.47408],[96.40469,2.47413],[96.40421,2.47469],[96.404,2.47467],[96.40399,2.47434],[96.40344,2.47435],[96.40306,2.47412],[96.4024,2.47483],[96.40204,2.47481],[96.40117,2.47446],[96.40044,2.47439],[96.40005,2.47482],[96.39983,2.4755],[96.39995,2.47644],[96.4009,2.47812],[96.40228,2.47908],[96.4031,2.47893],[96.40367,2.47948],[96.4038,2.47984],[96.40377,2.48152],[96.40331,2.48274],[96.40333,2.48327],[96.40317,2.4839],[96.40283,2.48403],[96.40247,2.48399],[96.40193,2.48338],[96.40133,2.48365],[96.40103,2.48404],[96.40109,2.48456],[96.40053,2.48496],[96.39954,2.48612],[96.39923,2.48747],[96.39945,2.48764],[96.3998,2.4876],[96.40009,2.48723],[96.40051,2.48702],[96.40147,2.48691],[96.40165,2.48695],[96.40177,2.48729],[96.40233,2.48775],[96.40228,2.4884],[96.40202,2.48842],[96.40163,2.48867],[96.40149,2.48901],[96.40211,2.49001],[96.40238,2.49022],[96.4019,2.49042],[96.40169,2.49083],[96.40169,2.49103],[96.40251,2.49201],[96.40252,2.49228],[96.40268,2.49251],[96.40218,2.49342],[96.40232,2.49351],[96.40268,2.49344],[96.40342,2.4937],[96.40428,2.49501],[96.4047,2.49522],[96.40462,2.49557],[96.40489,2.49596],[96.40513,2.49746],[96.40627,2.49935],[96.40629,2.5],[96.40612,2.50046],[96.40583,2.50079],[96.40581,2.50117],[96.40597,2.50143],[96.40626,2.50151],[96.40642,2.5017],[96.40666,2.5029],[96.40658,2.50348],[96.40732,2.50448],[96.40684,2.50626],[96.40653,2.50654],[96.4057,2.50681],[96.40507,2.50723],[96.40484,2.50711],[96.40484,2.50663],[96.40435,2.50586],[96.40431,2.50487],[96.40382,2.50433],[96.40323,2.50474],[96.40195,2.5066],[96.40172,2.50871],[96.40173,2.50952],[96.40199,2.51037],[96.40211,2.51074],[96.40246,2.51092],[96.40306,2.51082],[96.40362,2.5105],[96.40395,2.51067],[96.40402,2.5113],[96.40361,2.51227],[96.40372,2.51268],[96.40395,2.51279],[96.40676,2.51201],[96.40839,2.51176],[96.40899,2.51128],[96.40946,2.51042],[96.40944,2.50886],[96.4103,2.50679],[96.41049,2.50595],[96.41101,2.50487],[96.41058,2.50389],[96.41034,2.50375],[96.41031,2.50225],[96.4106,2.50067],[96.41111,2.50028],[96.41133,2.49915],[96.41173,2.49867],[96.41148,2.49822],[96.41146,2.49761],[96.41112,2.49745],[96.41144,2.49691],[96.41118,2.49631],[96.41141,2.49615],[96.4115,2.49575],[96.41201,2.4955],[96.41214,2.49501],[96.41242,2.49498],[96.41263,2.49453],[96.4129,2.49345],[96.41256,2.49259],[96.41266,2.49185],[96.41349,2.49137],[96.41411,2.49148],[96.41384,2.49079],[96.41304,2.49068],[96.41342,2.4904],[96.41351,2.48989],[96.41397,2.48958],[96.41447,2.48987],[96.41509,2.48992],[96.41563,2.49055],[96.41575,2.49032],[96.41559,2.48997],[96.41595,2.48969],[96.41659,2.48974],[96.4167,2.48988],[96.41689,2.48975],[96.41682,2.48866],[96.41657,2.48816],[96.41641,2.48809],[96.41613,2.48844],[96.41595,2.48844],[96.4157,2.48815],[96.41503,2.488],[96.41504,2.48766],[96.41469,2.48764],[96.41454,2.48745],[96.41506,2.48697],[96.41559,2.48579],[96.41581,2.48574],[96.41644,2.48593],[96.41672,2.4854],[96.41729,2.4851],[96.41756,2.4851],[96.41779,2.48528],[96.41828,2.48595],[96.41887,2.48585],[96.41904,2.48592],[96.41938,2.48674],[96.42011,2.48683],[96.42081,2.48725],[96.42084,2.48701],[96.42037,2.48651],[96.42051,2.48605],[96.42008,2.48585],[96.42019,2.48533],[96.41988,2.4848],[96.42001,2.4845],[96.42019,2.48455],[96.42082,2.4842],[96.42099,2.48367],[96.42151,2.48326],[96.42187,2.48322],[96.42182,2.48274],[96.42213,2.48256],[96.4221,2.48215],[96.4224,2.48213],[96.42242,2.48186],[96.4223,2.48141],[96.42169,2.48122],[96.42164,2.48104],[96.42253,2.48057],[96.42304,2.48058],[96.4236,2.47983],[96.42381,2.47916],[96.42412,2.47878],[96.42444,2.47799],[96.42537,2.47707],[96.42562,2.47721],[96.42565,2.47799],[96.42585,2.4783],[96.42603,2.47832],[96.42619,2.4779],[96.42642,2.47778],[96.42655,2.47849],[96.4267,2.47844],[96.4268,2.47869],[96.42694,2.47874],[96.42708,2.47845],[96.42724,2.47847],[96.42733,2.47864],[96.42711,2.47893],[96.42714,2.47911],[96.42741,2.47913],[96.4277,2.47891],[96.4279,2.47809],[96.42866,2.47775],[96.42893,2.47801],[96.42919,2.4786],[96.42976,2.47873],[96.43018,2.47921],[96.43001,2.47982],[96.43023,2.48033],[96.43005,2.48066],[96.43022,2.48148],[96.42997,2.48175],[96.42973,2.4825],[96.42933,2.48289],[96.42932,2.48362],[96.42902,2.48422],[96.42859,2.4847],[96.42762,2.4853],[96.42735,2.48579],[96.42662,2.48599],[96.42652,2.48643],[96.42607,2.4869],[96.42511,2.48752],[96.42518,2.48773],[96.42714,2.48768],[96.4273,2.48775],[96.42746,2.48809],[96.42746,2.48856],[96.427,2.48902],[96.4269,2.49068],[96.42668,2.49102],[96.42673,2.49136],[96.42696,2.49165],[96.42749,2.49132],[96.42859,2.49134],[96.43014,2.49072],[96.43098,2.49068],[96.43377,2.48926],[96.43466,2.489],[96.43497,2.4885],[96.43509,2.48731],[96.43525,2.48697],[96.43623,2.48623],[96.43701,2.48585],[96.43746,2.48577],[96.43763,2.48554],[96.43763,2.48483],[96.43827,2.48452],[96.43879,2.48463],[96.4397,2.48355],[96.44096,2.48288],[96.44175,2.48269],[96.44299,2.48181],[96.4437,2.48163],[96.44394,2.48103],[96.44511,2.48012],[96.44528,2.47959],[96.44539,2.47816],[96.44591,2.4776],[96.44722,2.47726],[96.44795,2.4766],[96.4495,2.47616],[96.45114,2.47634],[96.45153,2.47611],[96.45341,2.47602],[96.45366,2.47588],[96.45451,2.475],[96.45497,2.47425],[96.45486,2.47412],[96.45433,2.47407],[96.45447,2.47363],[96.4547,2.4735],[96.45488,2.4737],[96.45508,2.47369],[96.45542,2.47301],[96.45582,2.47283],[96.45573,2.47253],[96.456,2.47248],[96.45598,2.47215],[96.45668,2.47148],[96.45648,2.47068],[96.45555,2.46961],[96.45537,2.46859],[96.4551,2.46795],[96.45515,2.46704],[96.45592,2.4663],[96.45646,2.46618],[96.45672,2.46592],[96.45748,2.46581],[96.45795,2.46539],[96.45874,2.46511],[96.46041,2.46279],[96.46138,2.46221],[96.46253,2.46206],[96.46309,2.46211],[96.4641,2.4616],[96.46457,2.4619],[96.46526,2.4618],[96.4657,2.46162],[96.46633,2.46108],[96.46739,2.45977],[96.46769,2.45844],[96.4683,2.45729],[96.46828,2.4571],[96.4688,2.45669],[96.46902,2.45626],[96.46969,2.45451],[96.47055,2.4538],[96.47088,2.45278],[96.47086,2.45202],[96.47106,2.4517],[96.47162,2.45137],[96.47182,2.45065],[96.4718,2.44993],[96.47219,2.44949],[96.47211,2.44914],[96.47156,2.44879],[96.47095,2.44797],[96.46947,2.44461],[96.46924,2.44446],[96.46878,2.44465],[96.46827,2.44452],[96.46807,2.4442],[96.46819,2.44387],[96.46812,2.44359],[96.46777,2.44363],[96.46761,2.44386],[96.46752,2.44382],[96.46792,2.44312],[96.46786,2.4426],[96.46803,2.44214],[96.46787,2.44099],[96.46753,2.44061],[96.4675,2.44036],[96.4677,2.43997],[96.46755,2.43974],[96.46746,2.43972],[96.46738,2.43997],[96.46706,2.43981],[96.46717,2.43939],[96.46683,2.43926],[96.46629,2.43846],[96.46619,2.43808],[96.4663,2.43764],[96.46614,2.43731],[96.46659,2.43673],[96.46839,2.43676],[96.46891,2.43661],[96.4696,2.43696],[96.46996,2.43696],[96.47027,2.43675],[96.47031,2.43629],[96.4709,2.43645],[96.47159,2.43578],[96.47192,2.43563],[96.47216,2.43515],[96.47171,2.43335],[96.47129,2.43351],[96.47112,2.43331],[96.47123,2.43301],[96.47164,2.43291],[96.47148,2.43249],[96.47043,2.43171],[96.46959,2.43171],[96.46901,2.43203],[96.46858,2.43199],[96.46823,2.43168],[96.46841,2.43106],[96.46797,2.43102],[96.46737,2.43045],[96.46742,2.43019],[96.46777,2.43015],[96.46805,2.42977],[96.46799,2.42963],[96.46709,2.42916],[96.46738,2.42847],[96.46722,2.42807],[96.46731,2.42753],[96.46776,2.42721],[96.46877,2.42702],[96.46931,2.42711],[96.46985,2.42758],[96.47009,2.42747],[96.47013,2.42801],[96.4697,2.42915],[96.46982,2.42959],[96.47002,2.42977],[96.47022,2.42949],[96.47058,2.42954],[96.47091,2.42899],[96.47171,2.42851],[96.47201,2.42926],[96.47227,2.42936],[96.47299,2.42927],[96.47338,2.4298],[96.47377,2.43003],[96.47384,2.4304],[96.47426,2.43018],[96.47465,2.43041],[96.47503,2.4304],[96.47546,2.43057],[96.47563,2.4305],[96.47608,2.43079],[96.47635,2.43072],[96.47664,2.42898],[96.47693,2.42841],[96.47696,2.4276],[96.47737,2.42642],[96.47714,2.42563],[96.47722,2.42465],[96.47662,2.42404],[96.4764,2.42363],[96.47685,2.42336],[96.47787,2.42452],[96.47819,2.4247],[96.47841,2.42454],[96.47847,2.42395],[96.47821,2.42325],[96.47751,2.42303],[96.47724,2.42256],[96.47685,2.42235],[96.4771,2.42203],[96.47757,2.42207],[96.47781,2.4216],[96.47771,2.42147],[96.47678,2.42129],[96.477,2.42064],[96.47731,2.42037],[96.47682,2.42011],[96.47658,2.42019],[96.47667,2.41949],[96.47727,2.41902],[96.47751,2.41929],[96.47794,2.41915],[96.4784,2.4194],[96.47857,2.41894],[96.47898,2.41931],[96.47941,2.41925],[96.47981,2.41975],[96.48063,2.41989],[96.48077,2.42002],[96.48083,2.42037],[96.48118,2.42034],[96.48161,2.41995],[96.48211,2.41902],[96.48274,2.41896],[96.48249,2.4181],[96.48277,2.41738],[96.48341,2.41771],[96.4838,2.41776],[96.48463,2.4168],[96.4849,2.41673],[96.48551,2.41591],[96.48685,2.41577],[96.487,2.41533],[96.48677,2.41472],[96.48673,2.41401],[96.48696,2.4135],[96.48773,2.41273],[96.48889,2.41209],[96.48964,2.41112],[96.49002,2.41028],[96.49052,2.41003],[96.4914,2.40916],[96.49216,2.40776],[96.49224,2.40655],[96.49198,2.40645],[96.49167,2.4066],[96.4915,2.40685],[96.49156,2.40795],[96.4913,2.40862],[96.49044,2.40931],[96.48991,2.4095],[96.48942,2.40953],[96.48939,2.40935],[96.4897,2.40899],[96.48976,2.40862],[96.48965,2.40835],[96.48947,2.40827],[96.48909,2.40824],[96.48882,2.40852],[96.48868,2.40821],[96.48824,2.40808],[96.48679,2.40883],[96.48561,2.40863],[96.48537,2.40845],[96.4852,2.40811],[96.48512,2.40699],[96.48435,2.40532],[96.48386,2.40501],[96.48358,2.40499],[96.48327,2.4052],[96.48287,2.40493],[96.48258,2.40424],[96.48256,2.40365],[96.48211,2.40318],[96.48135,2.40274],[96.47976,2.4026],[96.47873,2.40283],[96.47812,2.40256],[96.47711,2.40148],[96.47715,2.40121],[96.47679,2.40078],[96.4765,2.40011],[96.47624,2.39895],[96.47653,2.39807],[96.47801,2.39612],[96.48108,2.39391],[96.48187,2.39311],[96.48285,2.39266],[96.4834,2.3922],[96.48401,2.39208],[96.4848,2.39164],[96.4852,2.39108],[96.48555,2.39027],[96.48652,2.38923],[96.48744,2.38873],[96.48855,2.38865],[96.48917,2.38885],[96.48939,2.38927],[96.48991,2.38929],[96.49034,2.38868],[96.49104,2.38803],[96.49148,2.38705],[96.4917,2.38689],[96.49154,2.38654],[96.49149,2.38531],[96.491,2.38436],[96.49122,2.38364],[96.49108,2.38301],[96.49128,2.38262],[96.49134,2.38167],[96.49169,2.38057],[96.49099,2.37851],[96.4911,2.3775],[96.49207,2.3756],[96.49312,2.37533],[96.49475,2.37457],[96.49567,2.37442],[96.49644,2.37409],[96.49694,2.37296],[96.49712,2.3719],[96.49769,2.37007],[96.49891,2.36776],[96.49917,2.36487],[96.49904,2.36464],[96.49901,2.36397],[96.49874,2.36346],[96.49795,2.36272],[96.49692,2.36221],[96.49546,2.36174],[96.4951,2.36131],[96.49434,2.36095],[96.49292,2.36064],[96.49226,2.36028],[96.49159,2.3594],[96.49146,2.35903],[96.49148,2.35838],[96.49099,2.35744],[96.49017,2.35637],[96.48821,2.35518],[96.48732,2.35537],[96.48656,2.35503],[96.48572,2.35438],[96.48562,2.35411],[96.48419,2.35264],[96.48401,2.35231],[96.48381,2.35158],[96.48394,2.35104],[96.48384,2.3504],[96.48395,2.34986],[96.48355,2.34934],[96.48322,2.34919],[96.48306,2.34877],[96.48313,2.34801],[96.48344,2.34756],[96.48321,2.34653],[96.48281,2.34613],[96.48238,2.3453],[96.48093,2.34409],[96.47952,2.34358],[96.47851,2.3438],[96.47813,2.34375],[96.47748,2.34334],[96.4769,2.34336],[96.47651,2.34285],[96.47588,2.34268],[96.47523,2.34268],[96.47448,2.34223],[96.47329,2.34203],[96.47287,2.34148],[96.47227,2.34144],[96.47171,2.34159],[96.47133,2.34152],[96.47093,2.34074],[96.46999,2.34071],[96.46843,2.34106],[96.46789,2.34142],[96.4678,2.34177],[96.46806,2.34208],[96.46855,2.34236],[96.46877,2.34234],[96.46895,2.34215],[96.46933,2.34213],[96.46997,2.34278],[96.46988,2.34294],[96.46936,2.34312],[96.46918,2.34462],[96.46808,2.3448],[96.46772,2.3443],[96.46773,2.34383],[96.46796,2.34355],[96.46781,2.34331],[96.46726,2.34334],[96.46679,2.34389],[96.46647,2.34358],[96.46622,2.34368],[96.46531,2.34354],[96.46524,2.34281],[96.46486,2.34256],[96.46497,2.34214],[96.46474,2.34138],[96.46432,2.34152],[96.46393,2.34116],[96.46367,2.34108],[96.46381,2.34084],[96.46416,2.34077],[96.46419,2.3405],[96.46289,2.34028],[96.4619,2.3406],[96.4608,2.3401],[96.46045,2.3397],[96.45922,2.33923],[96.45879,2.33929],[96.45802,2.33843],[96.45728,2.33783],[96.45748,2.33656],[96.45714,2.33644],[96.45689,2.33616],[96.45617,2.33629],[96.45588,2.33608],[96.45558,2.3344],[96.45497,2.33397],[96.45462,2.33312],[96.45442,2.3331],[96.4542,2.33338],[96.45402,2.33338],[96.45353,2.33307],[96.45324,2.33265],[96.45259,2.3324],[96.4519,2.3319],[96.45007,2.33134],[96.44901,2.33144],[96.448,2.33176],[96.44681,2.33133],[96.44611,2.33137],[96.44568,2.33159],[96.44561,2.33197],[96.44527,2.33245],[96.44479,2.33258],[96.44431,2.33251],[96.44404,2.33213],[96.4439,2.33137],[96.44416,2.32977],[96.4438,2.32854],[96.44341,2.32829],[96.44235,2.32827],[96.44053,2.32854],[96.43926,2.32899],[96.43897,2.32899],[96.43805,2.32868],[96.43763,2.32832],[96.4371,2.32808],[96.43445,2.32818],[96.43227,2.32907],[96.43093,2.32929],[96.43064,2.32945],[96.42949,2.32952],[96.42841,2.33],[96.42747,2.33022],[96.42611,2.33025],[96.42373,2.33056],[96.42285,2.33048],[96.42159,2.33069],[96.41899,2.33061],[96.41819,2.33081],[96.41684,2.33037],[96.41628,2.33033],[96.41601,2.33041],[96.41572,2.33074],[96.41509,2.33063],[96.41415,2.33136],[96.4131,2.33094],[96.40941,2.33143],[96.40867,2.33185],[96.40738,2.33226],[96.40575,2.33306],[96.4043,2.33415],[96.40386,2.33478],[96.40332,2.33492],[96.40285,2.33539],[96.40304,2.33556],[96.40265,2.33596],[96.40228,2.33601],[96.40212,2.33582],[96.40175,2.33618],[96.40105,2.33649],[96.39966,2.33746],[96.39859,2.33781],[96.3974,2.33885],[96.39532,2.33925],[96.39492,2.3395],[96.39419,2.34034],[96.39284,2.34064],[96.39216,2.34195],[96.39208,2.34316],[96.3913,2.34477],[96.39123,2.34549],[96.3904,2.34632],[96.38984,2.34751],[96.38914,2.34783],[96.38834,2.34849],[96.38757,2.34955],[96.38731,2.34969],[96.38701,2.34955],[96.38689,2.34923],[96.38496,2.34913],[96.38395,2.34884],[96.38311,2.34894],[96.38235,2.34857],[96.38175,2.34862],[96.38114,2.34905],[96.38057,2.34901],[96.37924,2.34921],[96.37709,2.34914],[96.37565,2.34878],[96.37486,2.34841],[96.37305,2.34715],[96.37263,2.34662],[96.37229,2.34586],[96.37231,2.34471],[96.37289,2.34438],[96.37314,2.34359],[96.37299,2.34293],[96.37316,2.34249],[96.37321,2.34163],[96.37306,2.34119],[96.37245,2.34091],[96.37239,2.34049],[96.37175,2.33963],[96.37149,2.33964],[96.36962,2.33847],[96.36883,2.33832],[96.3685,2.33809],[96.36769,2.33787],[96.36748,2.33758],[96.36699,2.33734],[96.36662,2.33731],[96.36644,2.33759],[96.36579,2.3375],[96.36534,2.3376],[96.36491,2.33744],[96.36414,2.33764],[96.36356,2.33811],[96.3634,2.33861],[96.3627,2.33886],[96.36214,2.33923],[96.36129,2.34047],[96.36075,2.341],[96.35957,2.34166],[96.35871,2.34158],[96.35724,2.34086],[96.35569,2.34072],[96.3535,2.33987],[96.35188,2.34081],[96.34992,2.34123],[96.34901,2.34119],[96.3485,2.3408],[96.34794,2.34069],[96.34687,2.34107],[96.34565,2.34107],[96.345,2.34124],[96.3445,2.34147],[96.34417,2.3418],[96.34405,2.34253],[96.34357,2.34342],[96.34299,2.34395],[96.34119,2.34626],[96.33941,2.34759],[96.33857,2.34796],[96.33823,2.34828],[96.3368,2.34884],[96.33604,2.34942],[96.33537,2.3497],[96.33472,2.35042],[96.33455,2.35049],[96.33431,2.35036],[96.33418,2.35068],[96.33373,2.35061],[96.33329,2.35016],[96.33255,2.34989],[96.33127,2.3502],[96.32997,2.35032],[96.32925,2.35055],[96.32662,2.35015],[96.32525,2.35048],[96.32337,2.3515],[96.32236,2.35179],[96.32199,2.35171],[96.32094,2.35233],[96.32078,2.35264],[96.32019,2.353],[96.31938,2.35302],[96.31927,2.35339],[96.31832,2.35374],[96.31825,2.35429],[96.31851,2.35496],[96.31854,2.35685],[96.31798,2.3572],[96.31711,2.35698],[96.31676,2.35711],[96.31454,2.35963],[96.31456,2.36046],[96.31494,2.36131],[96.31551,2.36206],[96.31651,2.36261],[96.31751,2.36269],[96.31873,2.36206],[96.31972,2.3619],[96.32124,2.36221],[96.32219,2.36261],[96.32366,2.36385],[96.32405,2.36493],[96.32391,2.36523],[96.32397,2.3654],[96.3245,2.36551],[96.326,2.36652],[96.3262,2.36688],[96.32655,2.36694],[96.32679,2.3672],[96.32686,2.36758],[96.32652,2.36783],[96.32657,2.36804],[96.32736,2.36845],[96.3284,2.36834],[96.32895,2.36861],[96.3293,2.36885],[96.32939,2.36951],[96.32957,2.3697],[96.33296,2.3709],[96.33413,2.37205],[96.33504,2.37394],[96.33551,2.37623],[96.33504,2.3772],[96.33509,2.37781],[96.33539,2.37804],[96.33518,2.37847],[96.33538,2.37973],[96.33505,2.38006],[96.33447,2.38025],[96.3342,2.38057],[96.33395,2.38149],[96.33396,2.38341],[96.3344,2.3849],[96.33571,2.38702],[96.33594,2.38809],[96.33584,2.38941],[96.33561,2.39001],[96.33517,2.39058],[96.33416,2.39122],[96.3333,2.39151],[96.33259,2.39115],[96.33227,2.3908],[96.33167,2.39048],[96.33113,2.38992],[96.3305,2.38964],[96.32967,2.38896],[96.32864,2.38878],[96.32791,2.38833],[96.32734,2.38821],[96.3253,2.38686],[96.32398,2.38617],[96.32209,2.38474],[96.32065,2.38401],[96.32023,2.38364],[96.31997,2.38372],[96.31934,2.38478],[96.31885,2.38526],[96.31822,2.38674],[96.31722,2.38672],[96.31633,2.38599],[96.31592,2.38545],[96.31536,2.38511],[96.31479,2.38516],[96.31435,2.38535],[96.31377,2.38608],[96.31332,2.38716],[96.31325,2.38773],[96.31373,2.38865],[96.31436,2.3892],[96.31428,2.38976],[96.31405,2.39037],[96.31287,2.39081],[96.31262,2.39116],[96.31358,2.39295],[96.31385,2.39472],[96.31382,2.39555],[96.31399,2.3956],[96.31406,2.39543],[96.31426,2.3954],[96.31453,2.39565],[96.31406,2.397],[96.31401,2.39786],[96.31371,2.39886],[96.31372,2.39954],[96.3141,2.39991],[96.31398,2.40026],[96.31413,2.40066],[96.31358,2.40098],[96.31342,2.4015],[96.31389,2.40204],[96.31425,2.40329],[96.31571,2.40385],[96.31625,2.40385],[96.3165,2.40406],[96.31675,2.40357],[96.31738,2.40354],[96.31963,2.40477],[96.32002,2.40577],[96.31993,2.40632],[96.31945,2.40661],[96.3193,2.40684],[96.3193,2.40865],[96.31903,2.41041],[96.31886,2.41104],[96.31803,2.41288],[96.31782,2.41546],[96.31718,2.41609],[96.31674,2.41621],[96.31634,2.41706],[96.31625,2.41779],[96.31527,2.41819],[96.31214,2.42126],[96.31104,2.42172],[96.30944,2.42307],[96.30885,2.4231],[96.30832,2.42333],[96.30804,2.42382],[96.30779,2.42397],[96.30664,2.42425],[96.30612,2.42426],[96.30587,2.4244],[96.30566,2.4248],[96.30409,2.42499],[96.30304,2.42485],[96.30231,2.42508],[96.301,2.42515],[96.29951,2.42587],[96.29898,2.42626],[96.29705,2.42647],[96.29649,2.42681],[96.29635,2.42704],[96.29589,2.42722],[96.2957,2.42719],[96.29553,2.42697],[96.29517,2.42695],[96.29499,2.42723],[96.29431,2.42751],[96.29386,2.42693],[96.29348,2.4269],[96.29223,2.42724],[96.29137,2.42724],[96.28937,2.42789],[96.28887,2.42788],[96.28825,2.42767],[96.28618,2.42785],[96.28547,2.42811],[96.28496,2.42861],[96.28376,2.42871],[96.28214,2.42939],[96.28122,2.42963],[96.27791,2.4296],[96.27654,2.42924],[96.27305,2.43037],[96.27213,2.43052],[96.27184,2.43094],[96.27146,2.43101],[96.27114,2.43076],[96.27036,2.43069],[96.26934,2.43014],[96.2659,2.43126],[96.26514,2.43123],[96.26354,2.43171],[96.26291,2.43198],[96.26244,2.43268],[96.26167,2.43279],[96.26137,2.43223],[96.26111,2.43215],[96.26014,2.43231],[96.25947,2.43266],[96.25897,2.43264],[96.25805,2.43286],[96.25593,2.43402],[96.25435,2.43466],[96.2538,2.43504],[96.25195,2.43554],[96.25145,2.43605],[96.24783,2.43769],[96.24446,2.43983],[96.24309,2.44104],[96.24233,2.44146],[96.24117,2.44179],[96.23946,2.44194],[96.23877,2.44165],[96.23725,2.44065],[96.23628,2.44023],[96.2358,2.44021],[96.23498,2.44025],[96.23293,2.442],[96.2326,2.44209],[96.23167,2.44205],[96.23045,2.4415],[96.22986,2.44152],[96.22826,2.44194],[96.22796,2.4424],[96.22783,2.44312],[96.22678,2.44412],[96.22635,2.44487],[96.22628,2.44643],[96.22691,2.44843],[96.22677,2.44909],[96.22592,2.45044],[96.22546,2.4515],[96.22421,2.45242],[96.22405,2.45272],[96.224,2.45399],[96.22378,2.45497],[96.22335,2.45542],[96.22281,2.45633],[96.22226,2.45672],[96.22088,2.45894],[96.22064,2.45939],[96.22055,2.46022],[96.22039,2.46058],[96.21748,2.46369],[96.21615,2.46454],[96.21511,2.46587],[96.21453,2.46625],[96.21443,2.46644],[96.21322,2.46711],[96.21263,2.46763],[96.21181,2.46788],[96.21139,2.46828],[96.21042,2.46873],[96.20868,2.46864],[96.20749,2.47028],[96.20688,2.47071],[96.20632,2.47066],[96.20571,2.47012],[96.20519,2.47006],[96.20505,2.46993],[96.20419,2.46986],[96.20238,2.47099],[96.20083,2.47136],[96.20034,2.47199],[96.1999,2.47211],[96.19973,2.47284],[96.19983,2.47395],[96.19943,2.47538],[96.19886,2.47626],[96.19818,2.47655],[96.19757,2.47705],[96.19695,2.47798],[96.1961,2.47877],[96.19594,2.47941],[96.19614,2.48043],[96.19599,2.48068],[96.19373,2.48326],[96.19241,2.48389],[96.19178,2.48433],[96.1914,2.48438],[96.19112,2.48418],[96.19092,2.48435],[96.19062,2.48432],[96.1902,2.48449],[96.19,2.48493],[96.19011,2.48549],[96.18923,2.48623],[96.18917,2.48711],[96.18895,2.48764],[96.18843,2.48831],[96.18748,2.48867],[96.18624,2.48847],[96.18469,2.48716],[96.18353,2.48703],[96.1831,2.4867],[96.18293,2.48629],[96.18333,2.48565],[96.1831,2.48506],[96.18265,2.48496],[96.18202,2.4852],[96.18154,2.48463],[96.18125,2.48463],[96.18,2.4852],[96.17942,2.48582],[96.17906,2.4859],[96.17865,2.48628],[96.17805,2.48653],[96.17777,2.48718],[96.17805,2.4875],[96.17806,2.48778],[96.1775,2.48877],[96.17528,2.49032],[96.17436,2.49076],[96.17386,2.49122],[96.1731,2.49154],[96.17198,2.49139],[96.17172,2.49113],[96.17174,2.4904],[96.17089,2.49],[96.17063,2.49004],[96.1699,2.4907],[96.16959,2.49073],[96.16947,2.49147],[96.16885,2.49202],[96.16873,2.49263],[96.16811,2.49322],[96.16749,2.4946],[96.16701,2.49515],[96.16661,2.4962],[96.16543,2.4976],[96.16324,2.4996],[96.162,2.50034],[96.16136,2.5011],[96.1615,2.5016],[96.1619,2.50222],[96.16383,2.50412],[96.16437,2.50575],[96.16438,2.5061],[96.16424,2.50726],[96.16363,2.50873],[96.16339,2.50907],[96.16249,2.50976],[96.16067,2.51206],[96.16036,2.51221],[96.15939,2.51214],[96.15889,2.51183],[96.1584,2.51113],[96.15815,2.51113],[96.15786,2.51146],[96.15775,2.51189],[96.15777,2.51266],[96.15766,2.51297],[96.15743,2.51337],[96.15646,2.51418],[96.156,2.51442],[96.15463,2.51459],[96.15241,2.51518],[96.15224,2.51561],[96.15216,2.51655],[96.15192,2.51721],[96.15156,2.51774],[96.15049,2.51824],[96.14929,2.5184],[96.14796,2.51806],[96.14645,2.51728],[96.1457,2.51669],[96.14498,2.5157],[96.14453,2.51474],[96.14468,2.51407],[96.14443,2.51366],[96.14415,2.51365],[96.1438,2.51343],[96.14319,2.51346],[96.14284,2.51323],[96.14229,2.51317],[96.14186,2.51324],[96.14143,2.51357],[96.14078,2.51377],[96.1402,2.51379],[96.13961,2.51358],[96.139,2.51415],[96.13757,2.51476],[96.1369,2.51551],[96.13566,2.51608],[96.13463,2.51696],[96.13426,2.51715],[96.13329,2.51719],[96.13304,2.51751],[96.13282,2.51828],[96.13232,2.51888],[96.13203,2.519],[96.13098,2.51897],[96.13019,2.51952],[96.12935,2.51964],[96.12843,2.52004],[96.12808,2.52046],[96.12776,2.52113],[96.12621,2.52289],[96.1261,2.52398],[96.12649,2.52677],[96.12635,2.5274],[96.1252,2.53027],[96.12374,2.5326],[96.1226,2.53328],[96.12178,2.53413],[96.12076,2.53683],[96.12037,2.5373],[96.11939,2.53806],[96.11925,2.53837],[96.1193,2.53948],[96.11847,2.5411],[96.11694,2.54117],[96.11624,2.54138],[96.11175,2.54365],[96.11053,2.54391],[96.10935,2.54455],[96.10834,2.5448],[96.10614,2.54575],[96.10388,2.54725],[96.10197,2.54802],[96.10125,2.54859],[96.09998,2.54918],[96.0988,2.55003],[96.09592,2.55133],[96.09549,2.55174],[96.09498,2.55201],[96.09412,2.55214],[96.09369,2.55259],[96.09328,2.55258],[96.09302,2.55243],[96.09273,2.5525],[96.09206,2.55312],[96.08981,2.55399],[96.08919,2.55395],[96.08866,2.55376],[96.08817,2.55375],[96.08762,2.55392],[96.08714,2.55387],[96.0869,2.55457],[96.0865,2.55514],[96.08479,2.5559],[96.08448,2.55646],[96.08433,2.55708],[96.08366,2.55754],[96.0835,2.55796],[96.08428,2.55999],[96.08448,2.56024],[96.08532,2.56074],[96.08561,2.56114],[96.08587,2.56185],[96.08581,2.56225],[96.08536,2.56288],[96.08335,2.56476],[96.08016,2.56673],[96.07774,2.56783],[96.07721,2.56785],[96.07514,2.56864],[96.07386,2.56969],[96.07354,2.56949],[96.07285,2.56939],[96.07147,2.56999],[96.07026,2.57021],[96.06969,2.57064],[96.06822,2.57057],[96.06776,2.57041],[96.0677,2.57067],[96.06749,2.57059],[96.06737,2.57033],[96.0669,2.57022],[96.0665,2.57078],[96.06611,2.57057],[96.0662,2.5704],[96.06611,2.5702],[96.06381,2.56999],[96.06315,2.57016],[96.0629,2.57003],[96.06254,2.56951],[96.06133,2.5684],[96.06111,2.56686],[96.0608,2.5661],[96.06036,2.56546],[96.06039,2.56477],[96.06023,2.56452],[96.05915,2.56405],[96.05902,2.56378],[96.05912,2.56334],[96.05896,2.56331],[96.05807,2.56405],[96.0573,2.56516],[96.05592,2.5665],[96.05576,2.56744],[96.05477,2.56824],[96.05443,2.56935],[96.05386,2.5701],[96.05376,2.57063],[96.05344,2.57118],[96.05274,2.57196],[96.05253,2.57266],[96.05218,2.57291],[96.05133,2.57306],[96.05067,2.57404],[96.05007,2.57543],[96.04969,2.57669],[96.04974,2.57786],[96.04782,2.5785],[96.04585,2.57895],[96.04521,2.57925],[96.04359,2.5796],[96.04283,2.57992],[96.04183,2.57999],[96.04,2.58066],[96.03889,2.58087],[96.03818,2.58128],[96.03591,2.58158],[96.03456,2.58192],[96.03415,2.58216],[96.03204,2.58224],[96.03097,2.58295],[96.03062,2.58264],[96.02998,2.58245],[96.02808,2.58274],[96.02474,2.58387],[96.02118,2.58477],[96.02048,2.58467],[96.01991,2.58437],[96.01937,2.58436],[96.01842,2.58478],[96.01765,2.58645],[96.01773,2.58687],[96.01793,2.58711],[96.01756,2.58842],[96.01741,2.58858],[96.01711,2.58854],[96.01705,2.58836],[96.01686,2.58842],[96.01654,2.58923],[96.01612,2.58978],[96.01565,2.58989],[96.01331,2.58991],[96.01273,2.59011],[96.01221,2.59011],[96.01161,2.59046],[96.01094,2.59048],[96.00973,2.59033],[96.00729,2.58968],[96.00658,2.58902],[96.00513,2.58837],[96.00409,2.58724],[96.00392,2.58685],[96.00409,2.58636],[96.00388,2.58518],[96.00453,2.58505],[96.00427,2.58463],[96.00432,2.58412],[96.00382,2.58395],[96.00389,2.58307],[96.0038,2.58299],[96.00358,2.58298],[96.00347,2.58324],[96.00321,2.58342],[96.00299,2.58339],[96.00285,2.5831],[96.00295,2.58256],[96.00223,2.58115],[96.00168,2.58094],[96.00142,2.57936],[96.00109,2.5789],[96.00113,2.5787],[96.00147,2.57856],[96.0015,2.57816],[96.00109,2.57783],[96.00125,2.57721],[96.00069,2.57665],[96.00081,2.57646],[96.00076,2.57623],[96.00049,2.57605],[96.00031,2.57563],[96.00035,2.57489],[96.00021,2.57424],[95.99954,2.57313],[95.99874,2.57252],[95.99841,2.5716],[95.99774,2.57065],[95.99756,2.56986],[95.99766,2.56947],[95.99744,2.56892],[95.99748,2.56859],[95.99697,2.56681],[95.99636,2.56609],[95.99509,2.56627],[95.99473,2.56612],[95.99396,2.56639],[95.99369,2.56763],[95.99386,2.56824],[95.99327,2.56918],[95.99318,2.56985],[95.99282,2.57047],[95.99296,2.57134],[95.99296,2.57255],[95.99309,2.57302],[95.99374,2.57414],[95.99372,2.5755],[95.99321,2.57725],[95.99354,2.57781],[95.99388,2.5779],[95.99406,2.57809],[95.99429,2.57797],[95.99435,2.57852],[95.9946,2.5791],[95.99448,2.58153],[95.99426,2.5819],[95.99373,2.58196],[95.99332,2.58215],[95.99215,2.5833],[95.99076,2.5843],[95.98841,2.58534],[95.98815,2.58528],[95.98789,2.58496],[95.98607,2.58401],[95.9856,2.58404],[95.98537,2.58419],[95.98422,2.58416],[95.98362,2.58469],[95.98328,2.58475],[95.98233,2.58529],[95.98202,2.58598],[95.9815,2.58635],[95.98131,2.58692],[95.98072,2.58758],[95.98077,2.58785],[95.981,2.58786],[95.98097,2.58811],[95.97945,2.58821],[95.97879,2.58847],[95.97724,2.58839],[95.97577,2.58801],[95.97558,2.58812],[95.97528,2.58865],[95.97432,2.58866],[95.97157,2.58702],[95.96878,2.58629],[95.96823,2.58581],[95.96787,2.58598],[95.96749,2.58588],[95.96725,2.58565],[95.96646,2.58535],[95.96641,2.5851],[95.96606,2.58464],[95.96572,2.58472],[95.9657,2.58426],[95.96534,2.58441],[95.96535,2.58404],[95.96491,2.58409],[95.96458,2.58371],[95.96415,2.58315],[95.96288,2.58077],[95.96289,2.58055],[95.9636,2.57933],[95.96357,2.57878],[95.96405,2.57843],[95.96441,2.57849],[95.96501,2.57832],[95.96523,2.57798],[95.96527,2.57727],[95.96487,2.57649],[95.96447,2.57625],[95.96414,2.57625],[95.96377,2.57663],[95.96345,2.57642],[95.96256,2.57652],[95.96176,2.57601],[95.96143,2.57598],[95.96058,2.57658],[95.95974,2.57751],[95.95948,2.57751],[95.95762,2.57643],[95.95696,2.57581],[95.95621,2.57482],[95.95601,2.57438],[95.95611,2.57377],[95.95601,2.57324],[95.95642,2.5716],[95.95596,2.57073],[95.95525,2.56982],[95.9548,2.56968],[95.95419,2.56974],[95.95325,2.57001],[95.95245,2.57048],[95.95202,2.57038],[95.95128,2.57044],[95.95083,2.57023],[95.95041,2.56981],[95.94943,2.56988],[95.94896,2.57014],[95.94848,2.57077],[95.94737,2.57103],[95.9462,2.5717],[95.94492,2.57188],[95.94425,2.57174],[95.94375,2.57213],[95.94312,2.57212],[95.94283,2.57187],[95.94255,2.57205],[95.94221,2.57204],[95.94178,2.57294],[95.94154,2.57304],[95.9402,2.57472],[95.93953,2.57478],[95.93929,2.57496],[95.93862,2.57506],[95.93783,2.57558],[95.93768,2.57588],[95.93715,2.57599],[95.93618,2.57694],[95.93559,2.57711],[95.935,2.57699],[95.93392,2.5778],[95.93343,2.57841],[95.93221,2.57923],[95.93205,2.57951],[95.93171,2.57959],[95.93146,2.58006],[95.93202,2.58165],[95.93196,2.58205],[95.93145,2.58255],[95.93116,2.58309],[95.93177,2.58404],[95.93176,2.58444],[95.9314,2.58508],[95.93065,2.58469],[95.93056,2.58439],[95.93029,2.58445],[95.93011,2.58501],[95.92984,2.58506],[95.93005,2.58528],[95.93061,2.58533],[95.93099,2.58557],[95.93092,2.58585],[95.93108,2.58663],[95.93071,2.58652],[95.93063,2.58695],[95.93043,2.58712],[95.9294,2.58715],[95.92842,2.58667],[95.92834,2.58642],[95.92844,2.58614],[95.92825,2.58615],[95.9281,2.58594],[95.92805,2.58574],[95.92819,2.58551],[95.928,2.58509],[95.92759,2.58475],[95.92721,2.58357],[95.92665,2.58316],[95.92612,2.58311],[95.925,2.58365],[95.92455,2.58439],[95.92384,2.58477],[95.92341,2.58646],[95.92319,2.58689],[95.92278,2.58715],[95.92227,2.58717],[95.92171,2.58778],[95.92085,2.58796],[95.92061,2.58838],[95.92058,2.58885],[95.92026,2.58918],[95.91964,2.5895],[95.91879,2.58926],[95.91774,2.58926],[95.91743,2.58964],[95.91771,2.59011],[95.91803,2.59177],[95.91786,2.59244],[95.91764,2.59272],[95.91759,2.59321],[95.91809,2.59352],[95.91851,2.59457],[95.91934,2.59541],[95.91967,2.59616],[95.91924,2.59664],[95.91912,2.59603],[95.91855,2.5961],[95.91825,2.59666],[95.91801,2.59768],[95.91761,2.59818],[95.91724,2.59827],[95.91711,2.59888],[95.91675,2.59924],[95.91557,2.5994],[95.91326,2.60002],[95.91157,2.60005],[95.91072,2.59975],[95.91008,2.59897],[95.90928,2.5986],[95.90895,2.59815],[95.9084,2.59787],[95.90739,2.5975],[95.90652,2.59761],[95.90627,2.59776],[95.90601,2.59818],[95.90611,2.59976],[95.90577,2.60028],[95.90542,2.60046],[95.90482,2.60023],[95.90368,2.60028],[95.90312,2.60123],[95.90323,2.60179],[95.9038,2.60266],[95.90443,2.60305],[95.9043,2.60342],[95.90361,2.60354],[95.90288,2.60214],[95.90266,2.60195],[95.90207,2.60194],[95.90165,2.60122],[95.90063,2.60068],[95.90015,2.60051],[95.89968,2.60059],[95.89946,2.60081],[95.89935,2.60127],[95.89882,2.60133],[95.89843,2.6007],[95.89828,2.59951],[95.89723,2.59855],[95.89542,2.59866],[95.894,2.59905],[95.89375,2.59936],[95.89296,2.59974],[95.89274,2.60024],[95.89213,2.60089],[95.89161,2.6011],[95.89116,2.60156],[95.89053,2.6019],[95.88989,2.60286],[95.88857,2.60314],[95.88682,2.60294],[95.88551,2.60353],[95.88502,2.60423],[95.8853,2.60459],[95.88567,2.60565],[95.88618,2.60638],[95.88631,2.60733],[95.88607,2.60795],[95.88457,2.60938],[95.88467,2.60998],[95.88457,2.61057],[95.88534,2.61084],[95.88569,2.61117],[95.88642,2.61096],[95.88679,2.61102],[95.88783,2.61188],[95.88791,2.61216],[95.88764,2.61313],[95.88806,2.61432],[95.88836,2.61434],[95.88852,2.61449],[95.88887,2.61439],[95.8893,2.61451],[95.88963,2.61519],[95.89032,2.61604],[95.8901,2.61867],[95.88927,2.62033],[95.88854,2.62142],[95.88682,2.62298],[95.88601,2.62335],[95.88585,2.62356],[95.88426,2.62452],[95.88398,2.62456],[95.88375,2.62483],[95.8823,2.62546],[95.88136,2.62649],[95.88068,2.62677],[95.87967,2.62696],[95.87877,2.62743],[95.87811,2.62763],[95.87753,2.62776],[95.87711,2.62769],[95.87632,2.62805],[95.87441,2.62829],[95.87381,2.62862],[95.87361,2.62912],[95.87327,2.62892],[95.87299,2.62893],[95.87175,2.62963],[95.8712,2.63027],[95.87048,2.63079],[95.8699,2.63185],[95.86941,2.63209],[95.8677,2.63344],[95.86738,2.63408],[95.86689,2.63445],[95.86678,2.63587],[95.86663,2.63624],[95.86602,2.63619],[95.86504,2.6365],[95.8648,2.63691],[95.86428,2.63696],[95.86313,2.63796],[95.86268,2.63789],[95.86253,2.63769],[95.86195,2.63761],[95.86159,2.63719],[95.8612,2.63698],[95.86015,2.63741],[95.85958,2.63738],[95.85804,2.63815],[95.85725,2.6383],[95.85283,2.6386],[95.85097,2.63846],[95.8502,2.63857],[95.84652,2.63727],[95.84542,2.63735],[95.84503,2.63723],[95.84424,2.63607],[95.8429,2.63496],[95.84214,2.63375],[95.84194,2.63318],[95.84193,2.63264],[95.84157,2.63194],[95.84162,2.63134],[95.84187,2.63088],[95.84303,2.63027],[95.8427,2.62967],[95.8427,2.62936],[95.84233,2.62906],[95.84249,2.62834],[95.84189,2.62765],[95.84139,2.62595],[95.84168,2.62521],[95.84156,2.62426],[95.84087,2.62273],[95.83967,2.62205],[95.83913,2.62195],[95.83865,2.62221],[95.8384,2.62251],[95.83774,2.62384],[95.83681,2.62442],[95.83638,2.62571],[95.83596,2.62584],[95.83486,2.62699],[95.83398,2.62748],[95.83367,2.62884],[95.83293,2.62991],[95.83268,2.6301],[95.83226,2.63013],[95.83146,2.62986],[95.83079,2.62991],[95.82974,2.62959],[95.82925,2.6296],[95.82909,2.62974],[95.82899,2.63156],[95.82874,2.63262],[95.82875,2.63302],[95.82897,2.63334],[95.82905,2.63382],[95.82994,2.63481],[95.83011,2.63556],[95.82983,2.63591],[95.82894,2.63622],[95.82875,2.63654],[95.82904,2.637],[95.82953,2.63718],[95.82956,2.63748],[95.83005,2.63797],[95.83016,2.63834],[95.83011,2.63921],[95.82983,2.64031],[95.82927,2.6413],[95.82904,2.64203],[95.82779,2.64385],[95.82702,2.64457],[95.82586,2.6453],[95.82485,2.64571],[95.8237,2.64651],[95.82222,2.6467],[95.82173,2.64662],[95.82125,2.64669],[95.82104,2.64686],[95.82068,2.64673],[95.82049,2.64694],[95.82024,2.64679],[95.81998,2.64693],[95.81976,2.64678],[95.81938,2.64687],[95.81918,2.64668],[95.81898,2.64668],[95.8188,2.64735],[95.81795,2.64767],[95.8173,2.64736],[95.81665,2.64732],[95.81637,2.64706],[95.81575,2.64712],[95.81431,2.64641],[95.81398,2.64606],[95.8136,2.64484],[95.8124,2.64431],[95.81114,2.64328],[95.81063,2.64327],[95.8107,2.64283],[95.81047,2.64227],[95.81045,2.64118],[95.81139,2.64025],[95.81162,2.63964],[95.81176,2.63906],[95.81157,2.63899],[95.81154,2.63868],[95.81138,2.63854],[95.81104,2.6384],[95.81061,2.63836],[95.8101,2.63851],[95.80966,2.6383],[95.80926,2.63837],[95.8089,2.6382],[95.80858,2.63824],[95.80755,2.63912],[95.80719,2.63992],[95.80585,2.64016],[95.80547,2.64042],[95.80497,2.64033],[95.80428,2.63976],[95.80406,2.63943],[95.80405,2.63871],[95.80371,2.63774],[95.80395,2.63683],[95.80379,2.63632],[95.80386,2.63576],[95.80493,2.63383],[95.80505,2.63377],[95.80526,2.63391],[95.80542,2.6338],[95.8058,2.63396],[95.80614,2.63384],[95.80575,2.63297],[95.80497,2.63233],[95.80416,2.62998],[95.80429,2.62955],[95.80409,2.62931],[95.80411,2.6289],[95.80374,2.62875],[95.80354,2.62831],[95.80333,2.62817],[95.80312,2.62829],[95.80275,2.62795],[95.80254,2.62795],[95.80226,2.62822],[95.80178,2.62832],[95.80134,2.62892],[95.80087,2.62916],[95.79943,2.6294],[95.79916,2.62961],[95.79862,2.62974],[95.79815,2.63015],[95.7975,2.63007],[95.79729,2.63016],[95.79691,2.63054],[95.79689,2.63081],[95.79655,2.63124],[95.79655,2.63156],[95.79627,2.63182],[95.79653,2.63256],[95.79648,2.63299],[95.79598,2.63337],[95.79404,2.63426],[95.79329,2.63479],[95.79245,2.63627],[95.79239,2.63669],[95.79159,2.63762],[95.7914,2.63819],[95.7904,2.6394],[95.7905,2.64072],[95.79082,2.64096],[95.79125,2.64199],[95.79093,2.64227],[95.79077,2.64265],[95.78992,2.64309],[95.7896,2.64362],[95.78961,2.64442],[95.78987,2.645],[95.78959,2.6457],[95.78963,2.64648],[95.78913,2.64791],[95.78955,2.64819],[95.78969,2.64861],[95.79022,2.64927],[95.79104,2.64948],[95.7913,2.6498],[95.79246,2.64982],[95.79264,2.65013],[95.79363,2.65059],[95.79408,2.65132],[95.79437,2.65208],[95.79475,2.65218],[95.79505,2.65245],[95.79525,2.65318],[95.7952,2.65428],[95.7954,2.65528],[95.79526,2.65844],[95.79502,2.65956],[95.79483,2.65994],[95.79456,2.66009],[95.79407,2.66175],[95.79418,2.66264],[95.79385,2.66393],[95.79363,2.66431],[95.79368,2.66464],[95.79254,2.66749],[95.79226,2.66851],[95.79158,2.66954],[95.79136,2.67019],[95.79027,2.67206],[95.78922,2.67332],[95.78863,2.67442],[95.78778,2.67526],[95.78727,2.67615],[95.78728,2.67737],[95.78711,2.67817],[95.78661,2.6789],[95.78652,2.67949],[95.78604,2.68019],[95.78562,2.68152],[95.78481,2.68232],[95.78339,2.683],[95.78137,2.68468],[95.78044,2.68422],[95.77946,2.68469],[95.77576,2.68743],[95.77492,2.68834],[95.7735,2.68936],[95.77205,2.68937],[95.77106,2.68893],[95.77085,2.6885],[95.77027,2.68859],[95.77003,2.68881],[95.76953,2.6887],[95.76914,2.68885],[95.769,2.68927],[95.76816,2.68971],[95.76824,2.68997],[95.76811,2.69015],[95.76762,2.69036],[95.76637,2.69134],[95.76426,2.6923],[95.76378,2.6924],[95.76275,2.69315],[95.76045,2.69431],[95.75914,2.69564],[95.75871,2.69668],[95.75872,2.69704],[95.75837,2.69798],[95.75599,2.69925],[95.75568,2.69953],[95.75515,2.70044],[95.75562,2.70104],[95.75593,2.701],[95.75612,2.70158],[95.7564,2.70195],[95.75613,2.703],[95.75588,2.70321],[95.7563,2.70337],[95.75694,2.70428],[95.75744,2.70456],[95.75838,2.70477],[95.75884,2.70504],[95.75963,2.70494],[95.75976,2.70552],[95.76028,2.70564],[95.76029,2.70601],[95.7605,2.70628],[95.76116,2.70657],[95.76176,2.70653],[95.76231,2.70676],[95.76256,2.70671],[95.76253,2.707],[95.76292,2.7076],[95.76346,2.70764],[95.76404,2.7081],[95.7649,2.70959],[95.76504,2.70953],[95.7652,2.70964],[95.76516,2.70983],[95.76495,2.70991],[95.76525,2.71077],[95.76476,2.71165],[95.76485,2.71208],[95.76458,2.71213],[95.76471,2.71272],[95.7645,2.71325],[95.76421,2.71354],[95.7641,2.71398],[95.76313,2.71486],[95.76259,2.7151],[95.76198,2.71509],[95.76148,2.71523],[95.7602,2.71494],[95.75831,2.71621],[95.75783,2.71668],[95.75749,2.71667],[95.75711,2.71634],[95.75674,2.71562],[95.75602,2.71556],[95.75579,2.71532],[95.75464,2.71533],[95.75459,2.71564],[95.75489,2.71597],[95.7547,2.7162],[95.75423,2.7159],[95.75391,2.71598],[95.75398,2.7167],[95.75418,2.71672],[95.75423,2.7169],[95.75447,2.71688],[95.75469,2.71757],[95.75446,2.71841],[95.75395,2.71884],[95.75299,2.71889],[95.75272,2.7186],[95.75195,2.71884],[95.75185,2.71933],[95.75124,2.71979],[95.7513,2.7201],[95.75092,2.72065],[95.75066,2.72179],[95.75,2.7222],[95.74977,2.72261],[95.74982,2.72297],[95.75035,2.72378],[95.75065,2.72482],[95.7504,2.72573],[95.75036,2.72652],[95.75049,2.72682],[95.75048,2.72749],[95.75084,2.72832],[95.7506,2.72889],[95.75054,2.72927],[95.7507,2.7296],[95.75047,2.73011],[95.75,2.73087],[95.74935,2.73145],[95.74917,2.73141],[95.74896,2.731],[95.74857,2.73085],[95.74663,2.73186],[95.74633,2.7323],[95.74606,2.73321],[95.74585,2.73335],[95.7457,2.73373],[95.74544,2.73396],[95.74412,2.73436],[95.74383,2.7351],[95.74384,2.73544],[95.74309,2.73633],[95.74255,2.73634],[95.74214,2.73609],[95.74159,2.73599],[95.74136,2.73553],[95.74117,2.73546],[95.73906,2.73614],[95.7388,2.736],[95.73851,2.73633],[95.73758,2.73636],[95.73689,2.73653],[95.73615,2.73696],[95.73531,2.73682],[95.73504,2.73716],[95.73425,2.7375],[95.73407,2.73784],[95.73236,2.739],[95.73142,2.73929],[95.73115,2.73907],[95.73103,2.73935],[95.73029,2.73945],[95.73012,2.73938],[95.7301,2.73901],[95.72977,2.73888],[95.7293,2.73896],[95.72886,2.73926],[95.72848,2.73914],[95.72839,2.73944],[95.72827,2.73948],[95.728,2.73923],[95.7267,2.73862],[95.72565,2.73869],[95.72534,2.73853],[95.72522,2.73869],[95.72487,2.73871],[95.72489,2.73921],[95.72433,2.73968],[95.72375,2.7407],[95.72299,2.74129],[95.72249,2.7415],[95.72243,2.74175],[95.72264,2.7421],[95.72369,2.74268],[95.7224,2.74609],[95.72225,2.74621],[95.72233,2.74645],[95.72223,2.74676],[95.72252,2.74701],[95.72255,2.74727],[95.72283,2.74744],[95.72291,2.7477],[95.72376,2.74776],[95.72423,2.74754],[95.72445,2.74728],[95.72478,2.74725],[95.72491,2.74702],[95.7258,2.74673],[95.72702,2.74743],[95.72762,2.74841],[95.72791,2.74867],[95.72817,2.74872],[95.72863,2.74824],[95.72838,2.74799],[95.72858,2.74763],[95.72897,2.74758],[95.72952,2.74725],[95.72999,2.74757],[95.72982,2.74795],[95.73018,2.74853],[95.73045,2.7486],[95.73057,2.74923],[95.73101,2.74935],[95.73102,2.74947],[95.73084,2.74956],[95.73095,2.74978],[95.73134,2.74977],[95.7317,2.74914],[95.73272,2.74972],[95.73265,2.75011],[95.7333,2.75069],[95.73431,2.752],[95.73486,2.75417],[95.73487,2.7547],[95.7346,2.75601],[95.73397,2.75719],[95.73295,2.75832],[95.73245,2.75857],[95.73139,2.75832],[95.73083,2.75741],[95.73069,2.75735],[95.7297,2.75818],[95.7275,2.75914],[95.72624,2.76054],[95.72588,2.76036],[95.72558,2.76039],[95.7247,2.76082],[95.72351,2.76066],[95.72291,2.76077],[95.72261,2.76026],[95.7218,2.75758],[95.72198,2.75677],[95.72193,2.75643],[95.71916,2.75655],[95.71806,2.75644],[95.71748,2.7561],[95.7166,2.75526],[95.71637,2.75481],[95.71614,2.75381],[95.71626,2.75279],[95.71444,2.75123],[95.7135,2.7493],[95.7137,2.74852],[95.71428,2.74833],[95.71433,2.74814],[95.71424,2.74799],[95.71379,2.74798],[95.71373,2.74774],[95.71411,2.74763],[95.71471,2.74789],[95.71498,2.74787],[95.71486,2.74826],[95.71499,2.7483],[95.71575,2.74792],[95.7157,2.74758],[95.7155,2.74731],[95.71468,2.74708],[95.71427,2.74714],[95.7133,2.74763],[95.71316,2.74777],[95.71322,2.74794],[95.71243,2.74857],[95.71197,2.74856],[95.71212,2.74829],[95.71194,2.74812],[95.71068,2.74773],[95.71028,2.74769],[95.70953,2.74791],[95.70941,2.74807],[95.70955,2.74852],[95.71,2.74843],[95.70954,2.74906],[95.70927,2.74923],[95.7086,2.75006],[95.70817,2.75],[95.70773,2.75023],[95.70705,2.74922],[95.70633,2.74909],[95.70571,2.74869],[95.70539,2.74812],[95.70534,2.74708],[95.70493,2.74691],[95.70459,2.74692],[95.70399,2.74749],[95.70373,2.74748],[95.7036,2.74771],[95.7033,2.74766],[95.70302,2.74802],[95.70224,2.74855],[95.70199,2.74843],[95.70197,2.74883],[95.70174,2.74894],[95.70144,2.74944],[95.70118,2.75057],[95.70062,2.75171],[95.69957,2.75313],[95.69938,2.75392],[95.69835,2.755],[95.69826,2.75524],[95.69832,2.75667],[95.69919,2.75889],[95.70026,2.76054],[95.70024,2.76145],[95.69997,2.76244],[95.69823,2.76552],[95.69736,2.76637],[95.69628,2.7669],[95.69604,2.76722],[95.69536,2.76924],[95.69512,2.76956],[95.69353,2.77062],[95.69274,2.77149],[95.69219,2.77289],[95.69211,2.77371],[95.69228,2.77432],[95.6927,2.7748],[95.69393,2.77714],[95.69566,2.77981],[95.69784,2.78119],[95.69978,2.78346],[95.70075,2.7841],[95.70243,2.78486],[95.70261,2.78504],[95.70283,2.78562],[95.70252,2.78695],[95.70257,2.78721],[95.70289,2.78762],[95.70573,2.78882],[95.70649,2.78969],[95.70684,2.79072],[95.70707,2.79236],[95.70711,2.79455],[95.70677,2.79519],[95.70662,2.79593],[95.70677,2.79763],[95.70749,2.79979],[95.70938,2.80202],[95.71009,2.80313],[95.71063,2.80475],[95.71086,2.8051],[95.71033,2.80567],[95.71126,2.8051],[95.71242,2.80526],[95.71372,2.8062],[95.71446,2.8065],[95.71496,2.80726],[95.7159,2.8078],[95.7168,2.80862],[95.71766,2.81073],[95.71811,2.81374],[95.71836,2.81417],[95.71884,2.81456],[95.71943,2.81697],[95.71938,2.81945],[95.71819,2.82097],[95.71798,2.82249],[95.7181,2.82288],[95.71867,2.82359],[95.71876,2.82431],[95.71907,2.82486],[95.71939,2.82514],[95.72014,2.82529],[95.72074,2.82516],[95.72181,2.8263],[95.72217,2.82637],[95.72267,2.82625],[95.72322,2.82642],[95.72394,2.82736],[95.7244,2.82745],[95.72479,2.82779],[95.72561,2.82815],[95.7259,2.82813],[95.72624,2.82829],[95.72722,2.82776],[95.7279,2.82793],[95.72868,2.82904],[95.72871,2.82979],[95.72886,2.82996],[95.73007,2.83071],[95.73035,2.83073],[95.7307,2.83095],[95.73114,2.83086],[95.73156,2.83095],[95.73208,2.83182],[95.73257,2.83203],[95.73294,2.83196],[95.73349,2.83124],[95.73393,2.83137],[95.73427,2.83194],[95.73457,2.83193],[95.7352,2.83144],[95.73542,2.83083],[95.73572,2.83058],[95.73599,2.83044],[95.73713,2.83039],[95.73752,2.82997],[95.73867,2.82946],[95.7388,2.82929],[95.73853,2.82884],[95.73865,2.82833],[95.739,2.82783],[95.73972,2.82763],[95.7399,2.8275],[95.73994,2.82716],[95.74021,2.82705],[95.74116,2.82727],[95.74204,2.82803],[95.74303,2.82851],[95.74346,2.82887],[95.74404,2.82892],[95.74522,2.82947],[95.74602,2.82938],[95.74724,2.82874],[95.74792,2.82864],[95.74959,2.82918],[95.75018,2.8287],[95.75054,2.82892],[95.75082,2.82891],[95.75094,2.8287],[95.75118,2.8288],[95.75151,2.82874],[95.75205,2.82923],[95.75303,2.82946],[95.75328,2.82926],[95.7533,2.82878],[95.75356,2.82844],[95.75409,2.82807],[95.75484,2.82799],[95.75497,2.82823],[95.75586,2.82822],[95.75585,2.82739],[95.7557,2.82701],[95.75577,2.82676],[95.75644,2.82641],[95.75701,2.82642],[95.75726,2.82616],[95.75777,2.826],[95.75781,2.82546],[95.75743,2.82451],[95.75785,2.82365],[95.76033,2.82295],[95.76109,2.82296],[95.76239,2.82255],[95.76286,2.82262],[95.76444,2.82353],[95.76513,2.82419],[95.76594,2.82525],[95.76658,2.82555],[95.7675,2.82625],[95.76809,2.82632],[95.76819,2.82621],[95.7681,2.82566],[95.76767,2.82575],[95.76781,2.82555],[95.76809,2.82546],[95.76869,2.82583],[95.76971,2.82613],[95.77065,2.82601],[95.77137,2.82644],[95.7725,2.82744],[95.7727,2.82726],[95.77236,2.8264],[95.77452,2.82571],[95.77464,2.82509],[95.7744,2.82459],[95.77383,2.82454],[95.77237,2.82388],[95.7723,2.82362],[95.77245,2.82313],[95.77285,2.82291],[95.77333,2.82285],[95.77487,2.82329],[95.77495,2.82294],[95.77479,2.82265],[95.7749,2.82259],[95.77516,2.82321],[95.77469,2.82388],[95.77485,2.82407],[95.77526,2.82415],[95.77544,2.82348],[95.77622,2.82211],[95.77631,2.82123],[95.77688,2.82089],[95.77702,2.82066],[95.77733,2.8206],[95.77784,2.82007],[95.77836,2.81938],[95.77866,2.81824],[95.77916,2.81793],[95.77941,2.81805],[95.77946,2.81822],[95.77907,2.81903],[95.77915,2.81998],[95.78012,2.82097],[95.78054,2.82105],[95.78091,2.82131],[95.78091,2.82157],[95.78031,2.8217],[95.77991,2.82151],[95.77894,2.82148],[95.77803,2.82123],[95.77771,2.82144],[95.77689,2.82299],[95.77749,2.82317],[95.77766,2.82348],[95.7776,2.82466],[95.77835,2.82504],[95.77884,2.82593],[95.77946,2.82623],[95.77973,2.82726],[95.77974,2.82795],[95.78098,2.82831],[95.78161,2.82776],[95.78176,2.82776],[95.78242,2.82828],[95.78241,2.82853],[95.78181,2.82886],[95.78183,2.82904],[95.78207,2.82914],[95.78271,2.82909],[95.783,2.82885],[95.78358,2.82865],[95.78473,2.82848],[95.78483,2.82847],[95.78489,2.82868],[95.78522,2.82867],[95.78558,2.82849],[95.78585,2.82815],[95.78632,2.82663],[95.78695,2.82646],[95.78808,2.82641],[95.7883,2.82656],[95.78837,2.82708],[95.7883,2.82729],[95.7876,2.82768],[95.78745,2.82889],[95.78714,2.82995],[95.78732,2.82997],[95.78799,2.82948],[95.78836,2.82879],[95.78869,2.82897],[95.78916,2.82975],[95.78964,2.82995],[95.78985,2.8307],[95.79099,2.83055],[95.79168,2.83072],[95.79181,2.83139],[95.7916,2.83199],[95.79108,2.83226],[95.79132,2.83258],[95.79076,2.83268],[95.79052,2.83328],[95.78965,2.83332],[95.78956,2.83343],[95.78954,2.8347],[95.78964,2.83485],[95.79026,2.83506],[95.79049,2.83605],[95.79077,2.83653],[95.79212,2.83731],[95.79199,2.83774],[95.79294,2.83851],[95.79328,2.83855],[95.79358,2.83887],[95.79413,2.83907],[95.79438,2.83964],[95.79453,2.83968],[95.795,2.83944],[95.79517,2.83981],[95.79465,2.83996],[95.79487,2.84017],[95.79491,2.84045],[95.79536,2.84077],[95.79514,2.84153],[95.79532,2.84174],[95.79566,2.84173],[95.79592,2.84136],[95.79623,2.84124],[95.79719,2.84181],[95.79749,2.84131],[95.79801,2.84134],[95.79809,2.84159],[95.79801,2.84247],[95.79758,2.84318],[95.79651,2.84414],[95.79574,2.84445],[95.79529,2.84396],[95.79511,2.84399],[95.79494,2.84438],[95.7947,2.84438],[95.79428,2.84375],[95.7931,2.84301],[95.79276,2.84217],[95.79229,2.84171],[95.79147,2.84126],[95.79077,2.84127],[95.79036,2.84148],[95.78877,2.84182],[95.78842,2.84126],[95.78747,2.84095],[95.78744,2.8405],[95.78764,2.84004],[95.78755,2.83992],[95.78679,2.84045],[95.78681,2.84119],[95.78703,2.84171],[95.78675,2.84195],[95.78525,2.84171],[95.78432,2.84102],[95.7834,2.84164],[95.78258,2.84147],[95.78193,2.84115],[95.78163,2.84115],[95.78151,2.84141],[95.78088,2.84185],[95.78072,2.84284],[95.78049,2.84334],[95.77947,2.84387],[95.77876,2.84498],[95.77848,2.8451],[95.77698,2.8451],[95.77569,2.84562],[95.77323,2.84575],[95.77232,2.84602],[95.7717,2.84633],[95.77151,2.84675],[95.77151,2.84722],[95.77114,2.84737],[95.76943,2.84695],[95.76834,2.8464],[95.76674,2.84677],[95.76551,2.84686],[95.76488,2.84718],[95.76479,2.84734],[95.76497,2.84788],[95.76442,2.84884],[95.7642,2.8498],[95.76393,2.85036],[95.76406,2.85053],[95.76526,2.85105],[95.76577,2.85153],[95.76604,2.85226],[95.76605,2.853],[95.766,2.85332],[95.76489,2.85483],[95.76448,2.85486],[95.76407,2.85509],[95.76342,2.85583],[95.76295,2.8567],[95.7629,2.85729],[95.76324,2.85788],[95.76325,2.8583],[95.76318,2.85873],[95.76275,2.85931],[95.76274,2.86066],[95.76361,2.86256],[95.76379,2.8628],[95.76434,2.86309],[95.76485,2.86298],[95.76487,2.86245],[95.76458,2.86171],[95.7646,2.86148],[95.76481,2.86112],[95.76505,2.86102],[95.76567,2.86112],[95.76582,2.86176],[95.76625,2.86232],[95.76684,2.86236],[95.76759,2.86222],[95.76796,2.86261],[95.76795,2.8632],[95.76729,2.8635],[95.76603,2.86571],[95.76508,2.86687],[95.76418,2.86723],[95.7639,2.86804],[95.76417,2.86988],[95.76486,2.87063],[95.76519,2.87063],[95.76575,2.86986],[95.76633,2.86951],[95.76719,2.87002],[95.76753,2.86991],[95.76763,2.86999],[95.76797,2.87102],[95.76782,2.87173],[95.76753,2.8723],[95.76673,2.8724],[95.76655,2.87258],[95.76673,2.87349],[95.76664,2.87377],[95.76628,2.87404],[95.7659,2.87406],[95.76513,2.87436],[95.76419,2.87501],[95.76415,2.87537],[95.76492,2.87559],[95.76513,2.87581],[95.76513,2.87625],[95.7649,2.87676],[95.76407,2.87737],[95.76373,2.8778],[95.7634,2.87852],[95.76335,2.87949],[95.76342,2.8799],[95.76396,2.88102],[95.76559,2.88305],[95.76636,2.88463],[95.76696,2.8852],[95.76768,2.88558],[95.76904,2.88548],[95.76944,2.88622],[95.76944,2.88755],[95.76937,2.88768],[95.76883,2.88784],[95.76884,2.88799],[95.76929,2.88829],[95.76914,2.8898],[95.76931,2.89099],[95.76904,2.89206],[95.76934,2.89246],[95.76948,2.89316],[95.76922,2.89421],[95.7684,2.89567],[95.7681,2.89695],[95.76869,2.89836],[95.76942,2.89877],[95.76992,2.89953],[95.77047,2.901],[95.77026,2.90212],[95.77031,2.90263],[95.77065,2.9029],[95.77098,2.90365],[95.77141,2.90414],[95.77162,2.9057],[95.7722,2.90582],[95.77271,2.90562],[95.77355,2.90429],[95.77392,2.90406],[95.77468,2.90404],[95.77617,2.90445],[95.77694,2.90482],[95.77756,2.90565],[95.77931,2.90639],[95.7797,2.90733],[95.78075,2.90886],[95.78173,2.90916],[95.78171,2.90956],[95.78132,2.91041],[95.7813,2.9115],[95.7816,2.91259],[95.78178,2.91436],[95.78213,2.91586],[95.78338,2.91859],[95.78373,2.92019],[95.78375,2.92061],[95.7834,2.92122],[95.78352,2.92188],[95.7839,2.92194],[95.78419,2.92222],[95.78479,2.92238],[95.78563,2.92429],[95.78694,2.9262],[95.78768,2.92626],[95.78916,2.92761],[95.78953,2.92782],[95.79078,2.9282],[95.79159,2.92818],[95.79307,2.92758],[95.79353,2.92724],[95.79426,2.92712],[95.79534,2.92717],[95.79756,2.92868],[95.79873,2.92907],[95.80041,2.92993],[95.80122,2.93009]]]}},{"type":"Feature","properties":{"nama":"Simeulue","provinsi":"Aceh","sumber":"Batas_Kab"},"geometry":{"type":"Polygon","coordinates":[[[95.38719,2.98597],[95.38989,2.98574],[95.39082,2.98501],[95.3914,2.9849],[95.39194,2.98494],[95.39312,2.98529],[95.39329,2.98475],[95.39368,2.9842],[95.39399,2.98268],[95.39477,2.98097],[95.39526,2.98017],[95.39582,2.97972],[95.39602,2.97903],[95.39656,2.97848],[95.39732,2.97733],[95.39801,2.97697],[95.39848,2.97613],[95.39857,2.97554],[95.39891,2.97504],[95.39911,2.97443],[95.39941,2.97426],[95.39997,2.97431],[95.40047,2.9742],[95.40088,2.97382],[95.40172,2.97373],[95.402,2.97358],[95.40232,2.97328],[95.40307,2.97211],[95.40305,2.97135],[95.4028,2.97081],[95.40265,2.97064],[95.40208,2.97055],[95.40199,2.97043],[95.40193,2.96958],[95.40235,2.96902],[95.4019,2.96773],[95.40148,2.96716],[95.40062,2.96664],[95.39938,2.96521],[95.39868,2.96507],[95.39883,2.96483],[95.39877,2.96446],[95.39724,2.96311],[95.39666,2.96297],[95.39613,2.96306],[95.39375,2.96458],[95.39291,2.9641],[95.39269,2.96429],[95.39277,2.96452],[95.39329,2.96488],[95.39365,2.96627],[95.39307,2.96831],[95.39234,2.96977],[95.39223,2.97025],[95.39226,2.97245],[95.39193,2.9732],[95.39107,2.97443],[95.39038,2.97633],[95.38918,2.97852],[95.38804,2.98],[95.38777,2.98001],[95.38743,2.98057],[95.38593,2.98147],[95.3859,2.98194],[95.38652,2.98318],[95.38605,2.98402],[95.38621,2.98445],[95.38615,2.98484],[95.38659,2.98562],[95.38684,2.98587],[95.38719,2.98597]]]}},{"type":"Feature","properties":{"nama":"Simeulue","provinsi":"Aceh","sumber":"Batas_Kab"},"geometry":{"type":"Polygon","coordinates":[[[95.40618,3.01739],[95.40651,3.01747],[95.40687,3.01722],[95.40753,3.01703],[95.40853,3.01632],[95.40892,3.01537],[95.40888,3.01446],[95.40878,3.01411],[95.40848,3.01373],[95.4075,3.01315],[95.40737,3.01295],[95.40687,3.01279],[95.40562,3.01199],[95.40538,3.01199],[95.40512,3.01171],[95.40408,3.01152],[95.40309,3.01098],[95.40222,3.01076],[95.40217,3.01061],[95.40189,3.01057],[95.40174,3.01026],[95.40164,3.01024],[95.40165,3.01034],[95.40147,3.01026],[95.40145,3.01009],[95.40099,3.01007],[95.40025,3.01026],[95.40004,3.01066],[95.39992,3.01065],[95.40004,3.01072],[95.40001,3.01104],[95.40022,3.0112],[95.40026,3.01148],[95.40018,3.01204],[95.39999,3.01211],[95.39988,3.01256],[95.39985,3.014],[95.40017,3.01463],[95.40016,3.015],[95.40115,3.01628],[95.40142,3.01653],[95.40195,3.01671],[95.40217,3.01698],[95.40409,3.01731],[95.40493,3.01733],[95.40557,3.01753],[95.40618,3.01739]]]}}]}