{"type":"FeatureCollection","features":[{"type":"Feature","properties":{"nama":"WS ALAS SINGKIL","sumber":"Alas_Singkil"},"geometry":{"type":"Polygon","coordinates":[[[97.38716,1.98627],[97.38803,1.98523],[97.38848,1.98362],[97.38857,1.98261],[97.38826,1.98134],[97.38742,1.98018],[97.3856,1.97843],[97.3849,1.97731],[97.38434,1.97685],[97.38392,1.97683],[97.38268,1.97736],[97.38235,1.97787],[97.38173,1.97832],[97.38119,1.97964],[97.38122,1.98105],[97.38161,1.98252],[97.38265,1.98399],[97.38346,1.98542],[97.38408,1.98588],[97.38509,1.98616],[97.38607,1.9861],[97.38666,1.9863],[97.38716,1.98627]]]}},{"type":"Feature","properties":{"nama":"WS ALAS SINGKIL","sumber":"Alas_Singkil"},"geometry":{"type":"Polygon","coordinates":[[[97.38701,2.04304],[97.38833,2.04287],[97.38921,2.04294],[97.38971,2.04281],[97.39101,2.042],[97.39177,2.04172],[97.3926,2.04082],[97.393,2.03975],[97.3933,2.03837],[97.39329,2.03795],[97.39265,2.03654],[97.39212,2.03583],[97.39145,2.03553],[97.39072,2.03557],[97.3902,2.03582],[97.38977,2.03638],[97.38919,2.03667],[97.38855,2.03726],[97.38813,2.03742],[97.38713,2.03742],[97.38617,2.03767],[97.38594,2.03788],[97.38517,2.03933],[97.38417,2.04001],[97.38407,2.04083],[97.38414,2.04122],[97.38457,2.0419],[97.38497,2.04228],[97.38701,2.04304]]]}},{"type":"Feature","properties":{"nama":"WS ALAS SINGKIL","sumber":"Alas_Singkil"},"geometry":{"type":"Polygon","coordinates":[[[97.35307,2.05729],[97.35257,2.05746],[97.3521,2.05849],[97.35225,2.05878],[97.3524,2.05883],[97.35282,2.05857],[97.35341,2.05786],[97.35349,2.05759],[97.35307,2.05729]]]}},{"type":"Feature","properties":{"nama":"WS ALAS SINGKIL","sumber":"Alas_Singkil"},"geometry":{"type":"Polygon","coordinates":[[[97.35573,2.07349],[97.35714,2.07323],[97.35798,2.0726],[97.35829,2.07034],[97.3586,2.06966],[97.35881,2.06634],[97.3585,2.06508],[97.35698,2.06429],[97.35678,2.0645],[97.35625,2.06434],[97.35521,2.06339],[97.35458,2.06387],[97.3539,2.06486],[97.35369,2.06581],[97.35338,2.06597],[97.35249,2.06597],[97.35238,2.06676],[97.3527,2.06728],[97.35275,2.06797],[97.35191,2.06849],[97.35164,2.06986],[97.35186,2.07049],[97.35164,2.07133],[97.35107,2.07244],[97.35096,2.07302],[97.35107,2.07338],[97.3518,2.07339],[97.35196,2.07396],[97.3519,2.07507],[97.35227,2.07528],[97.35269,2.07575],[97.35379,2.07576],[97.35525,2.07418],[97.35573,2.07349]]]}},{"type":"Feature","properties":{"nama":"WS ALAS SINGKIL","sumber":"Alas_Singkil"},"geometry":{"type":"Polygon","coordinates":[[[97.08836,2.10618],[97.08855,2.10564],[97.08806,2.10546],[97.0878,2.10589],[97.08802,2.10614],[97.08836,2.10618]]]}},{"type":"Feature","properties":{"nama":"WS ALAS SINGKIL","sumber":"Alas_Singkil"},"geometry":{"type":"Polygon","coordinates":[[[97.113,2.11369],[97.11549,2.11363],[97.1164,2.11339],[97.11764,2.11248],[97.11929,2.1121],[97.12129,2.11142],[97.12178,2.11091],[97.12275,2.11038],[97.12355,2.11012],[97.124,2.10964],[97.12442,2.10961],[97.12545,2.10915],[97.12583,2.10915],[97.1268,2.10868],[97.12817,2.10838],[97.12936,2.10785],[97.1308,2.10634],[97.13164,2.10508],[97.1318,2.10464],[97.13178,2.10415],[97.1321,2.10359],[97.13278,2.10311],[97.13327,2.10294],[97.13466,2.10283],[97.13631,2.10249],[97.13744,2.10163],[97.13875,2.10036],[97.13903,2.09955],[97.1393,2.0993],[97.14055,2.09849],[97.14079,2.09809],[97.14179,2.09761],[97.14255,2.09634],[97.14399,2.09559],[97.14424,2.0953],[97.14514,2.09497],[97.14548,2.0947],[97.1466,2.09442],[97.14799,2.09385],[97.14926,2.09219],[97.15143,2.09051],[97.15168,2.0897],[97.15185,2.08806],[97.15261,2.08743],[97.15359,2.08623],[97.15372,2.08538],[97.15395,2.08497],[97.15416,2.0841],[97.15416,2.08342],[97.15431,2.08287],[97.15423,2.08163],[97.15398,2.08114],[97.15409,2.07996],[97.15472,2.07865],[97.15566,2.07748],[97.15741,2.07678],[97.15891,2.07586],[97.15936,2.07539],[97.15989,2.07509],[97.1608,2.07409],[97.16207,2.07192],[97.16269,2.07139],[97.16271,2.07116],[97.1619,2.0697],[97.16155,2.06868],[97.16007,2.06845],[97.15977,2.0683],[97.15952,2.06777],[97.15928,2.06764],[97.15718,2.06693],[97.1564,2.06652],[97.15492,2.06531],[97.1546,2.06471],[97.15374,2.06395],[97.15344,2.06296],[97.153,2.06236],[97.15317,2.06134],[97.15292,2.05987],[97.15292,2.05939],[97.15351,2.05875],[97.15349,2.05668],[97.15362,2.05506],[97.15209,2.05378],[97.15095,2.05314],[97.14856,2.0526],[97.14583,2.05113],[97.14517,2.05096],[97.14278,2.0494],[97.14095,2.04797],[97.14069,2.04708],[97.13975,2.04635],[97.13787,2.04612],[97.13641,2.04518],[97.13563,2.04512],[97.13384,2.04594],[97.13085,2.04701],[97.12842,2.04713],[97.12538,2.04567],[97.12335,2.04328],[97.12323,2.04296],[97.1224,2.04242],[97.12053,2.04035],[97.12033,2.04005],[97.12028,2.03924],[97.11928,2.03781],[97.11878,2.0373],[97.11848,2.03566],[97.11848,2.03467],[97.11932,2.0329],[97.12066,2.02927],[97.12068,2.02749],[97.12098,2.02697],[97.12105,2.02604],[97.12153,2.02531],[97.12292,2.02479],[97.12347,2.0248],[97.12367,2.02468],[97.12371,2.02401],[97.12404,2.02288],[97.12399,2.0206],[97.1251,2.01861],[97.1256,2.01796],[97.1262,2.01749],[97.12654,2.01698],[97.12719,2.01532],[97.12742,2.01511],[97.12758,2.01414],[97.12793,2.01325],[97.12834,2.01282],[97.12838,2.01201],[97.12813,2.01104],[97.12828,2.01038],[97.12696,2.00919],[97.12693,2.00858],[97.12664,2.00776],[97.12451,2.00698],[97.12364,2.00592],[97.12329,2.00589],[97.12283,2.00559],[97.12192,2.00554],[97.12144,2.00515],[97.12038,2.00522],[97.11976,2.00508],[97.11668,2.00499],[97.11581,2.00477],[97.11479,2.0041],[97.11451,2.00408],[97.11403,2.00425],[97.11389,2.00445],[97.11361,2.00583],[97.11332,2.00623],[97.11279,2.00665],[97.11254,2.00786],[97.11317,2.00976],[97.1132,2.01048],[97.11276,2.01199],[97.11234,2.01269],[97.11212,2.01366],[97.11216,2.01526],[97.11236,2.01581],[97.11229,2.01645],[97.11154,2.01724],[97.10951,2.01829],[97.1086,2.01907],[97.10804,2.02001],[97.10673,2.02161],[97.1045,2.025],[97.10277,2.0271],[97.1003,2.02949],[97.10014,2.02977],[97.09895,2.0306],[97.09823,2.0315],[97.0978,2.03276],[97.09808,2.03345],[97.09774,2.03478],[97.09736,2.03522],[97.09692,2.03529],[97.09686,2.0355],[97.09716,2.03587],[97.09717,2.03621],[97.09737,2.03626],[97.0972,2.03792],[97.09744,2.03834],[97.0972,2.03986],[97.09685,2.04053],[97.09665,2.04191],[97.0965,2.04231],[97.09563,2.04326],[97.09539,2.04343],[97.09499,2.04348],[97.094,2.04438],[97.09335,2.04473],[97.09325,2.04594],[97.0928,2.04663],[97.09193,2.0474],[97.09183,2.04797],[97.09194,2.04937],[97.0916,2.05081],[97.0918,2.05264],[97.09173,2.05304],[97.09089,2.05464],[97.09013,2.05559],[97.08833,2.05735],[97.08783,2.05877],[97.08707,2.05942],[97.08501,2.06079],[97.08358,2.06125],[97.08286,2.06129],[97.08183,2.06157],[97.08155,2.06218],[97.08151,2.06265],[97.08172,2.06294],[97.08166,2.06322],[97.08113,2.06428],[97.08142,2.06508],[97.0822,2.06545],[97.08241,2.06616],[97.08239,2.06673],[97.08212,2.06717],[97.08152,2.06893],[97.08127,2.06923],[97.0807,2.06944],[97.08025,2.07004],[97.07864,2.07318],[97.07757,2.07592],[97.07749,2.07635],[97.07765,2.07702],[97.07725,2.07805],[97.07733,2.07821],[97.07721,2.07878],[97.07726,2.07935],[97.07819,2.08013],[97.07881,2.08028],[97.07932,2.08081],[97.0794,2.08118],[97.07948,2.08187],[97.07938,2.08288],[97.07909,2.08376],[97.07875,2.08419],[97.07859,2.08479],[97.0788,2.08504],[97.07869,2.08623],[97.08005,2.0874],[97.08012,2.08769],[97.0805,2.08821],[97.08152,2.08861],[97.08169,2.08925],[97.08222,2.08931],[97.08291,2.08864],[97.0831,2.08864],[97.08397,2.08888],[97.08462,2.08892],[97.08651,2.08964],[97.08698,2.08963],[97.08772,2.08898],[97.08825,2.08877],[97.09249,2.08807],[97.09342,2.08759],[97.09412,2.08759],[97.09554,2.08794],[97.09656,2.08857],[97.0968,2.08858],[97.09711,2.08899],[97.09751,2.08915],[97.09798,2.09045],[97.0986,2.09131],[97.09883,2.09242],[97.09874,2.09292],[97.09813,2.09386],[97.09771,2.09426],[97.09751,2.09615],[97.09669,2.09727],[97.09638,2.09812],[97.09533,2.09989],[97.09437,2.10057],[97.09399,2.10179],[97.09409,2.10216],[97.09396,2.10311],[97.09417,2.10359],[97.09396,2.10429],[97.0936,2.10468],[97.09347,2.10511],[97.09365,2.10566],[97.09361,2.10626],[97.0938,2.10686],[97.0941,2.10715],[97.09424,2.10791],[97.09458,2.10816],[97.09457,2.10874],[97.09551,2.10935],[97.09588,2.10984],[97.09615,2.10999],[97.09642,2.11062],[97.09787,2.11218],[97.09791,2.11254],[97.09856,2.11286],[97.09897,2.11327],[97.0992,2.11322],[97.09933,2.11303],[97.09937,2.11242],[97.09977,2.11214],[97.10079,2.11201],[97.10172,2.11163],[97.10248,2.11163],[97.10426,2.11097],[97.1058,2.11155],[97.10769,2.11185],[97.10788,2.11215],[97.10824,2.11215],[97.10957,2.113],[97.1097,2.11324],[97.11093,2.11313],[97.11212,2.11358],[97.113,2.11369]]]}},{"type":"Feature","properties":{"nama":"WS ALAS SINGKIL","sumber":"Alas_Singkil"},"geometry":{"type":"Polygon","coordinates":[[[97.34674,2.1166],[97.34695,2.11634],[97.34701,2.11593],[97.34742,2.11538],[97.34738,2.11502],[97.34716,2.11493],[97.34642,2.11508],[97.3459,2.11453],[97.34502,2.11445],[97.34416,2.11463],[97.34354,2.11426],[97.34294,2.11438],[97.3422,2.114],[97.3411,2.11388],[97.34095,2.11463],[97.34108,2.11551],[97.34246,2.11645],[97.34325,2.11639],[97.34451,2.1166],[97.34521,2.11657],[97.34564,2.11665],[97.3464,2.11705],[97.34677,2.11699],[97.34686,2.11674],[97.34674,2.1166]]]}},{"type":"Feature","properties":{"nama":"WS ALAS SINGKIL","sumber":"Alas_Singkil"},"geometry":{"type":"Polygon","coordinates":[[[97.34999,2.12558],[97.3503,2.12536],[97.35033,2.12515],[97.35021,2.12507],[97.34986,2.1252],[97.34983,2.12548],[97.34999,2.12558]]]}},{"type":"Feature","properties":{"nama":"WS ALAS SINGKIL","sumber":"Alas_Singkil"},"geometry":{"type":"Polygon","coordinates":[[[97.34988,2.13384],[97.35079,2.1338],[97.35106,2.13364],[97.3519,2.13352],[97.35244,2.13175],[97.35319,2.13123],[97.35355,2.12853],[97.35378,2.12839],[97.3538,2.12826],[97.35348,2.12779],[97.35186,2.12757],[97.35149,2.12762],[97.34999,2.12848],[97.34882,2.1308],[97.34905,2.13143],[97.34907,2.13241],[97.34954,2.13296],[97.34929,2.13336],[97.3493,2.13365],[97.34988,2.13384]]]}},{"type":"Feature","properties":{"nama":"WS ALAS SINGKIL","sumber":"Alas_Singkil"},"geometry":{"type":"Polygon","coordinates":[[[97.43432,2.15373],[97.43363,2.15362],[97.43348,2.15377],[97.43365,2.15404],[97.43441,2.15409],[97.43432,2.15373]]]}},{"type":"Feature","properties":{"nama":"WS ALAS SINGKIL","sumber":"Alas_Singkil"},"geometry":{"type":"Polygon","coordinates":[[[97.3316,2.16842],[97.33195,2.16828],[97.33186,2.16775],[97.33156,2.16756],[97.33106,2.16792],[97.33094,2.16819],[97.33093,2.16891],[97.33144,2.16895],[97.3316,2.16842]]]}},{"type":"Feature","properties":{"nama":"WS ALAS SINGKIL","sumber":"Alas_Singkil"},"geometry":{"type":"Polygon","coordinates":[[[97.39875,2.17241],[97.39896,2.1721],[97.39881,2.17207],[97.39839,2.17221],[97.39835,2.17233],[97.39875,2.17241]]]}},{"type":"Feature","properties":{"nama":"WS ALAS SINGKIL","sumber":"Alas_Singkil"},"geometry":{"type":"Polygon","coordinates":[[[97.39981,2.1724],[97.39961,2.17256],[97.39976,2.17288],[97.39966,2.1733],[97.39976,2.17341],[97.39996,2.17329],[97.40002,2.17297],[97.40026,2.17269],[97.39981,2.1724]]]}},{"type":"Feature","properties":{"nama":"WS ALAS SINGKIL","sumber":"Alas_Singkil"},"geometry":{"type":"Polygon","coordinates":[[[97.39812,2.17777],[97.39777,2.17774],[97.39773,2.17788],[97.398,2.17916],[97.39778,2.17959],[97.39772,2.18019],[97.39795,2.18046],[97.3986,2.18],[97.39872,2.17949],[97.39812,2.17777]]]}},{"type":"Feature","properties":{"nama":"WS ALAS SINGKIL","sumber":"Alas_Singkil"},"geometry":{"type":"Polygon","coordinates":[[[97.32371,2.18103],[97.32333,2.18105],[97.32246,2.1815],[97.32242,2.1817],[97.32263,2.18205],[97.32306,2.18215],[97.32388,2.18171],[97.324,2.18131],[97.32371,2.18103]]]}},{"type":"Feature","properties":{"nama":"WS ALAS SINGKIL","sumber":"Alas_Singkil"},"geometry":{"type":"Polygon","coordinates":[[[97.32249,2.18306],[97.32235,2.18262],[97.32215,2.18243],[97.32165,2.18248],[97.32131,2.18277],[97.32141,2.18303],[97.32237,2.1832],[97.32249,2.18306]]]}},{"type":"Feature","properties":{"nama":"WS ALAS SINGKIL","sumber":"Alas_Singkil"},"geometry":{"type":"Polygon","coordinates":[[[97.30549,2.18336],[97.30485,2.18345],[97.30466,2.18377],[97.30471,2.18419],[97.30507,2.18426],[97.30548,2.18393],[97.30561,2.18371],[97.30549,2.18336]]]}},{"type":"Feature","properties":{"nama":"WS ALAS SINGKIL","sumber":"Alas_Singkil"},"geometry":{"type":"Polygon","coordinates":[[[97.46297,2.17326],[97.46229,2.17334],[97.46205,2.17361],[97.46202,2.17386],[97.46211,2.17502],[97.46253,2.17596],[97.46241,2.17749],[97.46262,2.17878],[97.46268,2.18021],[97.46228,2.1811],[97.46134,2.18205],[97.46125,2.18283],[97.46096,2.18333],[97.46127,2.18403],[97.4613,2.18427],[97.46114,2.18457],[97.46124,2.18486],[97.46207,2.18579],[97.46241,2.18564],[97.46236,2.18446],[97.4632,2.18182],[97.46324,2.18075],[97.46434,2.17907],[97.46466,2.17689],[97.46473,2.17506],[97.4645,2.17438],[97.46362,2.17346],[97.46297,2.17326]]]}},{"type":"Feature","properties":{"nama":"WS ALAS SINGKIL","sumber":"Alas_Singkil"},"geometry":{"type":"Polygon","coordinates":[[[97.31936,2.18425],[97.31819,2.18418],[97.31725,2.18449],[97.31723,2.18511],[97.31783,2.18578],[97.31908,2.18666],[97.31954,2.18671],[97.32077,2.18647],[97.32093,2.18628],[97.32091,2.18606],[97.32064,2.18576],[97.3206,2.18528],[97.32038,2.18483],[97.31936,2.18425]]]}},{"type":"Feature","properties":{"nama":"WS ALAS SINGKIL","sumber":"Alas_Singkil"},"geometry":{"type":"Polygon","coordinates":[[[98.03805,2.18706],[98.0373,2.18702],[98.03666,2.18731],[98.03594,2.18852],[98.03602,2.18895],[98.03652,2.18982],[98.03702,2.1903],[98.03783,2.19056],[98.03814,2.19051],[98.03901,2.18994],[98.03913,2.18951],[98.03902,2.18789],[98.03848,2.18724],[98.03805,2.18706]]]}},{"type":"Feature","properties":{"nama":"WS ALAS SINGKIL","sumber":"Alas_Singkil"},"geometry":{"type":"Polygon","coordinates":[[[97.44151,2.18325],[97.44054,2.18313],[97.43968,2.18259],[97.43842,2.18092],[97.43818,2.17921],[97.4385,2.17766],[97.44074,2.17148],[97.43918,2.16785],[97.43865,2.16465],[97.43918,2.16268],[97.43996,2.16131],[97.44245,2.15852],[97.44247,2.15819],[97.44118,2.15786],[97.44032,2.15792],[97.43936,2.15885],[97.43425,2.16153],[97.43224,2.16296],[97.43103,2.16337],[97.43039,2.16342],[97.43032,2.16372],[97.43062,2.16435],[97.43103,2.16471],[97.43189,2.16787],[97.43235,2.16902],[97.43244,2.17032],[97.43123,2.17396],[97.42997,2.17616],[97.42926,2.17824],[97.42888,2.17911],[97.42839,2.17976],[97.42827,2.18022],[97.4283,2.18038],[97.42901,2.18053],[97.43341,2.18265],[97.43496,2.18401],[97.43557,2.18479],[97.4361,2.18547],[97.43677,2.1869],[97.43915,2.18845],[97.43996,2.18923],[97.44085,2.19036],[97.44146,2.19068],[97.44199,2.19071],[97.44292,2.19035],[97.4434,2.18994],[97.44354,2.18966],[97.44361,2.18893],[97.44342,2.18518],[97.44238,2.18374],[97.44151,2.18325]]]}},{"type":"Feature","properties":{"nama":"WS ALAS SINGKIL","sumber":"Alas_Singkil"},"geometry":{"type":"Polygon","coordinates":[[[97.3287,2.18314],[97.32778,2.18291],[97.32571,2.18483],[97.32426,2.18813],[97.32403,2.18997],[97.32471,2.19105],[97.32769,2.19059],[97.32816,2.18975],[97.328,2.1879],[97.32823,2.18621],[97.32861,2.18506],[97.33053,2.18468],[97.33091,2.18429],[97.33068,2.18376],[97.32954,2.18368],[97.3287,2.18314]]]}},{"type":"Feature","properties":{"nama":"WS ALAS SINGKIL","sumber":"Alas_Singkil"},"geometry":{"type":"Polygon","coordinates":[[[97.38187,2.1918],[97.3816,2.19183],[97.38165,2.1923],[97.38177,2.19248],[97.38211,2.19252],[97.38216,2.19222],[97.38187,2.1918]]]}},{"type":"Feature","properties":{"nama":"WS ALAS SINGKIL","sumber":"Alas_Singkil"},"geometry":{"type":"Polygon","coordinates":[[[97.39107,2.19243],[97.39079,2.19262],[97.39088,2.19285],[97.39105,2.19285],[97.39115,2.19271],[97.39107,2.19243]]]}},{"type":"Feature","properties":{"nama":"WS ALAS SINGKIL","sumber":"Alas_Singkil"},"geometry":{"type":"Polygon","coordinates":[[[97.31337,2.19408],[97.31535,2.19296],[97.31706,2.19094],[97.31736,2.19034],[97.31745,2.18875],[97.3184,2.1881],[97.31855,2.18793],[97.31855,2.18764],[97.31848,2.1873],[97.31792,2.18656],[97.31721,2.18665],[97.31624,2.18712],[97.3157,2.18725],[97.3157,2.18751],[97.31592,2.18771],[97.31596,2.18799],[97.31566,2.18838],[97.31525,2.18859],[97.31473,2.18877],[97.3143,2.18825],[97.31396,2.18825],[97.31368,2.18846],[97.31279,2.18952],[97.31283,2.19022],[97.31238,2.19028],[97.31202,2.18965],[97.31161,2.18946],[97.3115,2.18909],[97.31195,2.18738],[97.31288,2.18593],[97.31299,2.18538],[97.31342,2.18448],[97.31394,2.18385],[97.31374,2.18209],[97.31325,2.18159],[97.31295,2.18101],[97.31267,2.18079],[97.31211,2.18079],[97.30885,2.18181],[97.30713,2.18321],[97.30566,2.18712],[97.30535,2.18933],[97.30582,2.19151],[97.30608,2.1919],[97.30636,2.19203],[97.30682,2.1921],[97.30807,2.19048],[97.30829,2.19026],[97.30848,2.19037],[97.30835,2.19085],[97.30893,2.19143],[97.30917,2.19332],[97.30938,2.1936],[97.30983,2.19369],[97.31111,2.19336],[97.31149,2.19339],[97.31184,2.19373],[97.31203,2.19414],[97.31229,2.19432],[97.31337,2.19408]]]}},{"type":"Feature","properties":{"nama":"WS ALAS SINGKIL","sumber":"Alas_Singkil"},"geometry":{"type":"Polygon","coordinates":[[[97.38748,2.19708],[97.38717,2.19709],[97.38704,2.19727],[97.38708,2.1975],[97.38732,2.19768],[97.38759,2.19753],[97.38748,2.19708]]]}},{"type":"Feature","properties":{"nama":"WS ALAS SINGKIL","sumber":"Alas_Singkil"},"geometry":{"type":"Polygon","coordinates":[[[97.32614,2.19827],[97.32777,2.19789],[97.32827,2.19732],[97.32976,2.19769],[97.32979,2.19749],[97.32841,2.1969],[97.32856,2.1962],[97.32833,2.19559],[97.32908,2.19422],[97.32949,2.194],[97.32959,2.19342],[97.32931,2.19335],[97.32872,2.19347],[97.32788,2.19431],[97.3279,2.19468],[97.3276,2.19494],[97.32633,2.19489],[97.32575,2.19501],[97.32545,2.19529],[97.32556,2.19596],[97.32599,2.19661],[97.32607,2.19711],[97.32586,2.19745],[97.32544,2.19766],[97.32549,2.19807],[97.32614,2.19827]]]}},{"type":"Feature","properties":{"nama":"WS ALAS SINGKIL","sumber":"Alas_Singkil"},"geometry":{"type":"Polygon","coordinates":[[[97.36729,2.20063],[97.36703,2.20068],[97.367,2.20119],[97.36743,2.20101],[97.36729,2.20063]]]}},{"type":"Feature","properties":{"nama":"WS ALAS SINGKIL","sumber":"Alas_Singkil"},"geometry":{"type":"Polygon","coordinates":[[[97.32089,2.20517],[97.32075,2.20496],[97.32002,2.20504],[97.31989,2.20492],[97.31927,2.20407],[97.31919,2.20319],[97.31961,2.20247],[97.32001,2.20123],[97.32042,2.20083],[97.32076,2.20073],[97.32102,2.20081],[97.32137,2.20168],[97.32156,2.2018],[97.32201,2.20162],[97.32267,2.20207],[97.32291,2.20202],[97.32326,2.20167],[97.32362,2.20083],[97.32387,2.19983],[97.32381,2.19919],[97.32336,2.19854],[97.32331,2.19812],[97.32334,2.19787],[97.32379,2.1974],[97.32374,2.19727],[97.32324,2.19735],[97.32194,2.1984],[97.32058,2.197],[97.31988,2.19706],[97.31924,2.19753],[97.31861,2.19868],[97.31798,2.19952],[97.31784,2.19979],[97.31803,2.20021],[97.31781,2.20116],[97.31699,2.20211],[97.31681,2.20356],[97.31711,2.20401],[97.31717,2.2044],[97.31679,2.20575],[97.31649,2.20636],[97.31659,2.20678],[97.31684,2.20699],[97.31705,2.20716],[97.3176,2.20713],[97.31905,2.20623],[97.32067,2.20571],[97.32089,2.20517]]]}},{"type":"Feature","properties":{"nama":"WS ALAS SINGKIL","sumber":"Alas_Singkil"},"geometry":{"type":"Polygon","coordinates":[[[97.21161,2.21023],[97.21229,2.21028],[97.21272,2.21],[97.21288,2.20951],[97.21262,2.20927],[97.21222,2.2092],[97.21196,2.209],[97.21151,2.20903],[97.21129,2.20926],[97.21126,2.2096],[97.21161,2.21023]]]}},{"type":"Feature","properties":{"nama":"WS ALAS SINGKIL","sumber":"Alas_Singkil"},"geometry":{"type":"Polygon","coordinates":[[[97.20898,2.2148],[97.21039,2.2146],[97.21131,2.21392],[97.21144,2.21309],[97.21104,2.2128],[97.21099,2.21229],[97.20994,2.21247],[97.20966,2.21208],[97.20913,2.21205],[97.20842,2.21268],[97.20812,2.21343],[97.20791,2.21449],[97.2084,2.21505],[97.20898,2.2148]]]}},{"type":"Feature","properties":{"nama":"WS ALAS SINGKIL","sumber":"Alas_Singkil"},"geometry":{"type":"Polygon","coordinates":[[[97.20788,2.21505],[97.20767,2.21502],[97.20739,2.21532],[97.20741,2.21573],[97.20788,2.21554],[97.20788,2.21505]]]}},{"type":"Feature","properties":{"nama":"WS ALAS SINGKIL","sumber":"Alas_Singkil"},"geometry":{"type":"Polygon","coordinates":[[[97.24253,2.23585],[97.24375,2.23531],[97.24425,2.23534],[97.24476,2.23513],[97.24589,2.23553],[97.24657,2.23555],[97.24681,2.2354],[97.24727,2.23455],[97.24683,2.23392],[97.24639,2.23363],[97.24584,2.23359],[97.24519,2.23398],[97.24456,2.23401],[97.24375,2.23361],[97.24303,2.2338],[97.24229,2.23356],[97.24212,2.2336],[97.2414,2.23448],[97.24012,2.23528],[97.24011,2.23562],[97.24046,2.23578],[97.24253,2.23585]]]}},{"type":"Feature","properties":{"nama":"WS ALAS SINGKIL","sumber":"Alas_Singkil"},"geometry":{"type":"Polygon","coordinates":[[[97.16997,2.23463],[97.17127,2.23407],[97.17226,2.23417],[97.17532,2.23414],[97.17578,2.23401],[97.17671,2.23347],[97.17748,2.23334],[97.17784,2.23371],[97.17902,2.23348],[97.18008,2.23274],[97.18015,2.23181],[97.17932,2.23021],[97.17962,2.2293],[97.18018,2.2289],[97.18022,2.22724],[97.18042,2.22663],[97.18045,2.22567],[97.18016,2.22463],[97.17926,2.22346],[97.17893,2.22266],[97.17835,2.22005],[97.17836,2.21961],[97.17796,2.21836],[97.17797,2.21759],[97.17829,2.21685],[97.17868,2.21635],[97.17913,2.21654],[97.18027,2.21812],[97.18053,2.21868],[97.18056,2.21994],[97.18074,2.22073],[97.18125,2.22158],[97.18152,2.22183],[97.18226,2.22204],[97.18275,2.22201],[97.18516,2.22134],[97.18552,2.22162],[97.18565,2.22195],[97.18496,2.22301],[97.18501,2.22337],[97.18602,2.22555],[97.18603,2.22583],[97.18563,2.22621],[97.18558,2.22737],[97.18567,2.22765],[97.18645,2.22828],[97.18737,2.22843],[97.18757,2.2283],[97.18796,2.22756],[97.18888,2.22668],[97.18917,2.22609],[97.18979,2.22556],[97.19027,2.22384],[97.19022,2.22292],[97.1904,2.22077],[97.19013,2.21978],[97.19013,2.21908],[97.19026,2.21877],[97.1915,2.21882],[97.19207,2.21867],[97.19262,2.21766],[97.19251,2.21728],[97.19165,2.21656],[97.19108,2.21636],[97.1905,2.21665],[97.19023,2.21651],[97.18979,2.2152],[97.18966,2.2136],[97.19038,2.21337],[97.19167,2.21268],[97.19227,2.21171],[97.19313,2.20669],[97.19262,2.20372],[97.193,2.20339],[97.19394,2.20351],[97.19424,2.20284],[97.19515,2.20195],[97.19566,2.20219],[97.19564,2.20368],[97.19503,2.20643],[97.1951,2.20664],[97.19531,2.20678],[97.19707,2.20655],[97.19738,2.20755],[97.19775,2.20819],[97.19889,2.20888],[97.20066,2.21151],[97.20139,2.21187],[97.20392,2.21158],[97.20434,2.21146],[97.2049,2.21094],[97.20703,2.20805],[97.2076,2.20709],[97.20765,2.20671],[97.20716,2.20589],[97.20723,2.2053],[97.20763,2.20453],[97.20833,2.20427],[97.20957,2.2042],[97.2105,2.2045],[97.2112,2.20527],[97.21255,2.20716],[97.21316,2.20827],[97.21381,2.20882],[97.21428,2.20901],[97.21461,2.20895],[97.21521,2.20854],[97.21646,2.20723],[97.21701,2.20683],[97.21768,2.20572],[97.2177,2.20475],[97.2179,2.20449],[97.21928,2.20387],[97.21958,2.20385],[97.22261,2.20541],[97.22575,2.20845],[97.2263,2.20876],[97.22679,2.20876],[97.22694,2.20893],[97.2272,2.21008],[97.22983,2.21353],[97.23043,2.21627],[97.23023,2.21794],[97.22971,2.21883],[97.22932,2.21917],[97.2291,2.21901],[97.2278,2.21912],[97.22754,2.21964],[97.22729,2.21972],[97.22708,2.21951],[97.22641,2.21946],[97.22504,2.22023],[97.22511,2.22074],[97.22449,2.22067],[97.22426,2.22077],[97.22364,2.22174],[97.22388,2.22257],[97.22452,2.22296],[97.22487,2.2234],[97.22556,2.22542],[97.22677,2.22769],[97.22729,2.22786],[97.22804,2.22745],[97.22822,2.22761],[97.22879,2.22926],[97.22934,2.22992],[97.22977,2.23022],[97.23054,2.23041],[97.23086,2.2307],[97.23197,2.22988],[97.2327,2.23014],[97.23246,2.23086],[97.23249,2.23155],[97.23369,2.23358],[97.23444,2.23427],[97.23608,2.23486],[97.23647,2.23494],[97.23778,2.2347],[97.23942,2.23459],[97.24067,2.23431],[97.24184,2.23305],[97.2435,2.23263],[97.24448,2.23254],[97.24516,2.23263],[97.24789,2.23366],[97.24816,2.23342],[97.2488,2.23348],[97.24915,2.23397],[97.24946,2.23373],[97.25374,2.23359],[97.2546,2.23339],[97.25489,2.23304],[97.25506,2.23304],[97.25574,2.23358],[97.25608,2.23422],[97.2557,2.235],[97.25589,2.2353],[97.25665,2.23547],[97.25698,2.23542],[97.25759,2.23475],[97.2591,2.23409],[97.25953,2.23373],[97.26045,2.2325],[97.26084,2.23244],[97.26142,2.23214],[97.2645,2.23196],[97.26696,2.23212],[97.26816,2.23238],[97.27085,2.23201],[97.27145,2.23178],[97.27299,2.23086],[97.27384,2.23004],[97.27424,2.22903],[97.2743,2.22844],[97.27419,2.22749],[97.27383,2.22675],[97.27381,2.22646],[97.27498,2.22436],[97.27538,2.22433],[97.27583,2.22451],[97.27689,2.22422],[97.27824,2.2242],[97.27916,2.22395],[97.28264,2.22443],[97.28304,2.22466],[97.28343,2.22511],[97.28375,2.22521],[97.28427,2.22491],[97.28622,2.22522],[97.28802,2.22508],[97.28915,2.22555],[97.29087,2.2265],[97.29146,2.22722],[97.29307,2.22858],[97.29355,2.22916],[97.29549,2.23024],[97.29613,2.23041],[97.29867,2.22926],[97.29919,2.22852],[97.30024,2.22753],[97.30045,2.22715],[97.3004,2.22681],[97.29992,2.22662],[97.29988,2.22639],[97.30008,2.22609],[97.30107,2.22529],[97.30133,2.22368],[97.30121,2.223],[97.30151,2.22033],[97.30199,2.21916],[97.30187,2.21777],[97.30213,2.21733],[97.30166,2.21644],[97.30166,2.21604],[97.30189,2.21598],[97.30218,2.21651],[97.30259,2.21659],[97.30328,2.21696],[97.30378,2.21678],[97.30467,2.21607],[97.30436,2.21584],[97.30372,2.21629],[97.30351,2.2162],[97.30334,2.21574],[97.303,2.21548],[97.30255,2.21535],[97.30219,2.2155],[97.30116,2.21547],[97.30104,2.21522],[97.30124,2.21508],[97.30138,2.21452],[97.30112,2.21382],[97.30211,2.21229],[97.30198,2.21141],[97.30206,2.21116],[97.30255,2.21086],[97.3027,2.20997],[97.3029,2.20978],[97.30327,2.20979],[97.3038,2.20951],[97.30417,2.20955],[97.30492,2.20993],[97.30537,2.20987],[97.30548,2.20973],[97.30573,2.20766],[97.30565,2.20637],[97.30484,2.20555],[97.30356,2.20556],[97.30085,2.20685],[97.30033,2.20695],[97.29981,2.20658],[97.29917,2.20637],[97.29878,2.20543],[97.29813,2.20458],[97.2978,2.20452],[97.29758,2.20418],[97.29707,2.20394],[97.29566,2.20425],[97.29462,2.20474],[97.29351,2.20478],[97.29296,2.20466],[97.29191,2.20481],[97.29158,2.20467],[97.29116,2.20423],[97.29109,2.20301],[97.2919,2.20078],[97.29256,2.20048],[97.29379,2.20031],[97.29574,2.19967],[97.2958,2.19922],[97.29549,2.19846],[97.29608,2.19761],[97.29581,2.19643],[97.29584,2.19607],[97.29737,2.19492],[97.29791,2.19367],[97.29801,2.19303],[97.29867,2.19286],[97.29891,2.19289],[97.29907,2.19308],[97.30006,2.19272],[97.30367,2.18921],[97.30435,2.18869],[97.3045,2.18841],[97.30449,2.18801],[97.30497,2.18764],[97.30509,2.1873],[97.30458,2.18685],[97.30474,2.18608],[97.30465,2.18507],[97.30425,2.18367],[97.30409,2.18237],[97.30563,2.18085],[97.3076,2.17944],[97.30863,2.17745],[97.30925,2.17671],[97.31127,2.17567],[97.31172,2.17559],[97.31228,2.17592],[97.31298,2.17791],[97.31265,2.17841],[97.31272,2.17854],[97.31372,2.17884],[97.31417,2.1787],[97.31414,2.17826],[97.31488,2.17691],[97.31547,2.17472],[97.31537,2.17199],[97.31557,2.17029],[97.31679,2.17042],[97.31752,2.17228],[97.31771,2.17563],[97.31806,2.17632],[97.31887,2.17724],[97.31927,2.17727],[97.31973,2.17712],[97.31995,2.17688],[97.32059,2.1768],[97.32127,2.1775],[97.32177,2.17748],[97.32228,2.17717],[97.32274,2.17728],[97.32287,2.17715],[97.32336,2.17713],[97.32409,2.17671],[97.32396,2.17596],[97.32421,2.17557],[97.32434,2.17478],[97.32507,2.17375],[97.32541,2.17377],[97.32585,2.17437],[97.32629,2.17456],[97.32771,2.17385],[97.32811,2.1732],[97.32898,2.17292],[97.32934,2.17257],[97.33007,2.1722],[97.33023,2.17189],[97.33067,2.17168],[97.33075,2.17133],[97.33063,2.17105],[97.32985,2.17067],[97.3297,2.17041],[97.32991,2.16825],[97.3298,2.16794],[97.32925,2.16753],[97.3288,2.16664],[97.32852,2.16652],[97.32765,2.16656],[97.32753,2.16645],[97.32738,2.16548],[97.32706,2.1652],[97.32637,2.16504],[97.32544,2.16503],[97.32482,2.16479],[97.32481,2.16463],[97.32501,2.16458],[97.32497,2.16428],[97.32427,2.16371],[97.32365,2.16361],[97.32281,2.16267],[97.32321,2.16171],[97.32403,2.16198],[97.32607,2.16229],[97.32693,2.16196],[97.32734,2.16123],[97.32751,2.1612],[97.32782,2.16146],[97.32831,2.16232],[97.32881,2.16255],[97.32953,2.16261],[97.33016,2.16318],[97.33097,2.16366],[97.3323,2.16388],[97.33326,2.16308],[97.33389,2.16214],[97.33407,2.16073],[97.33405,2.16052],[97.33379,2.16019],[97.33303,2.15971],[97.3331,2.15927],[97.33392,2.15789],[97.33393,2.15741],[97.3338,2.15665],[97.33334,2.15579],[97.33238,2.15463],[97.33222,2.15354],[97.33223,2.15335],[97.33268,2.15283],[97.33324,2.15244],[97.33406,2.15223],[97.33427,2.15245],[97.33439,2.15308],[97.33471,2.15324],[97.335,2.15314],[97.33626,2.15199],[97.33686,2.15165],[97.33715,2.15158],[97.33744,2.15183],[97.33745,2.15219],[97.33715,2.15277],[97.33682,2.15388],[97.33684,2.15445],[97.33717,2.15477],[97.33785,2.1548],[97.33816,2.1552],[97.33819,2.15557],[97.33753,2.15698],[97.33772,2.15751],[97.33777,2.15908],[97.33736,2.15979],[97.33723,2.16042],[97.33723,2.16072],[97.3377,2.16164],[97.33771,2.1619],[97.33676,2.16296],[97.33676,2.16349],[97.33713,2.16406],[97.33781,2.16448],[97.33841,2.16463],[97.33885,2.16433],[97.33881,2.1637],[97.33918,2.16358],[97.33953,2.16283],[97.33966,2.16151],[97.33965,2.15982],[97.34004,2.15915],[97.341,2.15812],[97.34082,2.15659],[97.3412,2.15626],[97.34132,2.15561],[97.34105,2.15495],[97.3411,2.15443],[97.34084,2.15307],[97.34135,2.15189],[97.34099,2.15158],[97.34059,2.15081],[97.34104,2.149],[97.34132,2.14863],[97.34143,2.14813],[97.34108,2.14745],[97.34094,2.14681],[97.34126,2.14541],[97.34177,2.14447],[97.34182,2.14394],[97.34169,2.14365],[97.34148,2.14363],[97.34022,2.14257],[97.34013,2.14215],[97.34035,2.14102],[97.34064,2.14024],[97.34103,2.13991],[97.34154,2.14072],[97.34196,2.14086],[97.34232,2.14078],[97.34291,2.14005],[97.34339,2.14009],[97.3438,2.13939],[97.34385,2.13885],[97.34294,2.13834],[97.34298,2.13804],[97.34354,2.13754],[97.34416,2.13753],[97.3441,2.13694],[97.34394,2.1367],[97.34279,2.13596],[97.34106,2.13612],[97.34046,2.13597],[97.33917,2.13536],[97.33804,2.13519],[97.33762,2.1345],[97.33803,2.1341],[97.33827,2.13353],[97.33798,2.13315],[97.3375,2.13308],[97.33685,2.13244],[97.33625,2.13123],[97.33661,2.12948],[97.33684,2.12924],[97.3387,2.12819],[97.34175,2.1296],[97.34378,2.13019],[97.34411,2.12998],[97.34423,2.12975],[97.34416,2.1289],[97.34466,2.12837],[97.34453,2.12713],[97.3433,2.12564],[97.34201,2.12489],[97.34061,2.12449],[97.33889,2.12354],[97.337,2.12277],[97.33543,2.12109],[97.33607,2.11601],[97.33747,2.1126],[97.33748,2.11189],[97.33815,2.11099],[97.33868,2.11077],[97.33912,2.11098],[97.33903,2.11153],[97.33923,2.11179],[97.34006,2.11158],[97.34218,2.1119],[97.34273,2.11233],[97.34261,2.11272],[97.34267,2.11303],[97.34282,2.11355],[97.34302,2.11368],[97.34357,2.11353],[97.34401,2.1128],[97.34463,2.11296],[97.34513,2.1128],[97.34553,2.11246],[97.34573,2.11195],[97.34591,2.11188],[97.34631,2.11195],[97.34705,2.11245],[97.34776,2.11274],[97.34816,2.11337],[97.3485,2.1135],[97.35,2.11356],[97.35047,2.11327],[97.35122,2.11332],[97.35133,2.113],[97.35125,2.11258],[97.35048,2.11233],[97.35019,2.11247],[97.35006,2.1129],[97.34957,2.11325],[97.34917,2.11327],[97.3491,2.11316],[97.34923,2.11279],[97.34966,2.11267],[97.34965,2.1124],[97.34899,2.11208],[97.34921,2.11126],[97.34985,2.10999],[97.3504,2.1096],[97.35055,2.10935],[97.35059,2.10879],[97.34998,2.10809],[97.34955,2.10791],[97.34912,2.1075],[97.34879,2.10762],[97.34826,2.10754],[97.34663,2.10799],[97.34673,2.10722],[97.346,2.10633],[97.34656,2.10501],[97.34665,2.10451],[97.34704,2.10439],[97.34756,2.10465],[97.34821,2.10457],[97.34888,2.10477],[97.34986,2.10443],[97.35015,2.10468],[97.35021,2.10485],[97.35006,2.1051],[97.35039,2.10566],[97.35176,2.1066],[97.35241,2.10684],[97.35258,2.10667],[97.35237,2.1059],[97.35234,2.10519],[97.35221,2.10502],[97.35158,2.10485],[97.35148,2.10399],[97.35173,2.10381],[97.35221,2.10415],[97.35241,2.10413],[97.35257,2.10364],[97.35327,2.10319],[97.35344,2.10324],[97.3538,2.10372],[97.35419,2.10334],[97.3545,2.1033],[97.35471,2.1036],[97.35467,2.10481],[97.3552,2.10549],[97.35544,2.10547],[97.3555,2.10517],[97.35514,2.10473],[97.35508,2.1044],[97.3554,2.10401],[97.35577,2.10275],[97.35608,2.10277],[97.35632,2.10247],[97.35643,2.1009],[97.35685,2.10037],[97.35695,2.09972],[97.35711,2.09963],[97.35744,2.09972],[97.3576,2.09958],[97.3586,2.09811],[97.35876,2.09762],[97.35832,2.09666],[97.35816,2.0953],[97.35782,2.09495],[97.35664,2.09483],[97.35578,2.09396],[97.35555,2.09387],[97.3548,2.09412],[97.35436,2.09468],[97.35374,2.09471],[97.35314,2.09351],[97.35166,2.09325],[97.35083,2.09333],[97.35079,2.09321],[97.35082,2.09299],[97.35162,2.09242],[97.35289,2.09238],[97.35368,2.09257],[97.35381,2.09249],[97.35409,2.09215],[97.35429,2.09106],[97.35454,2.09094],[97.35547,2.09192],[97.35579,2.0921],[97.35726,2.09218],[97.35813,2.09175],[97.35867,2.09211],[97.35901,2.09256],[97.35977,2.09253],[97.35983,2.09237],[97.35964,2.09201],[97.3591,2.09176],[97.35873,2.09122],[97.3582,2.09003],[97.35815,2.08929],[97.35802,2.08907],[97.35761,2.08922],[97.35747,2.08982],[97.35718,2.09001],[97.35635,2.08971],[97.35644,2.08923],[97.35702,2.08893],[97.35721,2.08844],[97.35705,2.08623],[97.35744,2.08502],[97.35773,2.08486],[97.35796,2.08451],[97.358,2.08427],[97.35785,2.08391],[97.35804,2.08314],[97.3576,2.08265],[97.35715,2.08327],[97.35679,2.08355],[97.35645,2.08358],[97.35535,2.08302],[97.35471,2.08303],[97.35436,2.08288],[97.35418,2.08291],[97.35392,2.0833],[97.35352,2.0834],[97.35328,2.08313],[97.35326,2.08288],[97.3534,2.08245],[97.35379,2.08202],[97.35238,2.08183],[97.34984,2.0829],[97.34882,2.08497],[97.34815,2.08603],[97.34827,2.08654],[97.34925,2.0868],[97.3494,2.08725],[97.34934,2.08755],[97.34735,2.08821],[97.3464,2.08841],[97.3456,2.08841],[97.34395,2.08821],[97.34355,2.08806],[97.34323,2.08791],[97.34234,2.08678],[97.34213,2.0861],[97.34169,2.08423],[97.3418,2.0836],[97.34191,2.08317],[97.3423,2.08266],[97.34298,2.08236],[97.34359,2.08254],[97.34412,2.08369],[97.34422,2.08525],[97.34454,2.08587],[97.34473,2.08603],[97.34572,2.08628],[97.34637,2.08577],[97.34654,2.08499],[97.34651,2.08414],[97.34667,2.08307],[97.34713,2.08167],[97.34743,2.08131],[97.34768,2.08037],[97.34773,2.07925],[97.3481,2.07696],[97.34786,2.07631],[97.34639,2.07429],[97.3454,2.07395],[97.34505,2.07395],[97.34443,2.07426],[97.34347,2.07522],[97.34283,2.07672],[97.34215,2.07678],[97.34121,2.07651],[97.34079,2.07579],[97.34072,2.07476],[97.34099,2.07334],[97.34387,2.06894],[97.3454,2.06334],[97.34553,2.06182],[97.34524,2.0504],[97.34519,2.04885],[97.34493,2.04716],[97.34506,2.04629],[97.3461,2.04538],[97.34652,2.04422],[97.34636,2.04309],[97.34637,2.04179],[97.34626,2.04141],[97.34599,2.04129],[97.34581,2.04132],[97.34577,2.04144],[97.34571,2.04404],[97.3455,2.04432],[97.34491,2.04422],[97.34461,2.04283],[97.34455,2.04174],[97.3441,2.04112],[97.34413,2.04039],[97.34372,2.03876],[97.34306,2.03788],[97.34234,2.03788],[97.34139,2.03734],[97.3407,2.03646],[97.34042,2.03586],[97.34006,2.03553],[97.34004,2.03514],[97.34024,2.03448],[97.34015,2.03432],[97.33871,2.03364],[97.338,2.03358],[97.33736,2.03379],[97.33688,2.03437],[97.33622,2.03465],[97.3358,2.03504],[97.3343,2.03546],[97.33381,2.03581],[97.33308,2.03601],[97.33263,2.03592],[97.33221,2.03656],[97.33126,2.03646],[97.33092,2.03658],[97.33073,2.03678],[97.33052,2.03734],[97.33022,2.03765],[97.32951,2.03759],[97.32892,2.03803],[97.32807,2.0391],[97.32795,2.03948],[97.32815,2.04242],[97.3288,2.04343],[97.33033,2.04679],[97.3305,2.04763],[97.33057,2.05035],[97.33022,2.05223],[97.32873,2.05453],[97.32795,2.05501],[97.32752,2.05501],[97.32667,2.05449],[97.32588,2.05443],[97.32426,2.05495],[97.32373,2.05538],[97.32343,2.05596],[97.32206,2.05627],[97.32193,2.05652],[97.32202,2.05706],[97.32141,2.05836],[97.32094,2.05856],[97.32043,2.05907],[97.32007,2.05892],[97.3186,2.05743],[97.31809,2.05657],[97.31783,2.0564],[97.31722,2.05633],[97.31581,2.05701],[97.31501,2.05692],[97.31425,2.05701],[97.31349,2.05774],[97.31256,2.05824],[97.31156,2.05856],[97.31145,2.0587],[97.31167,2.05906],[97.31139,2.06142],[97.31163,2.0623],[97.3121,2.06288],[97.31223,2.06351],[97.31272,2.06432],[97.31263,2.06457],[97.31237,2.06475],[97.31119,2.06497],[97.31046,2.06495],[97.30993,2.06451],[97.30967,2.06376],[97.3095,2.06359],[97.30851,2.06314],[97.30788,2.06255],[97.30757,2.06242],[97.30729,2.06247],[97.30659,2.06284],[97.30573,2.06467],[97.30534,2.06683],[97.30499,2.06735],[97.30479,2.06796],[97.30471,2.06869],[97.30484,2.06987],[97.30523,2.07057],[97.30526,2.071],[97.30496,2.07308],[97.30496,2.07405],[97.30522,2.07455],[97.30526,2.07498],[97.30383,2.07681],[97.30327,2.07731],[97.30244,2.0777],[97.30144,2.07785],[97.30054,2.07843],[97.29928,2.0796],[97.29863,2.07979],[97.29632,2.08165],[97.29581,2.08291],[97.29548,2.0833],[97.29427,2.08545],[97.29367,2.0857],[97.29314,2.08618],[97.29184,2.08825],[97.29161,2.08964],[97.29085,2.09128],[97.28959,2.09277],[97.28935,2.09355],[97.28881,2.0939],[97.28827,2.09457],[97.2874,2.09615],[97.28695,2.09671],[97.28501,2.09785],[97.28321,2.09868],[97.28226,2.09978],[97.28187,2.10133],[97.28156,2.10176],[97.28072,2.10189],[97.28024,2.10167],[97.27929,2.1021],[97.27844,2.10312],[97.27638,2.10431],[97.27493,2.10565],[97.27384,2.10612],[97.27239,2.10621],[97.27165,2.10651],[97.27079,2.10589],[97.27044,2.10585],[97.26928,2.10507],[97.26831,2.10492],[97.26781,2.10507],[97.26646,2.10581],[97.26531,2.10702],[97.26429,2.10959],[97.26408,2.11131],[97.26306,2.11452],[97.26231,2.1156],[97.26144,2.11619],[97.26148,2.11699],[97.26088,2.11772],[97.25949,2.12022],[97.25955,2.12146],[97.25977,2.12187],[97.26208,2.12245],[97.26245,2.12266],[97.26262,2.12324],[97.26221,2.12378],[97.26054,2.12456],[97.25969,2.12516],[97.25898,2.126],[97.25878,2.12643],[97.25943,2.12671],[97.25954,2.12706],[97.25935,2.12733],[97.25828,2.12758],[97.25819,2.1279],[97.2583,2.12839],[97.25909,2.12893],[97.25974,2.12893],[97.2605,2.12852],[97.26093,2.12854],[97.26204,2.12918],[97.26228,2.12946],[97.26261,2.13169],[97.26144,2.13484],[97.26046,2.13559],[97.25923,2.13581],[97.25884,2.13606],[97.25854,2.13656],[97.25658,2.13712],[97.25625,2.13764],[97.25608,2.13881],[97.25589,2.13907],[97.2553,2.13944],[97.25504,2.13944],[97.25353,2.13807],[97.25231,2.13834],[97.2517,2.13948],[97.25175,2.14019],[97.25292,2.14239],[97.25299,2.14272],[97.2528,2.14326],[97.25216,2.14362],[97.25128,2.14386],[97.25034,2.14388],[97.24749,2.14287],[97.24686,2.14275],[97.24309,2.14362],[97.24202,2.14412],[97.23701,2.14792],[97.23608,2.14792],[97.23402,2.14748],[97.23329,2.14758],[97.23289,2.14778],[97.23149,2.14972],[97.23109,2.15099],[97.23139,2.15576],[97.23198,2.15877],[97.23238,2.15957],[97.23327,2.16245],[97.23456,2.16466],[97.23469,2.16519],[97.23483,2.16636],[97.23459,2.1671],[97.23423,2.16753],[97.23376,2.1679],[97.23177,2.16833],[97.23124,2.16833],[97.23077,2.16799],[97.22988,2.16779],[97.22941,2.16756],[97.22895,2.16679],[97.22898,2.16626],[97.22958,2.16542],[97.22955,2.16479],[97.22922,2.16352],[97.22766,2.16101],[97.2275,2.16048],[97.22693,2.15954],[97.22427,2.15683],[97.22394,2.1567],[97.22351,2.15677],[97.22274,2.15743],[97.22085,2.15806],[97.21969,2.15803],[97.21909,2.15746],[97.21876,2.15749],[97.21846,2.15773],[97.21833,2.15816],[97.21756,2.16247],[97.2161,2.1656],[97.21513,2.16711],[97.21503,2.16888],[97.2146,2.16928],[97.21436,2.16991],[97.21476,2.17128],[97.21552,2.17273],[97.21525,2.1746],[97.21462,2.17634],[97.21415,2.17714],[97.21359,2.17867],[97.20886,2.18205],[97.20514,2.18309],[97.20179,2.18385],[97.20036,2.18395],[97.19828,2.18435],[97.19672,2.18431],[97.19553,2.18401],[97.19447,2.18391],[97.19424,2.18324],[97.19085,2.182],[97.18936,2.18113],[97.18886,2.1806],[97.18833,2.18033],[97.18624,2.17936],[97.18328,2.17835],[97.18258,2.17795],[97.18228,2.17801],[97.18195,2.17828],[97.18145,2.17895],[97.17807,2.18001],[97.1777,2.18001],[97.17651,2.17941],[97.17558,2.17847],[97.17481,2.17804],[97.17435,2.178],[97.17402,2.1782],[97.17289,2.17964],[97.17275,2.18087],[97.17192,2.18214],[97.17166,2.18291],[97.17066,2.18431],[97.17028,2.18532],[97.17065,2.18592],[97.17071,2.18629],[97.17055,2.18692],[97.16991,2.18779],[97.16862,2.18869],[97.16609,2.18916],[97.1656,2.18939],[97.16553,2.18959],[97.16487,2.18999],[97.16407,2.19019],[97.16254,2.19019],[97.16204,2.19042],[97.16144,2.19099],[97.16061,2.19139],[97.1605,2.19239],[97.1596,2.19299],[97.15834,2.19336],[97.15671,2.19532],[97.15462,2.19692],[97.15442,2.19732],[97.15378,2.19799],[97.15103,2.19962],[97.14887,2.20062],[97.14541,2.20195],[97.14405,2.20222],[97.14223,2.20205],[97.14116,2.20215],[97.13613,2.20191],[97.13517,2.20171],[97.13441,2.20137],[97.13195,2.19974],[97.13066,2.19907],[97.12933,2.198],[97.12804,2.19783],[97.12688,2.19829],[97.12608,2.19899],[97.12545,2.19923],[97.12419,2.19999],[97.12302,2.20123],[97.12136,2.20263],[97.11889,2.20574],[97.11792,2.20671],[97.11669,2.20764],[97.11643,2.20804],[97.11523,2.21148],[97.1149,2.21211],[97.11413,2.21298],[97.11323,2.21495],[97.11317,2.21542],[97.11399,2.21732],[97.11399,2.21886],[97.1179,2.2217],[97.1182,2.22227],[97.1184,2.2231],[97.11946,2.22487],[97.12089,2.22611],[97.12195,2.22645],[97.12334,2.22668],[97.12414,2.22698],[97.12507,2.22712],[97.12577,2.22665],[97.12719,2.22642],[97.12812,2.22589],[97.12879,2.22579],[97.13201,2.22606],[97.13407,2.22599],[97.1345,2.22556],[97.13556,2.22509],[97.13707,2.22467],[97.1379,2.22403],[97.14109,2.22334],[97.14172,2.22297],[97.14295,2.2228],[97.14404,2.2223],[97.14551,2.22197],[97.14823,2.22234],[97.14942,2.22221],[97.15045,2.22321],[97.15115,2.22362],[97.15211,2.22495],[97.15314,2.22539],[97.15526,2.22472],[97.15629,2.22459],[97.15705,2.22479],[97.15969,2.22356],[97.16135,2.2234],[97.16208,2.2238],[97.16261,2.2245],[97.16281,2.22503],[97.16274,2.22674],[97.16238,2.2274],[97.16287,2.22941],[97.16307,2.22974],[97.163,2.23121],[97.1632,2.23138],[97.1636,2.23144],[97.1643,2.23218],[97.16486,2.23386],[97.16546,2.23436],[97.16838,2.23587],[97.16894,2.23583],[97.16997,2.23463]]]}},{"type":"Feature","properties":{"nama":"WS ALAS SINGKIL","sumber":"Alas_Singkil"},"geometry":{"type":"Polygon","coordinates":[[[97.22024,2.23997],[97.22078,2.23941],[97.22143,2.23796],[97.2235,2.23614],[97.22393,2.23533],[97.22411,2.2346],[97.22413,2.23369],[97.22445,2.2328],[97.22448,2.23227],[97.22538,2.23073],[97.22576,2.22984],[97.22573,2.22929],[97.22602,2.22892],[97.2261,2.22838],[97.22544,2.22644],[97.22401,2.22383],[97.22348,2.22334],[97.22279,2.22301],[97.22116,2.22331],[97.22084,2.22354],[97.2203,2.22425],[97.21944,2.22645],[97.2193,2.22734],[97.21702,2.23005],[97.21676,2.23131],[97.21706,2.23184],[97.21687,2.23234],[97.21627,2.23307],[97.2157,2.23346],[97.21473,2.23302],[97.21483,2.23238],[97.21474,2.23214],[97.21452,2.23201],[97.21427,2.23204],[97.2137,2.23242],[97.21331,2.23303],[97.2132,2.23472],[97.21329,2.23725],[97.21317,2.2378],[97.21371,2.23954],[97.21401,2.24014],[97.21436,2.24052],[97.21467,2.24082],[97.21581,2.24135],[97.2179,2.24149],[97.21903,2.24044],[97.22024,2.23997]],[[97.21736,2.2385],[97.21776,2.2387],[97.21774,2.23903],[97.21695,2.23976],[97.21646,2.23975],[97.21636,2.23953],[97.21653,2.23894],[97.21696,2.23857],[97.21736,2.2385]],[[97.21859,2.23896],[97.21734,2.23826],[97.21696,2.23791],[97.21686,2.2364],[97.21709,2.23614],[97.218,2.23607],[97.21899,2.2355],[97.21899,2.23635],[97.21864,2.2368],[97.21861,2.23703],[97.21899,2.23722],[97.21987,2.23727],[97.21992,2.23764],[97.21937,2.23821],[97.21924,2.2388],[97.21904,2.23899],[97.21859,2.23896]],[[97.21934,2.23576],[97.21941,2.23526],[97.21987,2.23481],[97.22027,2.23477],[97.22077,2.23498],[97.22115,2.23483],[97.22126,2.23495],[97.22091,2.23644],[97.22054,2.2367],[97.21999,2.23677],[97.21956,2.23658],[97.21934,2.23576]]]}},{"type":"Feature","properties":{"nama":"WS ALAS SINGKIL","sumber":"Alas_Singkil"},"geometry":{"type":"Polygon","coordinates":[[[97.3097,2.24224],[97.31199,2.24215],[97.31253,2.2417],[97.31264,2.24145],[97.31264,2.24062],[97.31238,2.24009],[97.31144,2.23975],[97.31055,2.2397],[97.30986,2.23997],[97.30957,2.24037],[97.30936,2.24089],[97.30936,2.24194],[97.3097,2.24224]]]}},{"type":"Feature","properties":{"nama":"WS ALAS SINGKIL","sumber":"Alas_Singkil"},"geometry":{"type":"Polygon","coordinates":[[[97.21052,2.24111],[97.21015,2.24107],[97.2088,2.24137],[97.2082,2.24171],[97.20801,2.24212],[97.20831,2.24261],[97.20889,2.24259],[97.20961,2.24199],[97.21053,2.24167],[97.21065,2.24124],[97.21052,2.24111]]]}},{"type":"Feature","properties":{"nama":"WS ALAS SINGKIL","sumber":"Alas_Singkil"},"geometry":{"type":"Polygon","coordinates":[[[97.21136,2.24166],[97.21093,2.24168],[97.21075,2.24199],[97.21087,2.24233],[97.21145,2.24273],[97.21185,2.24258],[97.2119,2.24231],[97.21158,2.24212],[97.21136,2.24166]]]}},{"type":"Feature","properties":{"nama":"WS ALAS SINGKIL","sumber":"Alas_Singkil"},"geometry":{"type":"Polygon","coordinates":[[[97.43723,2.24272],[97.4362,2.24208],[97.43564,2.24205],[97.43497,2.24232],[97.43304,2.24261],[97.4329,2.24276],[97.43292,2.24311],[97.43365,2.24368],[97.43423,2.24394],[97.43634,2.24402],[97.4367,2.24384],[97.43718,2.2431],[97.43723,2.24272]]]}},{"type":"Feature","properties":{"nama":"WS ALAS SINGKIL","sumber":"Alas_Singkil"},"geometry":{"type":"Polygon","coordinates":[[[97.27732,2.24286],[97.27599,2.24268],[97.27586,2.24246],[97.27554,2.24252],[97.27525,2.24289],[97.27439,2.2435],[97.27429,2.24389],[97.27438,2.24408],[97.2748,2.24426],[97.27557,2.2442],[97.27732,2.24329],[97.27732,2.24286]]]}},{"type":"Feature","properties":{"nama":"WS ALAS SINGKIL","sumber":"Alas_Singkil"},"geometry":{"type":"Polygon","coordinates":[[[97.43156,2.24682],[97.4316,2.24608],[97.43147,2.24571],[97.43055,2.24595],[97.43009,2.24653],[97.42953,2.2466],[97.42807,2.24564],[97.4277,2.2451],[97.42762,2.24484],[97.42766,2.24289],[97.42835,2.24114],[97.42891,2.24014],[97.42876,2.23897],[97.42775,2.23858],[97.42754,2.23869],[97.42687,2.23852],[97.42603,2.23891],[97.42499,2.23875],[97.42469,2.23886],[97.42392,2.23949],[97.42322,2.2428],[97.42268,2.24468],[97.42412,2.24798],[97.42462,2.24869],[97.42574,2.24952],[97.42653,2.2496],[97.42916,2.24839],[97.4296,2.2479],[97.4308,2.24753],[97.43156,2.24682]]]}},{"type":"Feature","properties":{"nama":"WS ALAS SINGKIL","sumber":"Alas_Singkil"},"geometry":{"type":"Polygon","coordinates":[[[97.25792,2.24958],[97.25751,2.24959],[97.25737,2.25004],[97.25788,2.2512],[97.25811,2.25138],[97.25862,2.25098],[97.25865,2.25068],[97.25835,2.25028],[97.25817,2.24976],[97.25792,2.24958]]]}},{"type":"Feature","properties":{"nama":"WS ALAS SINGKIL","sumber":"Alas_Singkil"},"geometry":{"type":"Polygon","coordinates":[[[97.93282,2.25391],[97.93321,2.2538],[97.93327,2.25362],[97.93241,2.25351],[97.93215,2.2536],[97.93216,2.25378],[97.93231,2.25386],[97.93282,2.25391]]]}},{"type":"Feature","properties":{"nama":"WS ALAS SINGKIL","sumber":"Alas_Singkil"},"geometry":{"type":"Polygon","coordinates":[[[97.86669,2.25576],[97.86778,2.25475],[97.86834,2.25498],[97.86857,2.25489],[97.86929,2.25387],[97.86989,2.25354],[97.87036,2.25294],[97.871,2.25253],[97.87104,2.25198],[97.87073,2.25181],[97.86924,2.25181],[97.86805,2.25188],[97.86755,2.25206],[97.8659,2.25346],[97.86542,2.25399],[97.86528,2.25434],[97.86532,2.25471],[97.86561,2.25525],[97.86555,2.2556],[97.8659,2.25596],[97.86631,2.256],[97.86669,2.25576]]]}},{"type":"Feature","properties":{"nama":"WS ALAS SINGKIL","sumber":"Alas_Singkil"},"geometry":{"type":"Polygon","coordinates":[[[97.42234,2.25483],[97.4221,2.2548],[97.42203,2.25502],[97.42235,2.25563],[97.42273,2.25608],[97.4231,2.2561],[97.42315,2.25571],[97.42234,2.25483]]]}},{"type":"Feature","properties":{"nama":"WS ALAS SINGKIL","sumber":"Alas_Singkil"},"geometry":{"type":"Polygon","coordinates":[[[97.18657,2.25351],[97.18615,2.25363],[97.18592,2.25391],[97.18559,2.25457],[97.18458,2.25576],[97.18459,2.25619],[97.1852,2.25605],[97.18603,2.25545],[97.18634,2.25467],[97.18636,2.25403],[97.18657,2.25351]]]}},{"type":"Feature","properties":{"nama":"WS ALAS SINGKIL","sumber":"Alas_Singkil"},"geometry":{"type":"Polygon","coordinates":[[[97.86146,2.25652],[97.86113,2.25615],[97.86065,2.25615],[97.85999,2.25677],[97.85979,2.25741],[97.85989,2.25812],[97.86006,2.25833],[97.86045,2.25839],[97.86057,2.25821],[97.86078,2.25749],[97.86138,2.25691],[97.86146,2.25652]]]}},{"type":"Feature","properties":{"nama":"WS ALAS SINGKIL","sumber":"Alas_Singkil"},"geometry":{"type":"Polygon","coordinates":[[[97.86433,2.25574],[97.86421,2.25529],[97.86361,2.25512],[97.86319,2.25525],[97.8629,2.25578],[97.86293,2.25677],[97.86369,2.25767],[97.86433,2.25792],[97.86487,2.25835],[97.8651,2.25843],[97.86549,2.25831],[97.86607,2.25773],[97.866,2.25728],[97.86433,2.25574]]]}},{"type":"Feature","properties":{"nama":"WS ALAS SINGKIL","sumber":"Alas_Singkil"},"geometry":{"type":"Polygon","coordinates":[[[97.30102,2.25311],[97.30075,2.25259],[97.3001,2.25266],[97.29963,2.25325],[97.29821,2.25424],[97.29787,2.25499],[97.29726,2.25555],[97.29688,2.25646],[97.29688,2.25682],[97.29701,2.25745],[97.29737,2.25793],[97.29809,2.25804],[97.29857,2.25779],[97.29895,2.25734],[97.2992,2.25671],[97.3005,2.2554],[97.30107,2.25499],[97.30118,2.25427],[97.30102,2.25311]]]}},{"type":"Feature","properties":{"nama":"WS ALAS SINGKIL","sumber":"Alas_Singkil"},"geometry":{"type":"Polygon","coordinates":[[[97.18336,2.2581],[97.18321,2.25824],[97.18328,2.25859],[97.1835,2.25846],[97.1835,2.25822],[97.18336,2.2581]]]}},{"type":"Feature","properties":{"nama":"WS ALAS SINGKIL","sumber":"Alas_Singkil"},"geometry":{"type":"Polygon","coordinates":[[[97.18407,2.25842],[97.1838,2.2585],[97.18377,2.25881],[97.1841,2.25881],[97.18418,2.25859],[97.18407,2.25842]]]}},{"type":"Feature","properties":{"nama":"WS ALAS SINGKIL","sumber":"Alas_Singkil"},"geometry":{"type":"Polygon","coordinates":[[[97.28683,2.25939],[97.28655,2.2595],[97.28657,2.25982],[97.28709,2.26001],[97.2874,2.25996],[97.28748,2.25984],[97.2872,2.25948],[97.28683,2.25939]]]}},{"type":"Feature","properties":{"nama":"WS ALAS SINGKIL","sumber":"Alas_Singkil"},"geometry":{"type":"Polygon","coordinates":[[[97.32945,2.2604],[97.32917,2.26042],[97.32872,2.26075],[97.32834,2.26141],[97.32838,2.26194],[97.32864,2.26239],[97.32873,2.26287],[97.32843,2.26417],[97.32875,2.26454],[97.32894,2.26442],[97.32934,2.26351],[97.33,2.26254],[97.32992,2.26194],[97.33009,2.26174],[97.33012,2.26143],[97.32945,2.2604]]]}},{"type":"Feature","properties":{"nama":"WS ALAS SINGKIL","sumber":"Alas_Singkil"},"geometry":{"type":"Polygon","coordinates":[[[97.24856,2.2499],[97.24778,2.24989],[97.24739,2.25006],[97.24656,2.25092],[97.24576,2.25147],[97.24463,2.25199],[97.24385,2.25274],[97.24361,2.25325],[97.24359,2.25348],[97.24442,2.25439],[97.24492,2.25542],[97.24539,2.2569],[97.24568,2.25907],[97.24638,2.26093],[97.24628,2.26193],[97.2459,2.26328],[97.24557,2.26391],[97.24521,2.26429],[97.24517,2.26509],[97.24556,2.26499],[97.24571,2.26412],[97.24721,2.26252],[97.24774,2.26173],[97.24826,2.26076],[97.24831,2.25993],[97.2486,2.25891],[97.25011,2.25689],[97.25046,2.25607],[97.25041,2.25473],[97.25066,2.2545],[97.25067,2.25429],[97.24961,2.25309],[97.24906,2.25225],[97.24914,2.25138],[97.2487,2.25062],[97.24856,2.2499]]]}},{"type":"Feature","properties":{"nama":"WS ALAS SINGKIL","sumber":"Alas_Singkil"},"geometry":{"type":"Polygon","coordinates":[[[97.2941,2.25788],[97.29349,2.25763],[97.29252,2.25775],[97.29201,2.25818],[97.29173,2.25869],[97.29151,2.25989],[97.29064,2.26072],[97.29059,2.26137],[97.29033,2.26202],[97.28993,2.26265],[97.28907,2.26314],[97.28899,2.26334],[97.28909,2.26436],[97.28929,2.26487],[97.29,2.26495],[97.29016,2.26522],[97.29063,2.26518],[97.29091,2.26497],[97.29144,2.26386],[97.29205,2.26304],[97.29306,2.26245],[97.29387,2.2617],[97.2942,2.26109],[97.29422,2.26012],[97.29446,2.25971],[97.29458,2.25916],[97.29444,2.25835],[97.2941,2.25788]]]}},{"type":"Feature","properties":{"nama":"WS ALAS SINGKIL","sumber":"Alas_Singkil"},"geometry":{"type":"Polygon","coordinates":[[[97.21071,2.24869],[97.20985,2.24826],[97.20876,2.24837],[97.20835,2.2486],[97.20815,2.24958],[97.20854,2.25168],[97.20855,2.25287],[97.2081,2.25481],[97.20679,2.25646],[97.20474,2.25835],[97.20338,2.26015],[97.20274,2.26246],[97.2029,2.26459],[97.20314,2.2649],[97.20384,2.26514],[97.20433,2.26511],[97.20612,2.26377],[97.20629,2.26353],[97.20639,2.26235],[97.20708,2.26122],[97.20735,2.2604],[97.2079,2.25975],[97.20842,2.25936],[97.20886,2.25927],[97.20918,2.25896],[97.20987,2.25748],[97.21038,2.2566],[97.21065,2.25636],[97.21085,2.25572],[97.21169,2.25487],[97.21163,2.25451],[97.21116,2.25426],[97.21085,2.2536],[97.21096,2.25276],[97.21084,2.25183],[97.21108,2.25034],[97.21068,2.24951],[97.21071,2.24869]]]}},{"type":"Feature","properties":{"nama":"WS ALAS SINGKIL","sumber":"Alas_Singkil"},"geometry":{"type":"Polygon","coordinates":[[[97.28392,2.26773],[97.28356,2.26769],[97.28302,2.26853],[97.28308,2.26878],[97.28336,2.26901],[97.28359,2.26889],[97.28353,2.26854],[97.28393,2.26803],[97.28392,2.26773]]]}},{"type":"Feature","properties":{"nama":"WS ALAS SINGKIL","sumber":"Alas_Singkil"},"geometry":{"type":"Polygon","coordinates":[[[97.3286,2.26513],[97.32825,2.2651],[97.32782,2.2659],[97.32721,2.26652],[97.32601,2.26713],[97.3259,2.2685],[97.32605,2.2688],[97.32724,2.26913],[97.32758,2.26897],[97.32781,2.26827],[97.32793,2.26715],[97.32868,2.26537],[97.3286,2.26513]]]}},{"type":"Feature","properties":{"nama":"WS ALAS SINGKIL","sumber":"Alas_Singkil"},"geometry":{"type":"Polygon","coordinates":[[[97.23217,2.2772],[97.232,2.2772],[97.23137,2.27669],[97.23082,2.27652],[97.23024,2.27661],[97.22988,2.27676],[97.22964,2.27706],[97.2296,2.27784],[97.23111,2.27923],[97.2317,2.2793],[97.23212,2.27898],[97.23268,2.2783],[97.23261,2.27793],[97.23217,2.2772]]]}},{"type":"Feature","properties":{"nama":"WS ALAS SINGKIL","sumber":"Alas_Singkil"},"geometry":{"type":"Polygon","coordinates":[[[97.34127,2.27958],[97.34032,2.27906],[97.34004,2.27944],[97.33975,2.28058],[97.33982,2.2808],[97.34054,2.28147],[97.34138,2.28072],[97.34153,2.28019],[97.34127,2.27958]]]}},{"type":"Feature","properties":{"nama":"WS ALAS SINGKIL","sumber":"Alas_Singkil"},"geometry":{"type":"Polygon","coordinates":[[[97.40776,2.28538],[97.40807,2.28419],[97.40852,2.28333],[97.40863,2.28253],[97.40988,2.2785],[97.41171,2.27567],[97.41228,2.27342],[97.41266,2.27269],[97.41328,2.27219],[97.41555,2.26929],[97.4161,2.26837],[97.41698,2.26607],[97.41728,2.26481],[97.41825,2.26354],[97.41966,2.26255],[97.42024,2.26163],[97.42016,2.26136],[97.41992,2.26136],[97.41796,2.26275],[97.41668,2.2646],[97.41622,2.26588],[97.41529,2.26735],[97.41501,2.26751],[97.41385,2.2677],[97.41369,2.26789],[97.41243,2.27017],[97.41191,2.27081],[97.41107,2.27247],[97.4079,2.27743],[97.40682,2.28035],[97.40621,2.28339],[97.40621,2.28423],[97.40604,2.28492],[97.40613,2.28527],[97.40663,2.28522],[97.40706,2.28552],[97.40776,2.28538]]]}},{"type":"Feature","properties":{"nama":"WS ALAS SINGKIL","sumber":"Alas_Singkil"},"geometry":{"type":"Polygon","coordinates":[[[97.26474,2.28537],[97.26512,2.28506],[97.26543,2.285],[97.266,2.28501],[97.2665,2.28521],[97.26681,2.28512],[97.26825,2.28412],[97.26887,2.28391],[97.27155,2.28366],[97.27227,2.2833],[97.27426,2.28187],[97.27501,2.28151],[97.27674,2.27996],[97.2773,2.27981],[97.27766,2.27996],[97.27795,2.27991],[97.27919,2.27911],[97.27978,2.27843],[97.28006,2.27828],[97.28107,2.27815],[97.28218,2.27713],[97.28226,2.27606],[97.2828,2.27569],[97.2827,2.27508],[97.28295,2.27436],[97.28284,2.27388],[97.28214,2.27393],[97.2815,2.27366],[97.28126,2.27354],[97.28062,2.27276],[97.27996,2.27248],[97.27791,2.27217],[97.27701,2.27237],[97.27633,2.27273],[97.27539,2.27299],[97.27456,2.27372],[97.27378,2.27363],[97.27319,2.27405],[97.27257,2.27505],[97.27176,2.27533],[97.27152,2.2755],[97.27119,2.2761],[97.27059,2.27625],[97.26962,2.27718],[97.26825,2.27792],[97.26773,2.278],[97.26748,2.2778],[97.26586,2.27758],[97.26516,2.27787],[97.26466,2.27843],[97.26429,2.2804],[97.26391,2.2808],[97.26305,2.2811],[97.26158,2.28117],[97.26099,2.28146],[97.25984,2.28164],[97.2591,2.28221],[97.2591,2.28242],[97.25948,2.28284],[97.26007,2.28474],[97.26044,2.28521],[97.26093,2.28534],[97.26474,2.28537]]]}},{"type":"Feature","properties":{"nama":"WS ALAS SINGKIL","sumber":"Alas_Singkil"},"geometry":{"type":"Polygon","coordinates":[[[97.25438,2.28741],[97.2546,2.28728],[97.25474,2.28742],[97.25471,2.28779],[97.25491,2.28771],[97.25573,2.28713],[97.25705,2.28562],[97.25752,2.28539],[97.25799,2.28464],[97.25808,2.28406],[97.25883,2.2831],[97.25874,2.28246],[97.25883,2.28179],[97.25928,2.28102],[97.25918,2.28023],[97.25847,2.27997],[97.2578,2.27903],[97.25647,2.27776],[97.25535,2.27807],[97.25511,2.27825],[97.25446,2.27902],[97.25357,2.28057],[97.25,2.28376],[97.2495,2.28634],[97.24822,2.28875],[97.24741,2.28947],[97.24694,2.29048],[97.2466,2.29136],[97.24686,2.29183],[97.2469,2.29215],[97.24653,2.29297],[97.24683,2.29307],[97.24768,2.29291],[97.24936,2.29239],[97.24994,2.29193],[97.2505,2.29112],[97.25105,2.29058],[97.25191,2.29015],[97.25258,2.2895],[97.25304,2.28884],[97.2537,2.28855],[97.25438,2.28741]]]}},{"type":"Feature","properties":{"nama":"WS ALAS SINGKIL","sumber":"Alas_Singkil"},"geometry":{"type":"Polygon","coordinates":[[[97.40676,2.28979],[97.40463,2.28964],[97.40298,2.29006],[97.40258,2.29032],[97.40205,2.29104],[97.40078,2.29218],[97.40057,2.29267],[97.40029,2.2942],[97.40058,2.29613],[97.4008,2.29643],[97.40094,2.29711],[97.40139,2.29717],[97.40234,2.29541],[97.40333,2.29393],[97.40496,2.29202],[97.40674,2.29021],[97.40684,2.28996],[97.40676,2.28979]]]}},{"type":"Feature","properties":{"nama":"WS ALAS SINGKIL","sumber":"Alas_Singkil"},"geometry":{"type":"Polygon","coordinates":[[[97.42531,2.28279],[97.42501,2.28259],[97.42479,2.28274],[97.42468,2.28316],[97.42472,2.28497],[97.42522,2.2859],[97.42575,2.28771],[97.42583,2.28835],[97.4257,2.28943],[97.42418,2.29243],[97.42304,2.29422],[97.42223,2.29495],[97.42016,2.29574],[97.41994,2.29618],[97.41992,2.29752],[97.41957,2.29979],[97.42007,2.30103],[97.42009,2.30154],[97.42033,2.30187],[97.42064,2.30196],[97.4215,2.30167],[97.4222,2.30094],[97.42299,2.29962],[97.42358,2.29795],[97.4249,2.29589],[97.42554,2.29455],[97.42653,2.29121],[97.42667,2.29066],[97.42656,2.28985],[97.42676,2.28857],[97.42641,2.28733],[97.42663,2.2857],[97.42658,2.28513],[97.42639,2.28429],[97.42562,2.28347],[97.42531,2.28279]]]}},{"type":"Feature","properties":{"nama":"WS ALAS SINGKIL","sumber":"Alas_Singkil"},"geometry":{"type":"Polygon","coordinates":[[[97.232,2.30182],[97.23166,2.30196],[97.23146,2.30272],[97.23154,2.30292],[97.23196,2.3032],[97.2323,2.30287],[97.23234,2.30266],[97.23226,2.30207],[97.232,2.30182]]]}},{"type":"Feature","properties":{"nama":"WS ALAS SINGKIL","sumber":"Alas_Singkil"},"geometry":{"type":"Polygon","coordinates":[[[97.23507,2.30488],[97.23491,2.30491],[97.23496,2.30515],[97.23536,2.30526],[97.23536,2.30506],[97.23507,2.30488]]]}},{"type":"Feature","properties":{"nama":"WS ALAS SINGKIL","sumber":"Alas_Singkil"},"geometry":{"type":"Polygon","coordinates":[[[97.2479,2.30539],[97.24833,2.30505],[97.24871,2.30446],[97.24871,2.30394],[97.24831,2.30331],[97.24727,2.30239],[97.24713,2.30212],[97.24713,2.30122],[97.24685,2.30079],[97.24687,2.30004],[97.24656,2.29855],[97.2463,2.29858],[97.2456,2.29916],[97.24352,2.29982],[97.24281,2.29979],[97.24234,2.30031],[97.24226,2.30074],[97.24209,2.30087],[97.24166,2.3008],[97.24145,2.30094],[97.24133,2.30185],[97.24146,2.30232],[97.24181,2.3028],[97.24186,2.30415],[97.24268,2.30488],[97.24277,2.30508],[97.24335,2.30538],[97.24502,2.30537],[97.24594,2.30555],[97.2473,2.30555],[97.2479,2.30539]]]}},{"type":"Feature","properties":{"nama":"WS ALAS SINGKIL","sumber":"Alas_Singkil"},"geometry":{"type":"Polygon","coordinates":[[[97.31515,2.30119],[97.31483,2.30112],[97.31449,2.30014],[97.31414,2.29991],[97.31402,2.29967],[97.3139,2.29914],[97.31436,2.29908],[97.31461,2.29888],[97.31485,2.29719],[97.31506,2.2967],[97.31528,2.29536],[97.31583,2.29389],[97.31573,2.29362],[97.31561,2.29354],[97.3155,2.2937],[97.3153,2.29347],[97.31524,2.29311],[97.31485,2.29267],[97.31441,2.29179],[97.314,2.29149],[97.31378,2.29149],[97.31275,2.29204],[97.31238,2.29212],[97.31102,2.29325],[97.30897,2.29611],[97.30748,2.29717],[97.30673,2.29828],[97.30666,2.29896],[97.30684,2.30101],[97.30763,2.30305],[97.30761,2.3048],[97.30801,2.30585],[97.30814,2.30705],[97.30909,2.30887],[97.3097,2.30964],[97.31053,2.31028],[97.31082,2.31035],[97.31187,2.3101],[97.31418,2.30871],[97.31524,2.30765],[97.3157,2.30646],[97.31572,2.30594],[97.31561,2.30566],[97.31509,2.30521],[97.3149,2.30488],[97.31509,2.30303],[97.31536,2.30213],[97.31515,2.30119]]]}},{"type":"Feature","properties":{"nama":"WS ALAS SINGKIL","sumber":"Alas_Singkil"},"geometry":{"type":"Polygon","coordinates":[[[97.40466,2.31347],[97.40561,2.31344],[97.40581,2.31326],[97.40618,2.31275],[97.40612,2.31185],[97.40674,2.31053],[97.40779,2.31006],[97.40792,2.3078],[97.4084,2.30722],[97.40848,2.30683],[97.40881,2.30633],[97.40882,2.30591],[97.40869,2.30564],[97.40885,2.30478],[97.40939,2.30389],[97.40995,2.3033],[97.41011,2.30231],[97.41131,2.29931],[97.4124,2.29892],[97.41266,2.29702],[97.41305,2.29622],[97.41227,2.29522],[97.41163,2.29472],[97.41116,2.29408],[97.41079,2.29389],[97.4104,2.29386],[97.40863,2.29468],[97.40827,2.29444],[97.40797,2.29438],[97.40791,2.29447],[97.40842,2.2949],[97.40845,2.29514],[97.40772,2.29737],[97.40736,2.29771],[97.40629,2.30308],[97.40504,2.30494],[97.40419,2.30564],[97.40309,2.30793],[97.40242,2.30882],[97.40236,2.30961],[97.40269,2.31025],[97.40354,2.31327],[97.40386,2.31371],[97.40409,2.31375],[97.40466,2.31347]]]}},{"type":"Feature","properties":{"nama":"WS ALAS SINGKIL","sumber":"Alas_Singkil"},"geometry":{"type":"Polygon","coordinates":[[[97.22799,2.32073],[97.22819,2.31979],[97.22848,2.31901],[97.22827,2.31864],[97.22761,2.31847],[97.22707,2.31785],[97.22538,2.31775],[97.2251,2.31745],[97.22434,2.31728],[97.2241,2.31687],[97.22379,2.31687],[97.22258,2.31768],[97.22101,2.31849],[97.22058,2.31836],[97.22043,2.31844],[97.21951,2.31922],[97.21865,2.31933],[97.21822,2.31975],[97.21842,2.31992],[97.21967,2.32021],[97.22069,2.32075],[97.22158,2.3215],[97.22362,2.32277],[97.22498,2.32398],[97.22594,2.3252],[97.22632,2.32536],[97.22665,2.32572],[97.22688,2.32552],[97.22711,2.3243],[97.22778,2.32262],[97.22799,2.32073]]]}},{"type":"Feature","properties":{"nama":"WS ALAS SINGKIL","sumber":"Alas_Singkil"},"geometry":{"type":"Polygon","coordinates":[[[97.38129,2.36217],[97.38231,2.36235],[97.38268,2.36197],[97.38343,2.36203],[97.38388,2.36156],[97.38439,2.36139],[97.38532,2.36147],[97.38582,2.36112],[97.38674,2.36075],[97.38763,2.36066],[97.38865,2.36037],[97.39066,2.35896],[97.39193,2.35839],[97.39221,2.35799],[97.39264,2.35775],[97.39324,2.35685],[97.39384,2.35641],[97.39453,2.35562],[97.39557,2.35494],[97.39832,2.35186],[97.39876,2.35159],[97.39962,2.35052],[97.4,2.35029],[97.4002,2.34997],[97.40024,2.34962],[97.40074,2.34893],[97.40201,2.34785],[97.40299,2.3474],[97.40359,2.34732],[97.40458,2.34653],[97.40618,2.34661],[97.40679,2.34572],[97.40738,2.34514],[97.4083,2.34348],[97.40933,2.34255],[97.41095,2.33937],[97.41169,2.33763],[97.41241,2.3368],[97.41254,2.33603],[97.41299,2.33535],[97.41313,2.33451],[97.41277,2.3331],[97.41287,2.333],[97.41319,2.33305],[97.41358,2.33259],[97.41373,2.33199],[97.41437,2.33064],[97.41499,2.32988],[97.41505,2.32948],[97.41552,2.32861],[97.41603,2.32667],[97.4164,2.32422],[97.41683,2.32317],[97.41693,2.32184],[97.41721,2.32079],[97.41773,2.31945],[97.41886,2.31749],[97.41959,2.31471],[97.41982,2.3132],[97.42016,2.31279],[97.42054,2.31166],[97.42063,2.31021],[97.42083,2.30957],[97.4208,2.30821],[97.42104,2.30742],[97.42105,2.30598],[97.42087,2.30556],[97.42099,2.30468],[97.42086,2.30365],[97.42015,2.30277],[97.41992,2.30277],[97.41939,2.30342],[97.41858,2.30383],[97.4181,2.30446],[97.4173,2.30499],[97.41715,2.30544],[97.41664,2.30586],[97.41604,2.3068],[97.41565,2.30707],[97.4157,2.30776],[97.41532,2.30801],[97.41478,2.30783],[97.41474,2.30807],[97.41497,2.30826],[97.41497,2.30842],[97.41461,2.30875],[97.41376,2.31013],[97.41352,2.31027],[97.41347,2.3105],[97.41375,2.31119],[97.41414,2.31171],[97.414,2.31212],[97.41386,2.31224],[97.41323,2.31187],[97.41201,2.31189],[97.41152,2.31204],[97.41132,2.31224],[97.41082,2.31326],[97.41112,2.31383],[97.41109,2.31401],[97.41074,2.31436],[97.40981,2.31479],[97.41026,2.31758],[97.41,2.3182],[97.40937,2.31913],[97.40924,2.32],[97.40895,2.32052],[97.40835,2.32146],[97.40788,2.32168],[97.40783,2.32286],[97.40755,2.32311],[97.40737,2.32358],[97.40725,2.32444],[97.40696,2.32476],[97.40643,2.32582],[97.40634,2.32627],[97.40605,2.32649],[97.40572,2.32787],[97.40488,2.32854],[97.40466,2.32927],[97.40435,2.32949],[97.404,2.33039],[97.40324,2.33037],[97.40303,2.33048],[97.40298,2.33097],[97.40227,2.33114],[97.40214,2.33172],[97.40151,2.33307],[97.40045,2.3341],[97.3996,2.3346],[97.39833,2.33577],[97.39804,2.33676],[97.39742,2.33724],[97.39728,2.33763],[97.39683,2.33822],[97.39676,2.33862],[97.39604,2.339],[97.39558,2.33975],[97.39514,2.34013],[97.39476,2.3407],[97.39425,2.34098],[97.39283,2.34219],[97.39161,2.34219],[97.39102,2.34328],[97.38987,2.34415],[97.38946,2.3443],[97.38927,2.34412],[97.38859,2.34416],[97.38782,2.34397],[97.38731,2.34338],[97.38671,2.3419],[97.38672,2.34033],[97.38749,2.33833],[97.38753,2.33786],[97.38806,2.33726],[97.38873,2.33698],[97.38901,2.3364],[97.38915,2.33565],[97.3897,2.33475],[97.38971,2.3337],[97.38952,2.33323],[97.38768,2.33181],[97.38682,2.33326],[97.38403,2.33397],[97.3833,2.33454],[97.38152,2.33743],[97.38108,2.33863],[97.381,2.34017],[97.38142,2.34183],[97.38133,2.34343],[97.37984,2.35713],[97.37902,2.35817],[97.3784,2.35868],[97.3782,2.35944],[97.37851,2.3598],[97.37894,2.36099],[97.37916,2.361],[97.37938,2.36072],[97.3799,2.36125],[97.37986,2.36168],[97.38004,2.36199],[97.3806,2.36236],[97.38129,2.36217]]]}},{"type":"Feature","properties":{"nama":"WS ALAS SINGKIL","sumber":"Alas_Singkil"},"geometry":{"type":"Polygon","coordinates":[[[97.19982,3.94173],[97.20059,3.94138],[97.20126,3.94059],[97.20159,3.94044],[97.20388,3.94067],[97.20516,3.9405],[97.20591,3.94007],[97.20793,3.93799],[97.20855,3.93757],[97.2105,3.93688],[97.21298,3.93577],[97.21451,3.93541],[97.21577,3.93528],[97.21565,3.93477],[97.21591,3.93384],[97.21757,3.93119],[97.2189,3.92961],[97.22029,3.92847],[97.22097,3.92807],[97.22193,3.92798],[97.22306,3.92847],[97.22425,3.92873],[97.22643,3.92899],[97.22796,3.92901],[97.22838,3.92887],[97.23076,3.92722],[97.23306,3.9264],[97.23449,3.92617],[97.23717,3.926],[97.23878,3.92628],[97.23982,3.92705],[97.24227,3.92826],[97.24382,3.93039],[97.24483,3.93145],[97.24521,3.9317],[97.2456,3.93164],[97.24609,3.93125],[97.24673,3.93098],[97.24787,3.93076],[97.24907,3.93076],[97.25162,3.93146],[97.25359,3.93169],[97.25554,3.93406],[97.2562,3.93452],[97.25677,3.93469],[97.25987,3.93485],[97.26309,3.93457],[97.26424,3.93434],[97.26632,3.93472],[97.26834,3.93251],[97.27014,3.9292],[97.27084,3.9283],[97.27211,3.926],[97.27265,3.92559],[97.27537,3.92531],[97.27894,3.92435],[97.27961,3.92442],[97.28093,3.92481],[97.28193,3.92475],[97.28352,3.9241],[97.28501,3.92324],[97.28597,3.92299],[97.28701,3.92314],[97.28879,3.92418],[97.29049,3.92472],[97.29446,3.92382],[97.29569,3.92269],[97.29605,3.92194],[97.29845,3.92259],[97.29931,3.92343],[97.30011,3.92469],[97.3004,3.92494],[97.30125,3.92533],[97.30299,3.92563],[97.30666,3.92541],[97.30794,3.92552],[97.3103,3.92646],[97.31239,3.92751],[97.31333,3.92761],[97.31461,3.92748],[97.31507,3.92735],[97.31557,3.92698],[97.31662,3.92466],[97.3175,3.92356],[97.31807,3.92227],[97.31846,3.92178],[97.31938,3.92147],[97.32108,3.92125],[97.32622,3.92128],[97.32804,3.92102],[97.32944,3.91994],[97.3318,3.91907],[97.33309,3.91841],[97.33606,3.9177],[97.33901,3.91636],[97.34077,3.91619],[97.3416,3.91592],[97.34236,3.91517],[97.34334,3.91368],[97.34406,3.91299],[97.3446,3.91275],[97.34575,3.91267],[97.34804,3.91289],[97.34894,3.91313],[97.35104,3.91408],[97.35162,3.9142],[97.35223,3.91402],[97.35318,3.9134],[97.35406,3.91313],[97.35693,3.91241],[97.35782,3.91259],[97.35924,3.91217],[97.36238,3.91172],[97.36518,3.91064],[97.36636,3.91047],[97.3672,3.91077],[97.36862,3.91216],[97.36947,3.91324],[97.3706,3.9141],[97.37367,3.91576],[97.37654,3.91646],[97.3778,3.91697],[97.37843,3.91703],[97.37897,3.91686],[97.37989,3.91604],[97.38042,3.91578],[97.38209,3.91549],[97.383,3.9155],[97.38345,3.91589],[97.38406,3.91717],[97.38461,3.91756],[97.38638,3.91787],[97.38749,3.9178],[97.38844,3.9173],[97.39046,3.91669],[97.39087,3.91644],[97.39153,3.91522],[97.39275,3.91414],[97.39329,3.91408],[97.3958,3.91434],[97.39785,3.91416],[97.39858,3.91394],[97.39936,3.91336],[97.40078,3.91165],[97.40147,3.91133],[97.40309,3.91101],[97.40498,3.91086],[97.40824,3.90994],[97.41215,3.90937],[97.41477,3.90882],[97.4159,3.90854],[97.4172,3.90799],[97.41953,3.9073],[97.42309,3.90659],[97.42478,3.90521],[97.42733,3.90427],[97.42866,3.90326],[97.43099,3.90238],[97.4316,3.90187],[97.4325,3.89992],[97.43349,3.89882],[97.43422,3.8984],[97.4365,3.89749],[97.43885,3.89765],[97.44085,3.89762],[97.442,3.89732],[97.44321,3.89647],[97.44384,3.8963],[97.44466,3.89636],[97.44593,3.89687],[97.44681,3.89707],[97.4488,3.89699],[97.44982,3.8966],[97.45121,3.89511],[97.45221,3.89465],[97.45323,3.8947],[97.45428,3.89493],[97.45492,3.89521],[97.4557,3.89586],[97.45598,3.89592],[97.45736,3.89493],[97.45882,3.89302],[97.46112,3.89088],[97.46195,3.88878],[97.46232,3.88841],[97.46369,3.88817],[97.46559,3.88842],[97.46683,3.88797],[97.47025,3.88703],[97.47142,3.88632],[97.47223,3.88561],[97.47264,3.88497],[97.47299,3.88389],[97.47515,3.88397],[97.47931,3.88313],[97.48077,3.8827],[97.48155,3.88172],[97.4843,3.88208],[97.4865,3.88337],[97.49017,3.88447],[97.49861,3.88539],[97.50173,3.88557],[97.50503,3.88649],[97.50925,3.8874],[97.5127,3.88914],[97.51452,3.88908],[97.51713,3.88955],[97.51843,3.8893],[97.51987,3.88833],[97.52051,3.88807],[97.52262,3.88789],[97.52347,3.88768],[97.52539,3.8868],[97.52656,3.88585],[97.52935,3.88461],[97.52985,3.88428],[97.53055,3.8835],[97.53086,3.88335],[97.53429,3.88277],[97.53551,3.88222],[97.53741,3.88166],[97.53827,3.88092],[97.53906,3.88217],[97.53966,3.88233],[97.54026,3.8822],[97.54168,3.88125],[97.5425,3.88086],[97.54327,3.8808],[97.54486,3.88121],[97.54609,3.88097],[97.54717,3.88038],[97.54998,3.8785],[97.55017,3.87821],[97.55032,3.87739],[97.55011,3.8757],[97.55023,3.87499],[97.55146,3.87358],[97.55216,3.87218],[97.55299,3.87111],[97.55391,3.87072],[97.55519,3.87045],[97.55647,3.87041],[97.55881,3.87065],[97.55976,3.87037],[97.56147,3.86861],[97.5627,3.86764],[97.56428,3.86611],[97.56624,3.86486],[97.56804,3.86319],[97.56965,3.8623],[97.57071,3.86139],[97.57213,3.86077],[97.57372,3.86092],[97.57451,3.86079],[97.57639,3.85936],[97.57791,3.85708],[97.57882,3.85491],[97.58024,3.85323],[97.58324,3.85153],[97.58368,3.85107],[97.58431,3.84988],[97.5848,3.84929],[97.58629,3.84832],[97.58687,3.84777],[97.58713,3.84728],[97.58725,3.84663],[97.5871,3.84509],[97.58791,3.84419],[97.58856,3.84303],[97.58896,3.84265],[97.59149,3.84185],[97.59334,3.84247],[97.59446,3.84252],[97.59678,3.84056],[97.59725,3.8403],[97.60148,3.83998],[97.60433,3.8382],[97.60487,3.838],[97.60777,3.83811],[97.60869,3.83772],[97.611,3.83778],[97.6122,3.83723],[97.6125,3.8372],[97.61424,3.83764],[97.61545,3.83811],[97.61639,3.83803],[97.61808,3.83694],[97.62043,3.83625],[97.62151,3.83565],[97.62187,3.8352],[97.62279,3.83327],[97.6239,3.83229],[97.62535,3.83056],[97.62676,3.82943],[97.62698,3.82867],[97.6271,3.82727],[97.62739,3.8266],[97.62765,3.82641],[97.62843,3.82638],[97.62931,3.82672],[97.62988,3.82726],[97.6304,3.82821],[97.63088,3.82862],[97.6334,3.82898],[97.63431,3.82886],[97.63556,3.82836],[97.63637,3.82824],[97.63993,3.82853],[97.64254,3.82832],[97.64311,3.82804],[97.64442,3.82653],[97.64489,3.82629],[97.64577,3.82611],[97.64586,3.82503],[97.64549,3.82417],[97.64708,3.82278],[97.6495,3.82153],[97.65058,3.82069],[97.65247,3.8197],[97.65313,3.81884],[97.65341,3.8181],[97.65364,3.81661],[97.65371,3.81309],[97.65397,3.81109],[97.65424,3.8102],[97.65501,3.80876],[97.65486,3.80778],[97.65555,3.807],[97.65612,3.80492],[97.65623,3.80371],[97.65658,3.80323],[97.6579,3.80264],[97.65854,3.80213],[97.65893,3.80157],[97.65966,3.79993],[97.66011,3.79944],[97.66199,3.79847],[97.66405,3.79776],[97.66454,3.79738],[97.66483,3.79688],[97.6649,3.79585],[97.66466,3.79521],[97.66412,3.79442],[97.66403,3.79307],[97.66438,3.79198],[97.66578,3.78976],[97.66619,3.7894],[97.6666,3.78934],[97.6723,3.7898],[97.67359,3.78979],[97.67578,3.78917],[97.67698,3.78831],[97.67723,3.78783],[97.67723,3.78717],[97.67702,3.7867],[97.67632,3.78591],[97.67577,3.7848],[97.67553,3.78397],[97.67554,3.78311],[97.6757,3.78284],[97.67631,3.78248],[97.67688,3.78134],[97.67757,3.78043],[97.67827,3.77821],[97.67909,3.77675],[97.67969,3.77373],[97.6799,3.77353],[97.68129,3.77332],[97.68227,3.77292],[97.68407,3.77159],[97.68493,3.77066],[97.68576,3.76949],[97.68605,3.76833],[97.6873,3.76927],[97.68869,3.76835],[97.6891,3.76823],[97.69254,3.76868],[97.69409,3.76867],[97.69463,3.76854],[97.69502,3.76828],[97.69602,3.76644],[97.69636,3.76617],[97.69689,3.76601],[97.70109,3.76542],[97.70247,3.76489],[97.70418,3.76513],[97.70481,3.76508],[97.70576,3.76479],[97.70688,3.76389],[97.70655,3.76253],[97.70644,3.76125],[97.70659,3.75999],[97.70678,3.75956],[97.70709,3.75927],[97.70751,3.75912],[97.71108,3.7593],[97.71196,3.75917],[97.71225,3.759],[97.71254,3.75827],[97.71287,3.75635],[97.71313,3.75583],[97.71459,3.75465],[97.71667,3.75256],[97.71759,3.75143],[97.71809,3.75109],[97.72185,3.75062],[97.72553,3.74963],[97.72733,3.74981],[97.72815,3.74975],[97.7286,3.74951],[97.72965,3.74843],[97.73223,3.74783],[97.73367,3.74713],[97.73521,3.74706],[97.73636,3.74676],[97.73773,3.74537],[97.73853,3.74479],[97.74163,3.74397],[97.74332,3.74376],[97.74644,3.74379],[97.74843,3.74397],[97.74909,3.74386],[97.75014,3.74227],[97.75152,3.73927],[97.75169,3.73768],[97.75151,3.73566],[97.75209,3.73282],[97.7525,3.73137],[97.75321,3.73032],[97.75457,3.72958],[97.75597,3.72813],[97.75693,3.72764],[97.76239,3.7265],[97.76316,3.72625],[97.76428,3.72559],[97.76462,3.72561],[97.76512,3.72599],[97.76598,3.72783],[97.76687,3.72854],[97.76779,3.72874],[97.77058,3.72886],[97.77357,3.72979],[97.77466,3.73063],[97.77522,3.7309],[97.77968,3.73174],[97.78087,3.73217],[97.78134,3.7326],[97.78206,3.73393],[97.78278,3.73482],[97.78306,3.73549],[97.78337,3.73651],[97.78327,3.73861],[97.78484,3.73827],[97.78731,3.73841],[97.78783,3.73823],[97.78852,3.73698],[97.78876,3.73524],[97.78938,3.73387],[97.7898,3.73252],[97.79027,3.73037],[97.79014,3.72889],[97.79033,3.72831],[97.79108,3.7278],[97.79249,3.72756],[97.79309,3.72722],[97.79336,3.7268],[97.79326,3.72615],[97.79335,3.72584],[97.79361,3.72555],[97.79406,3.72532],[97.79612,3.72506],[97.79673,3.72485],[97.79934,3.72347],[97.80104,3.72278],[97.80323,3.72122],[97.80338,3.7208],[97.80319,3.72009],[97.80323,3.71972],[97.80424,3.71853],[97.80464,3.71777],[97.80478,3.71719],[97.80478,3.7159],[97.8043,3.71434],[97.8041,3.71139],[97.80624,3.70999],[97.80659,3.70943],[97.80716,3.70755],[97.80802,3.70639],[97.80984,3.70528],[97.8116,3.70372],[97.81257,3.70176],[97.81341,3.70075],[97.81466,3.69871],[97.81523,3.69715],[97.81564,3.69638],[97.81688,3.69539],[97.81799,3.69396],[97.81882,3.69264],[97.81968,3.69181],[97.82078,3.69103],[97.82084,3.69062],[97.82038,3.68958],[97.82063,3.68889],[97.8214,3.68763],[97.82132,3.68694],[97.82157,3.6836],[97.82181,3.68302],[97.82264,3.682],[97.82336,3.6801],[97.82374,3.6794],[97.82586,3.6776],[97.82844,3.676],[97.82933,3.67445],[97.82977,3.67393],[97.83177,3.67307],[97.83254,3.67231],[97.83423,3.67118],[97.83677,3.66979],[97.83847,3.66907],[97.84029,3.66729],[97.84069,3.66671],[97.84146,3.66483],[97.84257,3.66307],[97.84335,3.66236],[97.84485,3.66152],[97.84519,3.6611],[97.84537,3.65936],[97.84461,3.65396],[97.84473,3.65324],[97.84589,3.65246],[97.84688,3.65101],[97.84865,3.64937],[97.84983,3.64779],[97.85052,3.64736],[97.8522,3.64666],[97.85316,3.64556],[97.85429,3.64472],[97.85549,3.64295],[97.85631,3.64205],[97.85645,3.64157],[97.8564,3.64003],[97.85563,3.63914],[97.85535,3.63862],[97.85465,3.63529],[97.85341,3.63383],[97.85319,3.63307],[97.85307,3.63082],[97.85261,3.62901],[97.8531,3.62601],[97.85272,3.625],[97.85255,3.62395],[97.85274,3.62226],[97.85316,3.62188],[97.85384,3.62187],[97.85826,3.62295],[97.85904,3.62336],[97.85994,3.62444],[97.86088,3.62482],[97.86204,3.62489],[97.86327,3.62472],[97.86346,3.62241],[97.86376,3.62188],[97.86438,3.62132],[97.86605,3.62035],[97.867,3.61951],[97.86873,3.61854],[97.87069,3.61659],[97.87209,3.61549],[97.87291,3.61448],[97.87313,3.61275],[97.87308,3.61201],[97.8728,3.61091],[97.87204,3.61007],[97.86991,3.60896],[97.86909,3.6082],[97.86882,3.60743],[97.86875,3.60647],[97.86918,3.6049],[97.86912,3.60443],[97.86875,3.60373],[97.86737,3.6021],[97.86625,3.59921],[97.8653,3.59762],[97.86514,3.59678],[97.8653,3.5955],[97.86611,3.59439],[97.86641,3.59336],[97.86648,3.59043],[97.86675,3.58723],[97.86653,3.58464],[97.86737,3.58313],[97.86806,3.5807],[97.86901,3.57837],[97.86913,3.57724],[97.86911,3.57477],[97.86932,3.57401],[97.86995,3.573],[97.87021,3.57167],[97.87054,3.57133],[97.87148,3.57074],[97.87271,3.56944],[97.87354,3.56955],[97.87459,3.56942],[97.87573,3.56906],[97.87716,3.56829],[97.8791,3.56821],[97.88088,3.56865],[97.88246,3.56877],[97.8841,3.56865],[97.88491,3.5684],[97.88645,3.56693],[97.88778,3.56532],[97.88854,3.56343],[97.88898,3.56279],[97.89001,3.56205],[97.89124,3.56074],[97.89264,3.5602],[97.89375,3.55883],[97.89419,3.55852],[97.89456,3.55858],[97.89553,3.55924],[97.8983,3.56065],[97.89872,3.56058],[97.89994,3.55997],[97.90242,3.55975],[97.90499,3.5592],[97.90612,3.55807],[97.90691,3.55669],[97.90697,3.55612],[97.90652,3.55399],[97.90653,3.55361],[97.90679,3.553],[97.90877,3.55118],[97.91127,3.55021],[97.91216,3.54972],[97.91264,3.54771],[97.91357,3.5451],[97.91364,3.54462],[97.91333,3.544],[97.91246,3.54296],[97.91237,3.54266],[97.9128,3.53857],[97.91227,3.5366],[97.91188,3.53389],[97.91402,3.53264],[97.91548,3.53139],[97.91722,3.53084],[97.92044,3.53022],[97.92071,3.52993],[97.92088,3.52944],[97.92124,3.52714],[97.9216,3.52616],[97.9239,3.52253],[97.92521,3.52097],[97.92605,3.52028],[97.92559,3.51972],[97.92427,3.51887],[97.92313,3.51706],[97.92243,3.51551],[97.92199,3.51385],[97.92128,3.51217],[97.92122,3.51168],[97.92138,3.50951],[97.92171,3.50791],[97.92134,3.50623],[97.92121,3.50452],[97.92149,3.50152],[97.92269,3.49917],[97.92291,3.49751],[97.92313,3.49684],[97.92341,3.49641],[97.92466,3.49514],[97.92517,3.49472],[97.92654,3.49418],[97.93016,3.49333],[97.93141,3.4927],[97.93255,3.49258],[97.93395,3.49153],[97.93476,3.49125],[97.93722,3.49072],[97.94113,3.4902],[97.94368,3.49032],[97.94434,3.49021],[97.94546,3.48937],[97.94653,3.48835],[97.94777,3.48799],[97.94878,3.48724],[97.95012,3.48701],[97.95039,3.48683],[97.95115,3.48477],[97.95142,3.48437],[97.95342,3.48324],[97.95475,3.48296],[97.95882,3.48333],[97.95864,3.48171],[97.95831,3.4809],[97.95733,3.48039],[97.95557,3.47993],[97.95463,3.47951],[97.95381,3.4789],[97.95235,3.47729],[97.95075,3.47618],[97.95028,3.47572],[97.94987,3.47488],[97.94848,3.47071],[97.94725,3.46944],[97.94612,3.46757],[97.94473,3.4649],[97.9445,3.46345],[97.94461,3.4623],[97.94487,3.46157],[97.94576,3.46026],[97.94732,3.45933],[97.94764,3.45886],[97.94799,3.45778],[97.94723,3.45733],[97.94646,3.4564],[97.94601,3.45612],[97.94051,3.45531],[97.93993,3.45336],[97.93939,3.45216],[97.93743,3.45011],[97.9366,3.44878],[97.93563,3.4477],[97.93494,3.44654],[97.93462,3.44534],[97.93462,3.44414],[97.93591,3.44119],[97.93661,3.4375],[97.93758,3.43585],[97.93827,3.43387],[97.93865,3.43317],[97.93938,3.4323],[97.94021,3.43073],[97.94199,3.42909],[97.94271,3.4282],[97.94407,3.42693],[97.94449,3.4263],[97.94521,3.42451],[97.94604,3.42337],[97.94636,3.42263],[97.94625,3.42051],[97.9473,3.41781],[97.94813,3.41647],[97.9493,3.41497],[97.95021,3.41327],[97.95076,3.41194],[97.95098,3.40957],[97.95076,3.40712],[97.94966,3.40455],[97.94841,3.40078],[97.94708,3.3987],[97.94708,3.39789],[97.9473,3.39691],[97.94855,3.3931],[97.94886,3.39267],[97.94945,3.39233],[97.95123,3.39191],[97.95227,3.39197],[97.95327,3.39257],[97.95356,3.39257],[97.95597,3.39097],[97.95692,3.39014],[97.9587,3.38943],[97.95899,3.38924],[97.95937,3.38872],[97.96007,3.38726],[97.96063,3.38574],[97.96106,3.38511],[97.96264,3.3835],[97.96446,3.38228],[97.96571,3.38104],[97.96773,3.37986],[97.97082,3.37917],[97.97142,3.37889],[97.97293,3.37753],[97.97427,3.37666],[97.97538,3.37556],[97.97668,3.37455],[97.97816,3.37279],[97.98021,3.37111],[97.98382,3.37019],[97.98438,3.3703],[97.98549,3.37083],[97.98564,3.37043],[97.9863,3.36968],[97.98657,3.36831],[97.98723,3.36697],[97.98778,3.36518],[97.98824,3.36293],[97.98903,3.36123],[97.99084,3.3589],[97.99153,3.3578],[97.99237,3.35507],[97.99445,3.3507],[97.99524,3.34816],[97.99531,3.34463],[97.99513,3.34391],[97.99418,3.34173],[97.99393,3.34049],[97.99372,3.33804],[97.9938,3.33683],[97.99403,3.336],[97.99502,3.33346],[97.99585,3.33219],[97.99613,3.33082],[97.99602,3.33047],[97.99491,3.32913],[97.99496,3.32837],[97.99654,3.32664],[97.99745,3.32665],[97.99762,3.32654],[97.99925,3.32464],[98.00007,3.32437],[98.00288,3.32427],[98.00501,3.32324],[98.00643,3.32173],[98.00956,3.31945],[98.01067,3.31772],[98.0111,3.31731],[98.01333,3.31632],[98.01565,3.31549],[98.01732,3.3142],[98.01881,3.31233],[98.01944,3.31176],[98.02371,3.30965],[98.02487,3.3085],[98.02571,3.30716],[98.02762,3.30602],[98.02808,3.3051],[98.02994,3.30264],[98.03047,3.30222],[98.03223,3.30137],[98.03249,3.30104],[98.03341,3.29892],[98.03403,3.29835],[98.03493,3.29806],[98.03529,3.29515],[98.03625,3.29147],[98.03798,3.28739],[98.03917,3.28616],[98.03947,3.28552],[98.03949,3.28163],[98.03939,3.28108],[98.0391,3.28076],[98.03782,3.27993],[98.03743,3.27944],[98.03976,3.2775],[98.04122,3.27585],[98.04163,3.27573],[98.04254,3.27579],[98.04328,3.27486],[98.04465,3.27369],[98.04637,3.27302],[98.04676,3.27277],[98.04705,3.27238],[98.04728,3.27122],[98.04714,3.27029],[98.04619,3.26913],[98.04597,3.26852],[98.04615,3.26495],[98.04612,3.26446],[98.04579,3.26363],[98.04566,3.26291],[98.04579,3.26208],[98.04632,3.26054],[98.04784,3.25889],[98.0486,3.25779],[98.04885,3.25705],[98.04872,3.25528],[98.04917,3.25309],[98.04917,3.25184],[98.04896,3.25083],[98.04847,3.24999],[98.04834,3.24917],[98.04801,3.24843],[98.04787,3.24773],[98.04761,3.24456],[98.04782,3.2426],[98.04764,3.23909],[98.04799,3.23792],[98.04924,3.23568],[98.05035,3.23181],[98.05113,3.23097],[98.05354,3.22955],[98.05596,3.22775],[98.0566,3.22684],[98.05799,3.22535],[98.05868,3.22378],[98.05938,3.22278],[98.06091,3.22249],[98.06323,3.22153],[98.06409,3.22097],[98.06494,3.22006],[98.06598,3.218],[98.06729,3.21662],[98.06809,3.21533],[98.06855,3.21504],[98.07109,3.21443],[98.0727,3.21361],[98.07361,3.21335],[98.0773,3.21312],[98.07953,3.21181],[98.08052,3.21141],[98.08362,3.21104],[98.08431,3.21073],[98.08559,3.20972],[98.08692,3.20843],[98.08767,3.20816],[98.08855,3.20806],[98.08835,3.2069],[98.08797,3.20624],[98.08539,3.2051],[98.085,3.20464],[98.08492,3.20435],[98.08516,3.20341],[98.08622,3.20232],[98.0864,3.20185],[98.08611,3.19756],[98.08575,3.19611],[98.08612,3.19473],[98.0858,3.19352],[98.08622,3.19284],[98.08799,3.19073],[98.08901,3.18973],[98.08915,3.18938],[98.08933,3.18753],[98.08952,3.18688],[98.08984,3.18639],[98.0909,3.18573],[98.09257,3.18288],[98.09347,3.18177],[98.09411,3.18059],[98.09504,3.1797],[98.09535,3.17925],[98.09559,3.17836],[98.09565,3.17605],[98.09579,3.17533],[98.09632,3.17371],[98.09716,3.17248],[98.09785,3.1706],[98.0985,3.17002],[98.10039,3.16979],[98.10093,3.16942],[98.10116,3.16861],[98.10148,3.16592],[98.10142,3.16461],[98.10122,3.16359],[98.1015,3.16279],[98.1021,3.16208],[98.10288,3.16147],[98.10718,3.15889],[98.10813,3.15763],[98.10952,3.15447],[98.11244,3.15181],[98.11422,3.15042],[98.11644,3.14972],[98.11698,3.14938],[98.11729,3.14861],[98.11785,3.14625],[98.11855,3.14479],[98.11938,3.14204],[98.11976,3.14122],[98.11993,3.14111],[98.12204,3.14088],[98.12355,3.14056],[98.12579,3.14104],[98.12667,3.14161],[98.12742,3.14307],[98.12788,3.14361],[98.12967,3.14459],[98.13092,3.14633],[98.13174,3.14652],[98.13291,3.14655],[98.13434,3.14625],[98.13539,3.14569],[98.13742,3.14492],[98.13865,3.14388],[98.1395,3.14295],[98.14148,3.14208],[98.14237,3.14139],[98.14372,3.14069],[98.14558,3.13931],[98.14678,3.13861],[98.14888,3.13764],[98.15224,3.13663],[98.15336,3.13581],[98.15565,3.13553],[98.15686,3.13475],[98.15759,3.13463],[98.15861,3.13475],[98.16064,3.13536],[98.16175,3.13534],[98.16227,3.13514],[98.16267,3.13478],[98.16355,3.13305],[98.16417,3.1324],[98.16497,3.13188],[98.16628,3.13173],[98.16683,3.13152],[98.16799,3.13038],[98.16923,3.12831],[98.16953,3.12811],[98.17071,3.12781],[98.17127,3.12745],[98.17235,3.1253],[98.17287,3.12484],[98.1738,3.12462],[98.17575,3.12441],[98.17617,3.12407],[98.17689,3.12296],[98.17768,3.12237],[98.17833,3.12216],[98.18008,3.12201],[98.18139,3.1214],[98.1836,3.12091],[98.18431,3.12055],[98.18508,3.11972],[98.18569,3.11931],[98.18743,3.11889],[98.18799,3.11767],[98.18862,3.11684],[98.19048,3.11542],[98.19149,3.11418],[98.19392,3.11245],[98.19421,3.11152],[98.19428,3.10934],[98.19399,3.10724],[98.19438,3.10556],[98.19612,3.10566],[98.19704,3.10553],[98.1979,3.10514],[98.19964,3.10389],[98.20454,3.10272],[98.20682,3.10265],[98.20809,3.10248],[98.21387,3.10102],[98.21568,3.10095],[98.21882,3.10111],[98.2199,3.10093],[98.22044,3.10069],[98.2213,3.1],[98.22287,3.09931],[98.22514,3.09764],[98.22704,3.09667],[98.22844,3.09553],[98.22963,3.094],[98.23058,3.09348],[98.232,3.09306],[98.23719,3.09197],[98.23949,3.09173],[98.24075,3.09133],[98.24306,3.09148],[98.24452,3.09124],[98.24534,3.09081],[98.24593,3.08987],[98.24643,3.08939],[98.24752,3.08897],[98.25098,3.08815],[98.25177,3.08815],[98.25208,3.08834],[98.25278,3.08919],[98.25419,3.09051],[98.25673,3.0908],[98.25829,3.09167],[98.25985,3.09216],[98.26094,3.09265],[98.26153,3.0933],[98.26178,3.09412],[98.26188,3.095],[98.26233,3.09491],[98.26491,3.09375],[98.26576,3.09319],[98.2673,3.09139],[98.26823,3.08908],[98.26852,3.0887],[98.26889,3.08853],[98.27056,3.08824],[98.27298,3.08653],[98.27334,3.0861],[98.27356,3.08537],[98.27411,3.08516],[98.27506,3.08504],[98.27535,3.08487],[98.27584,3.08422],[98.27632,3.08305],[98.2766,3.08271],[98.27689,3.08271],[98.27787,3.08313],[98.27859,3.08313],[98.28047,3.08282],[98.2818,3.0819],[98.28229,3.08172],[98.28354,3.08172],[98.28471,3.0821],[98.28592,3.08304],[98.28718,3.08347],[98.2885,3.08415],[98.28938,3.08427],[98.29074,3.08402],[98.29143,3.08372],[98.29224,3.08313],[98.29424,3.08247],[98.29445,3.08227],[98.29482,3.08134],[98.29514,3.08107],[98.29611,3.08076],[98.29747,3.08064],[98.29774,3.08046],[98.29814,3.07949],[98.29836,3.07816],[98.2982,3.07664],[98.29859,3.07614],[98.30072,3.075],[98.30389,3.07395],[98.3056,3.07369],[98.30811,3.07275],[98.30865,3.07227],[98.3091,3.07134],[98.30952,3.07083],[98.31016,3.07042],[98.31125,3.07002],[98.31222,3.06989],[98.31325,3.07003],[98.31389,3.07035],[98.31446,3.07094],[98.31518,3.07141],[98.31553,3.07183],[98.31569,3.07298],[98.31606,3.07375],[98.31757,3.07587],[98.31855,3.07666],[98.31949,3.07683],[98.32065,3.07676],[98.32356,3.07576],[98.32597,3.07434],[98.32696,3.07473],[98.32775,3.07569],[98.32833,3.07611],[98.32941,3.07643],[98.33119,3.07637],[98.33192,3.0761],[98.33271,3.07533],[98.33304,3.07478],[98.33333,3.07363],[98.33446,3.07237],[98.33522,3.07212],[98.33679,3.07229],[98.33734,3.07208],[98.33864,3.07113],[98.3397,3.07107],[98.34019,3.07139],[98.34063,3.07197],[98.34153,3.07376],[98.34242,3.07496],[98.34274,3.07652],[98.34513,3.07795],[98.34764,3.08004],[98.34813,3.08016],[98.3492,3.07937],[98.35034,3.07924],[98.35104,3.07881],[98.3542,3.07574],[98.35449,3.07503],[98.35458,3.07419],[98.35483,3.07391],[98.35541,3.07382],[98.35639,3.07444],[98.3577,3.075],[98.35852,3.07463],[98.35938,3.07347],[98.36024,3.0719],[98.36074,3.07142],[98.36203,3.07069],[98.364,3.06986],[98.36538,3.06863],[98.36615,3.0683],[98.3664,3.06782],[98.36659,3.06655],[98.36851,3.06486],[98.37023,3.06417],[98.37144,3.0632],[98.37211,3.06298],[98.37738,3.06282],[98.37769,3.06247],[98.37795,3.0614],[98.37903,3.06069],[98.37945,3.06025],[98.38058,3.05732],[98.38185,3.05628],[98.38313,3.0542],[98.3855,3.05243],[98.38584,3.05243],[98.38667,3.05285],[98.38713,3.05285],[98.39162,3.05202],[98.39303,3.05139],[98.39387,3.05062],[98.39413,3.05052],[98.39634,3.05066],[98.3973,3.05053],[98.39781,3.0502],[98.39844,3.04944],[98.3993,3.04869],[98.40094,3.04788],[98.40183,3.04657],[98.40211,3.04638],[98.40326,3.04625],[98.40469,3.04649],[98.40588,3.04611],[98.40945,3.04416],[98.41026,3.04325],[98.41246,3.04164],[98.41327,3.04028],[98.41386,3.04039],[98.41496,3.04017],[98.41625,3.04038],[98.41748,3.0401],[98.41831,3.03951],[98.41844,3.03889],[98.41872,3.0385],[98.41989,3.03753],[98.42017,3.03743],[98.42129,3.03738],[98.42201,3.03754],[98.42259,3.03793],[98.42309,3.03887],[98.42397,3.03924],[98.4252,3.03914],[98.42698,3.03855],[98.42785,3.03792],[98.43016,3.0344],[98.43264,3.03244],[98.43342,3.03218],[98.43542,3.03203],[98.43662,3.03173],[98.43762,3.03125],[98.4386,3.03035],[98.44206,3.02931],[98.44397,3.02806],[98.44809,3.02722],[98.44922,3.02681],[98.44993,3.02633],[98.45032,3.02563],[98.45046,3.02504],[98.45056,3.02318],[98.45007,3.02169],[98.44911,3.02013],[98.44894,3.01845],[98.44911,3.01751],[98.44938,3.01709],[98.45168,3.01473],[98.45257,3.01269],[98.4533,3.01167],[98.45377,3.01128],[98.45491,3.01069],[98.45622,3.00965],[98.45845,3.0084],[98.4588,3.00779],[98.45889,3.00735],[98.45881,3.0061],[98.45757,3.00464],[98.45708,3.00346],[98.45708,3.00265],[98.45726,3.00164],[98.45705,3.00044],[98.45751,2.99857],[98.4576,2.9976],[98.45771,2.99749],[98.45709,2.99483],[98.457,2.99382],[98.45629,2.99032],[98.4563,2.98572],[98.45661,2.98489],[98.45811,2.98224],[98.4579,2.97743],[98.45829,2.97619],[98.45757,2.97501],[98.45679,2.97254],[98.45722,2.97109],[98.45734,2.96942],[98.45744,2.96904],[98.45804,2.96815],[98.45809,2.96726],[98.45765,2.96644],[98.45719,2.96606],[98.45646,2.96579],[98.45607,2.96527],[98.45595,2.96484],[98.456,2.96309],[98.45581,2.96252],[98.45546,2.96207],[98.45499,2.96176],[98.45275,2.96083],[98.44967,2.95812],[98.44824,2.95559],[98.44805,2.95393],[98.44781,2.95324],[98.44672,2.95204],[98.44658,2.95162],[98.44655,2.95069],[98.44675,2.95006],[98.44716,2.94941],[98.44743,2.94847],[98.44813,2.94461],[98.4488,2.94222],[98.44889,2.94079],[98.44855,2.93917],[98.44537,2.93719],[98.4441,2.93532],[98.44313,2.93287],[98.44292,2.93198],[98.44292,2.93087],[98.44325,2.92957],[98.44338,2.92847],[98.44325,2.92735],[98.44285,2.92627],[98.4423,2.92556],[98.44131,2.92473],[98.43922,2.92428],[98.43858,2.92402],[98.43827,2.92366],[98.437,2.92093],[98.4357,2.91986],[98.43321,2.91917],[98.43243,2.91881],[98.43105,2.91859],[98.43011,2.9182],[98.42966,2.91779],[98.42975,2.91582],[98.43008,2.91412],[98.43035,2.91364],[98.43106,2.91292],[98.43188,2.9125],[98.43214,2.90918],[98.43238,2.90883],[98.4335,2.9081],[98.43388,2.90764],[98.43551,2.903],[98.43551,2.90222],[98.43474,2.90127],[98.43458,2.90082],[98.43503,2.89911],[98.4353,2.89693],[98.43625,2.89495],[98.43806,2.89322],[98.43938,2.89],[98.44162,2.88992],[98.44349,2.89047],[98.44508,2.89068],[98.44851,2.89069],[98.44947,2.89058],[98.45171,2.88951],[98.45264,2.88882],[98.4532,2.88813],[98.45529,2.88462],[98.4562,2.88381],[98.45746,2.8835],[98.45922,2.88349],[98.46229,2.88396],[98.464,2.88328],[98.46632,2.88282],[98.46667,2.88268],[98.46708,2.88229],[98.46821,2.88032],[98.46905,2.87984],[98.47117,2.87916],[98.47181,2.87862],[98.47236,2.87714],[98.47273,2.87543],[98.47285,2.87428],[98.47273,2.87332],[98.47209,2.87212],[98.47179,2.87114],[98.47186,2.86841],[98.47223,2.8676],[98.4735,2.86656],[98.47431,2.86542],[98.47539,2.86465],[98.47568,2.8643],[98.47587,2.86334],[98.47577,2.86222],[98.47372,2.86111],[98.47285,2.86027],[98.47199,2.85918],[98.46952,2.85749],[98.46702,2.85397],[98.46618,2.85298],[98.46563,2.85204],[98.46468,2.84928],[98.46463,2.84875],[98.46646,2.84558],[98.46729,2.84284],[98.46771,2.84222],[98.47006,2.84187],[98.47199,2.84115],[98.47276,2.84112],[98.47444,2.84141],[98.47567,2.84147],[98.48242,2.84063],[98.48326,2.84036],[98.48435,2.83948],[98.4847,2.83883],[98.48502,2.83752],[98.48612,2.83593],[98.48778,2.83415],[98.48862,2.83211],[98.48959,2.83076],[98.48962,2.83036],[98.48931,2.82944],[98.48987,2.82811],[98.49028,2.82769],[98.49247,2.82681],[98.49277,2.82629],[98.49282,2.82486],[98.49269,2.82362],[98.49215,2.82164],[98.49188,2.82138],[98.49357,2.81871],[98.49379,2.81638],[98.49403,2.81562],[98.49595,2.81227],[98.49667,2.81135],[98.49764,2.80942],[98.49788,2.80831],[98.49825,2.80509],[98.4974,2.8032],[98.49728,2.80196],[98.4974,2.80078],[98.49876,2.79842],[98.4999,2.79695],[98.5007,2.79473],[98.50253,2.79236],[98.50299,2.79139],[98.50357,2.79099],[98.50589,2.7886],[98.50761,2.78779],[98.50879,2.78698],[98.50987,2.78599],[98.51087,2.78453],[98.51124,2.78439],[98.51209,2.78497],[98.51269,2.78508],[98.51611,2.78324],[98.51703,2.78343],[98.51856,2.78303],[98.51932,2.78231],[98.52324,2.78018],[98.52429,2.77937],[98.52525,2.77832],[98.52835,2.77618],[98.52862,2.77584],[98.5288,2.77513],[98.52914,2.7746],[98.53204,2.77228],[98.53226,2.77167],[98.53224,2.77],[98.53172,2.76921],[98.53075,2.7684],[98.53074,2.76796],[98.53169,2.76614],[98.53206,2.76567],[98.5329,2.76521],[98.53466,2.7647],[98.53589,2.76465],[98.53633,2.76418],[98.53708,2.76293],[98.53726,2.76232],[98.53741,2.76066],[98.53802,2.75963],[98.53824,2.7582],[98.53932,2.75557],[98.53928,2.75483],[98.53879,2.7541],[98.53918,2.75352],[98.53922,2.75263],[98.53867,2.7514],[98.54064,2.74906],[98.54167,2.74806],[98.54348,2.74371],[98.5444,2.74325],[98.54511,2.74224],[98.54546,2.74146],[98.54558,2.74023],[98.5454,2.73865],[98.54563,2.73822],[98.54637,2.7375],[98.54656,2.73696],[98.54619,2.73596],[98.54601,2.73485],[98.54613,2.7339],[98.54669,2.73243],[98.54663,2.73194],[98.54624,2.73098],[98.5464,2.73026],[98.54688,2.72972],[98.54829,2.7286],[98.54981,2.72758],[98.54992,2.7271],[98.54937,2.72591],[98.54942,2.72505],[98.54983,2.72434],[98.5512,2.72344],[98.55142,2.72271],[98.55154,2.72139],[98.55168,2.72112],[98.55267,2.72053],[98.55381,2.72038],[98.55517,2.71991],[98.55689,2.72022],[98.55771,2.72015],[98.5581,2.71992],[98.55857,2.71917],[98.55857,2.71849],[98.55833,2.71794],[98.55716,2.71639],[98.55727,2.71597],[98.55677,2.715],[98.55699,2.71428],[98.55672,2.71313],[98.55577,2.71111],[98.55615,2.71094],[98.55629,2.71071],[98.55672,2.70897],[98.5574,2.70836],[98.55807,2.70828],[98.5588,2.70876],[98.56021,2.71023],[98.56101,2.71047],[98.56185,2.71021],[98.56635,2.70958],[98.56746,2.70915],[98.56982,2.70724],[98.57004,2.70656],[98.57019,2.70528],[98.57053,2.70476],[98.57102,2.70448],[98.57208,2.7044],[98.57246,2.70419],[98.57268,2.70245],[98.57319,2.70154],[98.57433,2.70006],[98.57475,2.69797],[98.57459,2.69751],[98.57354,2.69701],[98.57322,2.69659],[98.57344,2.69545],[98.57406,2.69454],[98.5743,2.69393],[98.57389,2.6923],[98.57326,2.69138],[98.57244,2.68968],[98.57239,2.68717],[98.57273,2.68654],[98.57437,2.68534],[98.57498,2.68468],[98.57523,2.68384],[98.57522,2.68332],[98.5746,2.68089],[98.57462,2.68036],[98.57477,2.68023],[98.57608,2.68003],[98.57666,2.67981],[98.57714,2.67942],[98.57761,2.67844],[98.57783,2.67628],[98.57766,2.67533],[98.57742,2.67506],[98.57594,2.67442],[98.57549,2.67408],[98.57522,2.67369],[98.57493,2.67278],[98.57493,2.67194],[98.5718,2.66946],[98.57121,2.66875],[98.57073,2.66781],[98.57149,2.66634],[98.57226,2.66533],[98.57279,2.66418],[98.57299,2.66306],[98.57297,2.66144],[98.57347,2.66086],[98.57413,2.65977],[98.57542,2.65934],[98.57592,2.65889],[98.57626,2.65814],[98.57626,2.65764],[98.57609,2.65715],[98.57544,2.65647],[98.57348,2.65556],[98.57177,2.65459],[98.5707,2.65435],[98.56949,2.65454],[98.5689,2.65442],[98.56814,2.65388],[98.5679,2.65333],[98.56802,2.65279],[98.56773,2.65198],[98.56783,2.65135],[98.56895,2.65023],[98.56916,2.64965],[98.56907,2.64535],[98.56941,2.64473],[98.57014,2.64388],[98.57016,2.64203],[98.57047,2.64139],[98.57073,2.6412],[98.5719,2.64123],[98.57207,2.64106],[98.57249,2.63912],[98.57242,2.63841],[98.57197,2.63775],[98.57167,2.63759],[98.57039,2.63779],[98.56826,2.63662],[98.56778,2.63603],[98.56742,2.63428],[98.56721,2.63389],[98.56554,2.63276],[98.56522,2.63201],[98.56484,2.6305],[98.56528,2.62809],[98.56524,2.62565],[98.56503,2.62528],[98.56393,2.62418],[98.56216,2.62297],[98.56164,2.62236],[98.56151,2.62195],[98.56163,2.62156],[98.56243,2.62048],[98.56305,2.61918],[98.56287,2.61811],[98.56286,2.61701],[98.56293,2.61623],[98.56314,2.61569],[98.56341,2.61545],[98.56382,2.61542],[98.5648,2.61583],[98.56549,2.61472],[98.5654,2.61441],[98.56509,2.61412],[98.56343,2.61379],[98.56262,2.61333],[98.56129,2.61137],[98.56138,2.61056],[98.56185,2.60974],[98.56335,2.60896],[98.56363,2.60847],[98.56347,2.60734],[98.5642,2.6057],[98.56322,2.6046],[98.56295,2.60352],[98.5632,2.60322],[98.56442,2.60263],[98.56513,2.60159],[98.56551,2.60129],[98.56687,2.60092],[98.56724,2.60069],[98.56692,2.60028],[98.56573,2.59972],[98.56545,2.59944],[98.56556,2.59916],[98.56673,2.59764],[98.56664,2.59694],[98.56614,2.59631],[98.56601,2.59583],[98.56663,2.59458],[98.56635,2.59431],[98.56512,2.59366],[98.56488,2.59338],[98.56482,2.59306],[98.56516,2.59246],[98.56604,2.59168],[98.56659,2.59058],[98.56822,2.58948],[98.56848,2.5891],[98.56894,2.58771],[98.57048,2.5868],[98.57177,2.58558],[98.57243,2.58526],[98.5729,2.58462],[98.57334,2.58329],[98.57347,2.58204],[98.5748,2.58019],[98.57556,2.57855],[98.57556,2.57811],[98.57523,2.57733],[98.57513,2.57667],[98.57546,2.576],[98.5763,2.57507],[98.5764,2.57473],[98.57594,2.57306],[98.57619,2.57225],[98.57656,2.57194],[98.57776,2.57139],[98.57893,2.57056],[98.58163,2.56785],[98.58243,2.56746],[98.58268,2.56748],[98.5831,2.56781],[98.5848,2.57002],[98.58577,2.56989],[98.58637,2.57002],[98.58704,2.57034],[98.58764,2.57022],[98.58793,2.56995],[98.58993,2.5669],[98.59077,2.56591],[98.59149,2.56454],[98.5922,2.5638],[98.59214,2.56305],[98.59125,2.56101],[98.59143,2.55885],[98.59118,2.55806],[98.59081,2.5576],[98.59052,2.55746],[98.58885,2.5573],[98.58792,2.55692],[98.58758,2.55644],[98.58708,2.55523],[98.58708,2.55479],[98.5881,2.55285],[98.5874,2.55101],[98.58753,2.55014],[98.5872,2.54958],[98.58808,2.54776],[98.58902,2.54691],[98.58987,2.54582],[98.59014,2.54487],[98.59049,2.54417],[98.59227,2.54233],[98.59284,2.54122],[98.59307,2.5403],[98.59322,2.53797],[98.59393,2.53643],[98.59417,2.53532],[98.59418,2.53457],[98.59399,2.53403],[98.5942,2.53347],[98.59378,2.53277],[98.59412,2.53051],[98.59439,2.52989],[98.59566,2.5281],[98.59588,2.52716],[98.59597,2.52573],[98.59678,2.52341],[98.59728,2.52255],[98.5981,2.52201],[98.59931,2.52197],[98.59948,2.52165],[98.59957,2.52095],[98.59991,2.52048],[98.60251,2.51979],[98.60349,2.51924],[98.60406,2.5185],[98.60492,2.51669],[98.60524,2.51638],[98.60602,2.5161],[98.60657,2.51626],[98.60771,2.51694],[98.60814,2.51631],[98.6086,2.51593],[98.60951,2.51576],[98.61001,2.51586],[98.61038,2.51611],[98.61056,2.51649],[98.61069,2.51803],[98.61105,2.51921],[98.61134,2.51958],[98.61203,2.51998],[98.6127,2.52013],[98.61561,2.52013],[98.61657,2.52005],[98.61736,2.51978],[98.6179,2.51931],[98.61948,2.51861],[98.62243,2.51604],[98.62361,2.51535],[98.6242,2.51483],[98.62449,2.51423],[98.62474,2.51294],[98.62424,2.51227],[98.62416,2.51194],[98.62434,2.51161],[98.62605,2.51081],[98.62682,2.51031],[98.62765,2.50936],[98.62794,2.50864],[98.6283,2.50823],[98.62949,2.50767],[98.63007,2.50789],[98.63107,2.50778],[98.63199,2.50689],[98.63323,2.5063],[98.6336,2.50636],[98.63403,2.50669],[98.63431,2.50673],[98.63459,2.50644],[98.63558,2.50438],[98.63491,2.50287],[98.63484,2.50225],[98.63535,2.49982],[98.63605,2.49806],[98.6347,2.4976],[98.63328,2.49682],[98.63282,2.49627],[98.63237,2.49541],[98.63123,2.49405],[98.62966,2.4928],[98.62799,2.49078],[98.6277,2.49053],[98.62575,2.4896],[98.62445,2.48803],[98.62065,2.48686],[98.6201,2.48696],[98.61947,2.48726],[98.61917,2.48714],[98.61817,2.4861],[98.61686,2.48501],[98.61595,2.48388],[98.61438,2.48312],[98.61362,2.48243],[98.61306,2.48166],[98.61244,2.48032],[98.61381,2.47931],[98.61507,2.47802],[98.616,2.47595],[98.61692,2.47477],[98.61711,2.47435],[98.61726,2.47343],[98.61713,2.47274],[98.61591,2.47167],[98.6139,2.46958],[98.61387,2.4693],[98.61421,2.46838],[98.61433,2.46719],[98.61471,2.4664],[98.61495,2.46457],[98.61532,2.46348],[98.61514,2.46304],[98.61514,2.46263],[98.61649,2.46009],[98.61709,2.45965],[98.61807,2.45952],[98.6188,2.45918],[98.61914,2.45827],[98.6197,2.45756],[98.61899,2.45664],[98.61885,2.45604],[98.61891,2.45577],[98.61951,2.45496],[98.62031,2.45335],[98.62036,2.45085],[98.62056,2.44945],[98.62093,2.4485],[98.62141,2.44778],[98.62157,2.44635],[98.62179,2.44571],[98.62311,2.44479],[98.62365,2.4441],[98.62285,2.4432],[98.62257,2.44259],[98.62229,2.44079],[98.62232,2.43775],[98.62158,2.43636],[98.62176,2.43495],[98.62158,2.43357],[98.62181,2.43299],[98.62319,2.43106],[98.62342,2.43034],[98.62335,2.42977],[98.62302,2.42943],[98.62165,2.42918],[98.62104,2.42878],[98.62053,2.428],[98.61951,2.4257],[98.619,2.42487],[98.61806,2.42422],[98.61682,2.42399],[98.61646,2.42379],[98.61497,2.42168],[98.61475,2.42044],[98.6145,2.41999],[98.61317,2.41907],[98.61278,2.41862],[98.61407,2.41665],[98.61452,2.41417],[98.61479,2.41377],[98.61603,2.41278],[98.61628,2.41237],[98.61635,2.41198],[98.616,2.4111],[98.61485,2.4099],[98.61469,2.40944],[98.61537,2.40812],[98.61467,2.40692],[98.61436,2.40469],[98.61464,2.40358],[98.61541,2.40245],[98.61561,2.40073],[98.61532,2.39986],[98.61453,2.39923],[98.61432,2.39885],[98.61404,2.39721],[98.61404,2.3951],[98.61435,2.39447],[98.61506,2.39409],[98.61586,2.3928],[98.6159,2.3924],[98.61552,2.39174],[98.61568,2.39147],[98.61612,2.3913],[98.61665,2.39142],[98.61812,2.39285],[98.61854,2.3927],[98.61938,2.39187],[98.61979,2.39124],[98.6202,2.39011],[98.62053,2.38841],[98.62103,2.38763],[98.62153,2.38741],[98.62283,2.38734],[98.62351,2.38714],[98.62394,2.38667],[98.62458,2.38558],[98.62527,2.38493],[98.62647,2.38463],[98.62894,2.38485],[98.62924,2.38475],[98.62964,2.38427],[98.6297,2.3837],[98.62877,2.38258],[98.62864,2.38224],[98.62921,2.38014],[98.62929,2.37877],[98.62909,2.37818],[98.62827,2.37705],[98.62797,2.37594],[98.62803,2.37507],[98.62889,2.3728],[98.62939,2.37073],[98.62981,2.37007],[98.63151,2.36886],[98.63307,2.36864],[98.63395,2.36824],[98.63488,2.36842],[98.6358,2.36798],[98.63621,2.36767],[98.63693,2.3667],[98.63784,2.36584],[98.63871,2.36455],[98.63992,2.36161],[98.64083,2.36035],[98.64148,2.35772],[98.64256,2.35622],[98.64298,2.35513],[98.64332,2.35194],[98.64389,2.35045],[98.64386,2.35012],[98.64324,2.34867],[98.64344,2.34765],[98.64387,2.3473],[98.6454,2.34674],[98.64584,2.34645],[98.64624,2.34532],[98.64738,2.34448],[98.64838,2.34313],[98.64947,2.34221],[98.65005,2.34192],[98.65172,2.34164],[98.65467,2.33984],[98.65642,2.33926],[98.65741,2.33864],[98.65815,2.33797],[98.6595,2.33757],[98.66157,2.3364],[98.6622,2.33562],[98.66194,2.33508],[98.66131,2.33447],[98.65988,2.33414],[98.65922,2.33379],[98.65887,2.33342],[98.65863,2.33271],[98.65774,2.33191],[98.65636,2.33034],[98.6563,2.33002],[98.65662,2.32943],[98.65819,2.3285],[98.65843,2.32805],[98.65841,2.32702],[98.65744,2.32618],[98.65713,2.32563],[98.6572,2.32509],[98.65787,2.32312],[98.65764,2.3228],[98.65706,2.32244],[98.65536,2.32187],[98.6547,2.32152],[98.65447,2.32089],[98.65447,2.31944],[98.65408,2.31855],[98.65362,2.31794],[98.65336,2.31654],[98.65303,2.31596],[98.65234,2.31553],[98.65047,2.3153],[98.65011,2.31508],[98.64985,2.31473],[98.64889,2.31278],[98.64999,2.31014],[98.64996,2.3094],[98.64982,2.30905],[98.64936,2.30855],[98.6479,2.30779],[98.64732,2.30813],[98.64648,2.30931],[98.64605,2.3095],[98.64581,2.30947],[98.64529,2.30914],[98.64446,2.30828],[98.64345,2.30758],[98.64194,2.30722],[98.64243,2.3045],[98.64285,2.30337],[98.64306,2.30206],[98.64344,2.30162],[98.64432,2.30099],[98.64454,2.30066],[98.6455,2.29759],[98.64593,2.29681],[98.64637,2.29643],[98.64759,2.29627],[98.64897,2.29643],[98.64943,2.2968],[98.64993,2.29837],[98.65039,2.2986],[98.65257,2.29845],[98.65506,2.29798],[98.65645,2.29855],[98.65767,2.2994],[98.65845,2.29951],[98.66201,2.2986],[98.66224,2.29816],[98.6623,2.29745],[98.66214,2.29684],[98.66175,2.29625],[98.6616,2.29571],[98.66171,2.2951],[98.66227,2.2941],[98.662,2.29122],[98.66202,2.29028],[98.66228,2.28956],[98.66322,2.28855],[98.66336,2.28821],[98.6633,2.2875],[98.66341,2.28645],[98.66326,2.28505],[98.66368,2.28341],[98.66277,2.2822],[98.66247,2.28147],[98.66234,2.28039],[98.66235,2.27783],[98.66193,2.27683],[98.66185,2.27529],[98.66079,2.2744],[98.66012,2.27296],[98.65889,2.27194],[98.65737,2.27229],[98.65679,2.27228],[98.65601,2.27147],[98.6553,2.27116],[98.65498,2.27067],[98.65475,2.26909],[98.65357,2.26672],[98.65272,2.26619],[98.64989,2.26546],[98.64854,2.2639],[98.64797,2.26293],[98.64605,2.26104],[98.6432,2.26204],[98.64137,2.26302],[98.64056,2.26306],[98.64169,2.26051],[98.64177,2.26004],[98.64169,2.25924],[98.6413,2.25872],[98.64037,2.25791],[98.63957,2.25643],[98.63856,2.2553],[98.63786,2.2543],[98.63769,2.25364],[98.63776,2.2518],[98.63721,2.25018],[98.63718,2.24875],[98.63669,2.24746],[98.63647,2.24622],[98.63565,2.24543],[98.63536,2.24488],[98.63503,2.24301],[98.63424,2.24094],[98.6338,2.2402],[98.63341,2.23981],[98.63247,2.23923],[98.63132,2.23821],[98.62995,2.23729],[98.62969,2.23695],[98.62937,2.23564],[98.62888,2.23547],[98.62804,2.23563],[98.62744,2.23534],[98.62615,2.23315],[98.62534,2.23216],[98.62456,2.23153],[98.62435,2.23093],[98.62432,2.22992],[98.62482,2.22721],[98.62482,2.22607],[98.62451,2.22538],[98.62326,2.2237],[98.62214,2.22285],[98.62028,2.22201],[98.6186,2.2209],[98.61739,2.21979],[98.61554,2.21868],[98.61228,2.21541],[98.6118,2.21426],[98.61083,2.21099],[98.61,2.20964],[98.60975,2.20891],[98.60966,2.20741],[98.60987,2.2066],[98.61026,2.20587],[98.61038,2.2052],[98.61018,2.20443],[98.60972,2.20392],[98.60768,2.20264],[98.6052,2.20139],[98.60333,2.20083],[98.6021,2.19926],[98.60078,2.19841],[98.59979,2.19716],[98.59891,2.19647],[98.5976,2.19612],[98.59649,2.19621],[98.5957,2.19609],[98.59461,2.1955],[98.59274,2.19492],[98.59149,2.19424],[98.58924,2.19329],[98.58742,2.19314],[98.58555,2.19333],[98.58214,2.19431],[98.58075,2.19542],[98.5776,2.1975],[98.57442,2.1987],[98.57361,2.19962],[98.5725,2.20121],[98.57121,2.2025],[98.56912,2.20389],[98.56706,2.20472],[98.5664,2.20518],[98.5636,2.20927],[98.56045,2.21129],[98.55781,2.21478],[98.55715,2.21514],[98.55608,2.21537],[98.55548,2.21513],[98.55451,2.21425],[98.55355,2.21359],[98.55276,2.21244],[98.55139,2.21128],[98.55059,2.21018],[98.54992,2.2098],[98.54882,2.20943],[98.54712,2.20848],[98.54646,2.20827],[98.54491,2.20815],[98.54385,2.20786],[98.54215,2.20696],[98.54025,2.20638],[98.53889,2.20518],[98.53783,2.20466],[98.53692,2.20475],[98.53585,2.20536],[98.53507,2.20542],[98.53438,2.20526],[98.53351,2.20472],[98.53183,2.20313],[98.53121,2.20299],[98.52972,2.20306],[98.52944,2.20235],[98.5284,2.20082],[98.5274,2.19956],[98.52673,2.19902],[98.52556,2.19861],[98.52524,2.19889],[98.52452,2.19904],[98.52318,2.19906],[98.52232,2.19926],[98.52191,2.1991],[98.52143,2.19865],[98.52028,2.19684],[98.51909,2.19577],[98.51851,2.19586],[98.51714,2.197],[98.51656,2.19692],[98.51447,2.19516],[98.51363,2.19426],[98.51278,2.19382],[98.51158,2.1935],[98.5105,2.19212],[98.50889,2.19138],[98.50796,2.19073],[98.50749,2.19055],[98.50712,2.18928],[98.50706,2.18653],[98.50692,2.18576],[98.50471,2.18237],[98.50354,2.17947],[98.50229,2.17747],[98.50157,2.17665],[98.49976,2.1751],[98.49976,2.17427],[98.49942,2.17372],[98.49908,2.17357],[98.49821,2.17357],[98.49681,2.17229],[98.49485,2.17133],[98.49337,2.16948],[98.49202,2.1682],[98.49184,2.16766],[98.49175,2.16669],[98.49104,2.16515],[98.49108,2.16443],[98.49157,2.16349],[98.49152,2.16297],[98.49079,2.16249],[98.4896,2.16232],[98.48924,2.16214],[98.48868,2.16138],[98.48792,2.15962],[98.48764,2.15923],[98.48725,2.15895],[98.48612,2.15874],[98.48413,2.15879],[98.48241,2.15909],[98.48061,2.15893],[98.48,2.15857],[98.47868,2.15669],[98.47839,2.15658],[98.47781,2.15676],[98.47752,2.15668],[98.47788,2.15538],[98.47803,2.15415],[98.47854,2.15305],[98.47964,2.15184],[98.48126,2.15054],[98.48231,2.15002],[98.48257,2.14961],[98.4819,2.14774],[98.48161,2.14544],[98.48115,2.1448],[98.4799,2.1438],[98.47938,2.14322],[98.47852,2.14161],[98.47794,2.14011],[98.47733,2.13958],[98.47639,2.13812],[98.47599,2.13785],[98.47499,2.13753],[98.47415,2.13701],[98.47229,2.13521],[98.47192,2.13463],[98.47192,2.1337],[98.4728,2.13256],[98.47287,2.13222],[98.47235,2.13005],[98.47185,2.12471],[98.47374,2.11723],[98.47361,2.11306],[98.47133,2.11187],[98.47092,2.11154],[98.46882,2.10735],[98.46801,2.10664],[98.46715,2.10664],[98.46616,2.10704],[98.46363,2.10712],[98.46109,2.10836],[98.46056,2.10842],[98.46011,2.10823],[98.45918,2.10716],[98.45714,2.10589],[98.45616,2.10503],[98.45549,2.10408],[98.45422,2.10153],[98.45381,2.10108],[98.45354,2.10099],[98.45329,2.10104],[98.45309,2.1015],[98.4537,2.10325],[98.45292,2.10452],[98.45234,2.10491],[98.4505,2.10563],[98.44862,2.10697],[98.44717,2.10719],[98.44373,2.10836],[98.44291,2.10842],[98.44136,2.10824],[98.44019,2.10831],[98.43909,2.10854],[98.43794,2.10898],[98.43618,2.11021],[98.43292,2.11157],[98.43138,2.1125],[98.43106,2.11304],[98.43048,2.11504],[98.43,2.11583],[98.42806,2.11547],[98.42521,2.11561],[98.42321,2.11519],[98.4219,2.11566],[98.41881,2.11577],[98.41653,2.11612],[98.41585,2.11664],[98.41525,2.11807],[98.41381,2.1201],[98.41169,2.12167],[98.41021,2.1222],[98.40911,2.12229],[98.40789,2.12205],[98.4075,2.12179],[98.40715,2.12109],[98.40652,2.11876],[98.4062,2.11813],[98.40568,2.11755],[98.40479,2.11721],[98.40245,2.11706],[98.40079,2.11674],[98.40004,2.11635],[98.39893,2.11519],[98.39859,2.11501],[98.39721,2.11654],[98.39618,2.11815],[98.39548,2.12125],[98.39519,2.12198],[98.39426,2.12298],[98.39277,2.12568],[98.39091,2.12765],[98.3902,2.13013],[98.38882,2.13166],[98.38814,2.13298],[98.38797,2.13379],[98.38803,2.13468],[98.38826,2.13525],[98.38861,2.13557],[98.38855,2.13937],[98.38915,2.14106],[98.38891,2.1417],[98.38659,2.1436],[98.38546,2.144],[98.38282,2.14454],[98.38121,2.14406],[98.37852,2.14368],[98.37776,2.14333],[98.3767,2.14254],[98.37611,2.14249],[98.37553,2.14272],[98.375,2.14323],[98.37417,2.14435],[98.37306,2.14707],[98.3725,2.14788],[98.37153,2.14892],[98.37111,2.14963],[98.37077,2.1508],[98.37053,2.15346],[98.37,2.15505],[98.36899,2.15611],[98.36776,2.15693],[98.36568,2.15731],[98.36429,2.1572],[98.36348,2.15664],[98.3627,2.15545],[98.36169,2.15429],[98.36141,2.15415],[98.36072,2.15411],[98.35991,2.15446],[98.35945,2.15508],[98.35836,2.15784],[98.35805,2.1592],[98.3576,2.16292],[98.35722,2.16388],[98.35673,2.16443],[98.35528,2.16537],[98.35417,2.16664],[98.35173,2.16712],[98.35098,2.16754],[98.35072,2.16805],[98.3501,2.17057],[98.34968,2.17126],[98.34944,2.17139],[98.34899,2.1712],[98.34766,2.16987],[98.34637,2.16927],[98.34524,2.16836],[98.34447,2.16806],[98.3441,2.16837],[98.34211,2.16869],[98.33932,2.17005],[98.33884,2.17067],[98.33785,2.17362],[98.33668,2.17595],[98.33279,2.18029],[98.33021,2.18271],[98.32889,2.18445],[98.32855,2.18454],[98.32801,2.18451],[98.3269,2.18408],[98.32485,2.18395],[98.32448,2.18374],[98.32431,2.18315],[98.32437,2.18028],[98.32423,2.17907],[98.32389,2.17826],[98.32225,2.17602],[98.32166,2.17577],[98.31929,2.17603],[98.31722,2.17584],[98.31671,2.17688],[98.31546,2.1784],[98.31485,2.18008],[98.31451,2.18061],[98.31316,2.1816],[98.31218,2.18275],[98.30966,2.18367],[98.30917,2.18422],[98.30819,2.1861],[98.30621,2.18775],[98.30579,2.18787],[98.30527,2.18775],[98.3037,2.18695],[98.30278,2.18665],[98.30151,2.18671],[98.30085,2.18726],[98.29986,2.18907],[98.29932,2.18958],[98.29706,2.19042],[98.29626,2.19083],[98.29545,2.19139],[98.29321,2.19336],[98.29142,2.1937],[98.29058,2.19423],[98.29019,2.195],[98.29053,2.1964],[98.29065,2.19753],[98.29053,2.19845],[98.29028,2.19898],[98.28934,2.19986],[98.28806,2.20028],[98.28757,2.20113],[98.28585,2.20335],[98.28396,2.20483],[98.28299,2.20675],[98.28241,2.2076],[98.28184,2.20808],[98.28082,2.20847],[98.28028,2.20916],[98.28094,2.20956],[98.28167,2.2109],[98.28274,2.21219],[98.28329,2.2126],[98.28449,2.2132],[98.2851,2.21373],[98.28539,2.21441],[98.28605,2.21753],[98.28628,2.21932],[98.28619,2.22056],[98.28581,2.2214],[98.28482,2.22255],[98.28446,2.22338],[98.28407,2.22498],[98.28389,2.22694],[98.28271,2.22679],[98.28055,2.22676],[98.27885,2.22632],[98.27783,2.2258],[98.27703,2.22483],[98.2757,2.22396],[98.27501,2.22373],[98.27218,2.22326],[98.27033,2.22257],[98.26951,2.22185],[98.26896,2.22105],[98.26814,2.21877],[98.26683,2.21769],[98.26611,2.21786],[98.26464,2.21868],[98.26283,2.21938],[98.26209,2.21992],[98.26151,2.22009],[98.25966,2.21991],[98.25826,2.22013],[98.25652,2.22018],[98.25515,2.22076],[98.25406,2.22098],[98.25272,2.22104],[98.25007,2.22073],[98.2483,2.22118],[98.24745,2.2216],[98.24582,2.223],[98.24517,2.22388],[98.24465,2.22433],[98.24383,2.22465],[98.24178,2.22513],[98.24107,2.2255],[98.24008,2.22683],[98.23876,2.22759],[98.23805,2.22816],[98.23668,2.23006],[98.23389,2.23194],[98.23464,2.23331],[98.23481,2.23444],[98.23413,2.23683],[98.23457,2.2383],[98.23449,2.23992],[98.2341,2.24109],[98.23343,2.24211],[98.23139,2.24361],[98.22886,2.24398],[98.22705,2.2438],[98.22581,2.24406],[98.2246,2.24451],[98.22271,2.24457],[98.22194,2.24474],[98.22018,2.24573],[98.21946,2.24633],[98.21852,2.24784],[98.21741,2.24862],[98.21687,2.24971],[98.21514,2.2514],[98.21415,2.25263],[98.21348,2.25288],[98.21155,2.25296],[98.20934,2.25336],[98.20815,2.25407],[98.20721,2.25537],[98.20684,2.25561],[98.2063,2.25561],[98.20487,2.25517],[98.20417,2.25528],[98.20386,2.25318],[98.20417,2.25212],[98.20478,2.25077],[98.20478,2.25036],[98.20444,2.24986],[98.20319,2.24861],[98.20147,2.24732],[98.20069,2.24643],[98.20041,2.2463],[98.19899,2.24676],[98.19779,2.24686],[98.19662,2.24676],[98.19443,2.24622],[98.19376,2.24582],[98.19275,2.24435],[98.19116,2.24332],[98.19085,2.24264],[98.19095,2.24194],[98.19211,2.24001],[98.19285,2.23941],[98.19322,2.23889],[98.19353,2.23804],[98.19363,2.23714],[98.19346,2.23651],[98.19319,2.23613],[98.19221,2.23514],[98.19128,2.23447],[98.19081,2.23434],[98.18684,2.23414],[98.18419,2.23488],[98.18304,2.2358],[98.17861,2.23466],[98.17754,2.23466],[98.17549,2.23514],[98.17442,2.23497],[98.17404,2.23464],[98.1738,2.23406],[98.17438,2.23307],[98.17447,2.2327],[98.17447,2.2323],[98.17423,2.23163],[98.17304,2.23021],[98.17112,2.22898],[98.17038,2.22766],[98.16914,2.22602],[98.16874,2.22574],[98.16806,2.22556],[98.16677,2.22698],[98.16609,2.22796],[98.16598,2.22965],[98.16611,2.23233],[98.16599,2.23263],[98.165,2.23361],[98.1646,2.23305],[98.16505,2.23194],[98.16488,2.23137],[98.16444,2.23106],[98.16362,2.2309],[98.16164,2.22966],[98.15972,2.22709],[98.15796,2.22581],[98.15691,2.22417],[98.15553,2.22302],[98.15482,2.22181],[98.15327,2.22091],[98.15086,2.21813],[98.14903,2.21483],[98.1475,2.21312],[98.14681,2.21177],[98.14569,2.21033],[98.14444,2.20795],[98.14341,2.20645],[98.1428,2.20508],[98.14272,2.20443],[98.14364,2.20278],[98.14525,2.20148],[98.14541,2.20067],[98.14528,2.19861],[98.14434,2.19871],[98.14265,2.19812],[98.14139,2.19807],[98.14081,2.19778],[98.14014,2.19808],[98.1398,2.19845],[98.13941,2.20051],[98.13748,2.20117],[98.13402,2.20101],[98.12925,2.20177],[98.12833,2.20161],[98.12781,2.20128],[98.12752,2.20086],[98.12735,2.20017],[98.12755,2.19768],[98.12728,2.19667],[98.12667,2.19573],[98.12581,2.19487],[98.12539,2.19466],[98.12446,2.1945],[98.12385,2.19398],[98.12225,2.19156],[98.12191,2.19042],[98.12111,2.18972],[98.12197,2.18797],[98.12212,2.18707],[98.12243,2.18638],[98.12289,2.1859],[98.12474,2.1845],[98.12531,2.1836],[98.12539,2.17951],[98.12515,2.17871],[98.12419,2.17762],[98.12408,2.17714],[98.12438,2.1765],[98.1251,2.17571],[98.12543,2.1751],[98.12604,2.17242],[98.12646,2.17133],[98.12797,2.16971],[98.12779,2.1688],[98.12626,2.17063],[98.12489,2.17174],[98.12482,2.17245],[98.1243,2.17265],[98.12379,2.17312],[98.12348,2.17361],[98.12266,2.17442],[98.12031,2.17724],[98.11896,2.17856],[98.11784,2.17998],[98.11616,2.18126],[98.11598,2.1816],[98.11567,2.1817],[98.11441,2.18277],[98.11367,2.18359],[98.11329,2.18375],[98.11262,2.18453],[98.11197,2.1848],[98.1117,2.18522],[98.11101,2.18532],[98.11084,2.18576],[98.11048,2.18589],[98.11024,2.18627],[98.10981,2.18649],[98.10958,2.18679],[98.10926,2.18691],[98.10912,2.18724],[98.10877,2.18735],[98.10755,2.18826],[98.10726,2.18835],[98.10472,2.1903],[98.10401,2.19065],[98.10381,2.19093],[98.10299,2.1914],[98.10246,2.1915],[98.10197,2.19202],[98.10095,2.19248],[98.10049,2.19289],[98.09981,2.19303],[98.09747,2.19435],[98.09688,2.19486],[98.09625,2.19503],[98.09517,2.19591],[98.09458,2.19597],[98.09206,2.19769],[98.08998,2.19828],[98.08921,2.1987],[98.08889,2.19915],[98.0884,2.1992],[98.08802,2.19965],[98.08765,2.19972],[98.08723,2.20006],[98.08637,2.20047],[98.08598,2.20047],[98.08505,2.20106],[98.08429,2.20124],[98.08384,2.20162],[98.08268,2.20203],[98.08138,2.20278],[98.08059,2.20305],[98.08043,2.20323],[98.07991,2.20333],[98.07968,2.20369],[98.07869,2.2041],[98.07836,2.20456],[98.07793,2.20466],[98.07717,2.20534],[98.0762,2.20571],[98.07581,2.20615],[98.0748,2.20681],[98.07284,2.20774],[98.07164,2.20804],[98.07086,2.20861],[98.07041,2.20943],[98.07008,2.20925],[98.0699,2.20872],[98.06959,2.20849],[98.0693,2.20845],[98.0689,2.20884],[98.06833,2.20888],[98.06728,2.20953],[98.06494,2.21051],[98.06426,2.21097],[98.0633,2.21129],[98.06012,2.21311],[98.05997,2.21332],[98.05967,2.21335],[98.05948,2.21359],[98.05925,2.21362],[98.05833,2.21421],[98.0569,2.2149],[98.05675,2.21514],[98.05628,2.21529],[98.05564,2.21588],[98.0551,2.21599],[98.05461,2.21628],[98.05405,2.21635],[98.05369,2.21659],[98.05359,2.21691],[98.05315,2.21718],[98.05266,2.21727],[98.05235,2.21766],[98.05193,2.21777],[98.05154,2.21818],[98.0512,2.21826],[98.05065,2.21871],[98.04899,2.21938],[98.04836,2.2199],[98.04797,2.21989],[98.04725,2.22073],[98.04649,2.22099],[98.04508,2.22188],[98.0443,2.22208],[98.04278,2.22288],[98.04232,2.22329],[98.04185,2.2234],[98.04121,2.22393],[98.04086,2.22397],[98.04035,2.22454],[98.0398,2.22462],[98.03925,2.22509],[98.03895,2.22505],[98.03793,2.22574],[98.03739,2.22586],[98.03742,2.22604],[98.03768,2.2261],[98.03761,2.22616],[98.03558,2.22696],[98.03479,2.22747],[98.03444,2.22787],[98.03311,2.22822],[98.03253,2.22871],[98.02974,2.2301],[98.02905,2.23067],[98.02848,2.23066],[98.0281,2.23105],[98.02763,2.23115],[98.02475,2.23261],[98.0243,2.23266],[98.02331,2.23324],[98.02004,2.23473],[98.01959,2.23477],[98.01846,2.23522],[98.01787,2.23526],[98.01724,2.23567],[98.0162,2.23579],[98.01486,2.23641],[98.01432,2.23643],[98.01421,2.23667],[98.0135,2.23681],[98.00817,2.23985],[98.00648,2.24094],[98.00548,2.24139],[97.99974,2.24524],[97.99909,2.24557],[97.99644,2.24748],[97.99591,2.24765],[97.99339,2.24938],[97.99263,2.24972],[97.99221,2.25014],[97.98958,2.25177],[97.98919,2.25215],[97.98768,2.25313],[97.98264,2.25605],[97.98166,2.25676],[97.98118,2.2568],[97.98044,2.25744],[97.98005,2.25754],[97.9797,2.2579],[97.97887,2.25838],[97.97751,2.25885],[97.97516,2.26017],[97.9738,2.26061],[97.97311,2.26096],[97.9727,2.26097],[97.97203,2.26156],[97.97169,2.26159],[97.97155,2.26175],[97.97112,2.26185],[97.97109,2.26198],[97.97014,2.26229],[97.96884,2.26312],[97.96846,2.26315],[97.96759,2.26361],[97.96721,2.26361],[97.9665,2.26405],[97.96558,2.26409],[97.9627,2.26558],[97.96135,2.26593],[97.9606,2.26635],[97.9603,2.26624],[97.9595,2.26664],[97.95942,2.2669],[97.95694,2.2677],[97.95577,2.26821],[97.95521,2.26825],[97.95483,2.2685],[97.95394,2.26872],[97.95347,2.26852],[97.95292,2.2688],[97.95273,2.26906],[97.95198,2.26905],[97.95089,2.26952],[97.94968,2.26964],[97.94903,2.26992],[97.94833,2.26993],[97.94703,2.27026],[97.94653,2.27003],[97.94571,2.27015],[97.94396,2.27002],[97.94332,2.26985],[97.94313,2.26969],[97.94266,2.26978],[97.94187,2.26973],[97.9398,2.26934],[97.93886,2.26904],[97.93784,2.26915],[97.93659,2.269],[97.93632,2.26917],[97.93525,2.26942],[97.93456,2.26928],[97.93414,2.26966],[97.93307,2.27006],[97.93177,2.27004],[97.93144,2.2703],[97.93101,2.27042],[97.93107,2.27059],[97.93068,2.27078],[97.93003,2.27084],[97.92978,2.27069],[97.92945,2.2707],[97.92868,2.27118],[97.92788,2.27116],[97.92746,2.27152],[97.92627,2.27148],[97.92597,2.27174],[97.92456,2.27201],[97.92291,2.27191],[97.92216,2.2723],[97.91699,2.27197],[97.91456,2.27155],[97.91295,2.27094],[97.91204,2.27046],[97.91149,2.26961],[97.91047,2.26876],[97.90825,2.26653],[97.90708,2.26635],[97.90665,2.266],[97.90559,2.26458],[97.90434,2.26388],[97.90372,2.26299],[97.90286,2.2624],[97.90033,2.25955],[97.89989,2.25625],[97.89929,2.25481],[97.89863,2.25372],[97.89818,2.25333],[97.89785,2.25258],[97.89649,2.25101],[97.89588,2.25054],[97.89572,2.2502],[97.89392,2.24877],[97.89348,2.24827],[97.8923,2.24767],[97.89069,2.24644],[97.88994,2.24618],[97.88877,2.24513],[97.88795,2.24482],[97.88721,2.24432],[97.88679,2.2442],[97.88552,2.24339],[97.88505,2.24333],[97.88496,2.24318],[97.88242,2.24238],[97.88067,2.24229],[97.87996,2.24246],[97.87955,2.24239],[97.87948,2.24252],[97.87809,2.24281],[97.87704,2.24324],[97.87667,2.24309],[97.87632,2.24333],[97.87545,2.24348],[97.87472,2.24384],[97.87418,2.24383],[97.87344,2.24426],[97.8722,2.24449],[97.8718,2.24443],[97.87123,2.24467],[97.87074,2.24467],[97.87043,2.24489],[97.86947,2.24483],[97.86922,2.24498],[97.86899,2.24523],[97.86888,2.24591],[97.86868,2.24607],[97.86871,2.24639],[97.86849,2.24662],[97.86818,2.24787],[97.86844,2.24899],[97.86904,2.24995],[97.87008,2.25009],[97.87042,2.25032],[97.8714,2.2506],[97.87158,2.25084],[97.87224,2.2512],[97.87258,2.25006],[97.87229,2.24961],[97.87221,2.24901],[97.87187,2.24863],[97.87191,2.24834],[97.87369,2.24762],[97.87445,2.24782],[97.87468,2.24799],[97.87623,2.24812],[97.87702,2.24882],[97.87725,2.24882],[97.87786,2.24936],[97.87832,2.2495],[97.87961,2.25129],[97.87992,2.25136],[97.88009,2.25155],[97.88064,2.25158],[97.88167,2.25247],[97.88256,2.25265],[97.88338,2.2534],[97.88372,2.25352],[97.88395,2.25343],[97.88431,2.25372],[97.88485,2.25352],[97.8854,2.25404],[97.88608,2.25406],[97.88682,2.25434],[97.88717,2.25459],[97.88737,2.25501],[97.88822,2.25557],[97.88894,2.25651],[97.88936,2.2568],[97.88947,2.25752],[97.88981,2.2579],[97.89007,2.25955],[97.89023,2.2597],[97.89023,2.26006],[97.89034,2.26018],[97.8903,2.2613],[97.89047,2.26159],[97.89057,2.26389],[97.8911,2.26429],[97.89137,2.26476],[97.89168,2.26471],[97.89197,2.26512],[97.89221,2.26519],[97.89258,2.26628],[97.89279,2.26651],[97.89273,2.26717],[97.89306,2.26736],[97.89294,2.26776],[97.89309,2.26824],[97.89305,2.26857],[97.89328,2.26893],[97.89341,2.26955],[97.89329,2.27055],[97.89314,2.27074],[97.89326,2.27175],[97.89308,2.2723],[97.89369,2.27252],[97.89418,2.27296],[97.89546,2.27371],[97.89583,2.27455],[97.89649,2.27484],[97.89664,2.2756],[97.89695,2.27612],[97.89773,2.27655],[97.89835,2.27713],[97.89841,2.2775],[97.89892,2.27815],[97.899,2.27921],[97.89882,2.27972],[97.89829,2.28022],[97.89811,2.28022],[97.89805,2.27983],[97.89782,2.27964],[97.89589,2.27977],[97.89453,2.27795],[97.89416,2.27767],[97.89383,2.27711],[97.89349,2.2769],[97.89324,2.27623],[97.89284,2.2758],[97.89213,2.27587],[97.89173,2.27626],[97.89015,2.27585],[97.88978,2.27601],[97.88945,2.27595],[97.88905,2.27619],[97.88828,2.27588],[97.88775,2.27601],[97.8873,2.27581],[97.88609,2.27614],[97.88492,2.27664],[97.88437,2.27655],[97.884,2.27667],[97.88301,2.27569],[97.88266,2.27582],[97.88234,2.27563],[97.88193,2.27567],[97.8819,2.27527],[97.88166,2.27504],[97.88073,2.27474],[97.87985,2.27465],[97.87948,2.27445],[97.87785,2.27423],[97.87746,2.27396],[97.8761,2.27376],[97.87571,2.27353],[97.87541,2.27358],[97.87433,2.2733],[97.87372,2.273],[97.87335,2.27296],[97.87264,2.27252],[97.87181,2.27233],[97.87148,2.27244],[97.87103,2.272],[97.87049,2.2717],[97.86828,2.27106],[97.86669,2.27011],[97.86581,2.26923],[97.86516,2.26894],[97.8644,2.26809],[97.86348,2.2677],[97.86299,2.26704],[97.86305,2.26675],[97.8626,2.26603],[97.86181,2.26591],[97.8618,2.2652],[97.86159,2.26483],[97.86091,2.26441],[97.86079,2.2642],[97.86033,2.26412],[97.86028,2.26389],[97.86003,2.26366],[97.85995,2.26329],[97.8596,2.26324],[97.85921,2.26257],[97.85894,2.26261],[97.85877,2.2625],[97.85916,2.26122],[97.85849,2.26071],[97.85801,2.26064],[97.85812,2.26035],[97.85799,2.25989],[97.85815,2.2591],[97.85815,2.25697],[97.85825,2.25611],[97.85875,2.25527],[97.85906,2.2552],[97.85921,2.25576],[97.85962,2.25581],[97.86021,2.25529],[97.86191,2.25441],[97.86379,2.254],[97.86424,2.2532],[97.86416,2.25294],[97.86433,2.25248],[97.86481,2.25206],[97.8651,2.2516],[97.8654,2.25152],[97.86576,2.25173],[97.86611,2.25175],[97.86663,2.25164],[97.86711,2.2509],[97.86716,2.2505],[97.86759,2.25035],[97.86765,2.25023],[97.86737,2.24907],[97.86647,2.24837],[97.86494,2.24805],[97.8642,2.24812],[97.8636,2.24851],[97.86311,2.24865],[97.86235,2.24918],[97.85845,2.251],[97.85797,2.25106],[97.85708,2.25168],[97.85608,2.25165],[97.85562,2.25178],[97.85495,2.25213],[97.8546,2.25274],[97.85376,2.25273],[97.85303,2.25318],[97.85271,2.25356],[97.85165,2.25379],[97.85103,2.25418],[97.8502,2.25437],[97.84957,2.25502],[97.84792,2.25512],[97.84751,2.25537],[97.84686,2.25543],[97.84624,2.25578],[97.84566,2.25576],[97.84508,2.2561],[97.84407,2.25632],[97.84387,2.25657],[97.84346,2.2567],[97.84335,2.257],[97.84285,2.25692],[97.8413,2.2575],[97.83995,2.25851],[97.83866,2.25898],[97.83784,2.25952],[97.83755,2.2595],[97.83749,2.2594],[97.83772,2.25904],[97.83748,2.25894],[97.8369,2.25948],[97.83676,2.26014],[97.83655,2.26009],[97.83611,2.26068],[97.83555,2.26089],[97.8353,2.26119],[97.83374,2.26211],[97.83325,2.26229],[97.83068,2.26425],[97.82897,2.2644],[97.82853,2.26464],[97.8282,2.26465],[97.82794,2.26488],[97.8265,2.26513],[97.82543,2.26553],[97.82371,2.2656],[97.82285,2.26591],[97.82176,2.26605],[97.8197,2.26659],[97.81562,2.2678],[97.81241,2.2685],[97.80754,2.26871],[97.80588,2.2684],[97.80494,2.26845],[97.8031,2.26811],[97.80054,2.2672],[97.79866,2.26574],[97.79816,2.26515],[97.79748,2.26399],[97.79766,2.26292],[97.79755,2.26244],[97.79613,2.25991],[97.79593,2.25946],[97.79588,2.25849],[97.79576,2.25817],[97.79507,2.25715],[97.79449,2.25591],[97.79412,2.25393],[97.7941,2.25217],[97.79384,2.25106],[97.79345,2.25051],[97.79355,2.24964],[97.79446,2.24873],[97.79568,2.24688],[97.79605,2.24592],[97.79623,2.24459],[97.79624,2.24289],[97.79602,2.24127],[97.79527,2.24016],[97.79447,2.2395],[97.79312,2.23868],[97.7926,2.23816],[97.79192,2.23789],[97.79143,2.23727],[97.79113,2.2371],[97.79017,2.23468],[97.78982,2.2341],[97.78955,2.23389],[97.78847,2.23342],[97.78809,2.23308],[97.78705,2.23272],[97.78509,2.23265],[97.78367,2.23234],[97.78318,2.23193],[97.78248,2.23164],[97.78194,2.23061],[97.78165,2.23072],[97.78145,2.23128],[97.78161,2.2323],[97.7812,2.23266],[97.78124,2.23446],[97.78067,2.23593],[97.78042,2.23727],[97.77769,2.23928],[97.7774,2.23902],[97.77707,2.23896],[97.77652,2.24004],[97.77623,2.24109],[97.77641,2.24274],[97.7762,2.24374],[97.77552,2.24601],[97.77494,2.24707],[97.77457,2.24845],[97.77241,2.25385],[97.76918,2.25834],[97.76895,2.2586],[97.76845,2.25879],[97.76715,2.26126],[97.76567,2.26257],[97.76492,2.26299],[97.76433,2.26368],[97.76088,2.26617],[97.75782,2.26908],[97.75154,2.27739],[97.75122,2.27812],[97.75045,2.27888],[97.75028,2.27944],[97.74977,2.28014],[97.74923,2.28045],[97.74856,2.28255],[97.74774,2.28322],[97.7474,2.28385],[97.74653,2.28466],[97.74619,2.28531],[97.74613,2.28625],[97.74596,2.28672],[97.74525,2.28778],[97.74464,2.28979],[97.74274,2.29352],[97.74223,2.29422],[97.74208,2.29468],[97.74173,2.29507],[97.74002,2.2993],[97.73968,2.30333],[97.73929,2.3046],[97.73924,2.30565],[97.73891,2.30659],[97.73869,2.30798],[97.73746,2.31027],[97.73708,2.31058],[97.737,2.31091],[97.73648,2.3113],[97.7357,2.31311],[97.73112,2.31826],[97.72606,2.32347],[97.72533,2.32448],[97.72429,2.32525],[97.72313,2.32666],[97.72186,2.32773],[97.72123,2.32876],[97.71995,2.33001],[97.71855,2.33169],[97.71766,2.33328],[97.71758,2.33368],[97.71679,2.33482],[97.71527,2.33827],[97.71462,2.33896],[97.71385,2.34044],[97.71345,2.34074],[97.71329,2.34148],[97.71265,2.34227],[97.71185,2.34366],[97.71012,2.34617],[97.70895,2.34743],[97.70702,2.35031],[97.70528,2.35248],[97.70344,2.35459],[97.70287,2.35497],[97.70268,2.35541],[97.7012,2.35689],[97.70106,2.35744],[97.70076,2.3576],[97.70043,2.35813],[97.70019,2.35828],[97.70001,2.35868],[97.69916,2.35951],[97.69806,2.36093],[97.6974,2.36207],[97.69673,2.3628],[97.69599,2.36335],[97.69579,2.36373],[97.69541,2.36403],[97.69445,2.36526],[97.69237,2.36727],[97.69059,2.36882],[97.68884,2.36991],[97.68778,2.37128],[97.68665,2.3723],[97.68653,2.37254],[97.68569,2.37318],[97.68436,2.37476],[97.68336,2.37557],[97.68258,2.37662],[97.68105,2.37829],[97.67981,2.37928],[97.67956,2.37968],[97.67909,2.37997],[97.67821,2.38088],[97.67774,2.38109],[97.67652,2.38235],[97.67441,2.38415],[97.67387,2.38499],[97.6731,2.38563],[97.67306,2.38591],[97.67266,2.3864],[97.67057,2.38813],[97.66966,2.38944],[97.66854,2.39047],[97.66806,2.39123],[97.667,2.39253],[97.66679,2.39262],[97.66612,2.39369],[97.66565,2.39416],[97.66523,2.39501],[97.66503,2.39589],[97.66465,2.39632],[97.6632,2.40199],[97.6626,2.40356],[97.66266,2.40475],[97.66208,2.40813],[97.66214,2.40975],[97.66179,2.41132],[97.66121,2.41653],[97.66102,2.41737],[97.66119,2.41953],[97.66101,2.42291],[97.66108,2.42455],[97.66091,2.42668],[97.66051,2.42785],[97.66054,2.42902],[97.66025,2.43069],[97.65993,2.44119],[97.65963,2.44193],[97.65961,2.44483],[97.65905,2.44773],[97.65904,2.44927],[97.65863,2.45402],[97.65829,2.45672],[97.6582,2.45852],[97.658,2.45931],[97.65815,2.45966],[97.65791,2.4611],[97.658,2.46133],[97.65785,2.46266],[97.65791,2.4651],[97.65775,2.46827],[97.65788,2.46868],[97.65777,2.46913],[97.6578,2.46924],[97.65833,2.46925],[97.65837,2.46938],[97.65814,2.46985],[97.65786,2.46983],[97.65784,2.4708],[97.65762,2.47145],[97.65768,2.4728],[97.65721,2.47482],[97.65728,2.47734],[97.65738,2.4774],[97.65757,2.47725],[97.65787,2.47679],[97.6578,2.47844],[97.65802,2.47985],[97.65801,2.48056],[97.65779,2.48087],[97.65768,2.48194],[97.65781,2.48308],[97.65784,2.4868],[97.65795,2.48724],[97.65792,2.49303],[97.65824,2.49601],[97.6585,2.49643],[97.65864,2.4973],[97.65852,2.49837],[97.65872,2.49929],[97.65853,2.5],[97.65879,2.50132],[97.6587,2.50428],[97.65852,2.50581],[97.65829,2.5062],[97.6584,2.5084],[97.65829,2.51086],[97.65841,2.51171],[97.65833,2.51197],[97.65858,2.51275],[97.65848,2.51328],[97.65882,2.51401],[97.65865,2.51501],[97.65875,2.51564],[97.6586,2.51642],[97.65872,2.5168],[97.65869,2.51778],[97.65884,2.51924],[97.65904,2.51996],[97.65932,2.52349],[97.65918,2.52433],[97.65927,2.52579],[97.65899,2.52646],[97.65898,2.53079],[97.65884,2.53209],[97.65842,2.53368],[97.65831,2.53643],[97.65809,2.53762],[97.65794,2.53985],[97.65809,2.54145],[97.65794,2.54212],[97.65797,2.54563],[97.65775,2.54689],[97.65771,2.54801],[97.65788,2.54808],[97.65793,2.5483],[97.65767,2.54932],[97.65779,2.55299],[97.65753,2.55492],[97.65766,2.55575],[97.65744,2.55859],[97.65757,2.55961],[97.65737,2.56171],[97.65748,2.56363],[97.65725,2.56386],[97.65729,2.56449],[97.65713,2.56503],[97.65727,2.56664],[97.65711,2.56725],[97.65725,2.56803],[97.65704,2.56904],[97.65722,2.57038],[97.65697,2.57114],[97.657,2.57183],[97.65679,2.57341],[97.65664,2.58288],[97.65674,2.58347],[97.65654,2.58478],[97.65679,2.58585],[97.65658,2.58995],[97.65643,2.59025],[97.65626,2.59147],[97.65624,2.59348],[97.65599,2.59504],[97.65594,2.59726],[97.6557,2.59932],[97.6557,2.59978],[97.65606,2.60039],[97.6561,2.60313],[97.65556,2.60514],[97.65526,2.60547],[97.65528,2.60686],[97.65511,2.6082],[97.65487,2.60883],[97.65475,2.61054],[97.6548,2.61071],[97.65561,2.61092],[97.6566,2.61074],[97.65843,2.61122],[97.66267,2.61166],[97.66278,2.61158],[97.66293,2.6129],[97.66314,2.61368],[97.66352,2.61414],[97.66439,2.6147],[97.66519,2.61593],[97.66558,2.61611],[97.66759,2.61641],[97.66845,2.61681],[97.66879,2.61713],[97.66908,2.61815],[97.66946,2.6186],[97.67132,2.61891],[97.67375,2.61978],[97.67523,2.61966],[97.67552,2.62169],[97.67591,2.62262],[97.67638,2.6233],[97.67755,2.6242],[97.67972,2.62505],[97.67979,2.62529],[97.67969,2.6256],[97.67814,2.62785],[97.6779,2.62851],[97.67814,2.62931],[97.67971,2.63217],[97.67973,2.63291],[97.68027,2.63399],[97.68033,2.63471],[97.67896,2.63612],[97.67827,2.6371],[97.67793,2.63803],[97.67793,2.63891],[97.67833,2.64043],[97.67844,2.64211],[97.67865,2.64307],[97.67966,2.64445],[97.67999,2.64512],[97.67987,2.64723],[97.68051,2.64988],[97.68088,2.65013],[97.68243,2.65043],[97.68309,2.65069],[97.68361,2.65125],[97.68444,2.6527],[97.68444,2.65306],[97.68321,2.6553],[97.68336,2.65663],[97.6829,2.65813],[97.68317,2.65899],[97.68424,2.66001],[97.68493,2.66102],[97.68546,2.66232],[97.68554,2.66298],[97.68544,2.66323],[97.68435,2.66397],[97.68369,2.66475],[97.68348,2.66524],[97.68324,2.66673],[97.683,2.66714],[97.68262,2.66749],[97.68054,2.6684],[97.67995,2.66915],[97.67881,2.67115],[97.67852,2.67195],[97.67842,2.67279],[97.67882,2.67411],[97.67904,2.6763],[97.67925,2.67685],[97.67967,2.67736],[97.68206,2.67897],[97.68316,2.68075],[97.68424,2.68144],[97.6859,2.68199],[97.68644,2.68254],[97.68716,2.6837],[97.68758,2.68414],[97.68798,2.68428],[97.6898,2.68447],[97.69089,2.68476],[97.69222,2.68569],[97.69266,2.68581],[97.6955,2.68564],[97.69615,2.68607],[97.69665,2.68722],[97.69666,2.68801],[97.69632,2.68874],[97.69448,2.6903],[97.69337,2.69164],[97.69247,2.69232],[97.69152,2.69343],[97.69091,2.6937],[97.69026,2.69355],[97.68971,2.69363],[97.68907,2.69404],[97.68861,2.69459],[97.68844,2.6952],[97.68855,2.69639],[97.68958,2.69711],[97.68991,2.6975],[97.69004,2.69789],[97.68986,2.69861],[97.69022,2.69903],[97.69102,2.69961],[97.69229,2.70018],[97.6935,2.70041],[97.69604,2.70029],[97.69672,2.70009],[97.69727,2.69977],[97.69832,2.69831],[97.69989,2.69721],[97.70029,2.69716],[97.70067,2.69746],[97.70081,2.69776],[97.70097,2.6995],[97.70161,2.7014],[97.70254,2.70244],[97.70327,2.70369],[97.70373,2.70417],[97.70476,2.70458],[97.7077,2.70531],[97.70874,2.70525],[97.70936,2.705],[97.7095,2.7053],[97.70961,2.70642],[97.7104,2.70733],[97.71076,2.7085],[97.71095,2.70866],[97.71185,2.70898],[97.71267,2.70955],[97.71336,2.70985],[97.7143,2.71004],[97.71552,2.70995],[97.71626,2.71003],[97.71979,2.71173],[97.72021,2.71235],[97.71968,2.71403],[97.71958,2.71517],[97.72049,2.71702],[97.7215,2.71813],[97.72224,2.71828],[97.72372,2.71752],[97.72409,2.71757],[97.72492,2.7186],[97.72514,2.72052],[97.72535,2.72101],[97.72564,2.72121],[97.72929,2.72031],[97.73044,2.72027],[97.73084,2.72044],[97.73111,2.72074],[97.73164,2.72197],[97.7322,2.72288],[97.73311,2.72359],[97.7341,2.72389],[97.73431,2.7252],[97.73453,2.72552],[97.73513,2.72592],[97.73523,2.7265],[97.73482,2.72752],[97.73456,2.72774],[97.73378,2.72803],[97.73265,2.72815],[97.73093,2.72792],[97.72881,2.72797],[97.72809,2.72826],[97.72795,2.72856],[97.72802,2.72931],[97.72866,2.73163],[97.72858,2.73277],[97.72804,2.73336],[97.7262,2.73417],[97.72579,2.7347],[97.72568,2.73536],[97.72605,2.73806],[97.7266,2.73837],[97.72691,2.73879],[97.72709,2.73998],[97.72743,2.74091],[97.72799,2.74352],[97.72826,2.74397],[97.72859,2.74417],[97.72894,2.74421],[97.73115,2.74327],[97.73158,2.74327],[97.7323,2.74369],[97.73304,2.74292],[97.7336,2.74258],[97.73441,2.74248],[97.73508,2.74269],[97.73699,2.74459],[97.73987,2.74621],[97.74344,2.74764],[97.7442,2.74812],[97.74514,2.7508],[97.74594,2.75239],[97.74688,2.75473],[97.74721,2.75499],[97.74805,2.75503],[97.7483,2.75519],[97.74839,2.7558],[97.74774,2.75698],[97.74741,2.75852],[97.74735,2.75954],[97.74772,2.76073],[97.74767,2.76131],[97.74607,2.76354],[97.74596,2.76403],[97.74614,2.76486],[97.74599,2.76556],[97.74631,2.76594],[97.7474,2.76661],[97.74771,2.76713],[97.7491,2.76996],[97.75005,2.77322],[97.75093,2.77414],[97.75135,2.77485],[97.75159,2.7759],[97.7516,2.77662],[97.75126,2.77717],[97.75096,2.77727],[97.74901,2.77697],[97.74868,2.77705],[97.74845,2.77727],[97.74835,2.77761],[97.74853,2.7789],[97.74796,2.78041],[97.74784,2.7826],[97.74746,2.78303],[97.74633,2.78361],[97.7455,2.78422],[97.74515,2.78475],[97.74493,2.78583],[97.74536,2.78595],[97.746,2.78576],[97.74667,2.78579],[97.7484,2.78677],[97.74925,2.78632],[97.74978,2.78639],[97.75001,2.7866],[97.7507,2.7883],[97.75077,2.78893],[97.74936,2.79056],[97.749,2.7914],[97.74899,2.79197],[97.74913,2.79247],[97.74976,2.79317],[97.75015,2.79392],[97.75044,2.79571],[97.75146,2.79668],[97.7517,2.79736],[97.75151,2.79785],[97.7507,2.79865],[97.75081,2.79997],[97.75064,2.80054],[97.74982,2.80131],[97.74924,2.80218],[97.74805,2.80295],[97.74667,2.80414],[97.74632,2.805],[97.74639,2.80586],[97.74695,2.80687],[97.74718,2.80778],[97.74819,2.80891],[97.74882,2.81068],[97.74966,2.81244],[97.75007,2.81305],[97.75072,2.81359],[97.75132,2.8137],[97.75192,2.81341],[97.75229,2.81267],[97.75299,2.81038],[97.75328,2.8099],[97.75362,2.80965],[97.75403,2.80968],[97.75501,2.81055],[97.75739,2.81126],[97.75815,2.81172],[97.75855,2.81274],[97.7593,2.81564],[97.7599,2.81939],[97.76089,2.81999],[97.76133,2.82045],[97.76227,2.82254],[97.76288,2.82303],[97.76351,2.82316],[97.76429,2.82291],[97.76631,2.82091],[97.76837,2.82],[97.76904,2.81937],[97.76938,2.81833],[97.77089,2.81869],[97.77178,2.81876],[97.77192,2.81892],[97.77134,2.81997],[97.77095,2.82114],[97.76966,2.82298],[97.76881,2.82444],[97.76716,2.82604],[97.76653,2.82733],[97.76586,2.82983],[97.7649,2.8325],[97.76496,2.83338],[97.76574,2.83505],[97.76578,2.83597],[97.7654,2.8369],[97.76458,2.83773],[97.76384,2.83917],[97.76351,2.84063],[97.76312,2.8409],[97.76285,2.84093],[97.76122,2.84018],[97.76069,2.8403],[97.76014,2.84089],[97.76014,2.84157],[97.76045,2.8426],[97.76072,2.84301],[97.76216,2.84406],[97.76271,2.8452],[97.76297,2.84651],[97.76245,2.84795],[97.76258,2.8489],[97.7633,2.85118],[97.76325,2.85174],[97.76299,2.85223],[97.76434,2.85347],[97.76572,2.85507],[97.76592,2.85545],[97.76618,2.85666],[97.76632,2.85917],[97.77214,2.85904],[97.77368,2.85887],[97.77693,2.85779],[97.77857,2.85667],[97.77938,2.85576],[97.77967,2.85521],[97.77909,2.85405],[97.77909,2.85266],[97.78014,2.84941],[97.7807,2.84721],[97.78235,2.84219],[97.78251,2.84125],[97.78245,2.84018],[97.78221,2.83948],[97.78117,2.83868],[97.7811,2.8384],[97.78243,2.83716],[97.78314,2.83687],[97.78366,2.83693],[97.78482,2.83757],[97.78554,2.83779],[97.78616,2.83786],[97.78681,2.8377],[97.78735,2.83778],[97.79027,2.83904],[97.79185,2.84],[97.79239,2.84001],[97.79335,2.83963],[97.79507,2.83963],[97.79712,2.84081],[97.79855,2.84118],[97.79983,2.84123],[97.80044,2.84112],[97.80099,2.84083],[97.80221,2.83972],[97.80378,2.83915],[97.80443,2.83909],[97.80596,2.8395],[97.8085,2.83995],[97.81074,2.84076],[97.81393,2.84134],[97.81521,2.84169],[97.81547,2.84157],[97.8157,2.84124],[97.81631,2.8387],[97.81652,2.8383],[97.81722,2.83786],[97.81848,2.83749],[97.81944,2.83754],[97.82041,2.83811],[97.82278,2.83822],[97.82565,2.83868],[97.82779,2.83777],[97.82895,2.83747],[97.83088,2.83732],[97.83311,2.83737],[97.83488,2.83771],[97.83654,2.83868],[97.83783,2.83918],[97.83862,2.83924],[97.84027,2.83909],[97.84397,2.84007],[97.84509,2.83998],[97.84811,2.84056],[97.849,2.84063],[97.84971,2.84034],[97.85022,2.83972],[97.85159,2.84045],[97.85312,2.84184],[97.85414,2.84243],[97.85551,2.84282],[97.85767,2.84294],[97.85891,2.84315],[97.86084,2.84418],[97.86169,2.84511],[97.86271,2.84556],[97.86289,2.84624],[97.86369,2.84781],[97.86404,2.8483],[97.86499,2.84913],[97.86526,2.85008],[97.86523,2.85141],[97.86492,2.85254],[97.86441,2.85321],[97.86334,2.85378],[97.86295,2.85417],[97.86308,2.85575],[97.8627,2.85873],[97.86322,2.85896],[97.86457,2.85922],[97.86486,2.85942],[97.86572,2.86068],[97.86638,2.86106],[97.86998,2.86137],[97.87088,2.86171],[97.87108,2.86195],[97.87143,2.86302],[97.87235,2.86405],[97.87246,2.86456],[97.87111,2.86783],[97.87062,2.86862],[97.87,2.86881],[97.86814,2.86826],[97.86686,2.86942],[97.86352,2.86987],[97.86286,2.87028],[97.86111,2.87194],[97.85996,2.8725],[97.85818,2.87306],[97.85745,2.87361],[97.85706,2.8753],[97.8567,2.87979],[97.85618,2.88306],[97.85628,2.88452],[97.85714,2.88765],[97.85744,2.88818],[97.85821,2.88903],[97.8591,2.8895],[97.86026,2.88991],[97.86069,2.89021],[97.86092,2.89061],[97.86096,2.89108],[97.86068,2.89235],[97.86111,2.89369],[97.86341,2.89489],[97.86482,2.89601],[97.86636,2.89687],[97.86778,2.89854],[97.87069,2.90135],[97.87354,2.90368],[97.87794,2.90698],[97.8789,2.90784],[97.8798,2.90905],[97.8817,2.90993],[97.88282,2.9107],[97.88337,2.91075],[97.88382,2.91056],[97.88534,2.90903],[97.88745,2.90812],[97.88973,2.90599],[97.89192,2.90508],[97.89382,2.90472],[97.89377,2.90637],[97.89388,2.90765],[97.89426,2.90844],[97.89499,2.90908],[97.89526,2.9096],[97.89513,2.91094],[97.89458,2.91234],[97.89474,2.91304],[97.89518,2.91372],[97.89567,2.9142],[97.8969,2.91503],[97.89784,2.91534],[97.89935,2.91546],[97.90004,2.91564],[97.90118,2.91646],[97.90315,2.91722],[97.90374,2.91766],[97.90386,2.9179],[97.90383,2.91834],[97.90249,2.91955],[97.90213,2.92022],[97.90224,2.92124],[97.90281,2.92218],[97.90317,2.92241],[97.90445,2.92161],[97.90755,2.92076],[97.90809,2.92082],[97.90879,2.9211],[97.9096,2.92174],[97.90993,2.92225],[97.911,2.92482],[97.91225,2.92577],[97.91242,2.92612],[97.91251,2.92709],[97.91161,2.93129],[97.91161,2.93187],[97.91188,2.93278],[97.91105,2.93637],[97.91021,2.93813],[97.90841,2.94078],[97.90816,2.94153],[97.9091,2.94409],[97.9098,2.94667],[97.91032,2.94764],[97.90966,2.94897],[97.9089,2.95295],[97.90866,2.95785],[97.90887,2.96078],[97.9091,2.96223],[97.90855,2.96285],[97.90716,2.96368],[97.90556,2.96422],[97.90258,2.9648],[97.90014,2.96605],[97.89926,2.96706],[97.8975,2.97047],[97.895,2.97251],[97.89386,2.97174],[97.89156,2.97104],[97.88917,2.96979],[97.88761,2.96926],[97.88518,2.96891],[97.88083,2.9685],[97.87653,2.96747],[97.87538,2.96736],[97.87435,2.96747],[97.87379,2.96771],[97.87259,2.96905],[97.87072,2.97062],[97.86941,2.97091],[97.86704,2.97076],[97.86652,2.97092],[97.86511,2.97179],[97.86438,2.97196],[97.86363,2.97185],[97.86312,2.9716],[97.86152,2.97007],[97.8608,2.9697],[97.8582,2.96946],[97.85667,2.96885],[97.8559,2.96868],[97.85521,2.96861],[97.85488,2.96889],[97.85151,2.96825],[97.85033,2.96819],[97.84892,2.96848],[97.84735,2.96923],[97.84508,2.96929],[97.84381,2.96946],[97.84073,2.9711],[97.83716,2.97203],[97.83583,2.97208],[97.83471,2.97185],[97.83344,2.97095],[97.83229,2.96946],[97.83118,2.96852],[97.83035,2.96755],[97.82994,2.96694],[97.82933,2.96553],[97.8287,2.96474],[97.8272,2.96403],[97.82411,2.96226],[97.82217,2.96066],[97.8211,2.95919],[97.82048,2.95887],[97.81919,2.95861],[97.81869,2.95823],[97.81855,2.95778],[97.81674,2.95877],[97.81426,2.95924],[97.81271,2.96018],[97.8104,2.96116],[97.81003,2.96095],[97.80889,2.9593],[97.8075,2.95672],[97.80717,2.95631],[97.80599,2.95575],[97.80478,2.95555],[97.80429,2.95562],[97.80393,2.95585],[97.80368,2.95623],[97.80236,2.96132],[97.80291,2.96228],[97.80357,2.96482],[97.80468,2.96719],[97.80496,2.9691],[97.80493,2.97025],[97.80449,2.97114],[97.80309,2.97201],[97.80146,2.97359],[97.80106,2.97372],[97.80075,2.9736],[97.80003,2.97247],[97.79829,2.97153],[97.79656,2.9698],[97.79538,2.96902],[97.79352,2.96814],[97.79204,2.96725],[97.78919,2.96692],[97.78832,2.96667],[97.78787,2.96639],[97.78744,2.96579],[97.78695,2.96377],[97.7866,2.96311],[97.78493,2.96152],[97.78372,2.96003],[97.78209,2.95879],[97.7793,2.95764],[97.77845,2.95716],[97.77799,2.95716],[97.77734,2.9575],[97.77691,2.95795],[97.77679,2.95833],[97.77697,2.95902],[97.77684,2.95931],[97.77519,2.96069],[97.77452,2.96092],[97.77404,2.96081],[97.77369,2.96055],[97.77217,2.95875],[97.77012,2.95771],[97.76953,2.95729],[97.76856,2.95613],[97.7682,2.95495],[97.76832,2.95276],[97.76891,2.95082],[97.76813,2.94646],[97.76757,2.94463],[97.76688,2.94296],[97.76424,2.9385],[97.76346,2.93678],[97.76268,2.93626],[97.75957,2.93514],[97.75897,2.93472],[97.75759,2.93332],[97.75486,2.93205],[97.75429,2.93198],[97.75319,2.93285],[97.75261,2.93276],[97.75196,2.93222],[97.74967,2.93083],[97.74919,2.93035],[97.74846,2.92912],[97.74747,2.92854],[97.74589,2.92864],[97.7444,2.92905],[97.74396,2.9293],[97.74375,2.92952],[97.74353,2.93028],[97.74312,2.93082],[97.74135,2.93181],[97.74077,2.93237],[97.74049,2.93286],[97.73958,2.93603],[97.73958,2.9372],[97.7398,2.93813],[97.74014,2.93859],[97.74112,2.93924],[97.7419,2.94014],[97.74325,2.94125],[97.74396,2.94245],[97.74417,2.94307],[97.74408,2.94424],[97.74344,2.9459],[97.7437,2.94795],[97.74361,2.94942],[97.74327,2.95037],[97.74216,2.95196],[97.7416,2.95359],[97.74119,2.95421],[97.74095,2.95491],[97.74091,2.95937],[97.74105,2.96111],[97.74007,2.96166],[97.73674,2.96223],[97.73521,2.96278],[97.73379,2.96103],[97.7324,2.95966],[97.72998,2.95803],[97.72783,2.95791],[97.72704,2.9577],[97.72447,2.95576],[97.72339,2.95471],[97.72062,2.95326],[97.71926,2.95184],[97.71871,2.95149],[97.71714,2.95126],[97.71559,2.9514],[97.71325,2.95304],[97.71223,2.95436],[97.71185,2.95526],[97.71105,2.95406],[97.70958,2.9525],[97.70896,2.95147],[97.70827,2.95063],[97.70758,2.9494],[97.70732,2.94855],[97.70699,2.94617],[97.70674,2.94534],[97.70587,2.94444],[97.70412,2.94344],[97.70327,2.94212],[97.70244,2.94135],[97.70212,2.94081],[97.70209,2.94003],[97.7023,2.93948],[97.70381,2.93819],[97.70423,2.93768],[97.70439,2.93716],[97.70417,2.93672],[97.70299,2.93677],[97.70188,2.93662],[97.70107,2.93673],[97.69827,2.93867],[97.69738,2.93892],[97.69672,2.93893],[97.69535,2.93875],[97.69451,2.93847],[97.69269,2.93715],[97.69121,2.93733],[97.69046,2.93719],[97.68969,2.93687],[97.68854,2.93611],[97.68761,2.93667],[97.6866,2.93765],[97.68576,2.93942],[97.68525,2.94014],[97.68489,2.94032],[97.68339,2.94051],[97.6823,2.94085],[97.6814,2.93986],[97.68078,2.93878],[97.68033,2.93567],[97.6802,2.93511],[97.67991,2.93456],[97.6783,2.93347],[97.6772,2.9325],[97.6758,2.93181],[97.6748,2.93085],[97.67452,2.93073],[97.67424,2.93085],[97.67382,2.93132],[97.67299,2.93351],[97.67269,2.93399],[97.67219,2.93431],[97.66895,2.93555],[97.66828,2.93604],[97.6673,2.93797],[97.66549,2.9402],[97.66508,2.94098],[97.66489,2.94154],[97.66498,2.94288],[97.66479,2.94331],[97.66387,2.94417],[97.66239,2.94486],[97.66161,2.94542],[97.66008,2.94748],[97.65908,2.94847],[97.65765,2.94948],[97.65605,2.95177],[97.65549,2.95222],[97.65539,2.95348],[97.65547,2.95438],[97.65667,2.95734],[97.65691,2.95832],[97.65702,2.95973],[97.65691,2.96078],[97.65679,2.96097],[97.65663,2.96098],[97.65527,2.96076],[97.65451,2.96092],[97.65401,2.96118],[97.65306,2.96201],[97.65251,2.96269],[97.65216,2.96444],[97.65108,2.96458],[97.65018,2.96493],[97.64826,2.96632],[97.64686,2.96751],[97.64589,2.96812],[97.64409,2.9697],[97.6438,2.97033],[97.64371,2.97088],[97.64379,2.97295],[97.64417,2.97404],[97.645,2.97501],[97.64523,2.97549],[97.64529,2.97607],[97.64513,2.97655],[97.64334,2.97843],[97.64159,2.98054],[97.6403,2.98271],[97.63948,2.98326],[97.63886,2.98349],[97.63612,2.98425],[97.63539,2.98473],[97.63497,2.98522],[97.63456,2.98593],[97.63426,2.98681],[97.634,2.9895],[97.6336,2.99012],[97.633,2.99038],[97.63165,2.99064],[97.63037,2.99125],[97.62944,2.99192],[97.62871,2.992],[97.62829,2.9918],[97.62738,2.99097],[97.62546,2.99],[97.62381,2.98847],[97.62323,2.98808],[97.62275,2.98797],[97.62234,2.98808],[97.62151,2.98888],[97.62104,2.98911],[97.6208,2.98908],[97.6197,2.98845],[97.6191,2.98833],[97.61978,2.98908],[97.61999,2.98961],[97.62025,2.99124],[97.62038,2.99424],[97.62016,2.99695],[97.61991,2.99802],[97.61973,2.99829],[97.61816,2.99917],[97.61744,2.99996],[97.61718,3.00076],[97.61706,3.00221],[97.61744,3.00478],[97.6196,3.00994],[97.61958,3.01013],[97.61807,3.01097],[97.61554,3.01167],[97.61403,3.0124],[97.613,3.01325],[97.61239,3.01435],[97.61209,3.01574],[97.61208,3.01695],[97.6123,3.01766],[97.61269,3.01829],[97.61282,3.01889],[97.61269,3.01949],[97.61218,3.02041],[97.61205,3.02125],[97.61218,3.02213],[97.61256,3.02336],[97.61259,3.02559],[97.61299,3.02861],[97.61181,3.02971],[97.61128,3.03051],[97.61105,3.03111],[97.61243,3.03308],[97.61313,3.03578],[97.61368,3.03707],[97.61577,3.03992],[97.61633,3.04091],[97.61726,3.04172],[97.61757,3.04246],[97.61815,3.04687],[97.61853,3.04807],[97.61865,3.04905],[97.61811,3.05285],[97.61828,3.05443],[97.61868,3.055],[97.62011,3.05631],[97.62245,3.05778],[97.62433,3.05847],[97.62507,3.05918],[97.62591,3.06026],[97.62632,3.06056],[97.62609,3.06203],[97.62556,3.06327],[97.625,3.06538],[97.62459,3.06638],[97.62214,3.0698],[97.61968,3.07247],[97.61957,3.07293],[97.61998,3.07419],[97.62034,3.07764],[97.62057,3.0787],[97.62167,3.08033],[97.62242,3.08192],[97.62514,3.08516],[97.62534,3.08595],[97.62534,3.08711],[97.62514,3.0879],[97.62459,3.08909],[97.62407,3.09145],[97.62401,3.09245],[97.62451,3.09475],[97.62451,3.09615],[97.62355,3.1015],[97.62297,3.1029],[97.62168,3.10433],[97.62078,3.10839],[97.62014,3.10909],[97.61851,3.10981],[97.61808,3.11018],[97.61596,3.11316],[97.61447,3.11434],[97.61334,3.11612],[97.61223,3.11731],[97.61082,3.11918],[97.60938,3.12029],[97.61063,3.12197],[97.61132,3.12336],[97.6121,3.12453],[97.61292,3.12538],[97.61507,3.12696],[97.61577,3.12793],[97.61668,3.12967],[97.61697,3.12979],[97.61939,3.12991],[97.62022,3.13014],[97.6213,3.13083],[97.62332,3.13167],[97.62513,3.13327],[97.62688,3.13584],[97.62841,3.13966],[97.62927,3.14042],[97.63077,3.14097],[97.6335,3.14125],[97.63562,3.1412],[97.63783,3.14077],[97.63849,3.14077],[97.64184,3.14192],[97.64507,3.14261],[97.64925,3.14141],[97.65073,3.14132],[97.65274,3.14194],[97.65632,3.1425],[97.6565,3.14327],[97.65698,3.14431],[97.65799,3.14541],[97.65855,3.14583],[97.65819,3.14771],[97.65835,3.14885],[97.66069,3.1535],[97.6614,3.15637],[97.66237,3.15817],[97.66275,3.15966],[97.66283,3.16231],[97.66214,3.16605],[97.66206,3.16758],[97.66227,3.17013],[97.66285,3.17304],[97.66299,3.18028],[97.66411,3.18079],[97.66521,3.18258],[97.66585,3.18326],[97.66816,3.18471],[97.66938,3.18531],[97.67342,3.18645],[97.67427,3.18688],[97.675,3.18745],[97.67577,3.18889],[97.67619,3.19072],[97.67687,3.19223],[97.67704,3.19343],[97.67704,3.19568],[97.67718,3.19665],[97.67885,3.19966],[97.67936,3.2001],[97.68107,3.20069],[97.68257,3.20156],[97.68484,3.20422],[97.68503,3.20523],[97.68483,3.20726],[97.6852,3.20823],[97.68537,3.20936],[97.6852,3.21122],[97.68466,3.21222],[97.68503,3.21404],[97.68541,3.21498],[97.68716,3.21649],[97.68891,3.21925],[97.69003,3.22037],[97.69042,3.22268],[97.69229,3.22716],[97.69247,3.22819],[97.69234,3.22964],[97.69241,3.23045],[97.69336,3.23294],[97.69268,3.23504],[97.69258,3.23802],[97.69268,3.23864],[97.69334,3.23956],[97.69359,3.24053],[97.69374,3.24229],[97.69371,3.24458],[97.69332,3.24876],[97.69257,3.25075],[97.69238,3.25227],[97.69256,3.254],[97.69321,3.25753],[97.69479,3.26046],[97.69519,3.26083],[97.69682,3.26165],[97.69722,3.26207],[97.69774,3.26356],[97.69789,3.26554],[97.69807,3.26617],[97.69917,3.26769],[97.7015,3.27031],[97.70276,3.27292],[97.70328,3.2742],[97.70354,3.27525],[97.70442,3.28109],[97.70439,3.28265],[97.70396,3.28367],[97.70347,3.28415],[97.70183,3.285],[97.70084,3.28569],[97.6998,3.28667],[97.69938,3.28722],[97.6976,3.2878],[97.69718,3.2877],[97.69543,3.28597],[97.69294,3.28514],[97.6916,3.28415],[97.68839,3.28534],[97.68786,3.28534],[97.68688,3.28487],[97.68613,3.28467],[97.68514,3.2847],[97.68446,3.28501],[97.68401,3.2857],[97.68447,3.28754],[97.6846,3.2908],[97.68506,3.29249],[97.68396,3.29364],[97.68287,3.29529],[97.6817,3.29609],[97.67974,3.29714],[97.67841,3.29834],[97.67748,3.29999],[97.67721,3.30023],[97.67374,3.30084],[97.67175,3.30139],[97.67014,3.30212],[97.66883,3.30247],[97.66686,3.30277],[97.66318,3.30308],[97.66263,3.30333],[97.66188,3.30403],[97.66081,3.30551],[97.65988,3.30605],[97.65927,3.30615],[97.65818,3.306],[97.65548,3.30438],[97.6538,3.30385],[97.65106,3.3037],[97.64762,3.304],[97.64549,3.30472],[97.64519,3.30507],[97.64414,3.3053],[97.64144,3.30653],[97.63964,3.30819],[97.63899,3.30861],[97.63658,3.30954],[97.63549,3.30972],[97.6352,3.31077],[97.63448,3.31214],[97.6333,3.31376],[97.63318,3.31428],[97.63329,3.31538],[97.63315,3.31599],[97.63217,3.31694],[97.63161,3.31787],[97.63142,3.31895],[97.63132,3.32083],[97.63096,3.32125],[97.62998,3.32188],[97.62816,3.32224],[97.62567,3.32333],[97.6248,3.32425],[97.6234,3.32658],[97.62296,3.32692],[97.62117,3.32702],[97.61756,3.32632],[97.61594,3.32632],[97.61455,3.32653],[97.61386,3.32681],[97.61347,3.32712],[97.61236,3.32869],[97.61058,3.33001],[97.60993,3.33249],[97.6089,3.33406],[97.60828,3.33529],[97.60799,3.33556],[97.60805,3.33707],[97.60785,3.33762],[97.60714,3.33871],[97.60681,3.33958],[97.60605,3.34361],[97.60445,3.3438],[97.60255,3.34517],[97.60169,3.34702],[97.60121,3.34768],[97.60049,3.3483],[97.5985,3.34948],[97.59809,3.34994],[97.59716,3.35155],[97.59475,3.35348],[97.59334,3.3567],[97.5907,3.35915],[97.59045,3.35986],[97.58986,3.36453],[97.5882,3.36713],[97.58581,3.36928],[97.5854,3.37058],[97.58521,3.37361],[97.58425,3.37379],[97.58112,3.37472],[97.57946,3.37543],[97.57893,3.37584],[97.57821,3.37725],[97.57755,3.37774],[97.57454,3.37853],[97.57289,3.3787],[97.57149,3.37832],[97.57031,3.37764],[97.569,3.37653],[97.56653,3.37528],[97.56531,3.37425],[97.56413,3.37347],[97.56257,3.37169],[97.56214,3.37161],[97.55979,3.37278],[97.5557,3.37403],[97.55474,3.37458],[97.55376,3.37538],[97.55327,3.37556],[97.55273,3.37645],[97.55251,3.37785],[97.55198,3.37901],[97.55141,3.37944],[97.54977,3.38001],[97.54895,3.38051],[97.54856,3.38125],[97.54782,3.38331],[97.54743,3.38385],[97.54558,3.38486],[97.54427,3.38583],[97.54243,3.38778],[97.54285,3.38874],[97.54341,3.38955],[97.54431,3.39129],[97.54473,3.39177],[97.54568,3.39237],[97.54604,3.3928],[97.54716,3.39676],[97.54785,3.39834],[97.54868,3.40189],[97.5491,3.40261],[97.54993,3.4035],[97.55021,3.40417],[97.55464,3.40498],[97.55753,3.40607],[97.56135,3.40729],[97.56319,3.40824],[97.56386,3.40871],[97.56429,3.40944],[97.56473,3.4108],[97.56501,3.41107],[97.56584,3.41079],[97.56747,3.41066],[97.56951,3.4108],[97.57073,3.41115],[97.57317,3.41368],[97.57356,3.41443],[97.57418,3.41623],[97.57455,3.41675],[97.5753,3.41739],[97.57733,3.41837],[97.57862,3.41797],[97.57911,3.41803],[97.58065,3.41946],[97.58177,3.4202],[97.58444,3.42078],[97.58511,3.42105],[97.58585,3.42157],[97.58737,3.42313],[97.58955,3.42498],[97.59014,3.42504],[97.59095,3.42418],[97.59159,3.4239],[97.59576,3.42326],[97.5991,3.42135],[97.59986,3.42049],[97.60139,3.41747],[97.60188,3.41677],[97.60299,3.41605],[97.60432,3.41572],[97.60558,3.41572],[97.60718,3.41591],[97.60869,3.41576],[97.60911,3.41582],[97.61091,3.41743],[97.61351,3.41868],[97.61437,3.41924],[97.61495,3.41977],[97.61591,3.42104],[97.61765,3.42172],[97.6196,3.422],[97.62079,3.42202],[97.62341,3.42135],[97.62541,3.42118],[97.62866,3.42113],[97.63094,3.42243],[97.63331,3.42326],[97.6351,3.42479],[97.6354,3.42518],[97.63622,3.42732],[97.63693,3.42824],[97.63845,3.4291],[97.64083,3.42979],[97.64195,3.4308],[97.64221,3.43146],[97.64238,3.43323],[97.64243,3.43944],[97.6382,3.43958],[97.63643,3.43993],[97.63577,3.44038],[97.63509,3.44107],[97.63384,3.44304],[97.63305,3.44397],[97.63167,3.44506],[97.63088,3.44532],[97.62721,3.44568],[97.62575,3.44604],[97.62246,3.44924],[97.62024,3.45029],[97.61879,3.45138],[97.61775,3.45242],[97.61635,3.45423],[97.61394,3.45552],[97.61296,3.45641],[97.6115,3.45824],[97.61096,3.45853],[97.60975,3.45873],[97.60785,3.45874],[97.6052,3.4585],[97.60323,3.45804],[97.60113,3.458],[97.59906,3.45828],[97.59584,3.4591],[97.59365,3.45993],[97.59143,3.46187],[97.5894,3.46272],[97.58816,3.46362],[97.58683,3.46437],[97.5857,3.46556],[97.58466,3.46778],[97.58438,3.46806],[97.58348,3.46848],[97.58131,3.4692],[97.58059,3.46972],[97.57974,3.47089],[97.57902,3.47435],[97.57861,3.47485],[97.57764,3.47542],[97.57631,3.47591],[97.57552,3.4759],[97.57495,3.47553],[97.57398,3.47391],[97.57313,3.47319],[97.57225,3.47292],[97.56954,3.47243],[97.56826,3.47243],[97.5675,3.47265],[97.56716,3.47298],[97.56615,3.47472],[97.56538,3.4757],[97.56372,3.47851],[97.56218,3.48041],[97.56133,3.48079],[97.55981,3.48096],[97.55862,3.48082],[97.55799,3.48048],[97.55771,3.48048],[97.55546,3.48231],[97.5539,3.48389],[97.55313,3.48499],[97.55257,3.4869],[97.55174,3.48913],[97.55049,3.49116],[97.54962,3.49376],[97.55,3.49516],[97.55009,3.49645],[97.54992,3.49747],[97.54958,3.49831],[97.54936,3.50032],[97.54896,3.50083],[97.54798,3.50167],[97.54494,3.50368],[97.54459,3.50461],[97.54445,3.50857],[97.5441,3.50974],[97.54307,3.51086],[97.5416,3.51289],[97.54021,3.51431],[97.53995,3.51479],[97.53978,3.51599],[97.53984,3.51752],[97.54049,3.51977],[97.54114,3.52124],[97.54114,3.52324],[97.54091,3.52442],[97.5402,3.52665],[97.53872,3.5282],[97.53799,3.52943],[97.53736,3.53115],[97.53736,3.5316],[97.53785,3.53281],[97.53825,3.53437],[97.53838,3.53555],[97.53825,3.53659],[97.53758,3.53816],[97.53739,3.53907],[97.5375,3.54033],[97.53785,3.54138],[97.53827,3.54192],[97.54001,3.54332],[97.54021,3.54361],[97.53993,3.54391],[97.53872,3.54661],[97.53799,3.54889],[97.53629,3.54919],[97.53422,3.54882],[97.53356,3.54895],[97.53301,3.54944],[97.53277,3.54985],[97.53196,3.55214],[97.53159,3.55279],[97.52939,3.55383],[97.52849,3.55484],[97.52716,3.55605],[97.52656,3.55754],[97.52632,3.56056],[97.52475,3.56001],[97.52095,3.55943],[97.51796,3.55835],[97.51703,3.55819],[97.51367,3.55848],[97.51001,3.55789],[97.50795,3.55789],[97.50644,3.55807],[97.50568,3.55833],[97.50428,3.55917],[97.5029,3.56076],[97.50243,3.56102],[97.50113,3.56118],[97.49813,3.56082],[97.49756,3.56056],[97.49579,3.55931],[97.49449,3.55895],[97.49316,3.55881],[97.49198,3.55886],[97.48906,3.55997],[97.48813,3.56008],[97.4872,3.55989],[97.48591,3.55893],[97.4852,3.55861],[97.4843,3.55896],[97.48316,3.55981],[97.48053,3.56229],[97.47989,3.56255],[97.47709,3.563],[97.47634,3.56326],[97.47436,3.56448],[97.47308,3.56572],[97.47222,3.56689],[97.4703,3.57045],[97.46951,3.57166],[97.46908,3.57301],[97.46925,3.576],[97.46873,3.57966],[97.46897,3.58163],[97.4698,3.58463],[97.47174,3.58645],[97.47202,3.58765],[97.47186,3.5894],[97.47126,3.59087],[97.47107,3.59311],[97.47094,3.5936],[97.4705,3.59432],[97.46973,3.59487],[97.4685,3.5951],[97.46672,3.59499],[97.46497,3.59581],[97.46356,3.59609],[97.46332,3.59633],[97.46301,3.59752],[97.46242,3.60357],[97.46138,3.60692],[97.46119,3.60846],[97.46124,3.61346],[97.46147,3.61431],[97.46213,3.6158],[97.46215,3.61641],[97.46191,3.61662],[97.46139,3.61677],[97.4583,3.61723],[97.45745,3.61765],[97.45709,3.61842],[97.45685,3.62071],[97.45539,3.62312],[97.45521,3.62361],[97.45341,3.6243],[97.45266,3.62491],[97.45139,3.62739],[97.45094,3.62856],[97.45046,3.62928],[97.4485,3.63073],[97.44763,3.63111],[97.4435,3.63162],[97.44197,3.63215],[97.44004,3.63345],[97.43917,3.63523],[97.43846,3.63604],[97.43763,3.6366],[97.43572,3.63738],[97.43521,3.63778],[97.43565,3.64017],[97.43604,3.64149],[97.43649,3.64491],[97.43696,3.64699],[97.43708,3.64931],[97.4373,3.64995],[97.43813,3.65088],[97.43838,3.65163],[97.43872,3.65495],[97.4388,3.65996],[97.43836,3.6619],[97.43795,3.66288],[97.43548,3.66671],[97.43281,3.66971],[97.43149,3.67026],[97.42938,3.67056],[97.42697,3.67538],[97.42688,3.67583],[97.42756,3.6768],[97.42792,3.67847],[97.42843,3.68243],[97.42862,3.68728],[97.42815,3.68879],[97.42771,3.69122],[97.42743,3.69177],[97.42646,3.69282],[97.42621,3.69351],[97.42569,3.69652],[97.42569,3.69761],[97.42588,3.69861],[97.42533,3.70171],[97.42466,3.70321],[97.42383,3.70558],[97.42338,3.7079],[97.42301,3.70915],[97.42291,3.71017],[97.42301,3.71076],[97.4237,3.71239],[97.4238,3.71292],[97.42368,3.714],[97.42341,3.71481],[97.42182,3.7173],[97.42114,3.71764],[97.41923,3.71823],[97.41834,3.71916],[97.41702,3.72],[97.4166,3.72061],[97.41615,3.72204],[97.41571,3.72272],[97.41436,3.72331],[97.41327,3.72344],[97.41175,3.72323],[97.41097,3.72362],[97.41076,3.72402],[97.4108,3.72436],[97.41157,3.72706],[97.41163,3.72793],[97.41076,3.73072],[97.40889,3.7304],[97.40738,3.73049],[97.40624,3.73084],[97.40522,3.73153],[97.40313,3.73389],[97.40132,3.73528],[97.40112,3.73856],[97.40067,3.73941],[97.39995,3.74007],[97.39881,3.74082],[97.39754,3.74259],[97.39502,3.74552],[97.39285,3.74683],[97.39255,3.74763],[97.39195,3.75076],[97.3914,3.75208],[97.39124,3.75284],[97.39151,3.75482],[97.39252,3.75739],[97.39225,3.75801],[97.39186,3.75831],[97.39149,3.75834],[97.38903,3.75757],[97.38823,3.7572],[97.38765,3.75715],[97.38353,3.75882],[97.38218,3.75953],[97.37939,3.76034],[97.37884,3.76034],[97.37794,3.76009],[97.37646,3.75914],[97.37571,3.75908],[97.37509,3.75933],[97.37434,3.76101],[97.37333,3.76249],[97.37324,3.76279],[97.37343,3.76458],[97.37319,3.76601],[97.37236,3.76767],[97.3708,3.76911],[97.36988,3.7708],[97.36955,3.77352],[97.36956,3.77755],[97.36992,3.77879],[97.36973,3.77967],[97.36941,3.78008],[97.36851,3.7806],[97.36759,3.78089],[97.36489,3.7814],[97.36459,3.78202],[97.36409,3.78399],[97.36412,3.78453],[97.36445,3.78546],[97.36441,3.78589],[97.36276,3.78757],[97.36168,3.78788],[97.35942,3.78795],[97.35831,3.78814],[97.35639,3.78909],[97.35605,3.78944],[97.35586,3.78942],[97.35497,3.78913],[97.35378,3.78834],[97.35036,3.78764],[97.34967,3.78708],[97.34811,3.78466],[97.34757,3.78432],[97.34696,3.78414],[97.34427,3.7846],[97.34256,3.78528],[97.34107,3.78567],[97.33854,3.78588],[97.33696,3.78572],[97.33613,3.78531],[97.33488,3.78432],[97.33382,3.78416],[97.33278,3.78455],[97.33111,3.78611],[97.33037,3.78645],[97.32996,3.78645],[97.32897,3.78569],[97.3254,3.78431],[97.32424,3.78353],[97.32375,3.78285],[97.32311,3.78146],[97.32237,3.78058],[97.32188,3.77917],[97.31973,3.77953],[97.31853,3.77941],[97.31767,3.779],[97.3166,3.77798],[97.31602,3.77759],[97.31464,3.77713],[97.3141,3.7772],[97.31303,3.77771],[97.31068,3.77825],[97.3092,3.77832],[97.30773,3.77787],[97.30673,3.77741],[97.30598,3.77633],[97.30508,3.77568],[97.30327,3.77537],[97.30034,3.77551],[97.29943,3.77576],[97.29817,3.77636],[97.297,3.77665],[97.29521,3.77658],[97.2937,3.77604],[97.29237,3.77479],[97.29137,3.77355],[97.29029,3.77321],[97.28902,3.77325],[97.28851,3.7734],[97.28817,3.77362],[97.28694,3.77521],[97.286,3.77581],[97.28356,3.77659],[97.28245,3.77679],[97.28105,3.77679],[97.2793,3.77635],[97.27779,3.77623],[97.27608,3.77635],[97.27387,3.77697],[97.27275,3.77701],[97.27154,3.77676],[97.26574,3.77495],[97.2626,3.77475],[97.25984,3.77478],[97.25807,3.77495],[97.25738,3.77521],[97.25659,3.77576],[97.25547,3.77665],[97.25438,3.77778],[97.25422,3.77919],[97.25391,3.78004],[97.25271,3.78111],[97.25163,3.78098],[97.25073,3.78062],[97.25028,3.78017],[97.24945,3.77883],[97.24818,3.77757],[97.2475,3.77715],[97.24572,3.77636],[97.24263,3.77589],[97.24172,3.77552],[97.24039,3.77459],[97.23975,3.77447],[97.23914,3.77468],[97.23754,3.77554],[97.23612,3.77704],[97.23467,3.77972],[97.23334,3.78126],[97.23233,3.78323],[97.23188,3.78354],[97.22822,3.78507],[97.22719,3.7859],[97.226,3.78653],[97.22537,3.78707],[97.22394,3.78865],[97.22237,3.79185],[97.21903,3.79525],[97.21868,3.79615],[97.21855,3.79722],[97.21774,3.79667],[97.21607,3.79583],[97.21363,3.79399],[97.21299,3.79332],[97.21155,3.79129],[97.21101,3.79102],[97.20993,3.79083],[97.2093,3.79215],[97.20925,3.79354],[97.2094,3.79428],[97.21007,3.79613],[97.21029,3.79711],[97.21029,3.79773],[97.20924,3.79997],[97.20865,3.80076],[97.20772,3.80156],[97.20688,3.80264],[97.20632,3.80313],[97.20563,3.80335],[97.20355,3.80543],[97.20275,3.80596],[97.20156,3.80636],[97.19813,3.80695],[97.19723,3.80736],[97.19566,3.80833],[97.19349,3.81048],[97.19108,3.81125],[97.18891,3.81221],[97.18568,3.81289],[97.18511,3.81352],[97.18421,3.81628],[97.18271,3.8177],[97.18236,3.81847],[97.18221,3.81916],[97.18194,3.81949],[97.18158,3.81952],[97.18006,3.81904],[97.17894,3.81897],[97.17726,3.81998],[97.17509,3.82042],[97.17239,3.82122],[97.17197,3.82114],[97.17124,3.82074],[97.17001,3.81934],[97.16677,3.81831],[97.16598,3.81824],[97.16422,3.81864],[97.16297,3.8187],[97.15919,3.81797],[97.15845,3.81846],[97.1575,3.82005],[97.15605,3.82114],[97.15513,3.82114],[97.15335,3.82047],[97.15287,3.82053],[97.15081,3.8216],[97.14967,3.82243],[97.14752,3.82313],[97.14528,3.82407],[97.1445,3.82446],[97.14301,3.82549],[97.14077,3.82611],[97.14021,3.82667],[97.13872,3.82655],[97.13627,3.82683],[97.13554,3.82709],[97.13362,3.82819],[97.13278,3.8284],[97.12774,3.82855],[97.12681,3.82907],[97.12585,3.83018],[97.12522,3.83054],[97.12196,3.8312],[97.11904,3.83147],[97.11857,3.83178],[97.11763,3.83288],[97.11678,3.83347],[97.11327,3.83472],[97.1135,3.83664],[97.11418,3.83858],[97.11412,3.83926],[97.11353,3.84142],[97.11329,3.84332],[97.10984,3.84732],[97.10854,3.84838],[97.1075,3.85001],[97.10613,3.85146],[97.10597,3.85188],[97.10713,3.85366],[97.10869,3.85451],[97.11091,3.85604],[97.11248,3.85693],[97.11403,3.85905],[97.11487,3.86131],[97.11556,3.86219],[97.11578,3.86273],[97.11585,3.86356],[97.11568,3.86472],[97.11561,3.86705],[97.11521,3.86841],[97.1136,3.87007],[97.11153,3.87118],[97.11098,3.8716],[97.10957,3.87292],[97.10931,3.87377],[97.10959,3.87449],[97.11083,3.87595],[97.11246,3.87705],[97.11236,3.87871],[97.11273,3.88055],[97.11279,3.88171],[97.11243,3.88472],[97.11318,3.8851],[97.11391,3.88602],[97.11522,3.88693],[97.11639,3.88815],[97.11624,3.88871],[97.11514,3.88996],[97.11487,3.89048],[97.11463,3.89174],[97.11485,3.89226],[97.11568,3.89285],[97.11738,3.89451],[97.11851,3.89532],[97.11988,3.89753],[97.12031,3.89795],[97.12099,3.89831],[97.12172,3.89842],[97.12463,3.89799],[97.12646,3.89803],[97.12944,3.89869],[97.13007,3.89898],[97.13127,3.8999],[97.13225,3.90009],[97.13423,3.89992],[97.13608,3.89914],[97.13691,3.89912],[97.13756,3.89948],[97.1382,3.90056],[97.13855,3.90086],[97.14055,3.90109],[97.14144,3.90138],[97.14282,3.90271],[97.14381,3.90315],[97.14427,3.90308],[97.14467,3.90284],[97.14578,3.9017],[97.14626,3.90099],[97.14699,3.89937],[97.14719,3.89908],[97.14761,3.89891],[97.14855,3.89972],[97.15022,3.90153],[97.15115,3.90224],[97.15196,3.90341],[97.15313,3.90452],[97.15453,3.90677],[97.15495,3.90705],[97.15622,3.90715],[97.15774,3.90777],[97.16035,3.90825],[97.16188,3.9088],[97.16329,3.90904],[97.16486,3.90899],[97.16778,3.9085],[97.16937,3.90868],[97.17097,3.90767],[97.17209,3.90807],[97.17254,3.90849],[97.17382,3.91054],[97.17486,3.91355],[97.17691,3.91477],[97.17718,3.91694],[97.17757,3.91769],[97.17855,3.91889],[97.1789,3.91959],[97.1789,3.92013],[97.17847,3.92106],[97.1785,3.92172],[97.17967,3.92316],[97.18041,3.92384],[97.18153,3.92554],[97.18257,3.92838],[97.18411,3.93032],[97.18541,3.9307],[97.18702,3.93229],[97.18743,3.93371],[97.18799,3.93694],[97.18928,3.93724],[97.19148,3.93819],[97.19401,3.94028],[97.19476,3.94069],[97.1979,3.94165],[97.19982,3.94173]],[[98.6091,2.48056],[98.61072,2.48037],[98.61,2.48056],[98.60917,2.48056],[98.60813,2.48231],[98.60778,2.48389],[98.60663,2.48389],[98.60799,2.48233],[98.6091,2.48056]]]}},{"type":"Feature","properties":{"nama":"WS BARU-KLUET","sumber":"Baru_Kluet"},"geometry":{"type":"Polygon","coordinates":[[[97.59407,2.80842],[97.59393,2.80748],[97.59351,2.80755],[97.59335,2.80795],[97.59301,2.80818],[97.59258,2.80884],[97.59266,2.80916],[97.59291,2.80919],[97.59389,2.80869],[97.59407,2.80842]]]}},{"type":"Feature","properties":{"nama":"WS BARU-KLUET","sumber":"Baru_Kluet"},"geometry":{"type":"Polygon","coordinates":[[[97.51253,2.87039],[97.512,2.87051],[97.51195,2.87095],[97.51216,2.87128],[97.51253,2.87123],[97.51269,2.87085],[97.51253,2.87039]]]}},{"type":"Feature","properties":{"nama":"WS BARU-KLUET","sumber":"Baru_Kluet"},"geometry":{"type":"Polygon","coordinates":[[[97.51897,2.88053],[97.51816,2.88068],[97.51755,2.8815],[97.51768,2.88249],[97.51849,2.88323],[97.51914,2.88315],[97.51939,2.88279],[97.51952,2.88108],[97.51932,2.88075],[97.51897,2.88053]]]}},{"type":"Feature","properties":{"nama":"WS BARU-KLUET","sumber":"Baru_Kluet"},"geometry":{"type":"Polygon","coordinates":[[[97.51614,2.88729],[97.51487,2.8865],[97.51433,2.88651],[97.51375,2.88706],[97.51365,2.88752],[97.51376,2.8879],[97.5146,2.88858],[97.51505,2.88863],[97.51577,2.88833],[97.5162,2.88768],[97.51614,2.88729]]]}},{"type":"Feature","properties":{"nama":"WS BARU-KLUET","sumber":"Baru_Kluet"},"geometry":{"type":"Polygon","coordinates":[[[97.44075,2.90452],[97.44033,2.90438],[97.43962,2.90499],[97.44009,2.90495],[97.44069,2.90467],[97.44075,2.90452]]]}},{"type":"Feature","properties":{"nama":"WS BARU-KLUET","sumber":"Baru_Kluet"},"geometry":{"type":"Polygon","coordinates":[[[97.43884,2.90629],[97.43855,2.90639],[97.43789,2.90732],[97.43792,2.90753],[97.4383,2.90743],[97.43876,2.907],[97.43884,2.90629]]]}},{"type":"Feature","properties":{"nama":"WS BARU-KLUET","sumber":"Baru_Kluet"},"geometry":{"type":"Polygon","coordinates":[[[97.0727,3.41475],[97.07226,3.41514],[97.07214,3.41557],[97.07226,3.41577],[97.07281,3.41557],[97.07291,3.41524],[97.0727,3.41475]]]}},{"type":"Feature","properties":{"nama":"WS BARU-KLUET","sumber":"Baru_Kluet"},"geometry":{"type":"Polygon","coordinates":[[[97.00056,3.52585],[96.99964,3.52627],[96.99946,3.52668],[96.99971,3.52679],[97.00008,3.52629],[97.0006,3.52607],[97.00056,3.52585]]]}},{"type":"Feature","properties":{"nama":"WS BARU-KLUET","sumber":"Baru_Kluet"},"geometry":{"type":"Polygon","coordinates":[[[97.11743,3.83304],[97.11857,3.83178],[97.11904,3.83147],[97.12196,3.8312],[97.12522,3.83054],[97.12585,3.83018],[97.12681,3.82907],[97.12774,3.82855],[97.13278,3.8284],[97.13362,3.82819],[97.13554,3.82709],[97.13627,3.82683],[97.13872,3.82655],[97.14021,3.82667],[97.14077,3.82611],[97.14301,3.82549],[97.1445,3.82446],[97.14528,3.82407],[97.14752,3.82313],[97.14967,3.82243],[97.15081,3.8216],[97.15287,3.82053],[97.15335,3.82047],[97.15513,3.82114],[97.15605,3.82114],[97.1575,3.82005],[97.15845,3.81846],[97.15919,3.81797],[97.16297,3.8187],[97.16422,3.81864],[97.16598,3.81824],[97.16677,3.81831],[97.17001,3.81934],[97.17124,3.82074],[97.17197,3.82114],[97.17239,3.82122],[97.17509,3.82042],[97.17726,3.81998],[97.17894,3.81897],[97.18006,3.81904],[97.18158,3.81952],[97.18194,3.81949],[97.18221,3.81916],[97.18236,3.81847],[97.18271,3.8177],[97.18421,3.81628],[97.18511,3.81352],[97.18568,3.81289],[97.18891,3.81221],[97.19108,3.81125],[97.19349,3.81048],[97.19566,3.80833],[97.19723,3.80736],[97.19813,3.80695],[97.20156,3.80636],[97.20275,3.80596],[97.20355,3.80543],[97.20563,3.80335],[97.20632,3.80313],[97.20688,3.80264],[97.20772,3.80156],[97.20865,3.80076],[97.20924,3.79997],[97.21029,3.79773],[97.21029,3.79711],[97.21007,3.79613],[97.2094,3.79428],[97.20925,3.79354],[97.2093,3.79215],[97.20993,3.79083],[97.21101,3.79102],[97.21155,3.79129],[97.21299,3.79332],[97.21363,3.79399],[97.21607,3.79583],[97.21774,3.79667],[97.21855,3.79722],[97.21868,3.79615],[97.21903,3.79525],[97.22237,3.79185],[97.22394,3.78865],[97.22537,3.78707],[97.226,3.78653],[97.22719,3.7859],[97.22822,3.78507],[97.23188,3.78354],[97.23233,3.78323],[97.23334,3.78126],[97.23467,3.77972],[97.23612,3.77704],[97.23754,3.77554],[97.23914,3.77468],[97.23975,3.77447],[97.24039,3.77459],[97.24172,3.77552],[97.24263,3.77589],[97.24572,3.77636],[97.2475,3.77715],[97.24818,3.77757],[97.24945,3.77883],[97.25028,3.78017],[97.25073,3.78062],[97.25163,3.78098],[97.25271,3.78111],[97.25391,3.78004],[97.25422,3.77919],[97.25438,3.77778],[97.25547,3.77665],[97.25659,3.77576],[97.25738,3.77521],[97.25807,3.77495],[97.26116,3.77475],[97.26393,3.77478],[97.26574,3.77495],[97.27154,3.77676],[97.27275,3.77701],[97.27387,3.77697],[97.27608,3.77635],[97.27779,3.77623],[97.2793,3.77635],[97.28105,3.77679],[97.28245,3.77679],[97.28356,3.77659],[97.286,3.77581],[97.28694,3.77521],[97.28817,3.77362],[97.28851,3.7734],[97.28902,3.77325],[97.29029,3.77321],[97.29137,3.77355],[97.29237,3.77479],[97.2937,3.77604],[97.29521,3.77658],[97.297,3.77665],[97.29817,3.77636],[97.29943,3.77576],[97.30034,3.77551],[97.30327,3.77537],[97.30508,3.77568],[97.30598,3.77633],[97.30673,3.77741],[97.30773,3.77787],[97.3092,3.77832],[97.31068,3.77825],[97.31303,3.77771],[97.3141,3.7772],[97.31464,3.77713],[97.31602,3.77759],[97.3166,3.77798],[97.31767,3.779],[97.31853,3.77941],[97.31973,3.77953],[97.32188,3.77917],[97.32237,3.78058],[97.32311,3.78146],[97.32375,3.78285],[97.32424,3.78353],[97.3254,3.78431],[97.32897,3.78569],[97.32996,3.78645],[97.33037,3.78645],[97.33111,3.78611],[97.33278,3.78455],[97.33382,3.78416],[97.33488,3.78432],[97.33613,3.78531],[97.33696,3.78572],[97.33854,3.78588],[97.34107,3.78567],[97.34256,3.78528],[97.34427,3.7846],[97.34696,3.78414],[97.34757,3.78432],[97.34811,3.78466],[97.34967,3.78708],[97.35036,3.78764],[97.35378,3.78834],[97.35497,3.78913],[97.35586,3.78942],[97.35605,3.78944],[97.35639,3.78909],[97.35831,3.78814],[97.35942,3.78795],[97.36168,3.78788],[97.36276,3.78757],[97.36441,3.78589],[97.36445,3.78546],[97.36412,3.78453],[97.36409,3.78399],[97.36459,3.78202],[97.36489,3.7814],[97.36759,3.78089],[97.36851,3.7806],[97.36941,3.78008],[97.36973,3.77967],[97.36992,3.77879],[97.36956,3.77755],[97.36955,3.77352],[97.36988,3.7708],[97.3708,3.76911],[97.37236,3.76767],[97.37319,3.76601],[97.37343,3.76458],[97.37324,3.76279],[97.37333,3.76249],[97.37434,3.76101],[97.37509,3.75933],[97.37571,3.75908],[97.37646,3.75914],[97.37794,3.76009],[97.37884,3.76034],[97.37939,3.76034],[97.38218,3.75953],[97.38353,3.75882],[97.38765,3.75715],[97.38823,3.7572],[97.38903,3.75757],[97.39149,3.75834],[97.39186,3.75831],[97.39225,3.75801],[97.39252,3.75739],[97.39151,3.75482],[97.39124,3.75284],[97.3914,3.75208],[97.39195,3.75076],[97.39255,3.74763],[97.39285,3.74683],[97.39502,3.74552],[97.39754,3.74259],[97.39881,3.74082],[97.39995,3.74007],[97.40067,3.73941],[97.40112,3.73856],[97.40132,3.73528],[97.40313,3.73389],[97.40522,3.73153],[97.40624,3.73084],[97.40738,3.73049],[97.40889,3.7304],[97.41076,3.73072],[97.41163,3.72793],[97.41157,3.72706],[97.4108,3.72436],[97.41076,3.72402],[97.41097,3.72362],[97.41175,3.72323],[97.41327,3.72344],[97.41436,3.72331],[97.41571,3.72272],[97.41615,3.72204],[97.4166,3.72061],[97.41702,3.72],[97.41834,3.71916],[97.41923,3.71823],[97.42114,3.71764],[97.42182,3.7173],[97.42341,3.71481],[97.42368,3.714],[97.4238,3.71292],[97.4237,3.71239],[97.42301,3.71076],[97.42291,3.71017],[97.42301,3.70915],[97.42338,3.7079],[97.42383,3.70558],[97.42466,3.70321],[97.42533,3.70171],[97.42588,3.69861],[97.42569,3.69761],[97.42569,3.69652],[97.42621,3.69351],[97.42646,3.69282],[97.42743,3.69177],[97.42771,3.69122],[97.42815,3.68879],[97.42862,3.68728],[97.42843,3.68243],[97.42792,3.67847],[97.42756,3.6768],[97.42688,3.67583],[97.42697,3.67538],[97.42938,3.67056],[97.43149,3.67026],[97.43281,3.66971],[97.43548,3.66671],[97.43795,3.66288],[97.43836,3.6619],[97.4388,3.65996],[97.43872,3.65495],[97.43838,3.65163],[97.43813,3.65088],[97.4373,3.64995],[97.43708,3.64931],[97.43696,3.64699],[97.43649,3.64491],[97.43604,3.64149],[97.43565,3.64017],[97.43521,3.63778],[97.43572,3.63738],[97.43763,3.6366],[97.43846,3.63604],[97.43917,3.63523],[97.44004,3.63345],[97.44197,3.63215],[97.4435,3.63162],[97.44763,3.63111],[97.4485,3.63073],[97.45046,3.62928],[97.45094,3.62856],[97.45139,3.62739],[97.45266,3.62491],[97.45341,3.6243],[97.45521,3.62361],[97.45539,3.62312],[97.45685,3.62071],[97.45709,3.61842],[97.45745,3.61765],[97.4583,3.61723],[97.46139,3.61677],[97.46191,3.61662],[97.46215,3.61641],[97.46213,3.6158],[97.46147,3.61431],[97.46124,3.61346],[97.46119,3.60846],[97.46138,3.60692],[97.46242,3.60357],[97.46301,3.59752],[97.46332,3.59633],[97.46356,3.59609],[97.46497,3.59581],[97.46672,3.59499],[97.4685,3.5951],[97.46973,3.59487],[97.4705,3.59432],[97.47094,3.5936],[97.47107,3.59311],[97.47126,3.59087],[97.47186,3.5894],[97.47202,3.58765],[97.47174,3.58645],[97.4698,3.58463],[97.46897,3.58163],[97.46873,3.57966],[97.46925,3.576],[97.46908,3.57301],[97.46951,3.57166],[97.4703,3.57045],[97.47222,3.56689],[97.47308,3.56572],[97.47436,3.56448],[97.47634,3.56326],[97.47709,3.563],[97.47989,3.56255],[97.48053,3.56229],[97.48316,3.55981],[97.4843,3.55896],[97.4852,3.55861],[97.48591,3.55893],[97.4872,3.55989],[97.48813,3.56008],[97.48906,3.55997],[97.49198,3.55886],[97.49316,3.55881],[97.49449,3.55895],[97.49579,3.55931],[97.49756,3.56056],[97.49813,3.56082],[97.50113,3.56118],[97.50243,3.56102],[97.5029,3.56076],[97.50428,3.55917],[97.50568,3.55833],[97.50644,3.55807],[97.50795,3.55789],[97.51001,3.55789],[97.51367,3.55848],[97.51703,3.55819],[97.51796,3.55835],[97.52095,3.55943],[97.52475,3.56001],[97.52632,3.56056],[97.52656,3.55754],[97.52716,3.55605],[97.52849,3.55484],[97.52939,3.55383],[97.53159,3.55279],[97.53196,3.55214],[97.53277,3.54985],[97.53301,3.54944],[97.53356,3.54895],[97.53422,3.54882],[97.53629,3.54919],[97.53799,3.54889],[97.53872,3.54661],[97.53993,3.54391],[97.54021,3.54361],[97.54001,3.54332],[97.53827,3.54192],[97.53785,3.54138],[97.5375,3.54033],[97.53739,3.53907],[97.53758,3.53816],[97.53825,3.53659],[97.53838,3.53555],[97.53825,3.53437],[97.53785,3.53281],[97.53736,3.5316],[97.53736,3.53115],[97.53799,3.52943],[97.53872,3.5282],[97.5402,3.52665],[97.54091,3.52442],[97.54114,3.52324],[97.54114,3.52124],[97.54049,3.51977],[97.53984,3.51752],[97.53978,3.51599],[97.53995,3.51479],[97.54021,3.51431],[97.5416,3.51289],[97.54307,3.51086],[97.5441,3.50974],[97.54445,3.50857],[97.54459,3.50461],[97.54494,3.50368],[97.54798,3.50167],[97.54896,3.50083],[97.54936,3.50032],[97.54958,3.49831],[97.54992,3.49747],[97.55009,3.49645],[97.55,3.49516],[97.54962,3.49376],[97.55049,3.49116],[97.55174,3.48913],[97.55257,3.4869],[97.55313,3.48499],[97.5539,3.48389],[97.55546,3.48231],[97.55771,3.48048],[97.55799,3.48048],[97.55862,3.48082],[97.55981,3.48096],[97.56133,3.48079],[97.56218,3.48041],[97.56372,3.47851],[97.56538,3.4757],[97.56615,3.47472],[97.56716,3.47298],[97.5675,3.47265],[97.56826,3.47243],[97.56954,3.47243],[97.57225,3.47292],[97.57313,3.47319],[97.57398,3.47391],[97.57495,3.47553],[97.57552,3.4759],[97.57631,3.47591],[97.57764,3.47542],[97.57861,3.47485],[97.57902,3.47435],[97.57974,3.47089],[97.58059,3.46972],[97.58131,3.4692],[97.58348,3.46848],[97.58438,3.46806],[97.58466,3.46778],[97.5857,3.46556],[97.58683,3.46437],[97.58816,3.46362],[97.5894,3.46272],[97.59143,3.46187],[97.59365,3.45993],[97.59584,3.4591],[97.59906,3.45828],[97.60113,3.458],[97.60323,3.45804],[97.6052,3.4585],[97.60785,3.45874],[97.60975,3.45873],[97.61096,3.45853],[97.6115,3.45824],[97.61296,3.45641],[97.61394,3.45552],[97.61635,3.45423],[97.61775,3.45242],[97.61879,3.45138],[97.62024,3.45029],[97.62246,3.44924],[97.62575,3.44604],[97.62721,3.44568],[97.63088,3.44532],[97.63167,3.44506],[97.63305,3.44397],[97.63384,3.44304],[97.63509,3.44107],[97.63577,3.44038],[97.63643,3.43993],[97.6382,3.43958],[97.64243,3.43944],[97.64238,3.43323],[97.64221,3.43146],[97.64195,3.4308],[97.64083,3.42979],[97.63845,3.4291],[97.63693,3.42824],[97.63622,3.42732],[97.6354,3.42518],[97.6351,3.42479],[97.63331,3.42326],[97.63094,3.42243],[97.62866,3.42113],[97.62541,3.42118],[97.62341,3.42135],[97.62079,3.42202],[97.6196,3.422],[97.61765,3.42172],[97.61591,3.42104],[97.61495,3.41977],[97.61437,3.41924],[97.61351,3.41868],[97.61091,3.41743],[97.60911,3.41582],[97.60869,3.41576],[97.60718,3.41591],[97.60558,3.41572],[97.60432,3.41572],[97.60299,3.41605],[97.60188,3.41677],[97.60139,3.41747],[97.59986,3.42049],[97.5991,3.42135],[97.59576,3.42326],[97.59159,3.4239],[97.59095,3.42418],[97.59014,3.42504],[97.58955,3.42498],[97.58737,3.42313],[97.58585,3.42157],[97.58511,3.42105],[97.58444,3.42078],[97.58177,3.4202],[97.58065,3.41946],[97.57911,3.41803],[97.57862,3.41797],[97.57733,3.41837],[97.5753,3.41739],[97.57455,3.41675],[97.57418,3.41623],[97.57356,3.41443],[97.57317,3.41368],[97.57073,3.41115],[97.56951,3.4108],[97.56747,3.41066],[97.56584,3.41079],[97.56501,3.41107],[97.56473,3.4108],[97.56429,3.40944],[97.56386,3.40871],[97.56319,3.40824],[97.56135,3.40729],[97.55753,3.40607],[97.55464,3.40498],[97.55021,3.40417],[97.54993,3.4035],[97.5491,3.40261],[97.54868,3.40189],[97.54785,3.39834],[97.54716,3.39676],[97.54604,3.3928],[97.54568,3.39237],[97.54473,3.39177],[97.54431,3.39129],[97.54341,3.38955],[97.54285,3.38874],[97.54243,3.38778],[97.54427,3.38583],[97.54558,3.38486],[97.54743,3.38385],[97.54782,3.38331],[97.54856,3.38125],[97.54895,3.38051],[97.54977,3.38001],[97.55141,3.37944],[97.55198,3.37901],[97.55251,3.37785],[97.55273,3.37645],[97.55327,3.37556],[97.55376,3.37538],[97.55474,3.37458],[97.5557,3.37403],[97.55979,3.37278],[97.56214,3.37161],[97.56257,3.37169],[97.56413,3.37347],[97.56531,3.37425],[97.56653,3.37528],[97.569,3.37653],[97.57031,3.37764],[97.57149,3.37832],[97.57289,3.3787],[97.57454,3.37853],[97.57755,3.37774],[97.57821,3.37725],[97.57893,3.37584],[97.57946,3.37543],[97.58112,3.37472],[97.58425,3.37379],[97.58521,3.37361],[97.5854,3.37058],[97.58581,3.36928],[97.5882,3.36713],[97.58986,3.36453],[97.59045,3.35986],[97.5907,3.35915],[97.59334,3.3567],[97.59475,3.35348],[97.59716,3.35155],[97.59809,3.34994],[97.5985,3.34948],[97.60049,3.3483],[97.60121,3.34768],[97.60169,3.34702],[97.60255,3.34517],[97.60445,3.3438],[97.60605,3.34361],[97.60681,3.33958],[97.60714,3.33871],[97.60785,3.33762],[97.60805,3.33707],[97.60799,3.33556],[97.60828,3.33529],[97.6089,3.33406],[97.60993,3.33249],[97.61058,3.33001],[97.61236,3.32869],[97.61347,3.32712],[97.61386,3.32681],[97.61455,3.32653],[97.61594,3.32632],[97.61756,3.32632],[97.62117,3.32702],[97.62296,3.32692],[97.6234,3.32658],[97.6248,3.32425],[97.62567,3.32333],[97.62816,3.32224],[97.62998,3.32188],[97.63096,3.32125],[97.63132,3.32083],[97.63142,3.31895],[97.63161,3.31787],[97.63217,3.31694],[97.63315,3.31599],[97.63329,3.31538],[97.63318,3.31428],[97.6333,3.31376],[97.63448,3.31214],[97.6352,3.31077],[97.63549,3.30972],[97.63658,3.30954],[97.63899,3.30861],[97.63964,3.30819],[97.64144,3.30653],[97.64414,3.3053],[97.64519,3.30507],[97.64549,3.30472],[97.64762,3.304],[97.65106,3.3037],[97.6538,3.30385],[97.65548,3.30438],[97.65818,3.306],[97.65927,3.30615],[97.65988,3.30605],[97.66081,3.30551],[97.66188,3.30403],[97.66263,3.30333],[97.66318,3.30308],[97.66686,3.30277],[97.66883,3.30247],[97.67014,3.30212],[97.67175,3.30139],[97.67374,3.30084],[97.67721,3.30023],[97.67748,3.29999],[97.67841,3.29834],[97.67974,3.29714],[97.6817,3.29609],[97.68287,3.29529],[97.68396,3.29364],[97.68506,3.29249],[97.6846,3.2908],[97.68447,3.28754],[97.68401,3.2857],[97.68446,3.28501],[97.68514,3.2847],[97.68613,3.28467],[97.68688,3.28487],[97.68786,3.28534],[97.68839,3.28534],[97.6916,3.28415],[97.69294,3.28514],[97.69543,3.28597],[97.69718,3.2877],[97.6976,3.2878],[97.69938,3.28722],[97.6998,3.28667],[97.70084,3.28569],[97.70183,3.285],[97.70347,3.28415],[97.70396,3.28367],[97.70439,3.28265],[97.70442,3.28109],[97.70354,3.27525],[97.70328,3.2742],[97.70276,3.27292],[97.7015,3.27031],[97.69917,3.26769],[97.69807,3.26617],[97.69789,3.26554],[97.69774,3.26356],[97.69722,3.26207],[97.69682,3.26165],[97.69519,3.26083],[97.69479,3.26046],[97.69321,3.25753],[97.69256,3.254],[97.69238,3.25227],[97.69257,3.25075],[97.69332,3.24876],[97.69371,3.24458],[97.69374,3.24229],[97.69359,3.24053],[97.69334,3.23956],[97.69268,3.23864],[97.69258,3.23802],[97.69268,3.23504],[97.69336,3.23294],[97.69241,3.23045],[97.69234,3.22964],[97.69247,3.22819],[97.69229,3.22716],[97.69042,3.22268],[97.69003,3.22037],[97.68891,3.21925],[97.68716,3.21649],[97.68541,3.21498],[97.68503,3.21404],[97.68466,3.21222],[97.6852,3.21122],[97.68537,3.20936],[97.6852,3.20823],[97.68483,3.20726],[97.68503,3.20523],[97.68484,3.20422],[97.68257,3.20156],[97.68107,3.20069],[97.67936,3.2001],[97.67885,3.19966],[97.67718,3.19665],[97.67704,3.19568],[97.67704,3.19343],[97.67687,3.19223],[97.67619,3.19072],[97.67577,3.18889],[97.675,3.18745],[97.67427,3.18688],[97.67342,3.18645],[97.66938,3.18531],[97.66816,3.18471],[97.66585,3.18326],[97.66521,3.18258],[97.66411,3.18079],[97.66299,3.18028],[97.66285,3.17304],[97.66227,3.17013],[97.66206,3.16758],[97.66214,3.16605],[97.66283,3.16231],[97.66275,3.15966],[97.66237,3.15817],[97.6614,3.15637],[97.66069,3.1535],[97.65835,3.14885],[97.65819,3.14771],[97.65855,3.14583],[97.65799,3.14541],[97.65698,3.14431],[97.6565,3.14327],[97.65632,3.1425],[97.65274,3.14194],[97.65073,3.14132],[97.64925,3.14141],[97.64507,3.14261],[97.64184,3.14192],[97.63849,3.14077],[97.63783,3.14077],[97.63562,3.1412],[97.6335,3.14125],[97.63077,3.14097],[97.62927,3.14042],[97.62841,3.13966],[97.62688,3.13584],[97.62513,3.13327],[97.62332,3.13167],[97.6213,3.13083],[97.62022,3.13014],[97.61939,3.12991],[97.61697,3.12979],[97.61668,3.12967],[97.61577,3.12793],[97.61507,3.12696],[97.61292,3.12538],[97.6121,3.12453],[97.61132,3.12336],[97.61063,3.12197],[97.60938,3.12028],[97.61082,3.11918],[97.61223,3.11731],[97.61334,3.11612],[97.61447,3.11434],[97.61596,3.11316],[97.61808,3.11018],[97.61851,3.10981],[97.62013,3.10909],[97.62078,3.10839],[97.62168,3.10433],[97.62298,3.1029],[97.62355,3.1015],[97.62451,3.09615],[97.62451,3.09475],[97.62401,3.09245],[97.62407,3.09145],[97.62459,3.08909],[97.62514,3.0879],[97.62534,3.08711],[97.62534,3.08595],[97.62514,3.08517],[97.62242,3.08191],[97.62167,3.08033],[97.62057,3.0787],[97.62034,3.07764],[97.61999,3.07419],[97.61957,3.07293],[97.61984,3.07226],[97.62234,3.06956],[97.62459,3.06638],[97.62501,3.06538],[97.62556,3.06327],[97.6261,3.06203],[97.62633,3.06056],[97.62591,3.06026],[97.62507,3.05918],[97.62433,3.05847],[97.62245,3.05778],[97.62011,3.05631],[97.61841,3.05469],[97.61817,3.05404],[97.61811,3.05285],[97.61862,3.04973],[97.61862,3.04848],[97.61815,3.04688],[97.61757,3.04246],[97.61727,3.04172],[97.61633,3.04091],[97.61577,3.03992],[97.61369,3.03707],[97.61313,3.03578],[97.61244,3.03308],[97.61105,3.03112],[97.61128,3.03052],[97.61181,3.02971],[97.61299,3.02861],[97.61259,3.02559],[97.61256,3.02337],[97.61218,3.02213],[97.61205,3.02125],[97.61218,3.02041],[97.6127,3.01949],[97.61282,3.01889],[97.6127,3.01829],[97.6123,3.01767],[97.61209,3.01695],[97.61209,3.01574],[97.61239,3.01435],[97.613,3.01325],[97.61403,3.0124],[97.61554,3.01167],[97.61807,3.01097],[97.61959,3.01013],[97.6196,3.00994],[97.61744,3.00479],[97.61706,3.00221],[97.61718,3.00076],[97.61744,2.99996],[97.61816,2.99917],[97.61973,2.99829],[97.61991,2.99803],[97.62016,2.99695],[97.62038,2.99424],[97.62025,2.99125],[97.61999,2.98961],[97.61978,2.98908],[97.61955,2.98875],[97.61913,2.98837],[97.6191,2.98833],[97.6191,2.98832],[97.6197,2.98845],[97.6208,2.98908],[97.62104,2.98911],[97.62151,2.98888],[97.62234,2.98808],[97.62275,2.98797],[97.62323,2.98808],[97.62381,2.98847],[97.62546,2.99],[97.62738,2.99097],[97.62829,2.9918],[97.62871,2.992],[97.62944,2.99192],[97.63037,2.99125],[97.63165,2.99064],[97.633,2.99038],[97.6336,2.99012],[97.634,2.9895],[97.63426,2.98681],[97.63456,2.98593],[97.63497,2.98522],[97.63539,2.98473],[97.63612,2.98425],[97.63886,2.98349],[97.63948,2.98326],[97.6403,2.98271],[97.64159,2.98054],[97.64334,2.97843],[97.64513,2.97655],[97.64529,2.97607],[97.64523,2.97549],[97.645,2.97501],[97.64417,2.97404],[97.64379,2.97295],[97.64371,2.97088],[97.6438,2.97033],[97.64409,2.9697],[97.64589,2.96812],[97.64686,2.96751],[97.64826,2.96632],[97.65018,2.96493],[97.65108,2.96458],[97.65216,2.96444],[97.65251,2.96269],[97.65306,2.96201],[97.65401,2.96118],[97.65451,2.96092],[97.65527,2.96076],[97.65663,2.96098],[97.65679,2.96097],[97.65691,2.96078],[97.65702,2.95973],[97.65691,2.95832],[97.65667,2.95734],[97.65547,2.95438],[97.65539,2.95348],[97.65549,2.95222],[97.65605,2.95177],[97.65765,2.94948],[97.65908,2.94847],[97.66008,2.94748],[97.66161,2.94542],[97.66239,2.94486],[97.66387,2.94417],[97.66479,2.94331],[97.66498,2.94288],[97.66489,2.94154],[97.66508,2.94098],[97.66549,2.9402],[97.6673,2.93797],[97.66828,2.93604],[97.66895,2.93555],[97.67219,2.93431],[97.67269,2.93399],[97.67299,2.93351],[97.67382,2.93132],[97.67424,2.93085],[97.67452,2.93073],[97.6748,2.93085],[97.6758,2.93181],[97.6772,2.9325],[97.6783,2.93347],[97.67991,2.93456],[97.6802,2.93511],[97.68033,2.93567],[97.68078,2.93878],[97.6814,2.93986],[97.6823,2.94085],[97.68339,2.94051],[97.68489,2.94032],[97.68525,2.94014],[97.68576,2.93942],[97.6866,2.93765],[97.68761,2.93667],[97.68854,2.93611],[97.68969,2.93687],[97.69046,2.93719],[97.69121,2.93733],[97.69269,2.93715],[97.69451,2.93847],[97.69535,2.93875],[97.69672,2.93893],[97.69738,2.93892],[97.69827,2.93867],[97.70107,2.93673],[97.70188,2.93662],[97.70299,2.93677],[97.70417,2.93672],[97.70439,2.93716],[97.70423,2.93768],[97.70381,2.93819],[97.7023,2.93948],[97.70209,2.94003],[97.70212,2.94081],[97.70244,2.94135],[97.70327,2.94212],[97.70412,2.94344],[97.70587,2.94444],[97.70674,2.94534],[97.70699,2.94617],[97.70732,2.94855],[97.70758,2.9494],[97.70827,2.95063],[97.70896,2.95147],[97.70958,2.9525],[97.71105,2.95406],[97.71185,2.95526],[97.71223,2.95436],[97.71325,2.95304],[97.71559,2.9514],[97.71714,2.95126],[97.71871,2.95149],[97.71926,2.95184],[97.72062,2.95326],[97.72339,2.95471],[97.72447,2.95576],[97.72704,2.9577],[97.72783,2.95791],[97.72998,2.95803],[97.7324,2.95966],[97.73379,2.96103],[97.73521,2.96278],[97.73674,2.96223],[97.74007,2.96166],[97.74105,2.96111],[97.74091,2.95937],[97.74095,2.95491],[97.74119,2.95421],[97.7416,2.95359],[97.74216,2.95196],[97.74327,2.95037],[97.74361,2.94942],[97.7437,2.94795],[97.74344,2.9459],[97.74408,2.94424],[97.74417,2.94307],[97.74396,2.94245],[97.74325,2.94125],[97.7419,2.94014],[97.74112,2.93924],[97.74014,2.93859],[97.7398,2.93813],[97.73958,2.9372],[97.73958,2.93603],[97.74049,2.93286],[97.74077,2.93237],[97.74135,2.93181],[97.74312,2.93082],[97.74353,2.93028],[97.74375,2.92952],[97.74396,2.9293],[97.7444,2.92905],[97.74589,2.92864],[97.74747,2.92854],[97.74846,2.92912],[97.74919,2.93035],[97.74967,2.93083],[97.75196,2.93222],[97.75261,2.93276],[97.75319,2.93285],[97.75429,2.93198],[97.75486,2.93205],[97.75759,2.93332],[97.75897,2.93472],[97.75957,2.93514],[97.76268,2.93626],[97.76346,2.93678],[97.76424,2.9385],[97.76688,2.94296],[97.76757,2.94463],[97.76813,2.94646],[97.76891,2.95082],[97.76832,2.95276],[97.7682,2.95495],[97.76856,2.95613],[97.76953,2.95729],[97.77012,2.95771],[97.77217,2.95875],[97.77369,2.96055],[97.77404,2.96081],[97.77452,2.96092],[97.77519,2.96069],[97.77684,2.95931],[97.77697,2.95902],[97.77679,2.95833],[97.77691,2.95795],[97.77734,2.9575],[97.77799,2.95716],[97.77845,2.95716],[97.7793,2.95764],[97.78209,2.95879],[97.78372,2.96003],[97.78493,2.96152],[97.7866,2.96311],[97.78695,2.96377],[97.78744,2.96579],[97.78787,2.96639],[97.78832,2.96667],[97.78919,2.96692],[97.79204,2.96725],[97.79352,2.96814],[97.79538,2.96902],[97.79656,2.9698],[97.79829,2.97153],[97.80003,2.97247],[97.80075,2.9736],[97.80106,2.97372],[97.80146,2.97359],[97.80309,2.97201],[97.80449,2.97114],[97.80493,2.97025],[97.80496,2.9691],[97.80468,2.96719],[97.80357,2.96482],[97.80291,2.96228],[97.80236,2.96132],[97.80368,2.95623],[97.80393,2.95585],[97.80429,2.95562],[97.80478,2.95555],[97.80599,2.95575],[97.80717,2.95631],[97.8075,2.95672],[97.80889,2.9593],[97.81003,2.96095],[97.8104,2.96116],[97.81271,2.96018],[97.81426,2.95924],[97.81674,2.95877],[97.81855,2.95778],[97.81869,2.95823],[97.81919,2.95861],[97.82048,2.95887],[97.8211,2.95919],[97.82217,2.96066],[97.82411,2.96226],[97.8272,2.96403],[97.8287,2.96474],[97.82933,2.96553],[97.82994,2.96694],[97.83035,2.96755],[97.83118,2.96852],[97.83229,2.96946],[97.83344,2.97095],[97.83471,2.97185],[97.83583,2.97208],[97.83716,2.97203],[97.84073,2.9711],[97.84381,2.96946],[97.84508,2.96929],[97.84735,2.96923],[97.84892,2.96848],[97.85033,2.96819],[97.85151,2.96825],[97.85488,2.96889],[97.85521,2.96861],[97.8559,2.96868],[97.85667,2.96885],[97.8582,2.96946],[97.8608,2.9697],[97.86152,2.97007],[97.86312,2.9716],[97.86363,2.97185],[97.86438,2.97196],[97.86511,2.97179],[97.86652,2.97092],[97.86704,2.97076],[97.86941,2.97091],[97.87072,2.97062],[97.87259,2.96905],[97.87379,2.96771],[97.87435,2.96747],[97.87538,2.96736],[97.87653,2.96747],[97.88083,2.9685],[97.88518,2.96891],[97.88761,2.96926],[97.88917,2.96979],[97.89156,2.97104],[97.89386,2.97174],[97.895,2.97251],[97.8975,2.97047],[97.89926,2.96706],[97.90014,2.96605],[97.90258,2.9648],[97.90556,2.96422],[97.90716,2.96368],[97.90855,2.96285],[97.90909,2.96225],[97.90866,2.95785],[97.9089,2.95295],[97.90966,2.94897],[97.91032,2.94764],[97.9098,2.94667],[97.9091,2.94409],[97.90816,2.94153],[97.90841,2.94078],[97.91021,2.93813],[97.91105,2.93637],[97.91188,2.93278],[97.91161,2.93187],[97.91161,2.93129],[97.91251,2.92709],[97.91242,2.92612],[97.91225,2.92577],[97.911,2.92482],[97.90993,2.92225],[97.9096,2.92174],[97.90879,2.9211],[97.90809,2.92082],[97.90755,2.92076],[97.90445,2.92161],[97.90317,2.92241],[97.90281,2.92218],[97.90224,2.92124],[97.90213,2.92022],[97.90249,2.91955],[97.90383,2.91834],[97.90386,2.9179],[97.90374,2.91766],[97.90315,2.91722],[97.90118,2.91646],[97.90004,2.91564],[97.89935,2.91546],[97.89784,2.91534],[97.8969,2.91503],[97.89567,2.9142],[97.89518,2.91372],[97.89474,2.91304],[97.89458,2.91234],[97.89513,2.91094],[97.89526,2.9096],[97.89499,2.90908],[97.89426,2.90844],[97.89388,2.90765],[97.89377,2.90637],[97.89382,2.90472],[97.89192,2.90508],[97.88973,2.90599],[97.88745,2.90812],[97.88534,2.90903],[97.88382,2.91056],[97.88337,2.91075],[97.88282,2.9107],[97.8817,2.90993],[97.8798,2.90905],[97.8789,2.90784],[97.87794,2.90698],[97.87354,2.90368],[97.87069,2.90135],[97.86778,2.89854],[97.86636,2.89687],[97.86482,2.89601],[97.86341,2.89489],[97.86111,2.89369],[97.86068,2.89235],[97.86096,2.89108],[97.86092,2.89061],[97.86069,2.89021],[97.86026,2.88991],[97.8591,2.8895],[97.85821,2.88903],[97.85744,2.88818],[97.85714,2.88765],[97.85628,2.88452],[97.85618,2.88306],[97.8567,2.87979],[97.85706,2.8753],[97.85745,2.87361],[97.85818,2.87306],[97.85996,2.8725],[97.86111,2.87194],[97.86286,2.87028],[97.86352,2.86987],[97.86686,2.86942],[97.86814,2.86826],[97.87,2.86881],[97.87062,2.86862],[97.87111,2.86783],[97.87246,2.86456],[97.87235,2.86405],[97.87143,2.86302],[97.87108,2.86195],[97.87088,2.86171],[97.86998,2.86137],[97.86638,2.86106],[97.86572,2.86068],[97.86486,2.85942],[97.86457,2.85922],[97.86322,2.85896],[97.8627,2.85873],[97.86308,2.85575],[97.86295,2.85417],[97.86334,2.85378],[97.86441,2.85321],[97.86492,2.85254],[97.86523,2.85141],[97.86526,2.85008],[97.86499,2.84913],[97.86404,2.8483],[97.86369,2.84781],[97.86289,2.84624],[97.86271,2.84556],[97.86169,2.84511],[97.86084,2.84418],[97.85891,2.84315],[97.85767,2.84294],[97.85551,2.84282],[97.85414,2.84243],[97.85312,2.84184],[97.85159,2.84045],[97.85022,2.83972],[97.84971,2.84034],[97.849,2.84063],[97.84811,2.84056],[97.84509,2.83998],[97.84397,2.84007],[97.84027,2.83909],[97.83862,2.83924],[97.83783,2.83918],[97.83654,2.83868],[97.83488,2.83771],[97.83311,2.83737],[97.83088,2.83732],[97.82895,2.83747],[97.82779,2.83777],[97.82565,2.83868],[97.82278,2.83822],[97.82041,2.83811],[97.81944,2.83754],[97.81848,2.83749],[97.81722,2.83786],[97.81652,2.8383],[97.81631,2.8387],[97.8157,2.84124],[97.81547,2.84157],[97.81521,2.84169],[97.81393,2.84134],[97.81074,2.84076],[97.8085,2.83995],[97.80596,2.8395],[97.80443,2.83909],[97.80378,2.83915],[97.80221,2.83972],[97.80099,2.84083],[97.80044,2.84112],[97.79983,2.84123],[97.79855,2.84118],[97.79712,2.84081],[97.79507,2.83963],[97.79335,2.83963],[97.79239,2.84001],[97.79185,2.84],[97.79027,2.83904],[97.78735,2.83778],[97.78681,2.8377],[97.78616,2.83786],[97.78554,2.83779],[97.78482,2.83757],[97.78366,2.83693],[97.78314,2.83687],[97.78243,2.83716],[97.7811,2.8384],[97.78117,2.83868],[97.78221,2.83948],[97.78245,2.84018],[97.78251,2.84125],[97.78235,2.84219],[97.7807,2.84721],[97.78014,2.84941],[97.77909,2.85266],[97.77909,2.85405],[97.77967,2.85521],[97.77938,2.85576],[97.77857,2.85667],[97.77693,2.85779],[97.77368,2.85887],[97.77214,2.85904],[97.76632,2.85917],[97.76618,2.85666],[97.76592,2.85545],[97.76572,2.85507],[97.76434,2.85347],[97.76299,2.85223],[97.76325,2.85174],[97.7633,2.85118],[97.76258,2.8489],[97.76245,2.84795],[97.76297,2.84651],[97.76271,2.8452],[97.76216,2.84406],[97.76072,2.84301],[97.76045,2.8426],[97.76014,2.84157],[97.76014,2.84089],[97.76069,2.8403],[97.76122,2.84018],[97.76285,2.84093],[97.76312,2.8409],[97.76351,2.84063],[97.76384,2.83917],[97.76458,2.83773],[97.7654,2.8369],[97.76578,2.83597],[97.76574,2.83505],[97.76496,2.83338],[97.7649,2.8325],[97.76586,2.82983],[97.76653,2.82733],[97.76716,2.82604],[97.76881,2.82444],[97.76966,2.82298],[97.77095,2.82114],[97.77134,2.81997],[97.77192,2.81892],[97.77178,2.81876],[97.77089,2.81869],[97.76938,2.81833],[97.76904,2.81937],[97.76837,2.82],[97.76631,2.82091],[97.76429,2.82291],[97.76351,2.82316],[97.76288,2.82303],[97.76227,2.82254],[97.76133,2.82045],[97.76089,2.81999],[97.7599,2.81939],[97.7593,2.81564],[97.75855,2.81274],[97.75815,2.81172],[97.75739,2.81126],[97.75501,2.81055],[97.75403,2.80968],[97.75362,2.80965],[97.75328,2.8099],[97.75299,2.81038],[97.75229,2.81267],[97.75192,2.81341],[97.75132,2.8137],[97.75072,2.81359],[97.75007,2.81305],[97.74966,2.81244],[97.74882,2.81068],[97.74819,2.80891],[97.74718,2.80778],[97.74695,2.80687],[97.74639,2.80586],[97.74632,2.805],[97.74667,2.80414],[97.74805,2.80295],[97.74924,2.80218],[97.74982,2.80131],[97.75064,2.80054],[97.75081,2.79997],[97.7507,2.79865],[97.75151,2.79785],[97.7517,2.79736],[97.75146,2.79668],[97.75044,2.79571],[97.75015,2.79392],[97.74976,2.79317],[97.74913,2.79247],[97.74899,2.79197],[97.749,2.7914],[97.74936,2.79056],[97.75077,2.78893],[97.7507,2.7883],[97.75001,2.7866],[97.74978,2.78639],[97.74925,2.78632],[97.7484,2.78677],[97.74667,2.78579],[97.746,2.78576],[97.74536,2.78595],[97.74493,2.78583],[97.74515,2.78475],[97.7455,2.78422],[97.74633,2.78361],[97.74746,2.78303],[97.74784,2.7826],[97.74796,2.78041],[97.74853,2.7789],[97.74835,2.77761],[97.74845,2.77727],[97.74868,2.77705],[97.74901,2.77697],[97.75096,2.77727],[97.75126,2.77717],[97.7516,2.77662],[97.75159,2.7759],[97.75135,2.77485],[97.75093,2.77414],[97.75005,2.77322],[97.7491,2.76996],[97.74771,2.76713],[97.7474,2.76661],[97.74631,2.76594],[97.74599,2.76556],[97.74614,2.76486],[97.74596,2.76403],[97.74607,2.76354],[97.74767,2.76131],[97.74772,2.76073],[97.74735,2.75954],[97.74741,2.75852],[97.74774,2.75698],[97.74825,2.75614],[97.74842,2.75547],[97.7483,2.75519],[97.74805,2.75503],[97.74721,2.75499],[97.74688,2.75473],[97.74594,2.75239],[97.74514,2.7508],[97.7442,2.74812],[97.74344,2.74764],[97.73987,2.74621],[97.73699,2.74459],[97.73508,2.74269],[97.73441,2.74248],[97.7336,2.74258],[97.73304,2.74292],[97.7323,2.74369],[97.73158,2.74327],[97.73115,2.74327],[97.72894,2.74421],[97.72859,2.74417],[97.72826,2.74397],[97.72799,2.74352],[97.72743,2.74091],[97.72709,2.73998],[97.72691,2.73879],[97.7266,2.73837],[97.72605,2.73806],[97.72568,2.73536],[97.72579,2.7347],[97.7262,2.73417],[97.72804,2.73336],[97.72858,2.73277],[97.72866,2.73163],[97.72802,2.72931],[97.72795,2.72856],[97.72809,2.72826],[97.72881,2.72797],[97.73093,2.72792],[97.73265,2.72815],[97.73378,2.72803],[97.73456,2.72774],[97.73482,2.72752],[97.73523,2.7265],[97.73513,2.72592],[97.73453,2.72552],[97.73431,2.7252],[97.7341,2.72389],[97.73311,2.72359],[97.7322,2.72288],[97.73164,2.72197],[97.73111,2.72074],[97.73084,2.72044],[97.73044,2.72027],[97.72929,2.72031],[97.72564,2.72121],[97.72535,2.72101],[97.72514,2.72052],[97.72492,2.7186],[97.72409,2.71757],[97.72372,2.71752],[97.72224,2.71828],[97.7215,2.71813],[97.72049,2.71702],[97.71958,2.71517],[97.71968,2.71403],[97.72021,2.71235],[97.71979,2.71173],[97.71626,2.71003],[97.71552,2.70995],[97.7143,2.71004],[97.71336,2.70985],[97.71267,2.70955],[97.71185,2.70898],[97.71095,2.70866],[97.71076,2.7085],[97.7104,2.70733],[97.70961,2.70642],[97.7095,2.7053],[97.70936,2.705],[97.70874,2.70525],[97.7077,2.70531],[97.70476,2.70458],[97.70373,2.70417],[97.70327,2.70369],[97.70254,2.70244],[97.70161,2.7014],[97.70097,2.6995],[97.70081,2.69776],[97.70067,2.69746],[97.70029,2.69716],[97.69989,2.69721],[97.69832,2.69831],[97.69727,2.69977],[97.69672,2.70009],[97.69604,2.70029],[97.6935,2.70041],[97.69229,2.70018],[97.69102,2.69961],[97.69022,2.69903],[97.68986,2.69861],[97.69004,2.69789],[97.68991,2.6975],[97.68958,2.69711],[97.68855,2.69639],[97.68844,2.6952],[97.68861,2.69459],[97.68907,2.69404],[97.68971,2.69363],[97.69026,2.69355],[97.69091,2.6937],[97.69152,2.69343],[97.69247,2.69232],[97.69337,2.69164],[97.69448,2.6903],[97.69632,2.68874],[97.69666,2.68801],[97.69665,2.68722],[97.69615,2.68607],[97.6955,2.68564],[97.69266,2.68581],[97.69222,2.68569],[97.69089,2.68476],[97.6898,2.68447],[97.68798,2.68428],[97.68758,2.68414],[97.68716,2.6837],[97.68644,2.68254],[97.6859,2.68199],[97.68424,2.68144],[97.68316,2.68075],[97.68206,2.67897],[97.67967,2.67736],[97.67925,2.67685],[97.67904,2.6763],[97.67882,2.67411],[97.67842,2.67279],[97.67852,2.67195],[97.67881,2.67115],[97.67995,2.66915],[97.68054,2.6684],[97.68262,2.66749],[97.683,2.66714],[97.68324,2.66673],[97.68348,2.66524],[97.68369,2.66475],[97.68435,2.66397],[97.68544,2.66323],[97.68554,2.66298],[97.68546,2.66232],[97.68493,2.66102],[97.68424,2.66001],[97.68317,2.65899],[97.6829,2.65813],[97.68336,2.65663],[97.68321,2.6553],[97.68444,2.65306],[97.68444,2.6527],[97.68361,2.65125],[97.68309,2.65069],[97.68243,2.65043],[97.68088,2.65013],[97.68051,2.64988],[97.67987,2.64723],[97.67999,2.64512],[97.67966,2.64445],[97.67865,2.64307],[97.67844,2.64211],[97.67833,2.64043],[97.67793,2.63891],[97.67793,2.63803],[97.67827,2.6371],[97.67896,2.63612],[97.68033,2.63471],[97.68027,2.63399],[97.67973,2.63291],[97.67971,2.63217],[97.67814,2.62931],[97.6779,2.62851],[97.67814,2.62785],[97.67949,2.62598],[97.67979,2.62529],[97.67972,2.62505],[97.67941,2.62486],[97.67755,2.6242],[97.67638,2.6233],[97.67591,2.62262],[97.67552,2.62169],[97.67523,2.61966],[97.67375,2.61978],[97.67132,2.61891],[97.66946,2.6186],[97.66908,2.61815],[97.66879,2.61713],[97.66845,2.61681],[97.66759,2.61641],[97.66558,2.61611],[97.66519,2.61593],[97.66439,2.6147],[97.66352,2.61414],[97.66314,2.61368],[97.66293,2.6129],[97.66278,2.61158],[97.6627,2.61167],[97.65932,2.61133],[97.65777,2.6111],[97.65704,2.61086],[97.65561,2.61092],[97.6548,2.61071],[97.6548,2.6112],[97.65458,2.61165],[97.65479,2.61305],[97.65464,2.61338],[97.65456,2.61448],[97.65469,2.61507],[97.65443,2.61615],[97.65439,2.61935],[97.6541,2.62051],[97.65406,2.62401],[97.65383,2.62539],[97.65386,2.62635],[97.65366,2.62657],[97.65364,2.63078],[97.65329,2.63373],[97.65321,2.63562],[97.65331,2.63609],[97.65315,2.63641],[97.65299,2.63876],[97.65313,2.63918],[97.65303,2.6408],[97.65313,2.64159],[97.65286,2.6426],[97.65274,2.64385],[97.65255,2.6486],[97.65196,2.6554],[97.65203,2.65932],[97.65169,2.66051],[97.65057,2.67273],[97.64927,2.68124],[97.64874,2.68357],[97.64851,2.68586],[97.64794,2.68828],[97.64785,2.68935],[97.64747,2.69068],[97.64726,2.69275],[97.64681,2.69475],[97.64678,2.69567],[97.64522,2.70565],[97.64522,2.70707],[97.64448,2.71186],[97.644,2.7134],[97.6438,2.7152],[97.64303,2.7177],[97.64282,2.71882],[97.64267,2.71899],[97.64232,2.72031],[97.64218,2.72148],[97.64199,2.72172],[97.6418,2.72275],[97.64157,2.72327],[97.64155,2.7238],[97.64115,2.72497],[97.64056,2.72772],[97.64028,2.72974],[97.63999,2.73047],[97.63943,2.73343],[97.63877,2.73557],[97.63858,2.73721],[97.63832,2.73756],[97.63824,2.73852],[97.63714,2.74241],[97.63707,2.74336],[97.63633,2.74613],[97.63633,2.74696],[97.6358,2.7494],[97.63576,2.75046],[97.6348,2.75466],[97.63438,2.75549],[97.63327,2.75914],[97.63227,2.76328],[97.63192,2.76398],[97.63127,2.76594],[97.63,2.77074],[97.62965,2.77147],[97.62923,2.77295],[97.62885,2.77364],[97.62853,2.77518],[97.62811,2.77638],[97.62783,2.77802],[97.62755,2.77849],[97.62733,2.77957],[97.62728,2.78063],[97.62703,2.78105],[97.62614,2.7837],[97.62563,2.7861],[97.62436,2.7893],[97.62424,2.79038],[97.62377,2.79139],[97.62363,2.79278],[97.62312,2.79428],[97.62298,2.79531],[97.62279,2.79563],[97.62281,2.79617],[97.62265,2.79652],[97.62227,2.79914],[97.62179,2.80001],[97.62152,2.80084],[97.62117,2.80269],[97.62009,2.80588],[97.62007,2.807],[97.6196,2.80824],[97.61954,2.80878],[97.61911,2.80922],[97.61899,2.80995],[97.61855,2.81079],[97.61825,2.81189],[97.61851,2.8178],[97.61827,2.81873],[97.61827,2.8198],[97.61831,2.82036],[97.61845,2.82065],[97.61845,2.82167],[97.61866,2.8222],[97.61785,2.82312],[97.61661,2.82493],[97.6165,2.82535],[97.61657,2.82734],[97.61572,2.82886],[97.61547,2.83047],[97.61381,2.83737],[97.61268,2.84014],[97.61236,2.84053],[97.6124,2.84116],[97.61217,2.84186],[97.61174,2.84227],[97.61142,2.84334],[97.60933,2.84821],[97.60906,2.84858],[97.60893,2.84934],[97.60651,2.85421],[97.60603,2.85569],[97.60571,2.85614],[97.60523,2.8578],[97.60407,2.86059],[97.60362,2.86128],[97.60314,2.86262],[97.59982,2.86881],[97.59902,2.87008],[97.59845,2.87143],[97.59818,2.87173],[97.59798,2.87234],[97.59752,2.87309],[97.59735,2.87349],[97.59738,2.87389],[97.59759,2.87423],[97.59737,2.87479],[97.59659,2.87497],[97.59619,2.87532],[97.59583,2.87597],[97.59567,2.87657],[97.59438,2.87854],[97.59298,2.88024],[97.59239,2.88066],[97.59153,2.88032],[97.59058,2.88041],[97.59024,2.8806],[97.58945,2.88067],[97.58884,2.88099],[97.5881,2.88173],[97.58794,2.88218],[97.58674,2.88318],[97.5853,2.88477],[97.5843,2.88615],[97.58162,2.88897],[97.58011,2.89024],[97.57913,2.89075],[97.57816,2.89108],[97.57758,2.89053],[97.57601,2.89126],[97.57555,2.8914],[97.57524,2.89125],[97.57484,2.89152],[97.57434,2.89149],[97.57389,2.89119],[97.57305,2.891],[97.57255,2.89112],[97.57177,2.89094],[97.57053,2.89104],[97.56963,2.89071],[97.56901,2.89008],[97.56888,2.88967],[97.56922,2.88911],[97.56918,2.88884],[97.56847,2.88874],[97.56699,2.88763],[97.56504,2.8869],[97.56467,2.88707],[97.56364,2.88793],[97.56269,2.88908],[97.56178,2.88977],[97.56158,2.89015],[97.56121,2.89029],[97.56019,2.8911],[97.55962,2.89136],[97.55929,2.89178],[97.55697,2.89267],[97.55555,2.89286],[97.55406,2.89235],[97.55383,2.892],[97.55362,2.89101],[97.55311,2.89066],[97.5522,2.89091],[97.55013,2.89116],[97.54864,2.89095],[97.548,2.89074],[97.54764,2.89043],[97.54669,2.89049],[97.54621,2.89037],[97.54574,2.8896],[97.54538,2.88928],[97.54273,2.88772],[97.5419,2.8869],[97.54157,2.88599],[97.54178,2.88505],[97.54175,2.88412],[97.5415,2.88358],[97.54122,2.8834],[97.54036,2.8835],[97.53879,2.88483],[97.53662,2.88622],[97.53645,2.8865],[97.53514,2.88724],[97.5337,2.88834],[97.5334,2.88834],[97.53239,2.88888],[97.53073,2.88924],[97.53019,2.88954],[97.52875,2.88961],[97.52847,2.88984],[97.52754,2.89],[97.52629,2.88996],[97.52536,2.89009],[97.5244,2.89058],[97.52349,2.89054],[97.52231,2.89141],[97.52155,2.89251],[97.52002,2.896],[97.52002,2.89667],[97.51975,2.89689],[97.51955,2.89742],[97.51966,2.89779],[97.51891,2.89894],[97.51878,2.89967],[97.51857,2.89977],[97.5179,2.90114],[97.5177,2.90124],[97.51636,2.90318],[97.51531,2.90416],[97.51441,2.9046],[97.51425,2.9051],[97.51381,2.90534],[97.51287,2.9053],[97.51178,2.90557],[97.51137,2.90605],[97.51119,2.90606],[97.51083,2.90583],[97.50984,2.90571],[97.50876,2.90541],[97.50826,2.90508],[97.50806,2.9048],[97.50751,2.90472],[97.50709,2.90489],[97.50611,2.90693],[97.50527,2.90752],[97.5046,2.90839],[97.50387,2.90877],[97.50367,2.9092],[97.50331,2.90928],[97.50294,2.90971],[97.50259,2.90984],[97.50128,2.91116],[97.50026,2.91191],[97.49911,2.91321],[97.49695,2.91463],[97.49594,2.91548],[97.49553,2.91527],[97.49525,2.91539],[97.49494,2.91578],[97.49482,2.91616],[97.49457,2.91632],[97.49405,2.91637],[97.49235,2.91823],[97.49121,2.9189],[97.49042,2.91976],[97.49013,2.91977],[97.48973,2.91958],[97.48977,2.91889],[97.48962,2.91875],[97.48672,2.92051],[97.48539,2.92097],[97.48065,2.92191],[97.47588,2.92193],[97.47417,2.92212],[97.4732,2.92252],[97.47142,2.92263],[97.47068,2.92296],[97.46989,2.92289],[97.46753,2.923],[97.46661,2.92319],[97.46322,2.92343],[97.46313,2.92315],[97.46293,2.92306],[97.46275,2.92307],[97.46255,2.9233],[97.46199,2.92343],[97.46129,2.92326],[97.46091,2.92328],[97.46064,2.92344],[97.46,2.92331],[97.4593,2.92346],[97.45713,2.92344],[97.45451,2.92317],[97.45411,2.92301],[97.45322,2.92291],[97.45259,2.92307],[97.45229,2.92302],[97.45208,2.92283],[97.4511,2.92271],[97.4506,2.92283],[97.44901,2.92281],[97.44803,2.92322],[97.44647,2.92344],[97.446,2.92385],[97.44529,2.92405],[97.44501,2.9244],[97.44444,2.92453],[97.44322,2.92514],[97.44098,2.9267],[97.44052,2.92682],[97.43902,2.92812],[97.43818,2.92804],[97.43722,2.92888],[97.43615,2.92914],[97.43584,2.92948],[97.43544,2.92962],[97.43468,2.92965],[97.43378,2.93019],[97.43198,2.93087],[97.431,2.93146],[97.42852,2.93254],[97.42783,2.93299],[97.42661,2.93337],[97.42535,2.93415],[97.42458,2.93486],[97.42209,2.93662],[97.42095,2.93773],[97.42058,2.93845],[97.42025,2.93863],[97.42004,2.9385],[97.41957,2.93881],[97.41801,2.94034],[97.41752,2.94067],[97.41656,2.94189],[97.41557,2.94234],[97.4148,2.94363],[97.41384,2.94421],[97.41257,2.94538],[97.41194,2.94573],[97.41133,2.94646],[97.40979,2.9479],[97.40952,2.94833],[97.40758,2.95012],[97.40574,2.95156],[97.40437,2.95292],[97.40373,2.95329],[97.40211,2.95503],[97.40176,2.95519],[97.40132,2.95562],[97.40044,2.95599],[97.39887,2.95769],[97.39845,2.95788],[97.39783,2.95846],[97.39699,2.95949],[97.39624,2.95969],[97.396,2.96019],[97.39528,2.96111],[97.3946,2.96173],[97.39222,2.96457],[97.39084,2.96582],[97.38775,2.9694],[97.3874,2.96957],[97.38706,2.97006],[97.38697,2.97046],[97.38649,2.97076],[97.38542,2.9722],[97.38193,2.97611],[97.38133,2.97653],[97.38062,2.97741],[97.37993,2.97793],[97.37965,2.97853],[97.37904,2.97881],[97.3787,2.97934],[97.3776,2.98],[97.37678,2.98129],[97.37559,2.98214],[97.37523,2.98263],[97.37506,2.98344],[97.37448,2.98427],[97.37387,2.98471],[97.37372,2.985],[97.37327,2.98534],[97.37303,2.98581],[97.3705,2.98831],[97.36986,2.98937],[97.36808,2.99145],[97.36702,2.99222],[97.36558,2.99379],[97.36507,2.99488],[97.36421,2.99575],[97.36405,2.99622],[97.36306,2.9973],[97.36216,2.99873],[97.36189,2.99896],[97.36161,3.00005],[97.36132,3.00009],[97.3611,2.99992],[97.36073,3.00023],[97.35995,3.00165],[97.35895,3.00288],[97.35866,3.00371],[97.3582,3.00406],[97.35724,3.00516],[97.35699,3.00551],[97.35695,3.00597],[97.35646,3.00653],[97.356,3.00669],[97.35574,3.00699],[97.3552,3.00826],[97.35144,3.01339],[97.34938,3.01581],[97.34892,3.01688],[97.34726,3.01884],[97.34704,3.01928],[97.34539,3.02122],[97.34465,3.02176],[97.34459,3.02194],[97.34473,3.02204],[97.34442,3.02259],[97.34361,3.02339],[97.34269,3.02461],[97.34217,3.02497],[97.34103,3.02651],[97.33911,3.02838],[97.33913,3.02889],[97.33902,3.02905],[97.33795,3.02979],[97.33748,3.03081],[97.33705,3.03102],[97.33665,3.03171],[97.33597,3.03211],[97.3357,3.03263],[97.3336,3.03497],[97.33304,3.03588],[97.33101,3.0381],[97.33077,3.03868],[97.32967,3.0394],[97.32928,3.04008],[97.32875,3.04042],[97.32816,3.04131],[97.32748,3.04189],[97.32686,3.04284],[97.3257,3.04416],[97.32456,3.04497],[97.32412,3.04585],[97.32345,3.04633],[97.32323,3.04693],[97.32273,3.04717],[97.32239,3.04749],[97.32147,3.04896],[97.32125,3.04903],[97.32079,3.04963],[97.32039,3.04988],[97.31954,3.051],[97.31902,3.05141],[97.31691,3.05453],[97.31584,3.05585],[97.31544,3.0569],[97.31517,3.05815],[97.31428,3.06019],[97.31436,3.06063],[97.31381,3.06254],[97.31368,3.0635],[97.31333,3.06407],[97.31312,3.06558],[97.31283,3.06582],[97.3127,3.06618],[97.31255,3.06736],[97.31189,3.06902],[97.31185,3.06974],[97.31117,3.07174],[97.31074,3.07415],[97.31037,3.07493],[97.30945,3.07804],[97.3093,3.07964],[97.30897,3.08013],[97.30854,3.0821],[97.30809,3.08321],[97.30808,3.08394],[97.3075,3.08577],[97.30743,3.08646],[97.30701,3.08712],[97.30698,3.08767],[97.30672,3.08835],[97.30646,3.08984],[97.30548,3.0922],[97.30567,3.0926],[97.30527,3.09282],[97.30497,3.09422],[97.30452,3.09516],[97.30383,3.09774],[97.30316,3.09918],[97.30284,3.10051],[97.30161,3.10359],[97.30128,3.10557],[97.30067,3.10715],[97.3006,3.10807],[97.30003,3.10883],[97.29985,3.10949],[97.29933,3.11016],[97.2992,3.11088],[97.29872,3.11144],[97.2982,3.11388],[97.29761,3.11475],[97.29755,3.11535],[97.29715,3.11606],[97.29715,3.11679],[97.29692,3.11685],[97.29665,3.11722],[97.2966,3.11736],[97.29679,3.1175],[97.29681,3.11771],[97.2966,3.11841],[97.29628,3.11882],[97.29565,3.1211],[97.29533,3.12146],[97.29505,3.12257],[97.29482,3.12284],[97.29461,3.12378],[97.29416,3.12467],[97.29411,3.12513],[97.29363,3.1262],[97.29348,3.12756],[97.29101,3.13316],[97.29012,3.13786],[97.28676,3.1477],[97.28541,3.15061],[97.28452,3.15532],[97.28407,3.16225],[97.28228,3.16606],[97.28094,3.17054],[97.28026,3.17524],[97.27803,3.17748],[97.27624,3.1824],[97.27444,3.18844],[97.26817,3.20255],[97.26492,3.20916],[97.25941,3.21802],[97.25835,3.22044],[97.25481,3.22533],[97.254,3.22602],[97.25347,3.22684],[97.25222,3.22784],[97.25191,3.22807],[97.25086,3.22839],[97.24986,3.22946],[97.24896,3.23143],[97.24742,3.23256],[97.24702,3.23321],[97.24633,3.23331],[97.24564,3.23363],[97.24543,3.23396],[97.24422,3.23497],[97.24336,3.23514],[97.24286,3.23509],[97.24173,3.23425],[97.24129,3.23415],[97.23921,3.23553],[97.23865,3.23538],[97.23687,3.23445],[97.23597,3.23426],[97.23562,3.23395],[97.23543,3.23369],[97.23545,3.23309],[97.23596,3.23298],[97.23604,3.23292],[97.23596,3.23273],[97.23426,3.2318],[97.23335,3.23178],[97.23251,3.23123],[97.23182,3.23098],[97.22982,3.23081],[97.22694,3.23145],[97.22577,3.23149],[97.2249,3.2312],[97.22458,3.2312],[97.22421,3.23141],[97.22347,3.23302],[97.22339,3.23348],[97.2238,3.23407],[97.2233,3.23533],[97.22328,3.23567],[97.22355,3.2363],[97.22366,3.23806],[97.2223,3.23949],[97.22196,3.24024],[97.22297,3.24058],[97.22315,3.24085],[97.22355,3.24207],[97.22344,3.24249],[97.22317,3.24266],[97.22271,3.24262],[97.22121,3.24293],[97.22,3.24425],[97.21929,3.24448],[97.21863,3.24421],[97.21815,3.24385],[97.21767,3.24374],[97.21737,3.24389],[97.21643,3.24515],[97.21546,3.24848],[97.21471,3.24932],[97.21339,3.25014],[97.21226,3.25066],[97.21197,3.25142],[97.21087,3.25154],[97.21012,3.25179],[97.20962,3.25169],[97.20826,3.25089],[97.20695,3.24992],[97.20586,3.24866],[97.20459,3.24813],[97.20369,3.24809],[97.20308,3.24827],[97.20181,3.24947],[97.20088,3.24982],[97.19985,3.24999],[97.19828,3.25081],[97.19663,3.25236],[97.1965,3.25301],[97.19677,3.25381],[97.19673,3.25416],[97.19592,3.25519],[97.19596,3.25536],[97.19644,3.25546],[97.19673,3.25588],[97.19681,3.25691],[97.19671,3.25824],[97.19565,3.25931],[97.1936,3.26079],[97.19328,3.2609],[97.19216,3.2609],[97.19186,3.26068],[97.19163,3.26016],[97.18961,3.2582],[97.18896,3.25772],[97.18832,3.25772],[97.18792,3.25755],[97.18769,3.25667],[97.18788,3.25635],[97.18851,3.25665],[97.18899,3.25661],[97.18892,3.2564],[97.18803,3.25593],[97.18655,3.25593],[97.18528,3.2567],[97.183,3.25748],[97.18258,3.25729],[97.18237,3.25701],[97.18177,3.25682],[97.18143,3.25623],[97.18142,3.25514],[97.18067,3.25449],[97.18033,3.25382],[97.18071,3.25342],[97.18125,3.25338],[97.18132,3.25285],[97.18109,3.25269],[97.18048,3.25266],[97.17998,3.25224],[97.17965,3.24957],[97.17896,3.24978],[97.17854,3.25083],[97.17804,3.25127],[97.17729,3.25148],[97.17703,3.25167],[97.17475,3.25219],[97.1741,3.25248],[97.17368,3.25286],[97.1732,3.25368],[97.17263,3.25538],[97.17236,3.25567],[97.17198,3.25584],[97.17099,3.25607],[97.16953,3.25773],[97.16841,3.25997],[97.16796,3.26199],[97.16841,3.26579],[97.16684,3.26756],[97.16667,3.26828],[97.16623,3.26912],[97.16531,3.27032],[97.16414,3.27105],[97.16171,3.2721],[97.16113,3.27214],[97.16102,3.27205],[97.16105,3.27174],[97.1608,3.27151],[97.16002,3.27165],[97.15996,3.27142],[97.15969,3.27119],[97.15908,3.27112],[97.1589,3.27129],[97.15891,3.27371],[97.15904,3.27381],[97.1596,3.27356],[97.16021,3.2739],[97.16035,3.27411],[97.16046,3.27444],[97.16043,3.2756],[97.16108,3.27638],[97.16129,3.27726],[97.16131,3.2776],[97.16101,3.27871],[97.16006,3.28179],[97.15918,3.28389],[97.15861,3.28471],[97.15777,3.28525],[97.1571,3.28523],[97.15656,3.285],[97.15602,3.28517],[97.15581,3.28542],[97.15566,3.28592],[97.15592,3.28647],[97.15596,3.2871],[97.15544,3.28748],[97.15467,3.2872],[97.15408,3.28737],[97.15362,3.28775],[97.15278,3.289],[97.15236,3.29064],[97.15171,3.29144],[97.15127,3.29461],[97.15129,3.29515],[97.1511,3.29547],[97.15062,3.29561],[97.1502,3.2961],[97.14982,3.29815],[97.14843,3.3016],[97.148,3.30149],[97.14745,3.30206],[97.14718,3.30304],[97.14753,3.30323],[97.14757,3.30355],[97.14742,3.3039],[97.14687,3.30405],[97.14654,3.30436],[97.14616,3.30552],[97.14557,3.30621],[97.14449,3.30705],[97.14392,3.30803],[97.14394,3.30852],[97.14346,3.30877],[97.14293,3.30984],[97.14222,3.31036],[97.14197,3.31101],[97.14106,3.3121],[97.14089,3.31269],[97.1406,3.31294],[97.13983,3.313],[97.13922,3.31323],[97.13886,3.31353],[97.13861,3.31403],[97.13857,3.31466],[97.1384,3.31487],[97.13765,3.31516],[97.13654,3.31644],[97.13487,3.31757],[97.13434,3.31767],[97.13357,3.31759],[97.13165,3.31769],[97.13055,3.31716],[97.12949,3.31706],[97.12911,3.31718],[97.12834,3.31789],[97.12756,3.32024],[97.12774,3.32125],[97.12814,3.32163],[97.12829,3.32201],[97.12889,3.32462],[97.12831,3.32629],[97.12718,3.32753],[97.12676,3.32778],[97.12423,3.32847],[97.12335,3.32916],[97.12302,3.33015],[97.12287,3.33149],[97.12312,3.33204],[97.12344,3.33416],[97.12371,3.3351],[97.12283,3.33674],[97.12261,3.33857],[97.12301,3.33941],[97.12387,3.34243],[97.12518,3.34407],[97.12545,3.34454],[97.12545,3.34485],[97.12497,3.34632],[97.12497,3.34701],[97.12433,3.3493],[97.12374,3.35041],[97.12317,3.35113],[97.12267,3.35255],[97.12131,3.35434],[97.11925,3.35605],[97.11887,3.35626],[97.11841,3.35624],[97.11728,3.35565],[97.11601,3.35565],[97.11547,3.35609],[97.11526,3.35668],[97.11517,3.35787],[97.11477,3.35856],[97.11446,3.35884],[97.11381,3.35921],[97.11318,3.35936],[97.11251,3.35917],[97.11174,3.35925],[97.11122,3.35942],[97.11041,3.36005],[97.10991,3.36135],[97.10844,3.36242],[97.10752,3.36346],[97.10712,3.36416],[97.10704,3.36453],[97.10712,3.36537],[97.10731,3.3659],[97.1071,3.36626],[97.10699,3.36697],[97.10581,3.36894],[97.10422,3.36946],[97.10395,3.36992],[97.10378,3.37047],[97.10371,3.37257],[97.1035,3.37335],[97.10247,3.3745],[97.10181,3.37595],[97.1007,3.37689],[97.09987,3.37741],[97.09949,3.37783],[97.0992,3.37857],[97.09869,3.37905],[97.09817,3.38008],[97.09765,3.38047],[97.09756,3.38089],[97.09685,3.38152],[97.09591,3.38196],[97.09506,3.38402],[97.09403,3.38523],[97.09363,3.38611],[97.0933,3.38779],[97.09265,3.38884],[97.08981,3.39201],[97.08916,3.39297],[97.08874,3.39331],[97.08653,3.39389],[97.08546,3.39385],[97.08517,3.39395],[97.08508,3.3942],[97.08517,3.39443],[97.08542,3.39454],[97.08575,3.39542],[97.08525,3.39574],[97.08504,3.39676],[97.08523,3.39735],[97.08555,3.39777],[97.0855,3.3983],[97.08575,3.39866],[97.08588,3.39994],[97.08531,3.40067],[97.08474,3.40182],[97.08357,3.40346],[97.08276,3.40487],[97.08174,3.40505],[97.0807,3.4048],[97.08051,3.40507],[97.08061,3.40595],[97.08055,3.40658],[97.08014,3.40849],[97.07991,3.409],[97.0786,3.41],[97.07751,3.41038],[97.07715,3.41067],[97.07682,3.41147],[97.07636,3.41365],[97.07517,3.41455],[97.07316,3.41568],[97.07307,3.41761],[97.07249,3.41841],[97.07221,3.41923],[97.07122,3.42099],[97.07088,3.42214],[97.07094,3.42271],[97.07126,3.42294],[97.0718,3.42378],[97.07257,3.42446],[97.07282,3.42517],[97.07186,3.42769],[97.07163,3.42792],[97.07128,3.42784],[97.0709,3.42752],[97.07057,3.42748],[97.07005,3.42762],[97.06902,3.42722],[97.06846,3.42722],[97.06683,3.42797],[97.06513,3.42912],[97.0639,3.4295],[97.06325,3.43017],[97.06321,3.43055],[97.06341,3.43095],[97.06339,3.43122],[97.06287,3.43273],[97.06295,3.43338],[97.0631,3.43355],[97.06312,3.43532],[97.06371,3.43567],[97.06377,3.43605],[97.06394,3.43618],[97.06525,3.43673],[97.06548,3.43704],[97.06548,3.4379],[97.06529,3.43843],[97.06508,3.43864],[97.06508,3.44032],[97.06482,3.44151],[97.06437,3.44279],[97.06387,3.44353],[97.06234,3.44415],[97.05996,3.44478],[97.05962,3.44499],[97.05935,3.44547],[97.05923,3.44595],[97.05958,3.44814],[97.0596,3.45234],[97.06029,3.4533],[97.06037,3.454],[97.05995,3.45513],[97.05924,3.45538],[97.05861,3.45599],[97.05767,3.45639],[97.05668,3.45703],[97.05544,3.45747],[97.05492,3.45751],[97.0541,3.45737],[97.05381,3.45711],[97.05335,3.45608],[97.05229,3.45505],[97.05158,3.4549],[97.05108,3.45499],[97.05039,3.45545],[97.0502,3.45618],[97.05045,3.45683],[97.05149,3.45717],[97.05224,3.45768],[97.05274,3.45854],[97.05291,3.45911],[97.05289,3.46062],[97.0523,3.4623],[97.05207,3.46257],[97.05163,3.46276],[97.05121,3.46334],[97.05046,3.46502],[97.05027,3.46582],[97.04969,3.46674],[97.04964,3.4671],[97.04878,3.46819],[97.04858,3.46861],[97.0486,3.46905],[97.04841,3.46936],[97.04765,3.47022],[97.04755,3.47115],[97.04678,3.47255],[97.04594,3.47348],[97.04588,3.47383],[97.04462,3.47622],[97.04397,3.47683],[97.04343,3.47784],[97.0403,3.481],[97.04023,3.48239],[97.03859,3.48564],[97.03801,3.48612],[97.03655,3.4867],[97.0363,3.48664],[97.03605,3.48675],[97.03578,3.48746],[97.03488,3.48807],[97.03408,3.48905],[97.03283,3.49006],[97.03234,3.49094],[97.03263,3.49243],[97.0319,3.49291],[97.03148,3.49356],[97.03047,3.4944],[97.03009,3.49452],[97.02904,3.49532],[97.02852,3.49544],[97.02731,3.49544],[97.02647,3.49676],[97.02653,3.49693],[97.02624,3.49745],[97.02551,3.49855],[97.02538,3.50039],[97.02338,3.50312],[97.02294,3.50335],[97.02208,3.50354],[97.02074,3.50357],[97.02018,3.50429],[97.01973,3.50657],[97.02042,3.50803],[97.02069,3.51153],[97.02019,3.51214],[97.01981,3.51308],[97.01992,3.51346],[97.02021,3.51363],[97.02035,3.5139],[97.02011,3.51495],[97.02011,3.51727],[97.01899,3.51964],[97.0186,3.51976],[97.01846,3.52024],[97.01695,3.52133],[97.01662,3.52146],[97.01599,3.52133],[97.01516,3.52135],[97.01476,3.52164],[97.01444,3.52202],[97.01348,3.52267],[97.01187,3.52432],[97.01066,3.52518],[97.01005,3.52644],[97.00781,3.52837],[97.00628,3.52998],[97.00515,3.53248],[97.00466,3.53622],[97.00422,3.53766],[97.00422,3.54065],[97.00334,3.54277],[97.00253,3.54331],[97.0021,3.54414],[97.00206,3.54475],[97.00249,3.5454],[97.00256,3.5457],[97.00241,3.54654],[97.00211,3.54681],[97.00153,3.54693],[97.00057,3.5475],[96.99948,3.54771],[96.99877,3.54733],[96.99873,3.54703],[96.99955,3.54563],[96.99959,3.54533],[96.99917,3.54542],[96.99829,3.54657],[96.998,3.5467],[96.99725,3.54621],[96.9962,3.54585],[96.99535,3.54528],[96.99452,3.54526],[96.99421,3.54589],[96.99427,3.5469],[96.99452,3.54742],[96.99516,3.54822],[96.9952,3.5485],[96.99438,3.5504],[96.99229,3.55233],[96.98485,3.55645],[96.98471,3.55675],[96.9842,3.55708],[96.98255,3.55769],[96.98199,3.55806],[96.98097,3.55783],[96.97628,3.55997],[96.96493,3.56421],[96.9587,3.56707],[96.95496,3.56832],[96.95134,3.56994],[96.94399,3.57256],[96.94024,3.57443],[96.93625,3.57667],[96.93177,3.57978],[96.922,3.58759],[96.91676,3.59233],[96.9124,3.59557],[96.90941,3.59843],[96.90704,3.59998],[96.90663,3.60053],[96.9054,3.60135],[96.90422,3.60194],[96.90395,3.60254],[96.90326,3.60307],[96.90292,3.60494],[96.90244,3.60584],[96.90248,3.606],[96.90108,3.60932],[96.90014,3.61121],[96.89949,3.61221],[96.89635,3.61951],[96.89568,3.62016],[96.89488,3.62026],[96.89455,3.62047],[96.89448,3.62091],[96.89499,3.6218],[96.89487,3.62205],[96.89526,3.62232],[96.89625,3.62264],[96.8966,3.62308],[96.89701,3.62466],[96.89703,3.62636],[96.89689,3.63016],[96.8967,3.63054],[96.89682,3.63068],[96.8968,3.63119],[96.89661,3.63167],[96.89665,3.63327],[96.8964,3.63429],[96.89643,3.6357],[96.89625,3.63612],[96.89547,3.64017],[96.8947,3.64235],[96.89438,3.64382],[96.89287,3.64774],[96.89107,3.65047],[96.89039,3.65339],[96.88996,3.65588],[96.88919,3.65716],[96.88858,3.65867],[96.88735,3.66064],[96.8863,3.66203],[96.88605,3.66303],[96.88521,3.6644],[96.88487,3.66666],[96.88353,3.67014],[96.87953,3.67769],[96.87838,3.67824],[96.87767,3.67918],[96.87715,3.67933],[96.87694,3.68002],[96.87666,3.68021],[96.87639,3.6801],[96.87606,3.68096],[96.87562,3.68146],[96.87321,3.6854],[96.87223,3.6862],[96.87122,3.68773],[96.8706,3.68804],[96.86997,3.6889],[96.86698,3.69217],[96.86156,3.69624],[96.85832,3.69761],[96.85533,3.7001],[96.8456,3.70384],[96.84207,3.70474],[96.84224,3.70515],[96.84718,3.71173],[96.85101,3.71502],[96.85814,3.72214],[96.86088,3.72817],[96.86088,3.73256],[96.86252,3.73859],[96.86471,3.74242],[96.8691,3.74407],[96.87896,3.74407],[96.88718,3.74078],[96.89924,3.73365],[96.90527,3.72708],[96.91349,3.72543],[96.91842,3.71886],[96.92281,3.71228],[96.92609,3.70406],[96.92726,3.70274],[96.92743,3.70306],[96.92813,3.70299],[96.93416,3.70187],[96.93701,3.70049],[96.93798,3.69965],[96.94097,3.69757],[96.94205,3.69703],[96.94273,3.69689],[96.94354,3.69705],[96.94451,3.69773],[96.945,3.69834],[96.94586,3.7003],[96.94623,3.70073],[96.94788,3.70161],[96.9487,3.7023],[96.94941,3.70256],[96.95167,3.70248],[96.95357,3.70214],[96.95403,3.70185],[96.95577,3.70021],[96.95989,3.69776],[96.96098,3.69776],[96.96277,3.69841],[96.96308,3.69835],[96.96383,3.69779],[96.96531,3.69618],[96.96717,3.69479],[96.96877,3.6934],[96.97054,3.69298],[96.97194,3.69313],[96.97243,3.69307],[96.97585,3.69076],[96.97783,3.69007],[96.97864,3.68962],[96.97916,3.68888],[96.97987,3.68691],[96.98056,3.68554],[96.98105,3.68361],[96.98176,3.68343],[96.98369,3.6825],[96.98619,3.68181],[96.98784,3.68158],[96.9891,3.68173],[96.98952,3.68138],[96.9905,3.68014],[96.9927,3.67847],[96.99456,3.67667],[96.99657,3.67556],[96.99835,3.67486],[96.99953,3.67393],[97.00017,3.67362],[97.00169,3.67385],[97.00252,3.67424],[97.00544,3.67684],[97.00608,3.67718],[97.00786,3.67724],[97.00964,3.67687],[97.0116,3.67618],[97.01316,3.67526],[97.01369,3.6752],[97.01656,3.67646],[97.01758,3.67715],[97.0182,3.67741],[97.02219,3.67786],[97.02344,3.67868],[97.02509,3.67952],[97.02632,3.68111],[97.02669,3.68358],[97.02663,3.68526],[97.02625,3.68711],[97.02491,3.68951],[97.02457,3.6937],[97.02534,3.69768],[97.02539,3.70055],[97.02557,3.70166],[97.02584,3.70235],[97.02697,3.70385],[97.02806,3.70488],[97.02837,3.70567],[97.02842,3.70625],[97.02819,3.70779],[97.02685,3.71117],[97.02679,3.71187],[97.02697,3.71351],[97.02597,3.71994],[97.02568,3.72062],[97.02445,3.72216],[97.02352,3.72424],[97.02319,3.72841],[97.02216,3.73444],[97.02299,3.73518],[97.02334,3.73599],[97.02371,3.73913],[97.02375,3.74186],[97.02424,3.74371],[97.02452,3.74439],[97.0256,3.74535],[97.02605,3.74598],[97.0264,3.74717],[97.02631,3.74963],[97.02569,3.75308],[97.02565,3.75626],[97.02542,3.75853],[97.02632,3.76027],[97.02792,3.76057],[97.03027,3.76145],[97.03323,3.7613],[97.03688,3.76176],[97.03827,3.76167],[97.03882,3.76285],[97.03993,3.76427],[97.0416,3.76631],[97.04313,3.76779],[97.04424,3.7692],[97.04445,3.76979],[97.04449,3.77242],[97.04476,3.77441],[97.04464,3.77497],[97.04369,3.77617],[97.04347,3.77687],[97.04347,3.77811],[97.04366,3.77963],[97.04343,3.78279],[97.04356,3.78407],[97.04396,3.78523],[97.0459,3.78672],[97.04634,3.78742],[97.04676,3.79106],[97.0468,3.79337],[97.04716,3.79424],[97.04799,3.7953],[97.04855,3.79699],[97.04902,3.79796],[97.0491,3.79806],[97.04934,3.798],[97.05002,3.79756],[97.05122,3.79605],[97.05168,3.79565],[97.05414,3.79451],[97.05654,3.79407],[97.05918,3.79404],[97.05997,3.79414],[97.06123,3.79465],[97.06267,3.79554],[97.0632,3.79615],[97.06413,3.7977],[97.06407,3.79834],[97.06336,3.79936],[97.06323,3.79976],[97.06311,3.80111],[97.06323,3.80246],[97.06348,3.80311],[97.06403,3.8039],[97.06504,3.80485],[97.06609,3.80626],[97.06916,3.80744],[97.06966,3.80776],[97.07044,3.80867],[97.07129,3.80898],[97.075,3.80852],[97.08188,3.80889],[97.08299,3.81039],[97.0841,3.81156],[97.08549,3.81372],[97.0873,3.81582],[97.08924,3.81779],[97.08979,3.81857],[97.09005,3.81928],[97.09088,3.82302],[97.09075,3.82358],[97.09014,3.82445],[97.09017,3.8248],[97.09158,3.82634],[97.09183,3.82755],[97.09227,3.82817],[97.09254,3.82883],[97.09271,3.83],[97.0934,3.83018],[97.0938,3.83046],[97.0948,3.83193],[97.09574,3.83278],[97.0971,3.83315],[97.10241,3.83263],[97.10575,3.83288],[97.1105,3.83294],[97.1109,3.83308],[97.11188,3.83389],[97.11327,3.83472],[97.1162,3.83375],[97.11743,3.83304]]]}},{"type":"Feature","properties":{"nama":"WS JAMBO AYE","sumber":"Jambo_Aye"},"geometry":{"type":"Polygon","coordinates":[[[97.49624,5.24956],[97.49876,5.24944],[97.49923,5.24928],[97.49951,5.24903],[97.5003,5.24894],[97.50124,5.2486],[97.50281,5.24791],[97.50404,5.24703],[97.50655,5.24581],[97.50987,5.24452],[97.51248,5.24286],[97.52119,5.23706],[97.52731,5.23223],[97.53444,5.22702],[97.54163,5.22121],[97.54374,5.21968],[97.54572,5.21792],[97.5471,5.21729],[97.55316,5.21381],[97.55605,5.21127],[97.55599,5.2103],[97.5553,5.21048],[97.55473,5.21007],[97.55429,5.20998],[97.5521,5.20991],[97.55122,5.2094],[97.55037,5.20918],[97.54861,5.20914],[97.54808,5.20886],[97.5478,5.20839],[97.54717,5.20798],[97.54642,5.20798],[97.54488,5.20825],[97.54388,5.20791],[97.54303,5.20727],[97.54262,5.20721],[97.54093,5.20771],[97.5395,5.20572],[97.54041,5.20507],[97.54082,5.20491],[97.54217,5.2051],[97.54487,5.20426],[97.54541,5.2042],[97.54729,5.20436],[97.5483,5.20373],[97.54877,5.20269],[97.54937,5.202],[97.55019,5.20166],[97.55113,5.20078],[97.55229,5.20053],[97.5526,5.20023],[97.5393,5.19268],[97.52738,5.19523],[97.51972,5.19225],[97.51737,5.19029],[97.51945,5.18794],[97.52104,5.18718],[97.52311,5.18647],[97.52514,5.18548],[97.52685,5.18508],[97.5284,5.18509],[97.53015,5.18533],[97.53353,5.18526],[97.53508,5.18498],[97.53647,5.18443],[97.53874,5.1832],[97.54093,5.18288],[97.54582,5.18297],[97.55031,5.18267],[97.55421,5.18387],[97.55603,5.18527],[97.56203,5.18935],[97.56412,5.19027],[97.56665,5.18759],[97.57063,5.18285],[97.57104,5.18219],[97.57114,5.18153],[97.57048,5.1798],[97.57042,5.17904],[97.5709,5.17725],[97.57126,5.17473],[97.57205,5.17322],[97.57268,5.17266],[97.57363,5.17143],[97.57423,5.16995],[97.57479,5.16952],[97.57536,5.16945],[97.57724,5.16999],[97.57843,5.17056],[97.57925,5.17066],[97.57966,5.17022],[97.58029,5.16846],[97.58095,5.16748],[97.5812,5.16667],[97.58139,5.16654],[97.58355,5.16318],[97.58339,5.16233],[97.58346,5.16179],[97.58308,5.16163],[97.58299,5.16129],[97.58312,5.16015],[97.5834,5.15956],[97.58441,5.15802],[97.58516,5.15736],[97.58573,5.15657],[97.58804,5.154],[97.58896,5.15255],[97.59113,5.1496],[97.59226,5.14862],[97.59289,5.14774],[97.59371,5.14702],[97.5939,5.14636],[97.59384,5.14595],[97.59334,5.14538],[97.59271,5.14535],[97.59307,5.14409],[97.59351,5.14334],[97.59408,5.14287],[97.59647,5.14139],[97.59955,5.13986],[97.60181,5.13816],[97.60254,5.13741],[97.60746,5.13465],[97.60818,5.13383],[97.609,5.13343],[97.61119,5.13302],[97.61364,5.13337],[97.61672,5.13269],[97.61732,5.13266],[97.6192,5.13194],[97.62475,5.1305],[97.62679,5.12972],[97.62751,5.12916],[97.63648,5.12829],[97.63692,5.12792],[97.63645,5.1276],[97.63641,5.12738],[97.63673,5.12694],[97.63651,5.12663],[97.63642,5.1259],[97.63774,5.1254],[97.6384,5.12499],[97.64013,5.12336],[97.64242,5.12217],[97.64523,5.12161],[97.64696,5.1207],[97.64907,5.11989],[97.65013,5.11926],[97.65054,5.11913],[97.65092,5.11913],[97.65133,5.11932],[97.65183,5.11923],[97.65372,5.11681],[97.65441,5.11562],[97.65454,5.11492],[97.65448,5.11442],[97.65467,5.11237],[97.65486,5.1119],[97.65483,5.11108],[97.65435,5.10702],[97.65411,5.10359],[97.65411,5.10092],[97.65399,5.10057],[97.65445,5.0961],[97.65483,5.09465],[97.656,5.09132],[97.65597,5.09056],[97.65659,5.0871],[97.65656,5.0861],[97.65647,5.08465],[97.65616,5.08405],[97.65597,5.08314],[97.65448,5.08112],[97.65045,5.07211],[97.65286,5.06991],[97.65459,5.06865],[97.65638,5.06746],[97.66015,5.0653],[97.66106,5.06461],[97.66276,5.06313],[97.66295,5.06275],[97.66498,5.06065],[97.66536,5.06043],[97.6662,5.06034],[97.66671,5.05996],[97.66696,5.05946],[97.66872,5.05855],[97.66941,5.05805],[97.67092,5.05648],[97.67136,5.05616],[97.67262,5.05468],[97.674,5.05192],[97.67477,5.0517],[97.67503,5.05138],[97.6765,5.05123],[97.67562,5.05041],[97.67553,5.05003],[97.67556,5.04962],[97.67604,5.04881],[97.67619,5.04824],[97.67673,5.04833],[97.67692,5.04852],[97.67792,5.04856],[97.67886,5.04824],[97.6804,5.04715],[97.68163,5.04611],[97.68389,5.04385],[97.68449,5.04347],[97.68572,5.04231],[97.68657,5.04174],[97.69105,5.03725],[97.69375,5.03528],[97.69454,5.03427],[97.69586,5.03349],[97.69705,5.03217],[97.69746,5.03188],[97.69822,5.03163],[97.70037,5.02947],[97.70103,5.02912],[97.70147,5.0283],[97.70166,5.02745],[97.70204,5.02736],[97.70254,5.02742],[97.70351,5.02708],[97.70377,5.02664],[97.70616,5.02397],[97.7081,5.02271],[97.70911,5.02158],[97.71573,5.01584],[97.7185,5.01386],[97.71916,5.01295],[97.72022,5.01232],[97.72158,5.01125],[97.73153,5.00306],[97.73332,5.00171],[97.7351,4.99982],[97.73835,4.99537],[97.74135,4.9936],[97.74354,4.99125],[97.74872,4.98664],[97.74968,4.98462],[97.75255,4.98247],[97.75425,4.97988],[97.7574,4.97769],[97.7595,4.97599],[97.76217,4.97559],[97.76412,4.97405],[97.76606,4.97187],[97.7693,4.96863],[97.77173,4.96645],[97.77803,4.96144],[97.78063,4.95917],[97.78144,4.95731],[97.78386,4.95505],[97.78637,4.95286],[97.79491,4.94618],[97.79799,4.9423],[97.8005,4.94052],[97.80146,4.9389],[97.80745,4.93413],[97.8094,4.93235],[97.81166,4.93114],[97.8145,4.92823],[97.82307,4.92248],[97.82647,4.92087],[97.82882,4.92167],[97.83019,4.92062],[97.83108,4.91723],[97.83189,4.91682],[97.83286,4.91674],[97.83416,4.91601],[97.83496,4.91464],[97.83691,4.91302],[97.83942,4.91181],[97.84063,4.91019],[97.84555,4.90538],[97.85041,4.90255],[97.85643,4.89956],[97.85801,4.89832],[97.85996,4.89735],[97.8619,4.89594],[97.86985,4.89189],[97.87426,4.89039],[97.88013,4.88907],[97.88751,4.88812],[97.88881,4.88821],[97.89285,4.88774],[97.89347,4.88783],[97.89482,4.88704],[97.89707,4.88855],[97.89923,4.88905],[97.90212,4.88908],[97.90295,4.88785],[97.90506,4.88227],[97.90628,4.8801],[97.90724,4.87749],[97.90969,4.87184],[97.91081,4.86888],[97.91365,4.86031],[97.91516,4.85721],[97.91534,4.85633],[97.91622,4.85483],[97.91728,4.85136],[97.91856,4.84858],[97.91955,4.84719],[97.91989,4.84562],[97.91955,4.84466],[97.9187,4.84399],[97.92002,4.84333],[97.92033,4.84217],[97.92131,4.84013],[97.92105,4.83967],[97.92136,4.84002],[97.9226,4.83745],[97.92321,4.83519],[97.9233,4.83362],[97.92313,4.83266],[97.92382,4.83197],[97.92628,4.82647],[97.92688,4.82551],[97.92738,4.82229],[97.92822,4.81927],[97.92937,4.81785],[97.92955,4.81668],[97.93023,4.81655],[97.9306,4.81619],[97.93072,4.81563],[97.9306,4.81465],[97.93226,4.81219],[97.93306,4.80991],[97.93361,4.80918],[97.93367,4.80868],[97.93441,4.80715],[97.93528,4.8045],[97.93608,4.8029],[97.93999,4.7938],[97.94257,4.78722],[97.94294,4.78531],[97.94288,4.78482],[97.94448,4.78052],[97.94544,4.77547],[97.94532,4.7751],[97.94495,4.77479],[97.94452,4.77393],[97.9444,4.77319],[97.94459,4.77184],[97.94563,4.77024],[97.94668,4.76827],[97.94668,4.76747],[97.94699,4.76636],[97.9476,4.76612],[97.94858,4.76624],[97.94914,4.76588],[97.95172,4.76237],[97.95221,4.76102],[97.95221,4.76059],[97.95258,4.76022],[97.95326,4.75985],[97.95581,4.75586],[97.95833,4.74983],[97.9587,4.74866],[97.95895,4.74718],[97.95913,4.74681],[97.9592,4.74601],[97.95908,4.7438],[97.95883,4.74306],[97.95834,4.743],[97.95785,4.7433],[97.95773,4.74392],[97.95803,4.74441],[97.95809,4.74478],[97.9576,4.74546],[97.95754,4.74577],[97.95791,4.74626],[97.95754,4.7465],[97.95748,4.74724],[97.95723,4.74749],[97.95662,4.74693],[97.95631,4.7457],[97.95478,4.74478],[97.95435,4.74361],[97.95429,4.74293],[97.95454,4.7417],[97.95454,4.74059],[97.95424,4.74022],[97.95418,4.73911],[97.95436,4.73881],[97.95497,4.73899],[97.95575,4.73579],[97.95777,4.73358],[97.95826,4.73327],[97.959,4.73309],[97.95974,4.7326],[97.96029,4.73155],[97.96115,4.73057],[97.96181,4.72179],[97.96011,4.72165],[97.95667,4.72185],[97.95849,4.72185],[97.95479,4.72197],[97.9547,4.72185],[97.93694,4.72185],[97.92157,4.72115],[97.90341,4.72115],[97.88953,4.71778],[97.88963,4.71648],[97.8902,4.71489],[97.89001,4.71423],[97.88932,4.71315],[97.88819,4.70983],[97.88867,4.70845],[97.88882,4.7036],[97.88862,4.70025],[97.88827,4.69947],[97.88776,4.69875],[97.88632,4.69772],[97.88397,4.6967],[97.88333,4.69671],[97.88237,4.69731],[97.88069,4.69727],[97.87887,4.69829],[97.87748,4.69845],[97.87631,4.69824],[97.87326,4.69649],[97.87253,4.69633],[97.87198,4.69644],[97.87068,4.69709],[97.86939,4.69826],[97.86906,4.69837],[97.86718,4.69769],[97.86618,4.69657],[97.86537,4.69677],[97.86421,4.69683],[97.86123,4.69633],[97.86011,4.69602],[97.85889,4.69489],[97.85638,4.69409],[97.85399,4.69195],[97.85344,4.6916],[97.85193,4.69126],[97.8496,4.691],[97.84868,4.69079],[97.8481,4.69044],[97.8473,4.68894],[97.8466,4.68813],[97.84499,4.68523],[97.8449,4.68401],[97.84505,4.68345],[97.84587,4.68232],[97.84605,4.68184],[97.84613,4.68128],[97.84603,4.68033],[97.84576,4.67987],[97.84468,4.67875],[97.84446,4.67738],[97.84396,4.67648],[97.84327,4.67444],[97.84264,4.67353],[97.84174,4.67118],[97.84106,4.67027],[97.84094,4.6698],[97.84112,4.6688],[97.84102,4.66806],[97.84049,4.66725],[97.8392,4.66613],[97.83665,4.66581],[97.8354,4.66465],[97.83361,4.6648],[97.83201,4.66409],[97.83148,4.66409],[97.82973,4.6652],[97.82704,4.66625],[97.82546,4.66736],[97.82435,4.66776],[97.82336,4.66789],[97.82224,4.66764],[97.8215,4.66722],[97.82063,4.66629],[97.81953,4.66678],[97.81703,4.66723],[97.81626,4.66751],[97.81556,4.66815],[97.81494,4.66921],[97.81424,4.67005],[97.81348,4.67231],[97.81316,4.67264],[97.8126,4.67286],[97.80869,4.6737],[97.80751,4.67329],[97.80601,4.67417],[97.80493,4.67462],[97.80352,4.67496],[97.80162,4.67513],[97.8003,4.67498],[97.79915,4.67406],[97.79799,4.67362],[97.79663,4.67285],[97.79632,4.67252],[97.79613,4.67175],[97.79641,4.66878],[97.79657,4.6681],[97.79701,4.66717],[97.79825,4.66593],[97.79879,4.664],[97.79868,4.66337],[97.79744,4.66205],[97.7964,4.66072],[97.7946,4.65965],[97.79417,4.65981],[97.79167,4.66196],[97.7914,4.66202],[97.79112,4.66186],[97.78911,4.65898],[97.78913,4.65862],[97.78943,4.65794],[97.7894,4.6575],[97.78809,4.65606],[97.78737,4.65508],[97.78702,4.65413],[97.78687,4.65306],[97.78744,4.65269],[97.78925,4.65084],[97.79109,4.65],[97.79146,4.64971],[97.79244,4.64838],[97.79299,4.64718],[97.79403,4.64564],[97.79481,4.64514],[97.79651,4.64444],[97.79698,4.64408],[97.79743,4.64308],[97.79708,4.64235],[97.79695,4.64126],[97.79667,4.64085],[97.79486,4.63993],[97.79397,4.63882],[97.79371,4.63789],[97.79338,4.63516],[97.79304,4.63416],[97.79058,4.6326],[97.78946,4.63087],[97.78896,4.63073],[97.78798,4.63091],[97.78718,4.6309],[97.78664,4.63053],[97.78597,4.6284],[97.78589,4.62703],[97.78541,4.62485],[97.78529,4.62256],[97.78456,4.62177],[97.78266,4.6207],[97.78174,4.61993],[97.7812,4.61971],[97.78026,4.62007],[97.77961,4.62004],[97.77913,4.61969],[97.77827,4.61834],[97.77743,4.61822],[97.77626,4.61727],[97.77553,4.6171],[97.7734,4.61712],[97.77268,4.6174],[97.7721,4.61813],[97.77179,4.61831],[97.76837,4.61897],[97.76792,4.61937],[97.7678,4.61986],[97.76764,4.61999],[97.76467,4.62057],[97.76358,4.62097],[97.76227,4.62256],[97.76062,4.62417],[97.75913,4.62514],[97.75773,4.62645],[97.75701,4.6267],[97.75621,4.62664],[97.75357,4.62582],[97.75308,4.62598],[97.75257,4.62659],[97.75222,4.62662],[97.75067,4.6258],[97.74992,4.62443],[97.74957,4.62412],[97.74773,4.62423],[97.74644,4.62382],[97.74482,4.62368],[97.74294,4.62308],[97.74188,4.62296],[97.74044,4.6232],[97.73892,4.62417],[97.73678,4.62528],[97.73549,4.62583],[97.73516,4.6258],[97.73372,4.62542],[97.73329,4.62513],[97.73301,4.6247],[97.73275,4.6211],[97.73254,4.61987],[97.73238,4.61952],[97.73214,4.61936],[97.73087,4.61914],[97.73051,4.61889],[97.73028,4.61851],[97.72992,4.6149],[97.72942,4.61366],[97.72869,4.61263],[97.72816,4.61231],[97.72687,4.6121],[97.72553,4.61215],[97.72313,4.61261],[97.72162,4.61238],[97.71998,4.6123],[97.71795,4.61194],[97.71693,4.61165],[97.71551,4.61034],[97.71363,4.60944],[97.71339,4.60921],[97.71334,4.60892],[97.71362,4.60735],[97.7137,4.60486],[97.71461,4.60361],[97.71553,4.60274],[97.71577,4.60222],[97.71593,4.60071],[97.71576,4.59948],[97.71538,4.59813],[97.71584,4.59611],[97.71584,4.5953],[97.71504,4.59268],[97.71427,4.59142],[97.714,4.59058],[97.71389,4.58889],[97.714,4.58719],[97.71431,4.58629],[97.7148,4.58571],[97.71586,4.58486],[97.71726,4.58416],[97.71792,4.58358],[97.7184,4.58269],[97.7191,4.58079],[97.71983,4.58],[97.72077,4.57944],[97.72067,4.57909],[97.71934,4.57631],[97.71886,4.57566],[97.71731,4.5743],[97.71499,4.57343],[97.71393,4.57182],[97.71262,4.57133],[97.7123,4.57084],[97.71159,4.56911],[97.71052,4.56801],[97.71036,4.56707],[97.71056,4.56584],[97.71123,4.56494],[97.7127,4.56399],[97.7138,4.56264],[97.71388,4.56206],[97.71353,4.56133],[97.71261,4.56052],[97.71157,4.55865],[97.70994,4.55705],[97.70835,4.5547],[97.70663,4.55326],[97.70605,4.55223],[97.70556,4.55202],[97.70522,4.55166],[97.70334,4.54891],[97.7016,4.54783],[97.70046,4.54865],[97.69864,4.54874],[97.69617,4.54761],[97.69601,4.54741],[97.69601,4.54695],[97.69685,4.54584],[97.69699,4.54545],[97.69632,4.5442],[97.69574,4.54347],[97.6958,4.5432],[97.6964,4.5425],[97.6964,4.54222],[97.69425,4.53991],[97.69396,4.54002],[97.69327,4.54063],[97.69282,4.54052],[97.69181,4.53927],[97.69036,4.53692],[97.68994,4.53552],[97.69063,4.53463],[97.69205,4.5318],[97.69347,4.53021],[97.69452,4.5285],[97.69501,4.52712],[97.69529,4.52531],[97.6952,4.52393],[97.69449,4.52286],[97.69341,4.52189],[97.69313,4.52118],[97.69258,4.5189],[97.69208,4.5179],[97.69211,4.51544],[97.69226,4.51499],[97.69301,4.51375],[97.69296,4.51326],[97.69229,4.5125],[97.6908,4.51136],[97.68985,4.51004],[97.68855,4.50903],[97.68814,4.50854],[97.68791,4.50807],[97.6877,4.50561],[97.6874,4.50501],[97.68717,4.50482],[97.68685,4.50468],[97.68608,4.50465],[97.68416,4.50522],[97.68284,4.50537],[97.68182,4.50526],[97.68133,4.50502],[97.68051,4.50431],[97.67979,4.50307],[97.67933,4.5026],[97.67892,4.50246],[97.67731,4.50231],[97.67658,4.5019],[97.67565,4.50082],[97.67452,4.49977],[97.67355,4.49834],[97.67412,4.49811],[97.67459,4.49767],[97.67539,4.49636],[97.67574,4.49552],[97.67579,4.49436],[97.67563,4.49385],[97.67479,4.49274],[97.67463,4.49231],[97.67461,4.49186],[97.67489,4.49109],[97.67547,4.49065],[97.67783,4.48952],[97.67861,4.48894],[97.6807,4.48532],[97.6825,4.48366],[97.68334,4.48208],[97.68485,4.48039],[97.68567,4.47923],[97.68602,4.47821],[97.68622,4.47613],[97.68653,4.47494],[97.68744,4.47401],[97.6882,4.47279],[97.68883,4.46984],[97.68936,4.46813],[97.68948,4.46685],[97.6894,4.46623],[97.68906,4.4654],[97.68861,4.46501],[97.68632,4.46451],[97.68577,4.46418],[97.68506,4.46348],[97.6847,4.46334],[97.68302,4.46345],[97.68117,4.46323],[97.67997,4.46361],[97.67939,4.46403],[97.67856,4.46493],[97.67692,4.46576],[97.6763,4.46691],[97.67582,4.46747],[97.67411,4.46861],[97.67156,4.46945],[97.66928,4.47104],[97.66884,4.47156],[97.66872,4.47194],[97.66884,4.47233],[97.66936,4.47295],[97.66948,4.47334],[97.66855,4.47505],[97.66819,4.47541],[97.66754,4.47582],[97.66695,4.47594],[97.66562,4.47576],[97.66462,4.47576],[97.66385,4.47598],[97.6628,4.47653],[97.66069,4.4782],[97.65733,4.48029],[97.65541,4.48233],[97.65308,4.48381],[97.6522,4.48498],[97.64976,4.48583],[97.64928,4.48612],[97.64744,4.4882],[97.64605,4.48945],[97.64535,4.48861],[97.64446,4.48786],[97.64325,4.48611],[97.64208,4.485],[97.64105,4.4835],[97.6406,4.4831],[97.64021,4.4831],[97.63909,4.4843],[97.63841,4.48455],[97.63791,4.48442],[97.6373,4.48384],[97.6364,4.48347],[97.63535,4.48249],[97.63437,4.481],[97.63379,4.48041],[97.63395,4.47931],[97.63395,4.47814],[97.63368,4.47738],[97.63203,4.47539],[97.63101,4.47376],[97.62993,4.4735],[97.62856,4.47361],[97.62729,4.47391],[97.62581,4.4748],[97.62306,4.47511],[97.62134,4.47446],[97.6194,4.47421],[97.61915,4.47407],[97.61841,4.47307],[97.61799,4.47278],[97.61822,4.4722],[97.61931,4.47064],[97.62084,4.46789],[97.6215,4.46729],[97.62307,4.46672],[97.62359,4.4663],[97.62431,4.46484],[97.62542,4.46337],[97.62639,4.46095],[97.62737,4.45989],[97.6282,4.45856],[97.6298,4.45729],[97.62996,4.45699],[97.62996,4.45641],[97.62931,4.45531],[97.62877,4.45469],[97.62769,4.45408],[97.62686,4.45382],[97.62621,4.45392],[97.62553,4.45436],[97.62532,4.45435],[97.62446,4.45341],[97.62419,4.45331],[97.6214,4.4535],[97.61858,4.45352],[97.61531,4.45398],[97.61396,4.45393],[97.61199,4.45364],[97.60937,4.45141],[97.60862,4.45049],[97.60744,4.44938],[97.60667,4.44782],[97.60617,4.44729],[97.60385,4.4466],[97.60262,4.44601],[97.60205,4.44594],[97.60077,4.44546],[97.5993,4.44541],[97.59831,4.44519],[97.59752,4.44563],[97.59678,4.44649],[97.59628,4.44684],[97.59522,4.44705],[97.59284,4.4472],[97.59138,4.44823],[97.59023,4.4488],[97.58866,4.44915],[97.58775,4.44902],[97.58753,4.44879],[97.58753,4.44821],[97.58806,4.44697],[97.58858,4.44613],[97.58864,4.44573],[97.58796,4.44443],[97.58774,4.44229],[97.58718,4.441],[97.58619,4.44002],[97.58557,4.43962],[97.58394,4.43914],[97.58166,4.43892],[97.58092,4.43841],[97.58035,4.43825],[97.57923,4.43841],[97.57656,4.43942],[97.57554,4.43953],[97.5734,4.43882],[97.57159,4.43799],[97.56893,4.4372],[97.56815,4.43712],[97.56227,4.43744],[97.55725,4.43796],[97.55644,4.43815],[97.55488,4.43797],[97.55447,4.43814],[97.55356,4.43902],[97.55311,4.4392],[97.55263,4.43906],[97.5514,4.43788],[97.54855,4.43664],[97.54473,4.43652],[97.54342,4.43632],[97.54216,4.43581],[97.54029,4.43581],[97.53688,4.43667],[97.53754,4.44046],[97.53716,4.44139],[97.53376,4.44123],[97.53196,4.44135],[97.52911,4.44176],[97.52841,4.44164],[97.52603,4.44085],[97.52467,4.44069],[97.52325,4.44075],[97.51996,4.44184],[97.51775,4.44363],[97.51583,4.44354],[97.51443,4.44425],[97.51343,4.44448],[97.51265,4.44431],[97.51173,4.44308],[97.51132,4.44278],[97.51091,4.44323],[97.51008,4.44499],[97.50949,4.44583],[97.50795,4.44708],[97.50673,4.44738],[97.50458,4.44721],[97.50298,4.44681],[97.50113,4.4457],[97.50012,4.44493],[97.49669,4.44416],[97.49531,4.44354],[97.49439,4.44354],[97.49352,4.44375],[97.49142,4.44462],[97.48993,4.44538],[97.48841,4.44516],[97.48452,4.4452],[97.48304,4.44556],[97.48208,4.44619],[97.48165,4.44625],[97.48013,4.44609],[97.47848,4.44528],[97.47573,4.44432],[97.47465,4.44432],[97.47403,4.44463],[97.47349,4.44519],[97.47311,4.4459],[97.47294,4.4466],[97.47291,4.4481],[97.47271,4.44854],[97.47233,4.44891],[97.47185,4.44915],[97.46997,4.44963],[97.46943,4.45013],[97.46927,4.45101],[97.46941,4.45302],[97.46931,4.45345],[97.46892,4.45414],[97.46822,4.45464],[97.46582,4.45528],[97.46496,4.45569],[97.4641,4.45666],[97.46306,4.45909],[97.46254,4.45963],[97.4617,4.46017],[97.46084,4.4611],[97.45943,4.46166],[97.45756,4.46183],[97.45661,4.46166],[97.45588,4.46113],[97.45549,4.461],[97.45437,4.46153],[97.45111,4.46236],[97.45039,4.46292],[97.44858,4.46375],[97.44717,4.46486],[97.44494,4.46708],[97.44458,4.4676],[97.44438,4.46945],[97.44299,4.46955],[97.44209,4.46952],[97.43701,4.46855],[97.4362,4.46826],[97.43585,4.46799],[97.4355,4.46752],[97.43558,4.4667],[97.43543,4.46622],[97.433,4.465],[97.43245,4.46455],[97.43202,4.46393],[97.43154,4.46269],[97.43139,4.45976],[97.43063,4.45742],[97.42985,4.45639],[97.42801,4.45472],[97.4267,4.45419],[97.42391,4.45373],[97.42217,4.45327],[97.42014,4.45312],[97.41941,4.45291],[97.41859,4.45242],[97.41817,4.452],[97.41723,4.4504],[97.41636,4.45],[97.41603,4.45104],[97.41563,4.45165],[97.41365,4.4532],[97.41136,4.45423],[97.40911,4.45408],[97.40829,4.4542],[97.40786,4.45445],[97.40438,4.45792],[97.40341,4.45942],[97.40291,4.45986],[97.40217,4.46007],[97.3995,4.46025],[97.39869,4.46057],[97.39744,4.46216],[97.39674,4.4635],[97.39619,4.46395],[97.39379,4.4638],[97.39252,4.46391],[97.39148,4.46417],[97.38669,4.46597],[97.38581,4.46617],[97.38164,4.46597],[97.37876,4.46648],[97.37731,4.46633],[97.3743,4.46729],[97.37295,4.4672],[97.37238,4.46694],[97.37076,4.46583],[97.36897,4.465],[97.36785,4.46385],[97.36729,4.46274],[97.36691,4.46229],[97.36632,4.46213],[97.36536,4.46217],[97.36432,4.4593],[97.36444,4.45642],[97.36424,4.45525],[97.36395,4.45454],[97.36322,4.45372],[97.36122,4.45337],[97.36011,4.45278],[97.35944,4.45207],[97.35882,4.45059],[97.35819,4.44986],[97.35715,4.44932],[97.35566,4.44882],[97.35341,4.4486],[97.35084,4.44798],[97.34889,4.44785],[97.3469,4.44742],[97.34536,4.4473],[97.344,4.44667],[97.34372,4.44619],[97.34397,4.44543],[97.34569,4.44344],[97.34667,4.44159],[97.34658,4.44076],[97.34523,4.43931],[97.34514,4.43889],[97.34564,4.43854],[97.34681,4.43841],[97.34776,4.43806],[97.34947,4.43625],[97.35304,4.43471],[97.35386,4.43397],[97.35551,4.43295],[97.35587,4.43204],[97.35597,4.42889],[97.35946,4.42521],[97.35977,4.42193],[97.35931,4.42018],[97.35931,4.41918],[97.35974,4.41796],[97.36087,4.41667],[97.36132,4.41584],[97.36119,4.41552],[97.36099,4.41318],[97.36042,4.40957],[97.36056,4.40721],[97.35993,4.40549],[97.35896,4.40472],[97.35816,4.40434],[97.35086,4.40708],[97.34906,4.40819],[97.34824,4.40841],[97.34719,4.40838],[97.34644,4.40805],[97.34506,4.40708],[97.34164,4.40528],[97.33972,4.40455],[97.33885,4.40397],[97.33848,4.40339],[97.33825,4.40148],[97.33771,4.40045],[97.33685,4.39972],[97.33466,4.39861],[97.33375,4.39597],[97.33358,4.39493],[97.33317,4.39437],[97.33218,4.39358],[97.33106,4.39146],[97.33075,4.38913],[97.3298,4.3876],[97.32907,4.38553],[97.32883,4.38526],[97.328,4.38495],[97.3263,4.38481],[97.3248,4.38449],[97.3233,4.38329],[97.32289,4.38257],[97.32261,4.38071],[97.32273,4.37983],[97.32306,4.37918],[97.32306,4.37889],[97.32216,4.37776],[97.32063,4.37474],[97.31886,4.37355],[97.31801,4.3725],[97.31733,4.37042],[97.31745,4.36989],[97.31809,4.36875],[97.31688,4.36761],[97.31648,4.3667],[97.31621,4.36234],[97.31634,4.36149],[97.31668,4.36067],[97.31658,4.35955],[97.31631,4.35868],[97.31588,4.35802],[97.31342,4.3568],[97.31303,4.35639],[97.31289,4.35485],[97.31315,4.3525],[97.31362,4.35015],[97.31355,4.34902],[97.31338,4.34863],[97.3123,4.34761],[97.31134,4.34536],[97.31122,4.34469],[97.31134,4.34389],[97.31244,4.34012],[97.31299,4.33752],[97.31341,4.33648],[97.31384,4.33613],[97.31423,4.336],[97.31659,4.33555],[97.31723,4.33528],[97.31771,4.3348],[97.31829,4.33381],[97.31946,4.33285],[97.31992,4.3321],[97.32004,4.33125],[97.31992,4.33041],[97.31964,4.3299],[97.31872,4.32918],[97.31846,4.32841],[97.31857,4.32749],[97.31896,4.32647],[97.31918,4.32539],[97.31931,4.32146],[97.31941,4.32051],[97.31973,4.31926],[97.32048,4.31827],[97.32105,4.31712],[97.32163,4.31628],[97.32365,4.31528],[97.32466,4.31417],[97.32628,4.31391],[97.32663,4.31356],[97.32685,4.3124],[97.32717,4.312],[97.328,4.31173],[97.32991,4.31066],[97.33134,4.30876],[97.33263,4.30749],[97.33336,4.30612],[97.33479,4.30496],[97.33563,4.30316],[97.33647,4.30188],[97.33821,4.30001],[97.33988,4.29889],[97.3408,4.29847],[97.34295,4.2978],[97.34485,4.29757],[97.34546,4.29736],[97.34757,4.2958],[97.34852,4.29467],[97.34993,4.2934],[97.35074,4.29106],[97.35098,4.28972],[97.35174,4.28816],[97.35246,4.28737],[97.35314,4.28713],[97.35478,4.28737],[97.35589,4.28731],[97.35654,4.28708],[97.35745,4.28639],[97.35826,4.28605],[97.35913,4.28605],[97.36138,4.28648],[97.36199,4.28636],[97.36323,4.28582],[97.36377,4.28547],[97.36388,4.28526],[97.36371,4.28396],[97.36376,4.28225],[97.36529,4.28098],[97.36606,4.28072],[97.36841,4.28047],[97.37033,4.28058],[97.37123,4.28097],[97.37233,4.2818],[97.37322,4.282],[97.37509,4.28192],[97.37602,4.28151],[97.37641,4.28055],[97.37647,4.27923],[97.37631,4.2781],[97.3758,4.27663],[97.37568,4.27581],[97.3758,4.27522],[97.3763,4.27411],[97.37668,4.27122],[97.37699,4.2706],[97.37901,4.26779],[97.38054,4.26491],[97.38147,4.26464],[97.38347,4.26507],[97.38642,4.26531],[97.38875,4.26653],[97.38986,4.26742],[97.39073,4.26841],[97.39263,4.26931],[97.39511,4.27139],[97.39725,4.27291],[97.39805,4.27317],[97.39938,4.27306],[97.40077,4.26993],[97.40199,4.26809],[97.4025,4.26676],[97.4028,4.26637],[97.40325,4.26607],[97.40486,4.26556],[97.40549,4.26513],[97.40591,4.26444],[97.40664,4.26215],[97.40722,4.26145],[97.40976,4.26056],[97.41124,4.25977],[97.41279,4.25701],[97.41449,4.25535],[97.41499,4.25388],[97.41529,4.25342],[97.41578,4.25313],[97.41847,4.25277],[97.41976,4.25215],[97.42259,4.25239],[97.4252,4.25223],[97.42799,4.2493],[97.42838,4.24832],[97.42885,4.24519],[97.42952,4.24346],[97.43004,4.24282],[97.43118,4.24185],[97.4323,4.23939],[97.434,4.2373],[97.43442,4.23696],[97.43637,4.2359],[97.43799,4.23401],[97.43883,4.23268],[97.44021,4.23114],[97.43983,4.23045],[97.4387,4.2297],[97.43771,4.22876],[97.43733,4.22807],[97.43674,4.22624],[97.43632,4.22546],[97.43574,4.22486],[97.43443,4.22394],[97.43428,4.22336],[97.43438,4.22195],[97.43568,4.22231],[97.43666,4.22225],[97.43789,4.22188],[97.4392,4.22104],[97.44015,4.22008],[97.44208,4.21666],[97.44226,4.21573],[97.44243,4.21224],[97.4415,4.21145],[97.44124,4.2107],[97.44132,4.21043],[97.44217,4.20942],[97.44223,4.20863],[97.44133,4.20584],[97.44079,4.20468],[97.44066,4.20375],[97.44079,4.2028],[97.44132,4.20184],[97.4424,4.20065],[97.44269,4.19996],[97.4431,4.19708],[97.44292,4.19563],[97.4441,4.19396],[97.44557,4.1903],[97.44569,4.18786],[97.4462,4.1857],[97.44686,4.18427],[97.44728,4.18156],[97.44781,4.18075],[97.44866,4.17993],[97.44898,4.17934],[97.44966,4.17619],[97.44994,4.17557],[97.45079,4.17459],[97.45188,4.17389],[97.45159,4.17281],[97.45119,4.17197],[97.4498,4.17039],[97.44924,4.16906],[97.44875,4.16829],[97.44852,4.16641],[97.44767,4.16554],[97.44745,4.16452],[97.44698,4.164],[97.44623,4.16377],[97.44477,4.16369],[97.44382,4.16334],[97.44314,4.16366],[97.44206,4.16463],[97.44099,4.16493],[97.43883,4.16512],[97.43761,4.16498],[97.43646,4.16466],[97.43394,4.16313],[97.43023,4.16202],[97.42917,4.16094],[97.42834,4.15817],[97.42788,4.15757],[97.42486,4.15604],[97.42446,4.15573],[97.42346,4.15452],[97.42137,4.15331],[97.41969,4.15309],[97.41854,4.1525],[97.41741,4.15333],[97.41334,4.15417],[97.41125,4.15528],[97.40799,4.15765],[97.40771,4.15808],[97.40699,4.16036],[97.4066,4.16081],[97.40592,4.16119],[97.40373,4.16131],[97.40262,4.16168],[97.40122,4.16316],[97.40072,4.16416],[97.40011,4.16484],[97.39919,4.16504],[97.39743,4.16446],[97.39663,4.16433],[97.39423,4.16461],[97.39342,4.16501],[97.39235,4.16649],[97.39162,4.16693],[97.391,4.16705],[97.38887,4.16667],[97.38606,4.1653],[97.38493,4.16524],[97.38474,4.16537],[97.38473,4.1661],[97.38418,4.16667],[97.37919,4.16931],[97.37676,4.1702],[97.37623,4.17055],[97.37494,4.17174],[97.37446,4.17165],[97.37313,4.17084],[97.37188,4.16952],[97.37097,4.16771],[97.36993,4.16694],[97.36907,4.16653],[97.36822,4.16632],[97.36755,4.16632],[97.36623,4.16721],[97.36494,4.16738],[97.36323,4.16732],[97.36149,4.16687],[97.36107,4.16688],[97.36063,4.16749],[97.35985,4.17082],[97.3582,4.17282],[97.35839,4.17501],[97.35835,4.17749],[97.35772,4.17878],[97.35713,4.18054],[97.35676,4.18104],[97.35628,4.1813],[97.35574,4.18134],[97.35206,4.18131],[97.35138,4.18153],[97.35023,4.18236],[97.34618,4.18335],[97.34553,4.18377],[97.34463,4.18491],[97.34372,4.18558],[97.343,4.18635],[97.34088,4.18632],[97.34031,4.18653],[97.33962,4.18708],[97.33908,4.1873],[97.33705,4.18715],[97.33377,4.18789],[97.33111,4.18729],[97.33031,4.18719],[97.32905,4.18725],[97.32842,4.1875],[97.32691,4.18847],[97.32331,4.18983],[97.31996,4.18917],[97.31835,4.1882],[97.31688,4.18694],[97.31688,4.18667],[97.31577,4.18598],[97.31527,4.18576],[97.31405,4.18563],[97.31296,4.18514],[97.31065,4.18437],[97.31021,4.18437],[97.30847,4.1848],[97.30509,4.18492],[97.30171,4.18535],[97.30018,4.18535],[97.29944,4.18514],[97.29865,4.18424],[97.29798,4.18375],[97.29646,4.18307],[97.29506,4.18286],[97.29446,4.18263],[97.29392,4.18233],[97.29319,4.18156],[97.2926,4.18128],[97.29032,4.18276],[97.28966,4.18285],[97.28489,4.18066],[97.28456,4.18035],[97.28375,4.17909],[97.28103,4.17653],[97.2788,4.17542],[97.27673,4.1747],[97.27622,4.17429],[97.27553,4.17335],[97.27345,4.1734],[97.27173,4.17304],[97.27051,4.17212],[97.26887,4.17139],[97.26742,4.17042],[97.26344,4.16963],[97.26139,4.16805],[97.25982,4.16722],[97.25641,4.16759],[97.25363,4.16717],[97.25261,4.16779],[97.24996,4.17081],[97.24988,4.17179],[97.25046,4.17304],[97.25058,4.17377],[97.25021,4.17582],[97.24924,4.17815],[97.24855,4.17932],[97.24795,4.18097],[97.24665,4.18283],[97.24639,4.18424],[97.24438,4.19109],[97.24327,4.19335],[97.24253,4.19561],[97.24185,4.19625],[97.23996,4.19708],[97.23924,4.19753],[97.23745,4.19934],[97.23607,4.20103],[97.23439,4.20202],[97.23285,4.2037],[97.23162,4.20607],[97.23224,4.20727],[97.23462,4.2087],[97.23577,4.21027],[97.23603,4.21104],[97.23615,4.212],[97.23603,4.21281],[97.23542,4.21485],[97.23542,4.2155],[97.23591,4.21685],[97.23667,4.21813],[97.23716,4.21861],[97.23704,4.21981],[97.23723,4.22106],[97.23723,4.22264],[97.23702,4.22423],[97.23649,4.22628],[97.23671,4.22773],[97.23659,4.22872],[97.23585,4.2307],[97.23467,4.23225],[97.23382,4.23368],[97.2332,4.23583],[97.23329,4.23713],[97.2339,4.23847],[97.2338,4.23916],[97.23254,4.24056],[97.22927,4.24285],[97.2273,4.24657],[97.2266,4.24756],[97.22591,4.24907],[97.22479,4.25081],[97.22279,4.25208],[97.22143,4.25334],[97.2198,4.25445],[97.21853,4.25622],[97.21736,4.25694],[97.21688,4.2574],[97.21605,4.25946],[97.2157,4.25985],[97.21493,4.26008],[97.21229,4.2602],[97.21142,4.26042],[97.20695,4.26251],[97.20568,4.26375],[97.20332,4.26513],[97.20222,4.26541],[97.20026,4.26543],[97.19877,4.2657],[97.19795,4.26607],[97.19643,4.26778],[97.19504,4.26861],[97.19368,4.26901],[97.18931,4.26972],[97.1884,4.27],[97.18765,4.27045],[97.18637,4.27226],[97.18524,4.27292],[97.18452,4.27362],[97.18369,4.275],[97.18344,4.27584],[97.18365,4.27747],[97.18353,4.27835],[97.18271,4.28032],[97.18202,4.28121],[97.18091,4.28326],[97.1802,4.28578],[97.17985,4.28624],[97.17889,4.28686],[97.17854,4.28751],[97.17771,4.29146],[97.17645,4.29432],[97.17599,4.29456],[97.17425,4.29465],[97.17306,4.29487],[97.17011,4.29598],[97.16968,4.29628],[97.16838,4.29778],[97.16614,4.29903],[97.164,4.3006],[97.16358,4.30103],[97.16271,4.30257],[97.16174,4.30371],[97.16076,4.30615],[97.16041,4.30652],[97.15966,4.30696],[97.16098,4.30874],[97.16134,4.30969],[97.16146,4.31123],[97.16144,4.31442],[97.16168,4.31624],[97.16209,4.317],[97.16391,4.31888],[97.16445,4.3196],[97.16465,4.32044],[97.1645,4.32138],[97.16419,4.32197],[97.16321,4.32289],[97.16161,4.32488],[97.16103,4.32594],[97.16079,4.32727],[97.15987,4.32833],[97.15919,4.32935],[97.15902,4.32985],[97.15886,4.33261],[97.15861,4.33358],[97.15834,4.33415],[97.15751,4.33517],[97.15653,4.33765],[97.15595,4.33827],[97.1542,4.33951],[97.1521,4.34132],[97.15098,4.34244],[97.15057,4.34308],[97.15038,4.34399],[97.15038,4.34524],[97.15084,4.34739],[97.15055,4.34856],[97.14949,4.3505],[97.14931,4.35115],[97.1494,4.35244],[97.14892,4.35331],[97.14868,4.35443],[97.14855,4.35834],[97.14625,4.36075],[97.14528,4.36117],[97.1446,4.36117],[97.14284,4.36046],[97.14188,4.36028],[97.14119,4.35881],[97.14096,4.35785],[97.14107,4.35737],[97.14185,4.35576],[97.1419,4.35462],[97.1416,4.354],[97.14087,4.35314],[97.13975,4.35222],[97.13925,4.35158],[97.13883,4.35072],[97.13849,4.34949],[97.13857,4.34862],[97.13922,4.34776],[97.13928,4.34742],[97.13877,4.34702],[97.137,4.34639],[97.13593,4.34586],[97.13479,4.34578],[97.13234,4.34636],[97.13134,4.34648],[97.13068,4.34636],[97.12928,4.34574],[97.12777,4.34617],[97.12654,4.34618],[97.12432,4.3459],[97.12321,4.34556],[97.12072,4.34511],[97.11774,4.34375],[97.1173,4.34323],[97.11646,4.34169],[97.11589,4.34114],[97.11539,4.34101],[97.10928,4.34155],[97.10648,4.34208],[97.10541,4.3425],[97.1041,4.34381],[97.10347,4.34422],[97.10299,4.34422],[97.10174,4.3438],[97.10093,4.34392],[97.0982,4.34479],[97.0966,4.34472],[97.09521,4.34295],[97.09466,4.3425],[97.0941,4.34117],[97.0935,4.34064],[97.09306,4.3405],[97.09078,4.34035],[97.08903,4.34006],[97.0885,4.33979],[97.0877,4.3391],[97.08665,4.33854],[97.08623,4.33819],[97.08591,4.33769],[97.0855,4.33531],[97.08455,4.33475],[97.08303,4.33447],[97.08158,4.3324],[97.07937,4.33109],[97.07845,4.3298],[97.07754,4.32921],[97.07544,4.3286],[97.07246,4.32867],[97.07116,4.3282],[97.0678,4.32736],[97.06295,4.32586],[97.06141,4.32578],[97.05956,4.32611],[97.05838,4.32653],[97.05752,4.32709],[97.05702,4.32758],[97.0561,4.32889],[97.05544,4.32934],[97.05077,4.33056],[97.05,4.33311],[97.04903,4.33454],[97.04848,4.33605],[97.04796,4.33913],[97.04791,4.34236],[97.04828,4.34585],[97.04855,4.34657],[97.04889,4.34701],[97.05261,4.34896],[97.0542,4.35045],[97.05557,4.35213],[97.05594,4.35243],[97.05801,4.35312],[97.06026,4.3541],[97.06132,4.35526],[97.06109,4.35695],[97.06056,4.35822],[97.05931,4.35991],[97.05773,4.36168],[97.05682,4.36244],[97.05567,4.36378],[97.05274,4.36662],[97.05084,4.36898],[97.05022,4.36997],[97.0489,4.3732],[97.04777,4.38146],[97.04737,4.38348],[97.04639,4.38566],[97.04542,4.38832],[97.045,4.38894],[97.0443,4.38965],[97.04341,4.39005],[97.04125,4.39039],[97.04019,4.39068],[97.03835,4.3927],[97.03772,4.39361],[97.03723,4.39202],[97.03676,4.39128],[97.0359,4.39063],[97.03452,4.39002],[97.03406,4.38962],[97.03292,4.38838],[97.03211,4.38667],[97.03119,4.38552],[97.03037,4.38496],[97.02959,4.38467],[97.02659,4.38422],[97.02344,4.3834],[97.02294,4.38307],[97.02231,4.38231],[97.01985,4.38102],[97.01805,4.3791],[97.01671,4.37826],[97.0158,4.37751],[97.01317,4.37649],[97.01295,4.37619],[97.01237,4.37462],[97.01139,4.37342],[97.01083,4.37164],[97.0105,4.37108],[97.00998,4.37076],[97.00733,4.36987],[97.00643,4.36846],[97.00551,4.36778],[97.00551,4.36794],[96.99275,4.36967],[96.99547,4.38434],[96.98678,4.38978],[96.97971,4.3925],[96.9721,4.39467],[96.96123,4.39358],[96.95905,4.40011],[96.95416,4.405],[96.9509,4.41587],[96.94384,4.42021],[96.93623,4.42511],[96.9299,4.42698],[96.92932,4.42729],[96.92885,4.42825],[96.92827,4.43081],[96.92785,4.43159],[96.92714,4.43236],[96.92497,4.43386],[96.92372,4.43419],[96.92154,4.43653],[96.91888,4.43736],[96.91578,4.43986],[96.9141,4.44156],[96.91244,4.44377],[96.91097,4.44647],[96.90994,4.44761],[96.90589,4.44897],[96.90482,4.44955],[96.90425,4.45002],[96.90341,4.45142],[96.90315,4.45218],[96.90283,4.45429],[96.90218,4.45635],[96.90187,4.4592],[96.9016,4.45973],[96.89986,4.46086],[96.89911,4.46222],[96.89875,4.46041],[96.89688,4.4575],[96.89668,4.45873],[96.89631,4.45944],[96.87984,4.45936],[96.87922,4.45949],[96.87722,4.4603],[96.87585,4.46037],[96.87174,4.4601],[96.8688,4.45944],[96.86751,4.45903],[96.86669,4.45833],[96.86617,4.45808],[96.86407,4.45784],[96.86344,4.45763],[96.86141,4.45593],[96.86045,4.45487],[96.85954,4.45447],[96.85799,4.45439],[96.85495,4.45506],[96.85375,4.45506],[96.85252,4.45472],[96.84867,4.45294],[96.84619,4.45241],[96.84504,4.45259],[96.84424,4.45247],[96.84241,4.45167],[96.83959,4.45],[96.83714,4.44806],[96.83525,4.44736],[96.83204,4.44583],[96.82894,4.44506],[96.82734,4.44487],[96.82553,4.44486],[96.82248,4.44521],[96.81916,4.44586],[96.81728,4.44677],[96.81521,4.44695],[96.81468,4.44876],[96.81457,4.44962],[96.81468,4.45054],[96.81519,4.45191],[96.81529,4.45265],[96.81511,4.45372],[96.81402,4.45659],[96.81396,4.45782],[96.81411,4.45929],[96.81057,4.4624],[96.80897,4.46432],[96.80864,4.46585],[96.80855,4.46779],[96.80916,4.46959],[96.80916,4.47013],[96.80813,4.47195],[96.80738,4.47461],[96.80746,4.47606],[96.808,4.47705],[96.80837,4.47736],[96.80924,4.47775],[96.81056,4.47801],[96.81095,4.47849],[96.81109,4.47901],[96.81119,4.48058],[96.81103,4.48194],[96.81008,4.48376],[96.80985,4.48458],[96.80996,4.4851],[96.81063,4.48617],[96.81085,4.48689],[96.81091,4.4881],[96.81063,4.48946],[96.80993,4.4905],[96.80901,4.49228],[96.80672,4.49311],[96.80641,4.49335],[96.80605,4.49405],[96.80521,4.49647],[96.80451,4.49769],[96.80409,4.49804],[96.80296,4.49852],[96.80229,4.49896],[96.80146,4.50025],[96.80024,4.50152],[96.79954,4.50193],[96.79894,4.502],[96.79541,4.5005],[96.79483,4.5005],[96.79425,4.50085],[96.79383,4.50157],[96.7931,4.50381],[96.79257,4.5046],[96.79135,4.50549],[96.78901,4.50665],[96.78571,4.51],[96.78581,4.51045],[96.78687,4.51156],[96.78744,4.5125],[96.78922,4.51244],[96.79215,4.51335],[96.79334,4.51389],[96.79448,4.515],[96.79483,4.51519],[96.79838,4.51584],[96.79998,4.51667],[96.8029,4.5175],[96.80599,4.51896],[96.81084,4.52004],[96.81254,4.5211],[96.81385,4.52167],[96.81501,4.5227],[96.81664,4.5236],[96.81762,4.52376],[96.82044,4.52383],[96.82158,4.52405],[96.8223,4.5245],[96.823,4.52621],[96.82335,4.52675],[96.82447,4.52764],[96.82582,4.52833],[96.82686,4.52859],[96.82821,4.52869],[96.8331,4.52815],[96.83666,4.52827],[96.83762,4.52862],[96.83872,4.52944],[96.84037,4.53012],[96.84561,4.53114],[96.84904,4.53124],[96.8506,4.5314],[96.85263,4.53205],[96.85439,4.53222],[96.85514,4.53315],[96.85576,4.53472],[96.85813,4.53535],[96.85958,4.53549],[96.86048,4.53586],[96.86142,4.53679],[96.86252,4.53864],[96.86311,4.53917],[96.8637,4.53943],[96.86621,4.53964],[96.86825,4.53951],[96.86939,4.53921],[96.86994,4.53889],[96.87193,4.53847],[96.87375,4.53792],[96.87678,4.53667],[96.8783,4.53555],[96.88232,4.53319],[96.88469,4.53224],[96.88532,4.53212],[96.88585,4.53224],[96.88748,4.53306],[96.88841,4.53416],[96.88906,4.53459],[96.89057,4.53528],[96.89264,4.53583],[96.89476,4.53686],[96.89625,4.53712],[96.90046,4.53701],[96.905,4.53715],[96.90598,4.53764],[96.90891,4.53853],[96.90985,4.53906],[96.91066,4.54019],[96.91174,4.5412],[96.91299,4.54317],[96.91424,4.54447],[96.91521,4.54625],[96.91597,4.54695],[96.91763,4.54803],[96.92096,4.54762],[96.92271,4.54722],[96.92295,4.54751],[96.92367,4.54785],[96.92546,4.54816],[96.92612,4.54804],[96.92687,4.54764],[96.92768,4.54744],[96.92827,4.54746],[96.92885,4.54765],[96.9293,4.54805],[96.93049,4.55094],[96.9316,4.55285],[96.93223,4.55358],[96.9327,4.55389],[96.93432,4.5534],[96.93751,4.55189],[96.94017,4.5511],[96.94145,4.5503],[96.94227,4.55017],[96.94423,4.55016],[96.94925,4.55089],[96.95087,4.55081],[96.95183,4.55091],[96.95257,4.55122],[96.95442,4.55263],[96.95547,4.55287],[96.95646,4.55275],[96.9582,4.55222],[96.96336,4.55103],[96.96615,4.54982],[96.9681,4.54943],[96.9704,4.54868],[96.97223,4.54771],[96.97506,4.54674],[96.97638,4.54593],[96.97886,4.5449],[96.98165,4.54326],[96.98392,4.54229],[96.98651,4.5416],[96.9911,4.54089],[96.99232,4.54049],[96.99433,4.53927],[96.99495,4.53854],[96.9957,4.53717],[96.99707,4.53591],[96.99891,4.53564],[97.00071,4.53569],[97.00227,4.53592],[97.00563,4.53566],[97.00614,4.53547],[97.00705,4.53479],[97.00883,4.53417],[97.01024,4.53542],[97.01185,4.53625],[97.01302,4.53736],[97.01479,4.53834],[97.01563,4.53949],[97.01628,4.54121],[97.01655,4.54162],[97.01769,4.54236],[97.01965,4.54403],[97.02063,4.54505],[97.02088,4.54574],[97.0215,4.54912],[97.02217,4.55017],[97.02302,4.55102],[97.02398,4.55153],[97.02578,4.55222],[97.02674,4.55313],[97.02742,4.55422],[97.02754,4.55514],[97.02742,4.55606],[97.02674,4.55725],[97.02653,4.55792],[97.02662,4.55893],[97.02733,4.55971],[97.02904,4.56015],[97.02971,4.56055],[97.02998,4.56091],[97.03032,4.5622],[97.03065,4.56471],[97.03105,4.56569],[97.03224,4.56667],[97.03325,4.5672],[97.03564,4.56743],[97.03605,4.56764],[97.03715,4.56848],[97.03844,4.57],[97.03993,4.57098],[97.04105,4.57264],[97.04256,4.57388],[97.04297,4.57471],[97.04341,4.57633],[97.0441,4.57794],[97.04466,4.58192],[97.04327,4.58323],[97.0416,4.58593],[97.04051,4.59128],[97.03992,4.5918],[97.03758,4.59281],[97.03689,4.59323],[97.0363,4.59381],[97.03549,4.59507],[97.03494,4.59636],[97.03472,4.59742],[97.03438,4.60195],[97.03167,4.6023],[97.03072,4.60272],[97.03028,4.60334],[97.02945,4.60519],[97.0282,4.60697],[97.02751,4.60858],[97.02681,4.6098],[97.02525,4.61195],[97.02372,4.61323],[97.02237,4.61489],[97.02184,4.61535],[97.02061,4.61589],[97.01843,4.61639],[97.01718,4.61719],[97.0165,4.61792],[97.01512,4.62009],[97.01388,4.62173],[97.01167,4.62304],[97.01105,4.62361],[97.00973,4.62369],[97.00856,4.62333],[97.00667,4.62304],[97.00452,4.62242],[97.00287,4.62242],[97.00144,4.62289],[96.99907,4.62335],[96.99782,4.62375],[96.99727,4.62407],[96.99643,4.62504],[96.99603,4.62531],[96.99304,4.62584],[96.99259,4.62612],[96.99172,4.62705],[96.99024,4.62764],[96.98881,4.62788],[96.98556,4.62807],[96.98235,4.62847],[96.98119,4.62832],[96.98008,4.62796],[96.97966,4.62837],[96.97882,4.63032],[96.97788,4.6312],[96.97726,4.63214],[96.97549,4.63344],[96.97391,4.63409],[96.97272,4.63611],[96.97222,4.63632],[96.97154,4.63687],[96.96955,4.63788],[96.96886,4.6375],[96.96805,4.63724],[96.96597,4.63715],[96.96507,4.63737],[96.96295,4.63833],[96.96206,4.63896],[96.96074,4.6406],[96.95955,4.64139],[96.95862,4.64222],[96.95545,4.64334],[96.95125,4.64583],[96.94893,4.64749],[96.94283,4.64822],[96.94078,4.64895],[96.9394,4.64925],[96.9362,4.64914],[96.93104,4.65035],[96.92652,4.65041],[96.92566,4.65047],[96.92445,4.65077],[96.92327,4.65184],[96.9229,4.65285],[96.92313,4.65359],[96.92465,4.65545],[96.92464,4.65562],[96.92435,4.65578],[96.92294,4.65579],[96.92217,4.65558],[96.9205,4.65486],[96.91857,4.65514],[96.91464,4.65501],[96.91312,4.65459],[96.91178,4.65388],[96.90969,4.65315],[96.90878,4.65296],[96.9082,4.65307],[96.90529,4.655],[96.90301,4.65616],[96.90119,4.65641],[96.8992,4.65704],[96.89793,4.65711],[96.89691,4.65693],[96.89541,4.65569],[96.89482,4.6553],[96.89432,4.65517],[96.89244,4.65536],[96.89099,4.65535],[96.88954,4.65489],[96.88853,4.65511],[96.88496,4.65545],[96.88415,4.6557],[96.88368,4.65611],[96.88299,4.65687],[96.88116,4.65993],[96.8789,4.66208],[96.87633,4.66489],[96.87605,4.66554],[96.87615,4.66673],[96.87608,4.66734],[96.87588,4.66792],[96.87553,4.66836],[96.87459,4.66872],[96.873,4.66879],[96.87105,4.66973],[96.87007,4.67204],[96.86875,4.67417],[96.86875,4.67464],[96.8692,4.67568],[96.86926,4.67684],[96.86909,4.67793],[96.86816,4.68111],[96.86841,4.68193],[96.86994,4.68381],[96.87052,4.6848],[96.87165,4.68587],[96.87257,4.68735],[96.87281,4.68833],[96.87305,4.69227],[96.87329,4.69303],[96.87364,4.69355],[96.87555,4.69491],[96.87808,4.69523],[96.87939,4.6961],[96.88148,4.69655],[96.88212,4.69681],[96.88526,4.69972],[96.88641,4.70227],[96.88751,4.70348],[96.88771,4.70414],[96.88762,4.70448],[96.88708,4.70514],[96.886,4.70562],[96.88074,4.706],[96.88006,4.70637],[96.87957,4.70695],[96.87932,4.70753],[96.87952,4.70917],[96.8795,4.71007],[96.8793,4.71066],[96.87866,4.71115],[96.87696,4.7117],[96.87618,4.71237],[96.87382,4.7158],[96.87271,4.71821],[96.87188,4.72079],[96.87091,4.72221],[96.86962,4.72333],[96.86601,4.72486],[96.86502,4.72542],[96.86295,4.72736],[96.86157,4.72806],[96.85937,4.72986],[96.85845,4.73032],[96.85577,4.73327],[96.85424,4.73698],[96.85396,4.73746],[96.85314,4.73836],[96.85293,4.73887],[96.85266,4.74383],[96.85229,4.74568],[96.8516,4.74677],[96.84952,4.74893],[96.84883,4.75031],[96.84719,4.75265],[96.84685,4.75434],[96.84605,4.75563],[96.84543,4.75712],[96.84543,4.75897],[96.84605,4.76025],[96.84694,4.76264],[96.84694,4.76518],[96.8467,4.77006],[96.84646,4.77102],[96.84549,4.77216],[96.84424,4.77435],[96.84154,4.77751],[96.84183,4.77932],[96.84172,4.78075],[96.8414,4.78135],[96.84089,4.78181],[96.83923,4.7827],[96.83871,4.78312],[96.8373,4.7853],[96.83646,4.78718],[96.83563,4.78832],[96.83423,4.78972],[96.83195,4.7907],[96.83073,4.79181],[96.82874,4.79289],[96.82759,4.79389],[96.82561,4.79515],[96.82511,4.7956],[96.82493,4.796],[96.8248,4.79711],[96.825,4.7992],[96.8245,4.8],[96.8235,4.80038],[96.81966,4.80056],[96.8194,4.80633],[96.81917,4.80697],[96.81827,4.80805],[96.82139,4.80762],[96.82307,4.80715],[96.82385,4.80715],[96.82474,4.80767],[96.82597,4.80878],[96.82721,4.81014],[96.82795,4.81037],[96.82937,4.81043],[96.83007,4.81034],[96.831,4.81],[96.8321,4.80917],[96.8335,4.80833],[96.83682,4.80668],[96.83844,4.80651],[96.8397,4.80681],[96.84056,4.80754],[96.84239,4.80992],[96.84415,4.81084],[96.8456,4.81139],[96.84756,4.81236],[96.85168,4.81473],[96.85397,4.81722],[96.85532,4.81813],[96.85596,4.81875],[96.85633,4.81944],[96.85642,4.821],[96.8567,4.82264],[96.85657,4.82355],[96.85669,4.82429],[96.85777,4.82743],[96.85798,4.82777],[96.8582,4.82784],[96.85951,4.82798],[96.86083,4.82841],[96.8627,4.82832],[96.86423,4.82778],[96.86572,4.82668],[96.86633,4.82656],[96.86865,4.82709],[96.87006,4.82762],[96.87176,4.82794],[96.87311,4.82841],[96.87419,4.82841],[96.87668,4.82798],[96.87812,4.82805],[96.87909,4.82847],[96.88045,4.8298],[96.88185,4.83069],[96.88326,4.83222],[96.88453,4.83218],[96.88666,4.83193],[96.89108,4.83097],[96.89242,4.83056],[96.89415,4.82974],[96.89529,4.82957],[96.89749,4.82951],[96.89849,4.82903],[96.90116,4.82826],[96.90157,4.82792],[96.90248,4.82672],[96.90385,4.82598],[96.90706,4.82527],[96.90907,4.82419],[96.91017,4.82411],[96.91072,4.82435],[96.91193,4.8257],[96.91513,4.82689],[96.9162,4.82764],[96.91688,4.82869],[96.91813,4.83318],[96.91898,4.83472],[96.91939,4.83497],[96.92046,4.83462],[96.92362,4.83314],[96.92459,4.83306],[96.92652,4.83319],[96.92712,4.83308],[96.9279,4.8327],[96.92863,4.83208],[96.92957,4.83153],[96.93167,4.83084],[96.93461,4.83026],[96.9353,4.82992],[96.93641,4.82904],[96.93694,4.82883],[96.94857,4.82874],[96.94991,4.82836],[96.95078,4.82825],[96.9536,4.82848],[96.95842,4.82765],[96.96103,4.82694],[96.96201,4.82713],[96.96261,4.82741],[96.96306,4.82789],[96.9639,4.82933],[96.96435,4.82982],[96.96717,4.83084],[96.96793,4.83145],[96.96842,4.83168],[96.97064,4.83133],[96.97345,4.83137],[96.97858,4.83076],[96.98119,4.83091],[96.9858,4.83047],[96.98831,4.83075],[96.98957,4.83112],[96.9908,4.83174],[96.99162,4.83199],[96.99336,4.83215],[96.99578,4.83216],[96.99879,4.83194],[96.99997,4.83172],[97.00096,4.83137],[97.00337,4.83106],[97.0042,4.83041],[97.00587,4.82773],[97.0065,4.82704],[97.00811,4.8261],[97.01275,4.82427],[97.01365,4.82331],[97.01465,4.82166],[97.01749,4.82001],[97.0182,4.81937],[97.01891,4.81848],[97.01919,4.81764],[97.01922,4.81651],[97.01846,4.81353],[97.01827,4.80973],[97.01875,4.80888],[97.02025,4.80736],[97.02064,4.80668],[97.0214,4.80358],[97.02258,4.80039],[97.02271,4.80028],[97.03216,4.80032],[97.0353,4.80129],[97.03713,4.80221],[97.03934,4.80308],[97.04053,4.80386],[97.04168,4.80557],[97.04196,4.8058],[97.04403,4.80653],[97.04498,4.80744],[97.04577,4.80791],[97.04735,4.808],[97.0498,4.80926],[97.05028,4.81014],[97.05102,4.8125],[97.05113,4.81327],[97.05083,4.81459],[97.04987,4.81568],[97.04941,4.81699],[97.04933,4.81891],[97.04944,4.81935],[97.04991,4.81984],[97.05062,4.82007],[97.05265,4.8203],[97.0563,4.82123],[97.05871,4.82118],[97.06053,4.82058],[97.0613,4.82047],[97.06753,4.8214],[97.06886,4.82221],[97.06966,4.8225],[97.07031,4.82343],[97.07073,4.82378],[97.07143,4.82398],[97.07316,4.82413],[97.07422,4.8245],[97.07533,4.82574],[97.07665,4.82667],[97.07764,4.82834],[97.07807,4.82882],[97.07852,4.8291],[97.07948,4.82936],[97.0832,4.8298],[97.08554,4.82924],[97.08766,4.82839],[97.08854,4.82827],[97.09176,4.82887],[97.09278,4.82966],[97.09389,4.83129],[97.09516,4.8324],[97.09598,4.83274],[97.09669,4.83285],[97.09807,4.83221],[97.09845,4.83215],[97.10011,4.83327],[97.10025,4.83354],[97.09965,4.83413],[97.09937,4.8346],[97.09936,4.8354],[97.10001,4.83554],[97.10262,4.83734],[97.10306,4.8381],[97.10331,4.8389],[97.10355,4.84084],[97.1051,4.84151],[97.10679,4.84279],[97.10723,4.84299],[97.1088,4.84331],[97.1095,4.84362],[97.11025,4.84372],[97.11117,4.8436],[97.11195,4.84326],[97.1127,4.84312],[97.11341,4.84242],[97.1138,4.84167],[97.11391,4.84072],[97.11349,4.83731],[97.11577,4.83478],[97.11675,4.83283],[97.11717,4.8327],[97.11881,4.83305],[97.11943,4.83292],[97.12015,4.83204],[97.1213,4.83109],[97.1216,4.83055],[97.12216,4.82894],[97.12374,4.82641],[97.12409,4.82634],[97.1249,4.82673],[97.1258,4.82664],[97.12766,4.8254],[97.12938,4.82358],[97.12993,4.82323],[97.13068,4.82305],[97.13162,4.82395],[97.13237,4.82411],[97.1328,4.82435],[97.13351,4.82495],[97.13436,4.82595],[97.13505,4.82636],[97.13774,4.8272],[97.13855,4.82731],[97.13934,4.8272],[97.14107,4.82661],[97.14183,4.82661],[97.14239,4.82681],[97.14396,4.82806],[97.14455,4.82875],[97.14508,4.83009],[97.14573,4.83272],[97.14565,4.83393],[97.14591,4.83497],[97.14674,4.83635],[97.14788,4.83927],[97.14882,4.84028],[97.15034,4.84037],[97.15391,4.83962],[97.15568,4.83947],[97.15634,4.83918],[97.15953,4.83697],[97.16058,4.8366],[97.1659,4.83556],[97.16892,4.83536],[97.17098,4.83541],[97.17359,4.83586],[97.17597,4.83608],[97.178,4.83724],[97.18,4.83798],[97.18024,4.83823],[97.18052,4.83887],[97.18074,4.84078],[97.1813,4.84163],[97.18159,4.84241],[97.18152,4.84499],[97.18163,4.84598],[97.18228,4.84683],[97.18299,4.84729],[97.1838,4.84756],[97.18637,4.84784],[97.18791,4.84783],[97.18841,4.8477],[97.18955,4.84699],[97.19056,4.84665],[97.19171,4.84657],[97.1935,4.84676],[97.19456,4.84657],[97.19608,4.84676],[97.19673,4.84657],[97.19787,4.84527],[97.19897,4.8447],[97.20052,4.84469],[97.2027,4.84509],[97.2058,4.84424],[97.2074,4.84355],[97.20855,4.84324],[97.20942,4.84331],[97.21029,4.84355],[97.21309,4.84482],[97.21417,4.84588],[97.2147,4.84691],[97.21549,4.84916],[97.2152,4.84973],[97.2139,4.85093],[97.21299,4.85227],[97.2115,4.85341],[97.21063,4.85453],[97.2097,4.85611],[97.2069,4.8585],[97.20575,4.86014],[97.204,4.86112],[97.20119,4.86387],[97.20046,4.86414],[97.19996,4.86456],[97.19907,4.86594],[97.19758,4.8673],[97.19643,4.86962],[97.19501,4.87076],[97.19382,4.87261],[97.19188,4.87462],[97.19105,4.87622],[97.19023,4.87739],[97.19011,4.87782],[97.19053,4.87927],[97.19107,4.88001],[97.19241,4.8807],[97.19449,4.88222],[97.19584,4.88372],[97.1965,4.88417],[97.19898,4.88528],[97.20138,4.8861],[97.20234,4.88622],[97.20396,4.886],[97.2047,4.88613],[97.20574,4.88667],[97.20733,4.88778],[97.20848,4.88834],[97.20907,4.88892],[97.20921,4.88946],[97.20903,4.89073],[97.20906,4.89197],[97.20921,4.89245],[97.20984,4.89356],[97.21049,4.89643],[97.21143,4.89792],[97.21104,4.89847],[97.2098,4.89948],[97.20909,4.90112],[97.20835,4.90187],[97.20757,4.90304],[97.20674,4.90392],[97.20565,4.906],[97.20557,4.9066],[97.20514,4.90747],[97.20514,4.90816],[97.20566,4.91026],[97.20608,4.91128],[97.20662,4.91214],[97.20664,4.91239],[97.20619,4.91352],[97.20535,4.91455],[97.20511,4.91553],[97.20523,4.91615],[97.2066,4.91813],[97.20757,4.92141],[97.20855,4.92289],[97.2092,4.92333],[97.21393,4.924],[97.21541,4.92378],[97.2165,4.92397],[97.21741,4.92396],[97.21956,4.92354],[97.22029,4.92364],[97.22519,4.92358],[97.22975,4.92561],[97.2399,4.92561],[97.24649,4.9251],[97.25055,4.92409],[97.2541,4.92257],[97.26272,4.91648],[97.27242,4.91519],[97.2727,4.91607],[97.27309,4.91666],[97.27394,4.91743],[97.2749,4.918],[97.27527,4.91844],[97.27624,4.92141],[97.28047,4.92155],[97.28351,4.92003],[97.28706,4.92003],[97.29618,4.91946],[97.29922,4.91736],[97.30106,4.91644],[97.30211,4.91493],[97.30383,4.91347],[97.30596,4.91233],[97.3084,4.91029],[97.30865,4.90985],[97.30795,4.907],[97.30797,4.90671],[97.30829,4.90628],[97.3092,4.90569],[97.31085,4.905],[97.31308,4.90375],[97.31903,4.90111],[97.32268,4.89973],[97.32335,4.89975],[97.32379,4.89991],[97.32428,4.90029],[97.32473,4.90092],[97.32575,4.90325],[97.32783,4.90414],[97.33214,4.90459],[97.33693,4.90446],[97.3379,4.90466],[97.33869,4.90503],[97.33922,4.9055],[97.33954,4.90598],[97.3401,4.90838],[97.34037,4.90873],[97.34075,4.90893],[97.34167,4.9091],[97.34242,4.90953],[97.34413,4.91291],[97.34458,4.91353],[97.34606,4.91397],[97.34756,4.91503],[97.34986,4.9153],[97.35065,4.91556],[97.35113,4.9159],[97.35139,4.91653],[97.35165,4.91819],[97.35274,4.91897],[97.35327,4.91959],[97.35416,4.92183],[97.35805,4.92258],[97.35966,4.9245],[97.36285,4.92482],[97.36541,4.9277],[97.36782,4.92982],[97.36751,4.93044],[97.36735,4.93118],[97.36741,4.93213],[97.36778,4.9333],[97.36658,4.93711],[97.36607,4.93789],[97.36585,4.93853],[97.36528,4.93917],[97.36384,4.94035],[97.3623,4.94118],[97.36155,4.94143],[97.36045,4.94145],[97.35842,4.94274],[97.35643,4.94351],[97.35588,4.94393],[97.35515,4.94492],[97.3549,4.94559],[97.35524,4.94691],[97.3552,4.94806],[97.35552,4.94865],[97.35556,4.94916],[97.35528,4.94961],[97.35437,4.95027],[97.35303,4.95201],[97.35184,4.95293],[97.35167,4.9532],[97.35168,4.95457],[97.35133,4.95521],[97.35208,4.95599],[97.35222,4.95648],[97.35212,4.9567],[97.35107,4.95775],[97.35012,4.95909],[97.34859,4.96054],[97.34705,4.96238],[97.34588,4.96346],[97.34473,4.96556],[97.34336,4.96725],[97.34296,4.96817],[97.34274,4.96923],[97.34133,4.97075],[97.34111,4.97149],[97.34025,4.9729],[97.33931,4.9752],[97.33834,4.9768],[97.33772,4.97883],[97.33728,4.97986],[97.33642,4.98133],[97.33566,4.98315],[97.33474,4.98435],[97.33457,4.98524],[97.3346,4.9865],[97.33446,4.98689],[97.33389,4.98784],[97.33226,4.98859],[97.33187,4.98921],[97.33186,4.99034],[97.33229,4.99159],[97.33247,4.99268],[97.33225,4.99481],[97.33168,4.99556],[97.32979,4.99665],[97.3293,4.99724],[97.32902,4.99848],[97.32917,4.99901],[97.32964,4.99969],[97.32957,5.00053],[97.32979,5.00167],[97.32973,5.00294],[97.32952,5.00438],[97.32902,5.00626],[97.32808,5.00753],[97.32777,5.00834],[97.32772,5.00862],[97.32817,5.0091],[97.32921,5.00992],[97.32947,5.00997],[97.33196,5.00869],[97.33341,5.00732],[97.33397,5.00697],[97.33458,5.00684],[97.3356,5.00693],[97.33584,5.00682],[97.33662,5.0057],[97.33779,5.00496],[97.33813,5.00433],[97.33869,5.00261],[97.33938,5.0013],[97.34017,4.99829],[97.34054,4.99798],[97.34157,4.99775],[97.3421,4.99742],[97.34209,4.99702],[97.34147,4.99636],[97.34125,4.99579],[97.34125,4.99486],[97.34174,4.99315],[97.34244,4.99209],[97.34319,4.9915],[97.34388,4.99072],[97.34507,4.98997],[97.34593,4.98912],[97.34611,4.98845],[97.34557,4.98755],[97.34551,4.98722],[97.34564,4.98689],[97.34599,4.98662],[97.34802,4.98604],[97.34936,4.98591],[97.3505,4.98548],[97.35539,4.98551],[97.35843,4.98667],[97.35901,4.98718],[97.35959,4.98831],[97.36017,4.98885],[97.36102,4.98915],[97.36242,4.9894],[97.36308,4.99013],[97.36355,4.99046],[97.36379,4.99051],[97.36421,4.99032],[97.3648,4.9895],[97.36584,4.98748],[97.36584,4.98707],[97.3654,4.98573],[97.3654,4.984],[97.36569,4.98329],[97.36667,4.98223],[97.36695,4.98174],[97.36681,4.98083],[97.3669,4.98036],[97.36855,4.9793],[97.36956,4.97749],[97.37029,4.97715],[97.3713,4.97698],[97.3714,4.97682],[97.3712,4.97576],[97.37142,4.97489],[97.37356,4.97229],[97.37465,4.96999],[97.37517,4.96947],[97.37583,4.96934],[97.37665,4.96947],[97.37843,4.97042],[97.38041,4.97122],[97.38202,4.97058],[97.38243,4.97053],[97.38282,4.97085],[97.38344,4.97172],[97.38383,4.97199],[97.38525,4.9723],[97.38745,4.97253],[97.38844,4.9736],[97.38922,4.97423],[97.39055,4.97613],[97.3911,4.97659],[97.39262,4.97739],[97.39364,4.97847],[97.39477,4.97903],[97.39535,4.97947],[97.39557,4.97996],[97.39569,4.98129],[97.39633,4.98222],[97.39688,4.98211],[97.39761,4.98235],[97.39827,4.98236],[97.39893,4.98213],[97.39995,4.98097],[97.40112,4.98026],[97.40154,4.9799],[97.4022,4.97897],[97.40338,4.97619],[97.40292,4.97453],[97.40295,4.97328],[97.40309,4.97269],[97.4035,4.97191],[97.40517,4.97087],[97.40551,4.96857],[97.40619,4.9678],[97.40662,4.96771],[97.40832,4.96847],[97.41107,4.96918],[97.41142,4.97021],[97.4112,4.97193],[97.41127,4.97278],[97.41169,4.9733],[97.41208,4.97351],[97.41374,4.9742],[97.41507,4.97359],[97.41595,4.97352],[97.41932,4.97418],[97.42134,4.97429],[97.42159,4.97449],[97.42227,4.9757],[97.42358,4.97653],[97.42445,4.97675],[97.42748,4.97703],[97.42853,4.97729],[97.42907,4.97757],[97.42978,4.97818],[97.43024,4.9791],[97.43075,4.98084],[97.43068,4.9821],[97.43097,4.98326],[97.43199,4.98559],[97.4322,4.98574],[97.43301,4.98547],[97.43336,4.98553],[97.43486,4.98655],[97.43727,4.9873],[97.43847,4.98841],[97.43868,4.98887],[97.43869,4.99038],[97.43846,4.99228],[97.43865,4.99269],[97.43957,4.99351],[97.44024,4.99446],[97.44045,4.99777],[97.44114,4.99922],[97.44107,4.99994],[97.4407,5.00106],[97.43929,5.00318],[97.43943,5.00487],[97.43895,5.00641],[97.43884,5.00716],[97.43904,5.00756],[97.43937,5.00781],[97.4405,5.00809],[97.4418,5.01015],[97.44195,5.01117],[97.44169,5.01179],[97.44103,5.01248],[97.44102,5.01307],[97.44159,5.0137],[97.44427,5.01586],[97.44499,5.01679],[97.44524,5.01737],[97.44552,5.01887],[97.44706,5.02119],[97.44726,5.02214],[97.44734,5.02386],[97.44752,5.02458],[97.44819,5.02543],[97.44947,5.0266],[97.45123,5.02746],[97.45161,5.02798],[97.45169,5.0289],[97.45122,5.03094],[97.45113,5.03323],[97.45088,5.03406],[97.45049,5.03472],[97.45106,5.03577],[97.45146,5.03609],[97.45179,5.03607],[97.45384,5.03555],[97.45535,5.03489],[97.45591,5.03529],[97.45708,5.03673],[97.45799,5.03722],[97.45878,5.03631],[97.45951,5.03589],[97.46013,5.03598],[97.46242,5.03695],[97.46257,5.0369],[97.46329,5.03598],[97.46396,5.0358],[97.46446,5.03605],[97.46545,5.03715],[97.46614,5.03747],[97.46707,5.03761],[97.46883,5.03746],[97.47362,5.03802],[97.47463,5.03835],[97.47549,5.03916],[97.47539,5.04028],[97.47552,5.04121],[97.47606,5.04243],[97.47694,5.04535],[97.4779,5.04664],[97.47819,5.0474],[97.47857,5.04996],[97.47994,5.05356],[97.47989,5.05454],[97.48032,5.05657],[97.48032,5.05734],[97.48009,5.05871],[97.47975,5.05943],[97.47871,5.06066],[97.4782,5.06102],[97.47515,5.06231],[97.47344,5.06427],[97.4721,5.06528],[97.47116,5.06684],[97.46927,5.06782],[97.4688,5.06849],[97.46876,5.06903],[97.46926,5.06984],[97.47029,5.07073],[97.47268,5.07203],[97.47324,5.07266],[97.47335,5.07314],[97.47158,5.07685],[97.47151,5.07741],[97.47169,5.07871],[97.47156,5.07974],[97.47111,5.08034],[97.46943,5.0813],[97.46905,5.08168],[97.4682,5.08426],[97.46636,5.08734],[97.46631,5.08777],[97.4666,5.08807],[97.46623,5.08914],[97.4642,5.09124],[97.46403,5.09178],[97.46424,5.09241],[97.46557,5.09315],[97.46601,5.09351],[97.46605,5.09393],[97.46564,5.09534],[97.46573,5.09706],[97.46671,5.09934],[97.46846,5.10124],[97.46856,5.10178],[97.46842,5.10211],[97.46765,5.10266],[97.46599,5.10334],[97.46535,5.1039],[97.46501,5.10454],[97.46421,5.10711],[97.46349,5.10765],[97.46213,5.10785],[97.46049,5.10739],[97.45902,5.10678],[97.4582,5.10592],[97.45792,5.1058],[97.45634,5.10729],[97.45429,5.10854],[97.45319,5.10991],[97.45292,5.11105],[97.45274,5.11283],[97.45162,5.1152],[97.45157,5.1162],[97.45088,5.11715],[97.44997,5.11786],[97.44939,5.11862],[97.44903,5.11951],[97.4489,5.12056],[97.44832,5.12208],[97.448,5.12236],[97.44726,5.12257],[97.44467,5.12239],[97.44391,5.12255],[97.44375,5.12274],[97.44362,5.12366],[97.44301,5.12486],[97.44292,5.12554],[97.4438,5.12657],[97.44483,5.12922],[97.44597,5.13077],[97.44744,5.13237],[97.44769,5.13283],[97.44776,5.13431],[97.44689,5.13665],[97.44643,5.13728],[97.44605,5.13753],[97.44543,5.13735],[97.44446,5.13662],[97.44364,5.13657],[97.44324,5.1368],[97.44296,5.138],[97.4416,5.14118],[97.44085,5.14202],[97.43968,5.14292],[97.43938,5.14334],[97.43953,5.14524],[97.44001,5.14633],[97.43997,5.14719],[97.43934,5.14688],[97.43857,5.14694],[97.43653,5.14837],[97.43619,5.14892],[97.43597,5.14971],[97.43584,5.15139],[97.43444,5.15232],[97.43362,5.15322],[97.43161,5.15308],[97.43113,5.15343],[97.43035,5.15494],[97.42935,5.15738],[97.42882,5.15786],[97.42808,5.15798],[97.42771,5.15823],[97.42661,5.15984],[97.42633,5.16049],[97.42587,5.16264],[97.42559,5.16337],[97.42518,5.16386],[97.42469,5.16409],[97.42342,5.16419],[97.42189,5.16542],[97.42112,5.1665],[97.42089,5.16668],[97.42029,5.16674],[97.41938,5.16639],[97.41868,5.16589],[97.41802,5.16572],[97.41735,5.16435],[97.41704,5.16403],[97.4145,5.1631],[97.41409,5.16305],[97.41279,5.164],[97.41137,5.1661],[97.41079,5.16663],[97.4093,5.16763],[97.40834,5.16861],[97.40793,5.16931],[97.40674,5.16986],[97.40568,5.17009],[97.40514,5.16997],[97.40398,5.16917],[97.40389,5.16879],[97.40421,5.16831],[97.40421,5.16788],[97.40355,5.1673],[97.40246,5.1668],[97.40116,5.16668],[97.39873,5.16728],[97.39757,5.16743],[97.39487,5.16603],[97.3938,5.16564],[97.38568,5.16392],[97.38423,5.16383],[97.38368,5.16391],[97.3833,5.16409],[97.38254,5.16485],[97.38192,5.16502],[97.37993,5.16466],[97.37553,5.16455],[97.37095,5.16411],[97.36876,5.16425],[97.36805,5.16449],[97.3677,5.16477],[97.36765,5.16503],[97.36849,5.16587],[97.36885,5.16677],[97.36936,5.16744],[97.36971,5.16886],[97.37026,5.16935],[97.3715,5.16997],[97.37206,5.17009],[97.37365,5.16991],[97.37548,5.17009],[97.37654,5.16991],[97.3789,5.17039],[97.38096,5.17053],[97.38763,5.17131],[97.38829,5.17149],[97.38872,5.17179],[97.3889,5.17221],[97.38882,5.1727],[97.38844,5.17315],[97.38775,5.17346],[97.38351,5.1738],[97.38078,5.17428],[97.37492,5.17478],[97.37361,5.17501],[97.3704,5.176],[97.36875,5.17632],[97.36692,5.17755],[97.36535,5.17953],[97.3646,5.18058],[97.36466,5.18167],[97.36545,5.1816],[97.36673,5.18209],[97.36792,5.18264],[97.3689,5.18331],[97.36909,5.18393],[97.36872,5.18513],[97.36869,5.18586],[97.36905,5.18802],[97.36953,5.18867],[97.37042,5.18908],[97.37287,5.18877],[97.37843,5.18869],[97.38188,5.18825],[97.38577,5.18806],[97.38565,5.18903],[97.38581,5.18974],[97.38598,5.18997],[97.38754,5.191],[97.38853,5.19239],[97.38861,5.19281],[97.38814,5.1933],[97.38768,5.19351],[97.38676,5.19373],[97.38524,5.19377],[97.38418,5.19435],[97.38271,5.19478],[97.3825,5.19502],[97.38247,5.19578],[97.38282,5.19681],[97.3826,5.1982],[97.38275,5.19996],[97.38218,5.20244],[97.38198,5.20464],[97.38166,5.20526],[97.38171,5.20554],[97.38156,5.2062],[97.38405,5.20726],[97.38593,5.20824],[97.39614,5.21233],[97.3978,5.21283],[97.39956,5.21359],[97.4082,5.21661],[97.40955,5.21718],[97.41074,5.21743],[97.4114,5.21781],[97.41632,5.21952],[97.42616,5.2226],[97.42791,5.22327],[97.43049,5.2239],[97.44258,5.2278],[97.45379,5.23221],[97.45756,5.23392],[97.46129,5.23537],[97.46281,5.23648],[97.46391,5.23645],[97.46629,5.23762],[97.46767,5.23778],[97.46874,5.23822],[97.4699,5.23845],[97.47219,5.2394],[97.47645,5.24177],[97.48001,5.24259],[97.48127,5.24272],[97.48205,5.24307],[97.48397,5.24449],[97.48606,5.24683],[97.48744,5.2468],[97.48876,5.24753],[97.48958,5.24753],[97.49152,5.24838],[97.49424,5.24936],[97.49624,5.24956]],[[97.59743,4.95529],[97.59745,4.95528],[97.59743,4.95532],[97.59743,4.95529]],[[97.79704,4.67853],[97.79704,4.67853],[97.79704,4.67859],[97.79704,4.67853]],[[97.79735,4.67637],[97.79735,4.67637],[97.79734,4.6764],[97.79735,4.67637]],[[97.79791,4.67431],[97.79793,4.67422],[97.79789,4.67444],[97.79791,4.67431]],[[97.35597,4.18258],[97.35629,4.18275],[97.35629,4.18293],[97.35606,4.18275],[97.35597,4.18258]]]}},{"type":"Feature","properties":{"nama":"WS PASE-PEUSANGAN","sumber":"Pase_Peusangan"},"geometry":{"type":"Polygon","coordinates":[[[96.85523,5.27368],[96.8561,5.27251],[96.85815,5.27237],[96.86253,5.27339],[96.86369,5.27295],[96.86386,5.27275],[96.8638,5.27267],[96.86392,5.27268],[96.86591,5.2703],[96.86815,5.26633],[96.8689,5.26211],[96.87038,5.25938],[96.87137,5.25517],[96.87385,5.2512],[96.87684,5.24971],[96.88428,5.24772],[96.88949,5.24723],[96.89446,5.24773],[96.90662,5.24996],[96.91134,5.24996],[96.91506,5.25046],[96.91829,5.2512],[96.92251,5.25145],[96.92647,5.25294],[96.93615,5.25517],[96.93963,5.25641],[96.94608,5.25765],[96.94836,5.25829],[96.95199,5.25879],[96.95594,5.25986],[96.95898,5.26035],[96.97034,5.26142],[96.97503,5.26142],[96.97956,5.26183],[96.98656,5.26191],[96.98845,5.26167],[96.99051,5.26191],[96.9929,5.26167],[96.99529,5.26117],[96.99874,5.25978],[97.00261,5.25788],[97.00621,5.25655],[97.01288,5.25539],[97.01694,5.25394],[97.02042,5.25235],[97.02449,5.25104],[97.02813,5.24965],[97.02909,5.24758],[97.02925,5.24599],[97.02988,5.24377],[97.03211,5.2398],[97.03354,5.23884],[97.03545,5.23789],[97.03958,5.23741],[97.04117,5.23789],[97.04164,5.23868],[97.04196,5.24011],[97.03958,5.24075],[97.03958,5.24218],[97.04022,5.24393],[97.04069,5.2444],[97.04148,5.24361],[97.04515,5.24234],[97.0488,5.24202],[97.05023,5.24138],[97.05087,5.24011],[97.05166,5.23916],[97.05357,5.23916],[97.0569,5.23948],[97.06008,5.23805],[97.06438,5.23487],[97.06676,5.23392],[97.06771,5.23281],[97.06867,5.23217],[97.0701,5.23217],[97.07137,5.23265],[97.07264,5.23265],[97.07598,5.23122],[97.07834,5.23178],[97.07859,5.23143],[97.07965,5.23149],[97.08023,5.23091],[97.0811,5.23084],[97.08312,5.23006],[97.08425,5.22996],[97.08485,5.23002],[97.08605,5.23239],[97.08649,5.23226],[97.08534,5.22962],[97.08539,5.22936],[97.08597,5.22899],[97.08788,5.22834],[97.08916,5.22756],[97.09052,5.22704],[97.0925,5.22717],[97.09346,5.22634],[97.09537,5.2263],[97.09715,5.2258],[97.10397,5.22486],[97.10465,5.22456],[97.10493,5.22416],[97.10931,5.22136],[97.10956,5.2207],[97.10949,5.22002],[97.11126,5.21902],[97.11305,5.21857],[97.1136,5.21805],[97.11546,5.2174],[97.11629,5.21695],[97.11737,5.2167],[97.11822,5.21668],[97.1183,5.2166],[97.11683,5.21574],[97.11641,5.21428],[97.11649,5.21393],[97.11679,5.21353],[97.11868,5.21187],[97.12154,5.21029],[97.12315,5.20977],[97.12579,5.20867],[97.12682,5.20797],[97.1277,5.20764],[97.13657,5.20321],[97.13976,5.20149],[97.14436,5.19782],[97.1462,5.19582],[97.14763,5.19398],[97.14849,5.19278],[97.1507,5.18896],[97.15131,5.18717],[97.15179,5.18637],[97.15199,5.18556],[97.15301,5.18342],[97.15302,5.18181],[97.15352,5.18073],[97.1538,5.17917],[97.15456,5.17683],[97.15444,5.17653],[97.15414,5.17638],[97.15379,5.17587],[97.15401,5.1754],[97.15355,5.17371],[97.15246,5.17058],[97.15051,5.16776],[97.15003,5.16738],[97.14971,5.16763],[97.14945,5.16755],[97.14827,5.16581],[97.14749,5.16518],[97.14705,5.16569],[97.14698,5.1666],[97.14641,5.16698],[97.14632,5.16723],[97.14644,5.16748],[97.14679,5.1677],[97.14691,5.16811],[97.14685,5.16855],[97.14644,5.16887],[97.14619,5.16931],[97.14631,5.16984],[97.14647,5.17019],[97.14725,5.17101],[97.14807,5.17136],[97.14869,5.17353],[97.14869,5.17416],[97.14853,5.17425],[97.1469,5.17447],[97.14608,5.17434],[97.14605,5.17393],[97.14589,5.17374],[97.14508,5.17368],[97.14508,5.17409],[97.1447,5.17437],[97.14423,5.1744],[97.1421,5.17304],[97.14125,5.17294],[97.14106,5.17344],[97.14263,5.17449],[97.14269,5.17483],[97.14206,5.17477],[97.14193,5.17552],[97.14102,5.17593],[97.14017,5.17602],[97.13942,5.17489],[97.1393,5.17316],[97.1393,5.17278],[97.13978,5.17177],[97.14019,5.17146],[97.14097,5.17124],[97.14097,5.17083],[97.14079,5.17042],[97.14054,5.1702],[97.14016,5.17011],[97.13956,5.1701],[97.13878,5.17117],[97.13808,5.17158],[97.13752,5.17218],[97.13717,5.17283],[97.13629,5.17381],[97.13409,5.17547],[97.1334,5.17509],[97.13337,5.1743],[97.13265,5.1732],[97.13281,5.17282],[97.13318,5.17251],[97.13362,5.17242],[97.13378,5.17226],[97.13394,5.17176],[97.13372,5.17109],[97.13379,5.17078],[97.1341,5.17053],[97.13445,5.16984],[97.13473,5.16952],[97.13526,5.16975],[97.13564,5.16937],[97.13577,5.16883],[97.13558,5.16855],[97.13565,5.16808],[97.13615,5.16789],[97.13734,5.16818],[97.13844,5.16717],[97.1387,5.16645],[97.13983,5.16564],[97.14014,5.16523],[97.1403,5.16444],[97.14012,5.16325],[97.13974,5.16312],[97.13905,5.16252],[97.13908,5.16224],[97.13959,5.16177],[97.14018,5.16174],[97.14179,5.16114],[97.1421,5.16061],[97.14214,5.1591],[97.14245,5.15828],[97.14249,5.15746],[97.1423,5.1569],[97.14287,5.1558],[97.14344,5.1552],[97.14496,5.15448],[97.14603,5.153],[97.14723,5.15197],[97.14782,5.1521],[97.14829,5.152],[97.14958,5.15138],[97.1503,5.15173],[97.15096,5.15176],[97.15269,5.15101],[97.15439,5.14985],[97.15854,5.14779],[97.16317,5.14585],[97.16544,5.14523],[97.1699,5.14363],[97.17407,5.1427],[97.18109,5.14172],[97.18906,5.14139],[97.19598,5.14204],[97.19877,5.14255],[97.19962,5.143],[97.20015,5.14303],[97.20047,5.14253],[97.20028,5.14218],[97.20063,5.14193],[97.20097,5.14187],[97.2021,5.1425],[97.20395,5.14263],[97.2104,5.14419],[97.21918,5.14761],[97.22374,5.1504],[97.22471,5.15015],[97.22565,5.15047],[97.22612,5.1504],[97.2265,5.15009],[97.22763,5.15006],[97.22986,5.15041],[97.23077,5.15086],[97.23312,5.15096],[97.23384,5.15131],[97.23419,5.15109],[97.23819,5.15185],[97.24433,5.15461],[97.24919,5.15714],[97.25616,5.16109],[97.26155,5.16457],[97.26293,5.16561],[97.26589,5.16719],[97.26733,5.16776],[97.2685,5.16755],[97.26941,5.16648],[97.27004,5.16604],[97.27035,5.16598],[97.27299,5.1674],[97.27402,5.16753],[97.27433,5.16788],[97.27524,5.1682],[97.27562,5.16854],[97.27672,5.16877],[97.278,5.16852],[97.27987,5.16899],[97.28128,5.16884],[97.28643,5.17103],[97.28708,5.17119],[97.28994,5.1727],[97.2915,5.17328],[97.29342,5.17422],[97.30885,5.18339],[97.3163,5.18732],[97.31934,5.18821],[97.32226,5.18931],[97.32383,5.18948],[97.32433,5.18929],[97.32499,5.1885],[97.32496,5.18769],[97.32589,5.18762],[97.3268,5.18703],[97.32733,5.187],[97.32921,5.18814],[97.33141,5.18912],[97.33257,5.18925],[97.33389,5.18913],[97.33451,5.18919],[97.33546,5.18948],[97.33571,5.18967],[97.33709,5.18976],[97.338,5.18999],[97.33985,5.19081],[97.34322,5.1917],[97.35213,5.19456],[97.35561,5.19545],[97.36475,5.1989],[97.36525,5.19928],[97.36632,5.19922],[97.36701,5.19988],[97.38156,5.2062],[97.38171,5.20553],[97.38166,5.20528],[97.38186,5.2048],[97.3819,5.20435],[97.38201,5.20435],[97.38218,5.20244],[97.38274,5.19996],[97.38261,5.1982],[97.38282,5.19681],[97.38247,5.19577],[97.3825,5.19502],[97.38271,5.19478],[97.38418,5.19435],[97.38524,5.19377],[97.38676,5.19373],[97.38768,5.19351],[97.38814,5.1933],[97.38861,5.19281],[97.38853,5.19239],[97.38754,5.191],[97.38598,5.18996],[97.3858,5.18974],[97.38565,5.18903],[97.38577,5.18806],[97.38187,5.18825],[97.37842,5.18869],[97.37286,5.18877],[97.37088,5.18909],[97.36995,5.18893],[97.36922,5.18834],[97.36898,5.18772],[97.36869,5.18586],[97.36872,5.18513],[97.36909,5.18393],[97.3689,5.18331],[97.36792,5.18264],[97.36673,5.18208],[97.36545,5.18161],[97.36466,5.18167],[97.36455,5.18077],[97.36468,5.18042],[97.36692,5.17755],[97.36875,5.17632],[97.36988,5.17614],[97.37308,5.17514],[97.37492,5.17478],[97.38078,5.17428],[97.38351,5.17379],[97.38775,5.17345],[97.38844,5.17315],[97.38882,5.1727],[97.3889,5.17221],[97.38872,5.17178],[97.38829,5.17149],[97.38677,5.1712],[97.3789,5.17039],[97.37654,5.16991],[97.37548,5.17009],[97.37365,5.16991],[97.37206,5.17009],[97.37149,5.16997],[97.37026,5.16935],[97.36971,5.16886],[97.36935,5.16744],[97.36885,5.16677],[97.36849,5.16587],[97.36765,5.16503],[97.3677,5.16477],[97.36805,5.16449],[97.36876,5.16425],[97.37095,5.16411],[97.37553,5.16455],[97.37993,5.16466],[97.38192,5.16502],[97.38254,5.16485],[97.38329,5.16409],[97.38368,5.16391],[97.38423,5.16383],[97.38567,5.16392],[97.3938,5.16564],[97.39487,5.16603],[97.39724,5.16734],[97.39757,5.16742],[97.39873,5.16728],[97.40116,5.16668],[97.40246,5.1668],[97.40355,5.1673],[97.40421,5.16788],[97.40422,5.16831],[97.40389,5.16879],[97.40398,5.16917],[97.40514,5.16997],[97.40568,5.17009],[97.40674,5.16985],[97.40793,5.16931],[97.40834,5.16861],[97.4093,5.16764],[97.41079,5.16663],[97.41137,5.1661],[97.41279,5.164],[97.4141,5.16305],[97.4145,5.16309],[97.41704,5.16403],[97.41735,5.16435],[97.41802,5.16572],[97.41868,5.16589],[97.41938,5.16639],[97.42029,5.16674],[97.42088,5.16668],[97.42112,5.1665],[97.42189,5.16542],[97.42342,5.16419],[97.42469,5.16408],[97.42518,5.16386],[97.42559,5.16337],[97.42587,5.16264],[97.42633,5.16049],[97.42661,5.15984],[97.42771,5.15823],[97.42808,5.15798],[97.42882,5.15786],[97.42935,5.15738],[97.43035,5.15494],[97.43113,5.15343],[97.43161,5.15308],[97.43362,5.15322],[97.43444,5.15232],[97.43584,5.15139],[97.43597,5.1497],[97.43619,5.14892],[97.43653,5.14837],[97.43856,5.14693],[97.43934,5.14687],[97.43996,5.14719],[97.44001,5.14633],[97.43953,5.14524],[97.43938,5.14332],[97.43968,5.14291],[97.44085,5.14202],[97.4416,5.14118],[97.44296,5.138],[97.44324,5.13679],[97.44364,5.13657],[97.44446,5.13662],[97.44584,5.13754],[97.44643,5.13728],[97.44689,5.13665],[97.44775,5.13431],[97.44769,5.13283],[97.44743,5.13237],[97.44597,5.13077],[97.44483,5.12922],[97.4438,5.12657],[97.44292,5.12554],[97.44301,5.12486],[97.44362,5.12366],[97.44374,5.12274],[97.44391,5.12255],[97.44467,5.12239],[97.44726,5.12257],[97.44799,5.12236],[97.44832,5.12208],[97.4489,5.12056],[97.44903,5.11951],[97.44939,5.11861],[97.44997,5.11786],[97.45087,5.11715],[97.45159,5.11614],[97.45161,5.1152],[97.45274,5.11283],[97.45292,5.11105],[97.45319,5.10991],[97.45429,5.10854],[97.45633,5.10729],[97.45792,5.1058],[97.4582,5.10592],[97.45902,5.10677],[97.46049,5.10739],[97.46213,5.10785],[97.46349,5.10765],[97.46421,5.10711],[97.46501,5.10454],[97.46535,5.1039],[97.46598,5.10334],[97.46764,5.10266],[97.46842,5.10211],[97.46855,5.10178],[97.46846,5.10124],[97.46671,5.09934],[97.46631,5.09862],[97.46573,5.09706],[97.46564,5.09534],[97.46605,5.09393],[97.46601,5.09351],[97.46557,5.09315],[97.46424,5.09241],[97.46403,5.09178],[97.4642,5.09124],[97.46623,5.08914],[97.4666,5.08806],[97.46631,5.08777],[97.46636,5.08733],[97.4682,5.08426],[97.46904,5.08168],[97.46943,5.0813],[97.4711,5.08034],[97.47156,5.07974],[97.47169,5.07871],[97.47151,5.07741],[97.47158,5.07685],[97.47335,5.07314],[97.47324,5.07265],[97.47268,5.07204],[97.47029,5.07073],[97.46926,5.06984],[97.46876,5.06903],[97.4688,5.06849],[97.46927,5.06781],[97.47115,5.06684],[97.4721,5.06527],[97.47344,5.06427],[97.47493,5.06248],[97.47572,5.06201],[97.47849,5.06085],[97.47975,5.05943],[97.48009,5.05871],[97.48032,5.05734],[97.48025,5.0559],[97.47989,5.05454],[97.47994,5.05356],[97.47857,5.04996],[97.4783,5.04783],[97.47805,5.04698],[97.47694,5.04535],[97.47606,5.04243],[97.47552,5.04121],[97.47538,5.04028],[97.47549,5.03917],[97.47463,5.03835],[97.47362,5.03802],[97.46883,5.03746],[97.46707,5.03761],[97.46614,5.03747],[97.46545,5.03715],[97.46446,5.03605],[97.46396,5.0358],[97.46329,5.03598],[97.46242,5.03695],[97.46013,5.03598],[97.4595,5.03589],[97.45878,5.03631],[97.45799,5.03722],[97.45708,5.03673],[97.45591,5.03529],[97.45535,5.03489],[97.45384,5.03556],[97.45179,5.03607],[97.45145,5.03609],[97.45106,5.03577],[97.45049,5.03472],[97.45088,5.03405],[97.45113,5.03323],[97.45122,5.03094],[97.45169,5.0289],[97.45161,5.02798],[97.45122,5.02746],[97.44947,5.0266],[97.44842,5.02568],[97.44752,5.02457],[97.44733,5.02386],[97.44726,5.02214],[97.44706,5.02119],[97.44552,5.01887],[97.44524,5.01737],[97.44499,5.01679],[97.44426,5.01586],[97.44159,5.0137],[97.44102,5.01307],[97.44102,5.01248],[97.44169,5.01179],[97.44195,5.01117],[97.4418,5.01015],[97.4405,5.00809],[97.43937,5.00781],[97.43904,5.00756],[97.43884,5.00716],[97.43895,5.0064],[97.43943,5.00487],[97.43929,5.00318],[97.4407,5.00106],[97.44107,4.99994],[97.44114,4.99922],[97.44045,4.99777],[97.44024,4.99446],[97.43939,4.99332],[97.43865,4.99269],[97.43846,4.99228],[97.43868,4.99094],[97.43865,4.9887],[97.43834,4.98826],[97.43727,4.9873],[97.43486,4.98655],[97.43318,4.98547],[97.4324,4.98572],[97.43198,4.98559],[97.43097,4.98325],[97.43068,4.9821],[97.43075,4.98084],[97.43024,4.9791],[97.42978,4.97818],[97.42907,4.97757],[97.42809,4.97715],[97.42672,4.97691],[97.42445,4.97674],[97.42358,4.97653],[97.42227,4.9757],[97.4216,4.97449],[97.42134,4.97429],[97.41932,4.97418],[97.41595,4.97352],[97.41507,4.97358],[97.41374,4.9742],[97.41208,4.97351],[97.41169,4.9733],[97.41127,4.97277],[97.41119,4.97193],[97.41141,4.9702],[97.41107,4.96918],[97.40831,4.96847],[97.40662,4.96771],[97.40618,4.9678],[97.40551,4.96857],[97.40517,4.97087],[97.4035,4.97191],[97.40309,4.97269],[97.40295,4.97328],[97.40292,4.97453],[97.40338,4.97619],[97.4022,4.97896],[97.40154,4.9799],[97.40112,4.98026],[97.39995,4.98097],[97.39893,4.98213],[97.39827,4.98236],[97.39761,4.98235],[97.39688,4.98211],[97.39632,4.98222],[97.39569,4.98129],[97.39557,4.97996],[97.39534,4.97947],[97.39477,4.97903],[97.39364,4.97847],[97.39262,4.97739],[97.3911,4.97659],[97.39055,4.97613],[97.38922,4.97423],[97.38844,4.9736],[97.38744,4.97253],[97.38525,4.9723],[97.38383,4.97199],[97.38344,4.97172],[97.38282,4.97085],[97.38243,4.97053],[97.38201,4.97058],[97.38041,4.97122],[97.37843,4.97042],[97.37665,4.96946],[97.37583,4.96934],[97.37517,4.96946],[97.37465,4.96999],[97.37356,4.97229],[97.37142,4.97489],[97.3712,4.97576],[97.37139,4.97681],[97.3713,4.97697],[97.37029,4.97715],[97.36956,4.97749],[97.36855,4.9793],[97.3669,4.98036],[97.3668,4.98059],[97.36695,4.98174],[97.36667,4.98223],[97.36569,4.98329],[97.3654,4.984],[97.36539,4.98573],[97.36584,4.98707],[97.36584,4.98748],[97.3648,4.98949],[97.36421,4.99032],[97.36379,4.99051],[97.36355,4.99046],[97.36308,4.99013],[97.36243,4.9894],[97.36101,4.98915],[97.36017,4.98885],[97.35958,4.98831],[97.35901,4.98718],[97.35843,4.98667],[97.35538,4.98551],[97.3505,4.98548],[97.34936,4.98591],[97.34802,4.98604],[97.34598,4.98662],[97.34564,4.9869],[97.34551,4.98722],[97.34557,4.98755],[97.34611,4.98845],[97.34593,4.98912],[97.34507,4.98996],[97.34388,4.99072],[97.34319,4.9915],[97.34244,4.99208],[97.34174,4.99315],[97.34125,4.99486],[97.34125,4.99579],[97.34147,4.99635],[97.34209,4.99702],[97.3421,4.99742],[97.34156,4.99775],[97.34054,4.99798],[97.34017,4.99829],[97.33938,5.00129],[97.33868,5.00261],[97.33813,5.00433],[97.33779,5.00495],[97.33662,5.0057],[97.33584,5.00682],[97.3356,5.00693],[97.33458,5.00684],[97.33397,5.00697],[97.33341,5.00732],[97.33196,5.00869],[97.32941,5.00999],[97.32816,5.0091],[97.32771,5.00861],[97.32777,5.00833],[97.32809,5.00753],[97.32902,5.00626],[97.32952,5.00437],[97.32973,5.00294],[97.32979,5.00167],[97.32957,5.00053],[97.32964,4.99969],[97.32917,4.99901],[97.32902,4.99848],[97.3293,4.99724],[97.32979,4.99665],[97.33168,4.99556],[97.33225,4.99481],[97.33247,4.99268],[97.33229,4.99159],[97.33186,4.99033],[97.33187,4.98921],[97.33226,4.98859],[97.33389,4.98785],[97.33446,4.98688],[97.3346,4.9865],[97.33457,4.98524],[97.33474,4.98435],[97.33566,4.98315],[97.33641,4.98133],[97.33728,4.97986],[97.33834,4.9768],[97.33945,4.97492],[97.34025,4.9729],[97.34111,4.97149],[97.34133,4.97075],[97.34274,4.96923],[97.34296,4.96817],[97.34336,4.96724],[97.34473,4.96556],[97.34588,4.96346],[97.34705,4.96238],[97.34859,4.96054],[97.35012,4.95909],[97.35107,4.95775],[97.35212,4.9567],[97.3522,4.95624],[97.35208,4.95599],[97.35133,4.95521],[97.35167,4.95457],[97.35167,4.9532],[97.35183,4.95293],[97.35303,4.952],[97.35437,4.95027],[97.35528,4.94961],[97.35556,4.94916],[97.35552,4.94865],[97.3552,4.94806],[97.35524,4.94691],[97.3549,4.94558],[97.35515,4.94492],[97.35588,4.94392],[97.35643,4.94351],[97.35842,4.94274],[97.36045,4.94144],[97.36155,4.94144],[97.3623,4.94118],[97.36384,4.94035],[97.36528,4.93917],[97.36585,4.93853],[97.36607,4.9379],[97.36658,4.9371],[97.36733,4.93445],[97.36778,4.9333],[97.36741,4.93213],[97.36735,4.93118],[97.36751,4.93044],[97.36781,4.92982],[97.36541,4.9277],[97.36285,4.92482],[97.35965,4.9245],[97.35805,4.92258],[97.35416,4.92182],[97.35355,4.92011],[97.35312,4.91938],[97.35165,4.91819],[97.35139,4.91653],[97.35113,4.9159],[97.35065,4.91556],[97.34985,4.9153],[97.34756,4.91503],[97.34606,4.91397],[97.34458,4.91353],[97.34413,4.91291],[97.34242,4.90953],[97.34166,4.9091],[97.34075,4.90893],[97.34037,4.90873],[97.3401,4.90838],[97.33954,4.90599],[97.33922,4.90549],[97.33868,4.90503],[97.3379,4.90466],[97.33693,4.90446],[97.33214,4.90459],[97.32782,4.90414],[97.32575,4.90324],[97.32473,4.90092],[97.32428,4.90029],[97.32379,4.89991],[97.32335,4.89975],[97.32268,4.89973],[97.31902,4.90111],[97.31308,4.90375],[97.31084,4.905],[97.3092,4.90569],[97.30829,4.90628],[97.30797,4.90671],[97.30795,4.907],[97.30865,4.90985],[97.3084,4.91029],[97.30596,4.91233],[97.304,4.91333],[97.30211,4.91492],[97.30106,4.91644],[97.29921,4.91736],[97.29724,4.91875],[97.29688,4.91917],[97.29618,4.91946],[97.28706,4.92003],[97.28351,4.92003],[97.28047,4.92155],[97.27624,4.9214],[97.27527,4.91844],[97.2749,4.918],[97.27393,4.91743],[97.27309,4.91666],[97.2727,4.91607],[97.27241,4.91519],[97.26272,4.91648],[97.2541,4.92257],[97.25055,4.92409],[97.24649,4.9251],[97.2399,4.92561],[97.22975,4.92561],[97.22519,4.92358],[97.22029,4.92363],[97.21956,4.92354],[97.2174,4.92396],[97.21649,4.92396],[97.21541,4.92378],[97.21392,4.924],[97.20972,4.92345],[97.20869,4.92305],[97.20743,4.92109],[97.2066,4.91813],[97.20535,4.91636],[97.20514,4.91587],[97.20523,4.91482],[97.20618,4.91352],[97.20664,4.91238],[97.20662,4.91214],[97.20607,4.91128],[97.20566,4.91026],[97.20511,4.90777],[97.20523,4.90723],[97.20557,4.9066],[97.20572,4.90581],[97.20674,4.90393],[97.20757,4.90304],[97.20834,4.90187],[97.20909,4.90112],[97.2098,4.89948],[97.21104,4.89847],[97.21143,4.89792],[97.21049,4.89643],[97.20984,4.89356],[97.2092,4.89245],[97.20906,4.89197],[97.20903,4.89073],[97.20921,4.88946],[97.20907,4.88892],[97.20848,4.88834],[97.20733,4.88778],[97.20596,4.88681],[97.2047,4.88613],[97.20396,4.886],[97.20235,4.88622],[97.20138,4.88609],[97.19898,4.88528],[97.1965,4.88417],[97.19584,4.88372],[97.19449,4.88222],[97.19241,4.88069],[97.19107,4.88001],[97.19053,4.87927],[97.19011,4.87782],[97.19023,4.87739],[97.19105,4.87622],[97.19188,4.87462],[97.19382,4.87261],[97.19501,4.87076],[97.19643,4.86962],[97.19757,4.8673],[97.19907,4.86594],[97.19996,4.86456],[97.20046,4.86414],[97.20118,4.86387],[97.204,4.86112],[97.2059,4.85999],[97.2069,4.8585],[97.2097,4.85611],[97.21063,4.85453],[97.21149,4.85341],[97.21299,4.85227],[97.2139,4.85093],[97.21504,4.84992],[97.21532,4.84953],[97.21549,4.84916],[97.2147,4.84691],[97.21417,4.84588],[97.2137,4.84531],[97.21244,4.84448],[97.21029,4.84354],[97.20896,4.84324],[97.20816,4.84331],[97.2058,4.84424],[97.20269,4.84509],[97.19993,4.84463],[97.19897,4.8447],[97.19787,4.84527],[97.19673,4.84657],[97.19608,4.84676],[97.19455,4.84657],[97.1935,4.84676],[97.19171,4.84658],[97.19056,4.84665],[97.18955,4.84698],[97.18841,4.8477],[97.18791,4.84783],[97.18637,4.84784],[97.18379,4.84755],[97.18299,4.84729],[97.18228,4.84683],[97.18163,4.84598],[97.18151,4.84499],[97.18158,4.84241],[97.1813,4.84163],[97.18074,4.84078],[97.18052,4.83886],[97.18024,4.83823],[97.18,4.83798],[97.178,4.83724],[97.17596,4.83608],[97.17001,4.83536],[97.16589,4.83556],[97.16058,4.8366],[97.15953,4.83697],[97.15634,4.83918],[97.15568,4.83947],[97.15391,4.83962],[97.15034,4.84037],[97.14882,4.84028],[97.14788,4.83927],[97.14674,4.83635],[97.14591,4.83497],[97.14565,4.83392],[97.14573,4.83272],[97.14508,4.83009],[97.14455,4.82875],[97.14396,4.82806],[97.14238,4.82681],[97.14183,4.82661],[97.14106,4.82661],[97.13934,4.8272],[97.13855,4.82731],[97.13774,4.8272],[97.13505,4.82636],[97.13436,4.82595],[97.13351,4.82494],[97.13279,4.82435],[97.13237,4.82411],[97.13161,4.82395],[97.13068,4.82305],[97.12992,4.82323],[97.12938,4.82358],[97.12766,4.8254],[97.1258,4.82664],[97.1249,4.82673],[97.12409,4.82634],[97.12374,4.82641],[97.12335,4.82689],[97.12216,4.82894],[97.1213,4.8311],[97.12015,4.83204],[97.11943,4.83292],[97.11881,4.83305],[97.11717,4.8327],[97.11675,4.83283],[97.11563,4.83497],[97.11349,4.83731],[97.11391,4.84072],[97.1138,4.84167],[97.11354,4.84221],[97.1127,4.84312],[97.11074,4.84368],[97.10977,4.84368],[97.10678,4.84279],[97.1051,4.84151],[97.10355,4.84083],[97.10331,4.8389],[97.10306,4.8381],[97.10262,4.83734],[97.10001,4.83554],[97.09936,4.8354],[97.09937,4.83459],[97.09965,4.83413],[97.10025,4.83354],[97.10011,4.83326],[97.09845,4.83215],[97.09806,4.83221],[97.09669,4.83284],[97.09598,4.83273],[97.09516,4.8324],[97.09389,4.83129],[97.09278,4.82966],[97.09176,4.82887],[97.08854,4.82827],[97.08766,4.82838],[97.08554,4.82924],[97.0832,4.8298],[97.07948,4.82936],[97.07852,4.8291],[97.07807,4.82882],[97.0775,4.82813],[97.07666,4.82666],[97.07533,4.82574],[97.07421,4.8245],[97.07316,4.82413],[97.07143,4.82398],[97.07073,4.82378],[97.07031,4.82343],[97.06966,4.8225],[97.06886,4.82221],[97.06753,4.8214],[97.0613,4.82047],[97.06052,4.82058],[97.05871,4.82118],[97.0563,4.82123],[97.0532,4.82042],[97.05062,4.82006],[97.04991,4.81984],[97.04944,4.81935],[97.04933,4.81891],[97.04941,4.81699],[97.04987,4.81568],[97.05083,4.81459],[97.05113,4.81327],[97.05102,4.8125],[97.05027,4.81014],[97.04979,4.80926],[97.04735,4.808],[97.04577,4.8079],[97.04498,4.80744],[97.04402,4.80653],[97.04196,4.80579],[97.04168,4.80557],[97.04052,4.80386],[97.03934,4.80307],[97.03713,4.80221],[97.0353,4.80129],[97.03192,4.80028],[97.02271,4.80028],[97.02258,4.80038],[97.0214,4.80358],[97.02064,4.80668],[97.02025,4.80736],[97.01875,4.80888],[97.01828,4.80973],[97.01846,4.81353],[97.01921,4.81651],[97.01919,4.81764],[97.01891,4.81848],[97.01802,4.81956],[97.01749,4.82001],[97.01465,4.82166],[97.01345,4.82358],[97.01275,4.82427],[97.00811,4.8261],[97.0065,4.82703],[97.00587,4.82773],[97.0042,4.83041],[97.00337,4.83106],[97.00096,4.83137],[96.99997,4.83172],[96.99879,4.83194],[96.99578,4.83215],[96.99336,4.83215],[96.99162,4.83199],[96.9908,4.83173],[96.98957,4.83112],[96.98831,4.83075],[96.9858,4.83047],[96.98119,4.83091],[96.97858,4.83076],[96.97459,4.83127],[96.97299,4.83139],[96.97125,4.83129],[96.96842,4.83168],[96.96793,4.83144],[96.96717,4.83083],[96.96435,4.82981],[96.96389,4.82933],[96.96306,4.82789],[96.96261,4.82741],[96.96201,4.82713],[96.96103,4.82694],[96.95842,4.82764],[96.9536,4.82848],[96.95078,4.82824],[96.94857,4.82874],[96.93694,4.82883],[96.93641,4.82904],[96.9353,4.82992],[96.93461,4.83025],[96.93167,4.83084],[96.92957,4.83153],[96.92863,4.83208],[96.9279,4.8327],[96.92712,4.83308],[96.92651,4.83318],[96.92459,4.83306],[96.92362,4.83314],[96.92046,4.83461],[96.91939,4.83497],[96.91898,4.83472],[96.91813,4.83318],[96.91688,4.82869],[96.9162,4.82764],[96.91513,4.82689],[96.91193,4.82569],[96.91072,4.82435],[96.91017,4.82411],[96.90907,4.82419],[96.90706,4.82527],[96.90385,4.82598],[96.90248,4.82671],[96.90157,4.82792],[96.90116,4.82826],[96.89887,4.8289],[96.89749,4.82951],[96.89529,4.82957],[96.89415,4.82974],[96.89242,4.83056],[96.89108,4.83097],[96.88666,4.83193],[96.88453,4.83218],[96.88324,4.8322],[96.88185,4.83069],[96.88045,4.8298],[96.87909,4.82847],[96.87812,4.82805],[96.87668,4.82798],[96.87419,4.82841],[96.87311,4.82841],[96.87176,4.82794],[96.87006,4.82762],[96.86864,4.82708],[96.86633,4.82656],[96.86572,4.82669],[96.86423,4.82778],[96.8627,4.82831],[96.86083,4.82841],[96.85951,4.82798],[96.8582,4.82785],[96.85798,4.82777],[96.85777,4.82743],[96.85669,4.82429],[96.85657,4.82355],[96.8567,4.82264],[96.85642,4.821],[96.85633,4.81944],[96.85596,4.81875],[96.85532,4.81813],[96.85397,4.81722],[96.85168,4.81473],[96.84756,4.81236],[96.8456,4.81139],[96.84415,4.81084],[96.84239,4.80992],[96.84056,4.80754],[96.8397,4.80681],[96.83844,4.80651],[96.83682,4.80668],[96.8335,4.80833],[96.8321,4.80917],[96.831,4.81],[96.83007,4.81034],[96.82937,4.81043],[96.82795,4.81037],[96.82721,4.81014],[96.82597,4.80878],[96.82474,4.80767],[96.82385,4.80715],[96.82307,4.80715],[96.82139,4.80762],[96.81826,4.80806],[96.81917,4.80697],[96.8194,4.80633],[96.81966,4.80056],[96.8235,4.80038],[96.8245,4.8],[96.825,4.7992],[96.8248,4.79711],[96.82493,4.796],[96.82511,4.7956],[96.82561,4.79515],[96.82759,4.79389],[96.82874,4.79289],[96.83073,4.79181],[96.83195,4.7907],[96.83423,4.78972],[96.83563,4.78832],[96.83646,4.78718],[96.8373,4.7853],[96.83871,4.78312],[96.83923,4.7827],[96.84089,4.78181],[96.8414,4.78135],[96.84172,4.78075],[96.84183,4.77932],[96.84154,4.77751],[96.84424,4.77435],[96.84549,4.77216],[96.84646,4.77102],[96.8467,4.77006],[96.84694,4.76518],[96.84694,4.76264],[96.84605,4.76025],[96.84543,4.75897],[96.84543,4.75712],[96.84605,4.75563],[96.84685,4.75434],[96.84719,4.75265],[96.84883,4.75031],[96.84952,4.74893],[96.8516,4.74677],[96.85229,4.74568],[96.85266,4.74383],[96.85293,4.73887],[96.85314,4.73836],[96.85396,4.73746],[96.85424,4.73698],[96.85577,4.73327],[96.85845,4.73032],[96.85937,4.72986],[96.86157,4.72806],[96.86295,4.72736],[96.86502,4.72542],[96.86601,4.72486],[96.86962,4.72333],[96.87091,4.72221],[96.87188,4.72079],[96.87271,4.71821],[96.87382,4.7158],[96.87618,4.71237],[96.87696,4.7117],[96.87866,4.71115],[96.8793,4.71066],[96.8795,4.71007],[96.87952,4.70917],[96.87932,4.70753],[96.87957,4.70695],[96.88006,4.70637],[96.88074,4.706],[96.886,4.70562],[96.88708,4.70514],[96.88762,4.70448],[96.88771,4.70414],[96.88751,4.70348],[96.88641,4.70227],[96.88526,4.69972],[96.88212,4.69681],[96.88148,4.69655],[96.87939,4.6961],[96.87808,4.69523],[96.87555,4.69491],[96.87364,4.69355],[96.87329,4.69303],[96.87305,4.69227],[96.87281,4.68833],[96.87257,4.68735],[96.87165,4.68587],[96.87052,4.6848],[96.86994,4.68381],[96.86841,4.68193],[96.86816,4.68111],[96.86909,4.67793],[96.86926,4.67684],[96.8692,4.67568],[96.86875,4.67464],[96.86875,4.67417],[96.87007,4.67204],[96.87105,4.66973],[96.873,4.66879],[96.87459,4.66872],[96.87553,4.66836],[96.87588,4.66792],[96.87608,4.66734],[96.87615,4.66673],[96.87605,4.66554],[96.87633,4.66489],[96.8789,4.66208],[96.88116,4.65993],[96.88299,4.65687],[96.88383,4.65597],[96.88415,4.6557],[96.88496,4.65545],[96.88853,4.65511],[96.88954,4.65489],[96.89099,4.65535],[96.89244,4.65536],[96.89432,4.65517],[96.89482,4.6553],[96.89541,4.65569],[96.89691,4.65693],[96.89793,4.65711],[96.8992,4.65704],[96.90119,4.65641],[96.90301,4.65616],[96.90529,4.655],[96.9082,4.65307],[96.90878,4.65296],[96.90969,4.65315],[96.91178,4.65388],[96.91312,4.65459],[96.91464,4.65501],[96.91857,4.65514],[96.9205,4.65486],[96.92217,4.65558],[96.92294,4.65579],[96.92435,4.65578],[96.92464,4.65562],[96.92465,4.65545],[96.92313,4.65359],[96.9229,4.65285],[96.92309,4.65215],[96.92347,4.65159],[96.92416,4.65094],[96.92494,4.6506],[96.92652,4.65041],[96.93104,4.65035],[96.93226,4.65014],[96.93554,4.64923],[96.93679,4.64913],[96.9386,4.64929],[96.9394,4.64925],[96.94078,4.64895],[96.94238,4.64834],[96.94344,4.64811],[96.94872,4.64758],[96.94955,4.64714],[96.95125,4.64583],[96.95545,4.64334],[96.95862,4.64222],[96.95955,4.64139],[96.96074,4.6406],[96.96206,4.63896],[96.96295,4.63833],[96.96507,4.63737],[96.96597,4.63715],[96.96805,4.63724],[96.96886,4.6375],[96.96955,4.63788],[96.97154,4.63687],[96.97222,4.63632],[96.97272,4.63611],[96.97391,4.63409],[96.97549,4.63344],[96.97726,4.63214],[96.97788,4.6312],[96.97882,4.63032],[96.97966,4.62837],[96.98008,4.62796],[96.98119,4.62832],[96.98235,4.62847],[96.98556,4.62807],[96.98881,4.62788],[96.99024,4.62764],[96.99172,4.62705],[96.99259,4.62612],[96.99304,4.62584],[96.99603,4.62531],[96.99643,4.62504],[96.99727,4.62407],[96.99782,4.62375],[96.99907,4.62335],[97.00144,4.62289],[97.00287,4.62242],[97.00452,4.62242],[97.00667,4.62304],[97.00856,4.62333],[97.00973,4.62369],[97.01105,4.62361],[97.01167,4.62304],[97.01388,4.62173],[97.01512,4.62009],[97.0165,4.61792],[97.01718,4.61719],[97.01843,4.61639],[97.02061,4.61589],[97.02184,4.61535],[97.02237,4.61489],[97.02372,4.61323],[97.02525,4.61195],[97.02681,4.6098],[97.02751,4.60858],[97.0282,4.60697],[97.02945,4.60519],[97.03028,4.60334],[97.03072,4.60272],[97.03167,4.6023],[97.03438,4.60195],[97.03472,4.59742],[97.03494,4.59636],[97.03549,4.59507],[97.0363,4.59381],[97.03689,4.59323],[97.03758,4.59281],[97.03965,4.59194],[97.04037,4.59149],[97.04059,4.59104],[97.0407,4.59003],[97.0416,4.58593],[97.04327,4.58323],[97.04466,4.58195],[97.0441,4.57794],[97.04341,4.57633],[97.04297,4.57471],[97.04256,4.57388],[97.04162,4.57319],[97.04091,4.57248],[97.04007,4.57113],[97.03828,4.56986],[97.03699,4.56833],[97.03564,4.56743],[97.03372,4.5673],[97.03288,4.56705],[97.03194,4.56647],[97.03105,4.56569],[97.03065,4.56471],[97.03032,4.5622],[97.02998,4.56091],[97.02971,4.56055],[97.02904,4.56015],[97.02733,4.55971],[97.02662,4.55893],[97.02653,4.55792],[97.02674,4.55725],[97.02742,4.55606],[97.02754,4.55514],[97.02742,4.55422],[97.02674,4.55313],[97.02578,4.55222],[97.02398,4.55153],[97.02302,4.55102],[97.02217,4.55017],[97.0215,4.54912],[97.02088,4.54574],[97.02063,4.54505],[97.01965,4.54403],[97.01769,4.54236],[97.01655,4.54162],[97.01628,4.54121],[97.01563,4.53949],[97.01479,4.53834],[97.01302,4.53736],[97.01165,4.53611],[97.01024,4.53542],[97.009,4.53425],[97.00883,4.53417],[97.00735,4.53465],[97.00614,4.53547],[97.00563,4.53566],[97.00227,4.53592],[97.00071,4.53569],[96.99891,4.53564],[96.99707,4.53591],[96.9957,4.53717],[96.99495,4.53854],[96.99433,4.53927],[96.99232,4.54049],[96.9911,4.54089],[96.98651,4.5416],[96.98392,4.54229],[96.98165,4.54326],[96.97886,4.5449],[96.97638,4.54593],[96.97506,4.54674],[96.97223,4.54771],[96.9704,4.54868],[96.9681,4.54943],[96.96615,4.54982],[96.96336,4.55103],[96.9582,4.55222],[96.95646,4.55275],[96.95547,4.55287],[96.95442,4.55263],[96.95257,4.55122],[96.95183,4.55091],[96.95087,4.55081],[96.94925,4.55089],[96.94423,4.55016],[96.94227,4.55017],[96.94145,4.5503],[96.94017,4.5511],[96.93751,4.55189],[96.93432,4.5534],[96.9327,4.55389],[96.93223,4.55358],[96.9316,4.55285],[96.93049,4.55094],[96.9293,4.54805],[96.92885,4.54765],[96.92827,4.54746],[96.92768,4.54744],[96.92687,4.54764],[96.92612,4.54804],[96.92546,4.54816],[96.92367,4.54785],[96.92315,4.54764],[96.92267,4.54723],[96.92096,4.54762],[96.91763,4.54803],[96.91597,4.54695],[96.91521,4.54625],[96.91424,4.54447],[96.91299,4.54317],[96.91174,4.5412],[96.91066,4.54019],[96.90985,4.53906],[96.90891,4.53853],[96.90598,4.53764],[96.905,4.53715],[96.90046,4.53701],[96.89625,4.53712],[96.89476,4.53686],[96.89264,4.53583],[96.89057,4.53528],[96.88906,4.53459],[96.88841,4.53416],[96.88748,4.53306],[96.88585,4.53224],[96.88532,4.53212],[96.88469,4.53224],[96.88232,4.53319],[96.8783,4.53555],[96.87678,4.53667],[96.87375,4.53792],[96.87193,4.53847],[96.86994,4.53889],[96.86939,4.53921],[96.86825,4.53951],[96.86621,4.53964],[96.8637,4.53943],[96.86311,4.53917],[96.86252,4.53864],[96.86142,4.53679],[96.86048,4.53586],[96.85958,4.53549],[96.85813,4.53535],[96.85576,4.53472],[96.85514,4.53315],[96.85439,4.53222],[96.85263,4.53205],[96.8506,4.5314],[96.84904,4.53124],[96.84561,4.53114],[96.84037,4.53012],[96.83872,4.52944],[96.83762,4.52862],[96.83666,4.52827],[96.8331,4.52815],[96.82821,4.52869],[96.82686,4.52859],[96.82582,4.52833],[96.82447,4.52764],[96.82335,4.52675],[96.823,4.52621],[96.8223,4.5245],[96.82158,4.52405],[96.82044,4.52383],[96.81762,4.52376],[96.81664,4.5236],[96.81501,4.5227],[96.81385,4.52167],[96.81254,4.5211],[96.81084,4.52004],[96.80599,4.51896],[96.8029,4.5175],[96.79998,4.51667],[96.79838,4.51584],[96.79483,4.51519],[96.79301,4.51369],[96.78922,4.51244],[96.78744,4.51251],[96.78755,4.51296],[96.78686,4.518],[96.78651,4.51847],[96.78514,4.51917],[96.7848,4.51946],[96.78216,4.52306],[96.77908,4.52275],[96.77766,4.52333],[96.77268,4.52458],[96.77029,4.52556],[96.76857,4.52667],[96.76736,4.52701],[96.76532,4.52725],[96.76326,4.52833],[96.75994,4.52944],[96.75975,4.52927],[96.75897,4.52905],[96.75619,4.5286],[96.75448,4.52764],[96.75414,4.52733],[96.75401,4.52694],[96.75419,4.52584],[96.75408,4.52521],[96.75323,4.52355],[96.75065,4.52209],[96.74836,4.52058],[96.7478,4.52045],[96.74544,4.52033],[96.74151,4.51944],[96.73945,4.51848],[96.73856,4.51827],[96.73621,4.51837],[96.73354,4.5183],[96.73226,4.51862],[96.7315,4.51802],[96.73052,4.51637],[96.72983,4.51593],[96.72943,4.51583],[96.7257,4.5159],[96.7236,4.51547],[96.72216,4.51556],[96.71812,4.51518],[96.71625,4.51488],[96.71304,4.51386],[96.70981,4.51364],[96.70672,4.51296],[96.70363,4.51294],[96.70241,4.51319],[96.70184,4.51353],[96.70001,4.51567],[96.69929,4.51682],[96.69893,4.51703],[96.69853,4.51697],[96.69749,4.51647],[96.69642,4.5163],[96.6951,4.51676],[96.69318,4.51658],[96.68894,4.51722],[96.68794,4.5176],[96.68687,4.51826],[96.68535,4.51988],[96.6845,4.52009],[96.68318,4.51992],[96.68247,4.51938],[96.68176,4.51911],[96.67718,4.51861],[96.67523,4.51824],[96.6747,4.51831],[96.67378,4.5187],[96.67309,4.51864],[96.67216,4.51818],[96.67076,4.51653],[96.66893,4.51597],[96.66706,4.51578],[96.66614,4.51583],[96.66345,4.51629],[96.66043,4.51771],[96.65727,4.5188],[96.65595,4.51947],[96.65528,4.51956],[96.65439,4.51945],[96.6547,4.5213],[96.65516,4.52199],[96.65602,4.5227],[96.65615,4.52323],[96.65603,4.52383],[96.65577,4.52427],[96.65451,4.52556],[96.65412,4.52584],[96.6527,4.5264],[96.65143,4.52764],[96.64812,4.52896],[96.64672,4.52931],[96.64316,4.52978],[96.64217,4.53001],[96.64084,4.53111],[96.63968,4.53181],[96.63855,4.53281],[96.63769,4.53422],[96.63685,4.53506],[96.63592,4.53522],[96.63536,4.535],[96.63409,4.53418],[96.63316,4.53401],[96.63199,4.53407],[96.62981,4.535],[96.62714,4.53665],[96.62619,4.53678],[96.62481,4.53664],[96.62292,4.53881],[96.62194,4.53928],[96.61343,4.54061],[96.61245,4.54089],[96.61202,4.54149],[96.61122,4.54394],[96.6112,4.54461],[96.61195,4.54693],[96.61195,4.54762],[96.61174,4.54818],[96.61143,4.54859],[96.61046,4.54914],[96.6089,4.55074],[96.60743,4.55137],[96.60674,4.5518],[96.6061,4.55243],[96.60489,4.55459],[96.60421,4.55529],[96.60233,4.55588],[96.59895,4.55634],[96.59788,4.55662],[96.59739,4.55699],[96.59714,4.55749],[96.5969,4.55884],[96.59653,4.5599],[96.59619,4.56043],[96.59558,4.56091],[96.59254,4.56188],[96.58735,4.5647],[96.58612,4.56504],[96.58213,4.56563],[96.58168,4.56593],[96.58082,4.56744],[96.5804,4.56778],[96.57843,4.56799],[96.57747,4.56825],[96.57553,4.56938],[96.57343,4.57021],[96.57166,4.57113],[96.57,4.57137],[96.56854,4.57202],[96.56701,4.57242],[96.56466,4.57278],[96.56407,4.57628],[96.56386,4.57683],[96.56358,4.57716],[96.56263,4.5775],[96.55932,4.5782],[96.55886,4.5785],[96.55872,4.57889],[96.559,4.57944],[96.56076,4.58073],[96.56215,4.58285],[96.56274,4.58333],[96.56365,4.58359],[96.56487,4.58372],[96.56595,4.58359],[96.56801,4.58296],[96.56942,4.5829],[96.57073,4.5832],[96.57258,4.58502],[96.57319,4.58596],[96.57434,4.58691],[96.57451,4.58766],[96.57461,4.58939],[96.57475,4.58984],[96.57513,4.59035],[96.57548,4.59056],[96.57639,4.59049],[96.57726,4.59061],[96.57761,4.59081],[96.57847,4.59184],[96.58053,4.5934],[96.58218,4.59427],[96.58443,4.59521],[96.58486,4.59575],[96.58536,4.59811],[96.5858,4.59915],[96.58832,4.6009],[96.59065,4.60203],[96.59168,4.60291],[96.59199,4.60392],[96.59201,4.60565],[96.5918,4.60741],[96.59128,4.6096],[96.5912,4.61154],[96.5914,4.61234],[96.59245,4.61355],[96.59306,4.61545],[96.59382,4.61695],[96.59501,4.61724],[96.59755,4.6182],[96.60044,4.61964],[96.60097,4.62037],[96.6011,4.62095],[96.60118,4.62437],[96.60134,4.62574],[96.6016,4.62647],[96.60202,4.62714],[96.60386,4.62861],[96.60666,4.63],[96.60807,4.63103],[96.61003,4.63194],[96.61099,4.63296],[96.61098,4.63337],[96.60994,4.63471],[96.6091,4.63672],[96.60802,4.63854],[96.6079,4.63903],[96.60802,4.63951],[96.60845,4.64],[96.61012,4.64131],[96.61207,4.64227],[96.61235,4.64257],[96.61313,4.6459],[96.61416,4.64771],[96.61408,4.649],[96.61369,4.65031],[96.61327,4.65117],[96.61192,4.65296],[96.61198,4.65323],[96.61551,4.65514],[96.62027,4.65604],[96.621,4.65638],[96.62192,4.65711],[96.62262,4.65746],[96.62401,4.65765],[96.62614,4.6577],[96.628,4.65798],[96.62956,4.65875],[96.63052,4.66003],[96.63091,4.66026],[96.63145,4.66036],[96.63321,4.66014],[96.63461,4.65959],[96.63653,4.65905],[96.64061,4.65856],[96.64539,4.65751],[96.64717,4.65732],[96.64963,4.65731],[96.65145,4.65747],[96.65218,4.65779],[96.65575,4.65878],[96.65675,4.65917],[96.65817,4.66014],[96.65998,4.66083],[96.66105,4.66167],[96.66028,4.66242],[96.65918,4.66319],[96.6588,4.66387],[96.65861,4.66765],[96.65797,4.67005],[96.65807,4.67099],[96.65853,4.67222],[96.65848,4.67247],[96.65758,4.67379],[96.6566,4.6762],[96.65621,4.67664],[96.65494,4.67758],[96.65464,4.67798],[96.65402,4.67936],[96.65358,4.67984],[96.65189,4.68056],[96.65093,4.68111],[96.6482,4.68222],[96.64733,4.68279],[96.6461,4.68403],[96.64279,4.68542],[96.6416,4.68612],[96.63963,4.6882],[96.638,4.68917],[96.63574,4.69103],[96.634,4.69224],[96.63265,4.69371],[96.63139,4.69462],[96.62985,4.69621],[96.62817,4.69752],[96.62662,4.69907],[96.62549,4.70088],[96.62486,4.70246],[96.62383,4.70369],[96.62235,4.70669],[96.62085,4.70796],[96.62008,4.70917],[96.61939,4.70989],[96.61665,4.71139],[96.61495,4.71313],[96.61396,4.71605],[96.6127,4.71736],[96.61164,4.71818],[96.60985,4.72064],[96.60813,4.72441],[96.60771,4.72611],[96.606,4.72618],[96.60332,4.7257],[96.60204,4.72575],[96.59918,4.72632],[96.59591,4.72727],[96.5944,4.72751],[96.59332,4.72746],[96.59221,4.72713],[96.59104,4.72695],[96.5896,4.72819],[96.5869,4.72899],[96.58599,4.72964],[96.58549,4.7307],[96.58542,4.73182],[96.58589,4.73354],[96.58621,4.73583],[96.58671,4.73764],[96.58658,4.73841],[96.58577,4.74024],[96.58507,4.74272],[96.58476,4.7433],[96.58326,4.74431],[96.58264,4.74515],[96.58236,4.74643],[96.58209,4.74957],[96.58179,4.75054],[96.58085,4.75128],[96.57985,4.75236],[96.57746,4.75347],[96.57601,4.75514],[96.57482,4.75544],[96.57362,4.75535],[96.57184,4.75492],[96.5711,4.75488],[96.56999,4.7551],[96.56813,4.75696],[96.56716,4.75861],[96.56618,4.75931],[96.56363,4.76],[96.56135,4.76158],[96.55774,4.76237],[96.55587,4.7632],[96.55468,4.76428],[96.55231,4.76519],[96.55082,4.76543],[96.54864,4.76527],[96.54814,4.765],[96.54686,4.76356],[96.54649,4.76329],[96.54552,4.76305],[96.54477,4.7632],[96.54307,4.76417],[96.54143,4.76486],[96.54088,4.76529],[96.54011,4.76605],[96.53938,4.7673],[96.53862,4.76813],[96.53649,4.76972],[96.53476,4.77167],[96.53295,4.77258],[96.53202,4.77369],[96.5316,4.77445],[96.52993,4.7748],[96.52859,4.77563],[96.5279,4.77587],[96.52589,4.77595],[96.5249,4.77575],[96.52446,4.77549],[96.52183,4.77302],[96.52142,4.77222],[96.5207,4.76941],[96.52002,4.76857],[96.51923,4.76811],[96.51804,4.76777],[96.51687,4.7677],[96.51523,4.76799],[96.51317,4.76866],[96.50938,4.76889],[96.50832,4.77234],[96.50738,4.77358],[96.50718,4.77403],[96.50686,4.77564],[96.50649,4.77673],[96.50588,4.77777],[96.5048,4.77899],[96.50441,4.78066],[96.50417,4.78112],[96.50374,4.7816],[96.50169,4.78312],[96.4998,4.78499],[96.49772,4.78611],[96.49615,4.78826],[96.4948,4.78946],[96.49393,4.79082],[96.49239,4.7918],[96.49102,4.79399],[96.48906,4.79517],[96.48744,4.79733],[96.48597,4.79894],[96.4849,4.8018],[96.48504,4.80346],[96.48492,4.80418],[96.48396,4.80559],[96.48373,4.8063],[96.48366,4.80765],[96.48384,4.809],[96.48466,4.81111],[96.48424,4.81141],[96.48366,4.81214],[96.4831,4.81247],[96.48176,4.81265],[96.47893,4.81272],[96.47808,4.813],[96.47735,4.81351],[96.47562,4.81533],[96.4749,4.81651],[96.4742,4.81812],[96.47347,4.82057],[96.47306,4.8214],[96.47262,4.8218],[96.47123,4.82252],[96.47077,4.82291],[96.46972,4.82495],[96.46817,4.82583],[96.46483,4.82833],[96.4641,4.82899],[96.46301,4.83028],[96.46095,4.83143],[96.45921,4.83347],[96.458,4.83389],[96.45778,4.83485],[96.45689,4.83714],[96.45571,4.83925],[96.45592,4.84257],[96.45568,4.84539],[96.45579,4.84631],[96.45613,4.84737],[96.45494,4.85058],[96.45327,4.85411],[96.45245,4.8569],[96.45299,4.85863],[96.45372,4.86],[96.45604,4.86242],[96.45764,4.86498],[96.45961,4.86582],[96.4618,4.86614],[96.46507,4.86864],[96.46646,4.87191],[96.46856,4.87382],[96.46931,4.87503],[96.46993,4.87643],[96.47077,4.87749],[96.47115,4.87888],[96.47132,4.88023],[96.47108,4.88487],[96.47105,4.89139],[96.46931,4.89364],[96.46821,4.89659],[96.46792,4.89695],[96.46682,4.89768],[96.46641,4.89823],[96.46507,4.90424],[96.46382,4.90618],[96.46328,4.90745],[96.46311,4.90844],[96.46317,4.90961],[96.46416,4.91194],[96.46364,4.91205],[96.4632,4.91232],[96.4616,4.91403],[96.46021,4.91529],[96.45937,4.92052],[96.45821,4.92498],[96.45747,4.92904],[96.45751,4.93155],[96.45714,4.93328],[96.45708,4.93423],[96.45764,4.93603],[96.45786,4.93821],[96.45775,4.93944],[96.45716,4.9417],[96.45682,4.94518],[96.45686,4.94663],[96.45741,4.94729],[96.45946,4.94813],[96.45986,4.94853],[96.46097,4.95144],[96.46155,4.9544],[96.46193,4.95551],[96.46239,4.95754],[96.46269,4.95809],[96.46377,4.95853],[96.46654,4.95887],[96.4691,4.9604],[96.46979,4.96097],[96.4701,4.96139],[96.47084,4.96314],[96.47157,4.96396],[96.47212,4.96422],[96.47448,4.9648],[96.47639,4.9659],[96.47846,4.96688],[96.48079,4.96862],[96.48379,4.97007],[96.48472,4.97077],[96.48715,4.97334],[96.48918,4.97491],[96.49002,4.97583],[96.49026,4.97656],[96.49023,4.97733],[96.48889,4.9804],[96.48842,4.98216],[96.48825,4.9834],[96.48836,4.98444],[96.48934,4.9876],[96.48942,4.98857],[96.48934,4.98905],[96.48834,4.99159],[96.48588,4.99486],[96.48488,4.99691],[96.48403,5.00166],[96.48409,5.00292],[96.48432,5.00415],[96.48465,5.00538],[96.4857,5.00793],[96.4875,5.01027],[96.48847,5.01193],[96.48922,5.01538],[96.48972,5.01631],[96.49166,5.01834],[96.49299,5.0191],[96.49523,5.02073],[96.49693,5.02177],[96.49947,5.0241],[96.50164,5.02512],[96.50271,5.02584],[96.50548,5.0292],[96.50654,5.03175],[96.50743,5.03277],[96.50755,5.03351],[96.50702,5.03513],[96.50563,5.03714],[96.50493,5.03942],[96.50466,5.03985],[96.50299,5.04156],[96.50146,5.0436],[96.50044,5.04452],[96.49833,5.04434],[96.49478,5.04489],[96.49346,5.04548],[96.49155,5.04694],[96.48828,5.0475],[96.48652,5.04545],[96.48561,5.04487],[96.48454,5.04463],[96.48302,5.04487],[96.48126,5.04556],[96.47981,5.04721],[96.47886,5.04767],[96.47708,5.04795],[96.47259,5.04823],[96.47169,5.04848],[96.47071,5.04931],[96.46887,5.05036],[96.46821,5.05136],[96.46831,5.05208],[96.46792,5.05228],[96.4672,5.05228],[96.46623,5.0519],[96.46507,5.05172],[96.46224,5.05178],[96.46079,5.05165],[96.45666,5.05095],[96.45455,5.05026],[96.45286,5.04931],[96.45222,5.04869],[96.45231,5.04832],[96.45341,5.04658],[96.4538,5.04516],[96.45388,5.04307],[96.45368,5.04203],[96.45341,5.04144],[96.45281,5.04083],[96.45181,5.04014],[96.45103,5.03986],[96.44753,5.03917],[96.44644,5.03868],[96.44543,5.03783],[96.44474,5.03666],[96.44396,5.03451],[96.44327,5.03373],[96.44302,5.03321],[96.44278,5.03055],[96.44243,5.02952],[96.44202,5.0289],[96.44062,5.0275],[96.43978,5.02711],[96.43417,5.02569],[96.4327,5.02403],[96.43064,5.0226],[96.42994,5.02199],[96.42882,5.01993],[96.428,5.01735],[96.427,5.01111],[96.42672,5.01022],[96.42631,5.00949],[96.42584,5.00899],[96.4244,5.00835],[96.4204,5.00784],[96.41678,5.00681],[96.4161,5.00653],[96.41443,5.00521],[96.41367,5.00483],[96.4125,5.00463],[96.41032,5.00459],[96.40915,5.00443],[96.40849,5.00417],[96.4075,5.00334],[96.40556,5.00224],[96.40465,5.00195],[96.40417,5.00233],[96.40345,5.00324],[96.40181,5.00448],[96.40098,5.00551],[96.40014,5.00784],[96.39904,5.0098],[96.39846,5.01328],[96.39778,5.01467],[96.39558,5.01836],[96.39544,5.01978],[96.39574,5.02147],[96.39576,5.02244],[96.39542,5.02388],[96.39473,5.02593],[96.39362,5.03066],[96.3932,5.0318],[96.392,5.03335],[96.39155,5.03417],[96.39084,5.03706],[96.38987,5.0383],[96.38962,5.03887],[96.3894,5.04285],[96.3889,5.04445],[96.38861,5.04624],[96.38855,5.04728],[96.38871,5.04854],[96.38901,5.04952],[96.38986,5.05121],[96.39067,5.05339],[96.39108,5.05402],[96.39181,5.05472],[96.39236,5.05589],[96.39327,5.06111],[96.39742,5.06002],[96.3986,5.05989],[96.40463,5.06056],[96.40574,5.06083],[96.40653,5.06129],[96.40924,5.06429],[96.40944,5.06496],[96.40959,5.06751],[96.40999,5.06884],[96.41044,5.07126],[96.41126,5.07324],[96.41195,5.07448],[96.41292,5.07769],[96.41416,5.08052],[96.41461,5.08292],[96.41527,5.08483],[96.41586,5.08871],[96.41569,5.08935],[96.41431,5.09104],[96.41348,5.09291],[96.4125,5.09417],[96.41224,5.09508],[96.41211,5.0964],[96.41221,5.09706],[96.41251,5.09765],[96.41299,5.09813],[96.41445,5.09894],[96.41578,5.09988],[96.41964,5.10051],[96.42174,5.1016],[96.42391,5.10229],[96.42473,5.10299],[96.42521,5.10389],[96.42636,5.10502],[96.42758,5.10576],[96.42896,5.10637],[96.42943,5.10677],[96.43001,5.1076],[96.4307,5.10917],[96.43181,5.11029],[96.43362,5.11142],[96.4361,5.11164],[96.43761,5.11215],[96.43844,5.11257],[96.43885,5.11306],[96.43918,5.11513],[96.44084,5.11696],[96.44197,5.11952],[96.4428,5.12038],[96.44429,5.12146],[96.44514,5.12243],[96.44667,5.12752],[96.44823,5.13124],[96.44845,5.13151],[96.4493,5.13179],[96.45108,5.1317],[96.45165,5.1314],[96.45259,5.13049],[96.45562,5.12897],[96.45649,5.1288],[96.45703,5.12897],[96.45737,5.1293],[96.45903,5.13236],[96.45973,5.13419],[96.46036,5.13516],[96.4605,5.13556],[96.46157,5.13569],[96.46247,5.13605],[96.46417,5.13781],[96.46505,5.14094],[96.46598,5.14259],[96.46653,5.14404],[96.46695,5.14465],[96.46811,5.14577],[96.47222,5.1482],[96.47343,5.14958],[96.47626,5.15055],[96.47766,5.15177],[96.47775,5.15219],[96.47707,5.15331],[96.47682,5.15444],[96.47684,5.15506],[96.47718,5.15597],[96.47911,5.15833],[96.48209,5.16284],[96.48327,5.16396],[96.48499,5.16493],[96.48678,5.16656],[96.48718,5.16714],[96.48742,5.16807],[96.48792,5.16904],[96.48874,5.17118],[96.48892,5.17243],[96.48873,5.17501],[96.4889,5.17848],[96.48874,5.17926],[96.48833,5.17979],[96.48776,5.18021],[96.4866,5.18074],[96.48567,5.18097],[96.48504,5.18146],[96.48417,5.18402],[96.4828,5.18574],[96.48265,5.18634],[96.48288,5.18666],[96.48464,5.18741],[96.48641,5.18909],[96.48672,5.19024],[96.48672,5.1915],[96.48643,5.19277],[96.48656,5.19312],[96.48726,5.19353],[96.48796,5.19369],[96.48911,5.19353],[96.49005,5.19305],[96.49051,5.19314],[96.49076,5.19344],[96.49189,5.1965],[96.49251,5.19778],[96.49343,5.20053],[96.49346,5.20094],[96.49324,5.20156],[96.49214,5.20242],[96.49306,5.20497],[96.49434,5.20412],[96.49548,5.20308],[96.4987,5.20156],[96.50012,5.20128],[96.50098,5.20147],[96.50202,5.20194],[96.50325,5.20175],[96.50439,5.20128],[96.50496,5.20033],[96.50629,5.19986],[96.50856,5.19995],[96.50913,5.199],[96.51235,5.19825],[96.51292,5.19863],[96.51491,5.19853],[96.51595,5.19815],[96.517,5.19834],[96.51756,5.19863],[96.51861,5.19844],[96.51927,5.19777],[96.52098,5.19749],[96.52183,5.19768],[96.52806,5.19771],[96.5366,5.1981],[96.54513,5.19926],[96.55134,5.20082],[96.5622,5.20314],[96.57034,5.20547],[96.58005,5.20857],[96.58431,5.21012],[96.58658,5.21025],[96.59179,5.21018],[96.59336,5.20979],[96.59467,5.20913],[96.59796,5.209],[96.61306,5.20913],[96.6174,5.20992],[96.62212,5.20979],[96.6258,5.21005],[96.62685,5.21058],[96.63158,5.2111],[96.63683,5.21202],[96.65312,5.21635],[96.66113,5.21885],[96.66927,5.22226],[96.67689,5.2262],[96.68122,5.22778],[96.68569,5.23027],[96.68805,5.23053],[96.69252,5.23198],[96.69501,5.23395],[96.6979,5.23447],[96.7,5.23592],[96.70627,5.23831],[96.7106,5.23962],[96.7135,5.24133],[96.71704,5.24264],[96.72111,5.24448],[96.72807,5.24684],[96.7303,5.24842],[96.73254,5.24907],[96.73503,5.24842],[96.73818,5.24855],[96.74055,5.2496],[96.74252,5.25012],[96.7458,5.25012],[96.74816,5.25078],[96.75775,5.25275],[96.76143,5.2538],[96.76734,5.25446],[96.77154,5.25524],[96.77561,5.25682],[96.78612,5.25945],[96.79147,5.26174],[96.79501,5.26476],[96.80578,5.26909],[96.81011,5.27041],[96.81313,5.27067],[96.81602,5.27172],[96.81879,5.27251],[96.82154,5.27238],[96.82496,5.27316],[96.82903,5.27356],[96.83402,5.27356],[96.83809,5.27408],[96.84327,5.27441],[96.84545,5.27485],[96.84881,5.27353],[96.8491,5.27514],[96.84837,5.2766],[96.8494,5.27747],[96.85114,5.27791],[96.8529,5.27718],[96.8545,5.27587],[96.85523,5.27368]],[[97.15715,5.14128],[97.15715,5.14128],[97.15715,5.14129],[97.15715,5.14128]],[[97.14023,5.10416],[97.14026,5.10416],[97.14022,5.10417],[97.14023,5.10416]],[[97.14233,5.09952],[97.14233,5.09952],[97.14233,5.09952],[97.14233,5.09952]],[[96.98521,4.98938],[96.98521,4.98937],[96.98521,4.98938],[96.98521,4.98938]],[[96.94235,4.94674],[96.94234,4.94673],[96.94235,4.94674],[96.94235,4.94674]],[[96.91688,4.90139],[96.91687,4.90139],[96.91688,4.90139],[96.91688,4.90139]]]}},{"type":"Feature","properties":{"nama":"WS TAMIANG LANGSA","sumber":"Tamiang_Langsa"},"geometry":{"type":"Polygon","coordinates":[[[98.27594,4.39293],[98.27614,4.39276],[98.27616,4.39221],[98.27663,4.3911],[98.2766,4.39068],[98.2765,4.39048],[98.27581,4.39003],[98.27509,4.38983],[98.27478,4.39003],[98.27473,4.39026],[98.27502,4.39143],[98.27503,4.39253],[98.27527,4.39284],[98.27594,4.39293]]]}},{"type":"Feature","properties":{"nama":"WS TAMIANG LANGSA","sumber":"Tamiang_Langsa"},"geometry":{"type":"Polygon","coordinates":[[[98.28746,4.39429],[98.28804,4.39218],[98.2879,4.39065],[98.28766,4.39035],[98.28758,4.38999],[98.28711,4.38947],[98.28632,4.3895],[98.2857,4.38906],[98.28518,4.38898],[98.28433,4.38941],[98.28398,4.38988],[98.28294,4.39023],[98.28291,4.39067],[98.28313,4.39081],[98.28381,4.39086],[98.28414,4.39078],[98.28485,4.39007],[98.28531,4.39056],[98.28559,4.39114],[98.286,4.39144],[98.28649,4.39232],[98.28638,4.39259],[98.28572,4.39281],[98.2852,4.39344],[98.28534,4.39467],[98.28515,4.39508],[98.28452,4.39538],[98.28441,4.3959],[98.28474,4.39653],[98.28411,4.39727],[98.28413,4.39801],[98.28441,4.39853],[98.28416,4.39981],[98.28451,4.40118],[98.28446,4.40288],[98.28418,4.40318],[98.28413,4.40356],[98.2844,4.40433],[98.28478,4.40455],[98.28533,4.40425],[98.28579,4.40321],[98.28645,4.3976],[98.28719,4.39596],[98.28746,4.39429]]]}},{"type":"Feature","properties":{"nama":"WS TAMIANG LANGSA","sumber":"Tamiang_Langsa"},"geometry":{"type":"Polygon","coordinates":[[[98.04638,4.53709],[98.04232,4.53646],[98.04144,4.53699],[98.04038,4.5415],[98.04134,4.54257],[98.04266,4.54442],[98.04452,4.54593],[98.04584,4.54638],[98.04752,4.54549],[98.04866,4.54417],[98.04964,4.54143],[98.05017,4.53851],[98.04929,4.53789],[98.04638,4.53709]]]}},{"type":"Feature","properties":{"nama":"WS TAMIANG LANGSA","sumber":"Tamiang_Langsa"},"geometry":{"type":"Polygon","coordinates":[[[98.06023,4.5549],[98.05953,4.55459],[98.05837,4.55641],[98.05692,4.55833],[98.05607,4.56107],[98.05616,4.56193],[98.05678,4.562],[98.0578,4.56186],[98.06104,4.56079],[98.06232,4.55995],[98.06305,4.55881],[98.0639,4.55803],[98.06387,4.55743],[98.06343,4.55724],[98.06236,4.55613],[98.06136,4.55579],[98.06023,4.5549]]]}},{"type":"Feature","properties":{"nama":"WS TAMIANG LANGSA","sumber":"Tamiang_Langsa"},"geometry":{"type":"Polygon","coordinates":[[[98.01923,4.58912],[98.01856,4.5877],[98.01766,4.58815],[98.0181,4.59301],[98.0184,4.59451],[98.01795,4.59623],[98.01704,4.59818],[98.01697,4.59945],[98.01727,4.60012],[98.01786,4.60057],[98.01854,4.6002],[98.01944,4.59668],[98.02011,4.59459],[98.02004,4.59182],[98.01923,4.58912]]]}},{"type":"Feature","properties":{"nama":"WS TAMIANG LANGSA","sumber":"Tamiang_Langsa"},"geometry":{"type":"Polygon","coordinates":[[[97.95667,4.72185],[97.96011,4.72165],[97.96181,4.72179],[97.96187,4.72098],[97.96255,4.71871],[97.96312,4.71599],[97.96312,4.71474],[97.96392,4.71179],[97.96359,4.70827],[97.96497,4.70038],[97.96645,4.69505],[97.96883,4.68904],[97.97417,4.67884],[97.97558,4.67693],[97.97639,4.67379],[97.97645,4.67287],[97.97614,4.67133],[97.97584,4.67071],[97.97504,4.67059],[97.97479,4.67121],[97.97492,4.67182],[97.97479,4.67231],[97.97393,4.67268],[97.97357,4.67311],[97.97338,4.67367],[97.97234,4.67434],[97.97148,4.67575],[97.97092,4.67618],[97.97092,4.67871],[97.97049,4.67981],[97.96871,4.67938],[97.96828,4.67938],[97.96754,4.67963],[97.96742,4.67993],[97.96681,4.68018],[97.96485,4.67931],[97.96485,4.67802],[97.9646,4.67765],[97.96338,4.6766],[97.96258,4.67648],[97.96227,4.67697],[97.96148,4.67586],[97.96203,4.6758],[97.9624,4.67556],[97.96222,4.67463],[97.96246,4.6731],[97.96234,4.67217],[97.96339,4.66774],[97.96358,4.66725],[97.96413,4.66657],[97.96413,4.66602],[97.96444,4.6651],[97.96487,4.66454],[97.96628,4.66412],[97.96689,4.66356],[97.96781,4.66326],[97.9688,4.66246],[97.97002,4.66215],[97.97045,4.66221],[97.97088,4.66246],[97.97162,4.66246],[97.97193,4.66216],[97.97193,4.66092],[97.97285,4.66117],[97.97322,4.65963],[97.97303,4.65877],[97.97316,4.65797],[97.97371,4.65717],[97.97408,4.65687],[97.97439,4.65607],[97.97513,4.65311],[97.97543,4.65274],[97.97734,4.65244],[97.9782,4.65207],[97.97905,4.6522],[97.97961,4.65201],[97.98041,4.65097],[97.98041,4.65072],[97.98077,4.65023],[97.98084,4.64968],[97.98474,4.6455],[97.98707,4.64212],[97.98848,4.64126],[97.9891,4.64175],[97.99038,4.64206],[97.9913,4.64206],[97.99413,4.64071],[97.99566,4.63936],[97.99603,4.63837],[97.99622,4.63702],[97.99604,4.6361],[97.99536,4.63456],[97.99542,4.63407],[97.99982,4.62613],[98.00416,4.62516],[98.0102,4.62133],[98.01299,4.61877],[98.01555,4.6161],[98.01707,4.61319],[98.01811,4.61191],[98.01843,4.60935],[98.01858,4.60321],[98.01679,4.60268],[98.01305,4.60552],[98.01193,4.60567],[98.01044,4.60515],[98.0091,4.60439],[98.00475,4.60034],[98.00383,4.59882],[98.00232,4.59719],[98.0014,4.59521],[97.99922,4.59227],[97.99836,4.5899],[97.99836,4.58866],[97.99786,4.58766],[97.996,4.58753],[97.99476,4.58678],[97.99377,4.58466],[97.9929,4.58404],[97.99116,4.58341],[97.99017,4.58242],[97.98892,4.58042],[97.98757,4.57705],[97.98554,4.57407],[97.9852,4.56885],[97.98484,4.56671],[97.98085,4.56541],[97.97924,4.56441],[97.97775,4.56403],[97.97614,4.56316],[97.97676,4.55842],[97.9786,4.55465],[97.98197,4.55014],[97.98479,4.5467],[97.98488,4.5452],[97.98445,4.54378],[97.98515,4.54183],[97.98611,4.54074],[97.98647,4.53971],[97.98701,4.53883],[97.98676,4.53437],[97.98747,4.53314],[97.98923,4.53199],[97.99135,4.53164],[97.99484,4.53299],[97.99597,4.53299],[97.99593,4.53085],[97.99656,4.52714],[97.99762,4.52581],[97.99788,4.52501],[97.99974,4.52323],[98.00089,4.52431],[98.00107,4.5251],[98.00107,4.52704],[98.00142,4.52766],[98.00133,4.52979],[98.0015,4.53129],[98.00292,4.53166],[98.00415,4.53174],[98.00715,4.5336],[98.00915,4.53431],[98.01138,4.53475],[98.01238,4.53521],[98.01402,4.53552],[98.01627,4.53695],[98.01933,4.53831],[98.02065,4.53681],[98.0255,4.53708],[98.027,4.53912],[98.02709,4.54107],[98.02796,4.54248],[98.02947,4.54301],[98.03096,4.5424],[98.03291,4.5424],[98.03634,4.54462],[98.03696,4.54594],[98.03761,4.5464],[98.03761,4.54753],[98.03873,4.54772],[98.03962,4.54701],[98.0398,4.54595],[98.03931,4.54538],[98.03857,4.54276],[98.03804,4.53922],[98.0368,4.53666],[98.03613,4.53307],[98.03355,4.53205],[98.03283,4.53141],[98.03178,4.53099],[98.03091,4.5309],[98.03373,4.52614],[98.03568,4.52615],[98.03931,4.52708],[98.04046,4.52878],[98.04205,4.53002],[98.04456,4.5301],[98.04591,4.53047],[98.04998,4.53278],[98.05342,4.53499],[98.05634,4.53659],[98.05777,4.53787],[98.05827,4.5396],[98.05906,4.54155],[98.06001,4.54291],[98.06117,4.54349],[98.06394,4.5472],[98.06518,4.54827],[98.06589,4.54982],[98.06647,4.55047],[98.06699,4.55086],[98.06763,4.55092],[98.06815,4.55073],[98.0686,4.55002],[98.07673,4.54336],[98.08067,4.54059],[98.08351,4.53768],[98.08523,4.53427],[98.08543,4.53198],[98.08452,4.53054],[98.08418,4.52933],[98.08311,4.52778],[98.08183,4.52723],[98.08175,4.52633],[98.07861,4.51952],[98.07916,4.51897],[98.07887,4.51804],[98.07941,4.51724],[98.07899,4.51586],[98.07938,4.51017],[98.07996,4.51026],[98.08035,4.50947],[98.08658,4.5094],[98.08688,4.50985],[98.08823,4.5103],[98.08935,4.51287],[98.08845,4.51513],[98.08811,4.51542],[98.08778,4.51618],[98.08735,4.51648],[98.08723,4.51884],[98.08756,4.5193],[98.08781,4.52061],[98.08714,4.52196],[98.08756,4.52312],[98.0901,4.52262],[98.09222,4.5227],[98.09427,4.52324],[98.09734,4.5229],[98.09922,4.52333],[98.10049,4.52338],[98.10431,4.52308],[98.10755,4.52233],[98.11115,4.52178],[98.11366,4.52344],[98.11964,4.52337],[98.12385,4.52228],[98.1248,4.52193],[98.12485,4.52167],[98.12496,4.52187],[98.12713,4.5211],[98.13244,4.51836],[98.13894,4.51548],[98.14181,4.51393],[98.14429,4.51211],[98.15209,4.51101],[98.15563,4.51008],[98.1579,4.50886],[98.16718,4.50474],[98.17009,4.5028],[98.17253,4.50086],[98.174,4.49913],[98.1756,4.49812],[98.17661,4.49686],[98.17831,4.49549],[98.17911,4.49457],[98.17882,4.49355],[98.17932,4.49284],[98.17941,4.48929],[98.18122,4.48786],[98.18422,4.48704],[98.18522,4.48586],[98.18687,4.48455],[98.18696,4.48362],[98.1897,4.47961],[98.19097,4.47944],[98.19245,4.48022],[98.19438,4.48182],[98.19559,4.48147],[98.1972,4.48126],[98.19816,4.48173],[98.19992,4.48185],[98.20162,4.48112],[98.20284,4.48022],[98.20713,4.47845],[98.21102,4.47713],[98.21351,4.47566],[98.21615,4.47359],[98.22091,4.46976],[98.22555,4.46559],[98.2299,4.4633],[98.23638,4.46048],[98.23723,4.45905],[98.23723,4.45748],[98.23598,4.45359],[98.23327,4.45196],[98.23234,4.45063],[98.2315,4.45023],[98.23105,4.44981],[98.23029,4.44972],[98.23004,4.44955],[98.22999,4.44903],[98.23025,4.44878],[98.23109,4.44858],[98.23166,4.44769],[98.23155,4.44664],[98.23105,4.44584],[98.2305,4.44128],[98.23143,4.43895],[98.2347,4.44087],[98.23591,4.44127],[98.23613,4.44025],[98.23596,4.4394],[98.23579,4.43921],[98.23482,4.43917],[98.23421,4.43946],[98.2335,4.43917],[98.23335,4.43891],[98.23341,4.4387],[98.23364,4.43856],[98.236,4.43828],[98.2363,4.43757],[98.23596,4.43657],[98.23588,4.43581],[98.23598,4.43558],[98.23657,4.43517],[98.23685,4.43448],[98.23754,4.43441],[98.23765,4.43475],[98.23794,4.43498],[98.23969,4.43564],[98.24112,4.43571],[98.24251,4.43552],[98.24515,4.43431],[98.24624,4.43419],[98.24662,4.43427],[98.24696,4.43442],[98.24719,4.4347],[98.24732,4.43554],[98.24721,4.43605],[98.24683,4.4366],[98.24672,4.4381],[98.24706,4.43841],[98.24725,4.43837],[98.249,4.43981],[98.24893,4.44091],[98.24935,4.44205],[98.24832,4.44283],[98.24817,4.44321],[98.24811,4.44434],[98.24927,4.44518],[98.24954,4.44522],[98.25093,4.44489],[98.2524,4.44417],[98.25593,4.44088],[98.26166,4.43467],[98.2645,4.43199],[98.26742,4.43069],[98.26937,4.42923],[98.27594,4.42566],[98.27723,4.42468],[98.28136,4.42086],[98.28287,4.42027],[98.28397,4.41963],[98.28452,4.41879],[98.28554,4.41773],[98.28614,4.41677],[98.28591,4.41306],[98.28582,4.4128],[98.28552,4.41252],[98.28564,4.41204],[98.28544,4.41158],[98.28514,4.41131],[98.28488,4.41138],[98.2849,4.41219],[98.28456,4.41237],[98.28423,4.41234],[98.28399,4.41225],[98.28376,4.41195],[98.28331,4.41109],[98.28278,4.40827],[98.28219,4.40692],[98.2818,4.40449],[98.28206,4.40377],[98.28167,4.40206],[98.28022,4.3995],[98.28029,4.39786],[98.2801,4.39753],[98.27899,4.39766],[98.27768,4.39759],[98.27643,4.39602],[98.27591,4.39569],[98.27545,4.39569],[98.27473,4.39601],[98.27427,4.39568],[98.27382,4.39391],[98.27349,4.39122],[98.27414,4.38984],[98.27421,4.38918],[98.27637,4.38873],[98.27738,4.3895],[98.27834,4.38984],[98.27894,4.38955],[98.2793,4.38844],[98.2801,4.38686],[98.27995,4.38604],[98.27959,4.38536],[98.27887,4.38491],[98.27839,4.38428],[98.2778,4.38271],[98.2781,4.38124],[98.27839,4.378],[98.27873,4.37663],[98.27927,4.37575],[98.27981,4.37291],[98.28001,4.37036],[98.27963,4.36969],[98.28011,4.36857],[98.2809,4.36755],[98.28187,4.365],[98.28202,4.36146],[98.28191,4.35772],[98.28246,4.35541],[98.28257,4.35425],[98.28241,4.35342],[98.28257,4.35183],[98.28296,4.35067],[98.28296,4.34974],[98.2829,4.34891],[98.28219,4.34836],[98.281,4.34794],[98.27984,4.34579],[98.2791,4.34397],[98.27927,4.34338],[98.27833,4.34112],[98.27852,4.33975],[98.27838,4.33892],[98.27897,4.33632],[98.27892,4.33505],[98.27916,4.33338],[98.27986,4.33205],[98.27993,4.33159],[98.27973,4.33107],[98.27965,4.32993],[98.27935,4.32914],[98.27759,4.3266],[98.27709,4.32595],[98.27607,4.32514],[98.2756,4.32419],[98.27476,4.32344],[98.27371,4.32341],[98.27246,4.32243],[98.27023,4.31986],[98.26944,4.31835],[98.2684,4.31736],[98.26821,4.31677],[98.26788,4.31159],[98.26742,4.31126],[98.2669,4.31112],[98.26566,4.30988],[98.2641,4.30735],[98.26336,4.30565],[98.26248,4.30443],[98.26227,4.30334],[98.2616,4.3028],[98.26113,4.30124],[98.26056,4.30002],[98.26018,4.29852],[98.2587,4.29621],[98.25769,4.29499],[98.25647,4.29234],[98.25429,4.28875],[98.25187,4.2852],[98.25167,4.28441],[98.2518,4.28382],[98.25278,4.28192],[98.25272,4.28041],[98.25123,4.27918],[98.24994,4.27904],[98.2485,4.27824],[98.24749,4.27743],[98.24664,4.27652],[98.24616,4.27551],[98.24587,4.27423],[98.24416,4.2742],[98.24173,4.27371],[98.2376,4.27371],[98.23281,4.27503],[98.23236,4.27491],[98.23141,4.27514],[98.22927,4.27629],[98.22925,4.27675],[98.22968,4.27779],[98.22971,4.27861],[98.22944,4.27942],[98.22895,4.28007],[98.22837,4.28037],[98.22709,4.28058],[98.22531,4.28153],[98.22325,4.2823],[98.22222,4.28302],[98.22163,4.28313],[98.22048,4.28277],[98.21952,4.28189],[98.2191,4.28088],[98.21841,4.27821],[98.21799,4.27749],[98.21698,4.27811],[98.2164,4.27812],[98.21494,4.27781],[98.21353,4.27716],[98.21205,4.27692],[98.2101,4.27621],[98.20931,4.27563],[98.20857,4.27481],[98.20689,4.27388],[98.20632,4.27332],[98.20577,4.27239],[98.205,4.27005],[98.20477,4.26974],[98.20452,4.26969],[98.20425,4.26986],[98.20333,4.27072],[98.20085,4.27153],[98.19963,4.27229],[98.198,4.27259],[98.19761,4.27247],[98.19688,4.27194],[98.19773,4.27099],[98.19801,4.27043],[98.19808,4.26961],[98.19773,4.26858],[98.19692,4.26754],[98.1957,4.26644],[98.19481,4.26485],[98.1934,4.26388],[98.19164,4.26188],[98.19106,4.26164],[98.18997,4.26158],[98.18776,4.26176],[98.18653,4.26163],[98.18593,4.26181],[98.18515,4.26243],[98.18463,4.26306],[98.18448,4.26431],[98.18424,4.26487],[98.18147,4.2662],[98.18055,4.26591],[98.1792,4.26499],[98.17755,4.26428],[98.17643,4.2624],[98.1754,4.26148],[98.17483,4.26141],[98.17283,4.2627],[98.1708,4.26314],[98.16949,4.26436],[98.1676,4.26507],[98.16605,4.26604],[98.16331,4.26687],[98.16261,4.26731],[98.16162,4.26824],[98.16033,4.26864],[98.15809,4.26892],[98.15766,4.26927],[98.15715,4.27021],[98.1564,4.27093],[98.1557,4.27189],[98.15542,4.2718],[98.15495,4.27114],[98.15373,4.27053],[98.15336,4.27047],[98.15261,4.2709],[98.15058,4.27165],[98.14942,4.27254],[98.14882,4.27278],[98.14872,4.27258],[98.14892,4.271],[98.14866,4.26841],[98.14802,4.26628],[98.14778,4.2644],[98.14757,4.26366],[98.14708,4.26293],[98.14549,4.26182],[98.14479,4.25984],[98.14398,4.25878],[98.14068,4.25744],[98.14019,4.25749],[98.13959,4.25786],[98.13902,4.25848],[98.13853,4.26008],[98.13831,4.26025],[98.13798,4.26029],[98.13709,4.25993],[98.1359,4.25867],[98.13537,4.25834],[98.13383,4.258],[98.13308,4.258],[98.13257,4.25835],[98.13177,4.25945],[98.13124,4.25996],[98.13016,4.26071],[98.12971,4.26072],[98.12849,4.26],[98.12825,4.25965],[98.12836,4.25741],[98.12814,4.25649],[98.12791,4.25615],[98.12733,4.2559],[98.12644,4.25609],[98.12388,4.25756],[98.12338,4.25756],[98.12251,4.25721],[98.12189,4.25667],[98.12126,4.25564],[98.1209,4.25333],[98.12031,4.25195],[98.11966,4.25129],[98.11858,4.25057],[98.11803,4.25037],[98.11743,4.25028],[98.11679,4.2507],[98.11555,4.25109],[98.11216,4.25139],[98.11179,4.25102],[98.11097,4.25064],[98.10811,4.24959],[98.1069,4.24922],[98.10646,4.24924],[98.10459,4.25055],[98.10346,4.25152],[98.09981,4.25271],[98.0977,4.25375],[98.09635,4.25486],[98.09425,4.2558],[98.09353,4.25645],[98.09198,4.25831],[98.091,4.25898],[98.09022,4.25926],[98.08923,4.25892],[98.08837,4.2588],[98.08587,4.25925],[98.08383,4.25925],[98.08307,4.25902],[98.08216,4.25836],[98.08173,4.25825],[98.07844,4.25914],[98.07734,4.25926],[98.07638,4.25914],[98.07579,4.25887],[98.07539,4.25853],[98.0741,4.25704],[98.07315,4.25557],[98.07188,4.25527],[98.07166,4.25508],[98.07155,4.25452],[98.07213,4.25305],[98.07218,4.2521],[98.07168,4.25132],[98.07049,4.25009],[98.06973,4.24847],[98.06928,4.24816],[98.06859,4.24799],[98.06829,4.24772],[98.06819,4.24722],[98.06849,4.24639],[98.06913,4.24566],[98.07046,4.24482],[98.07139,4.24377],[98.07254,4.24058],[98.07355,4.23862],[98.07502,4.23839],[98.07634,4.23861],[98.0773,4.23853],[98.08261,4.23641],[98.08393,4.23693],[98.08534,4.23695],[98.086,4.23648],[98.08688,4.23505],[98.08819,4.23444],[98.08857,4.2341],[98.08871,4.23165],[98.08893,4.23123],[98.08975,4.23074],[98.0922,4.2303],[98.0928,4.22996],[98.09312,4.22944],[98.09329,4.22882],[98.09292,4.22512],[98.09297,4.22353],[98.0931,4.22298],[98.0941,4.22127],[98.09484,4.21897],[98.09685,4.21645],[98.097,4.21591],[98.09701,4.21458],[98.09656,4.21334],[98.09766,4.21206],[98.09776,4.21134],[98.09658,4.20858],[98.09565,4.2076],[98.09417,4.20543],[98.09368,4.20534],[98.09257,4.20567],[98.09106,4.20563],[98.09064,4.20527],[98.08967,4.20315],[98.08953,4.20149],[98.08975,4.20046],[98.09015,4.19991],[98.09168,4.19864],[98.09241,4.19729],[98.09299,4.19445],[98.09282,4.19396],[98.09242,4.19348],[98.09166,4.19305],[98.08768,4.19177],[98.08489,4.18938],[98.08419,4.18899],[98.08364,4.18885],[98.08231,4.18885],[98.08114,4.18917],[98.07929,4.18989],[98.07812,4.19097],[98.07756,4.19118],[98.07694,4.19114],[98.07621,4.19066],[98.07589,4.19018],[98.07549,4.18884],[98.07529,4.18722],[98.07424,4.18509],[98.07296,4.18355],[98.07091,4.18191],[98.07034,4.18166],[98.06938,4.18178],[98.06841,4.18163],[98.06751,4.18248],[98.06676,4.18257],[98.06563,4.18187],[98.06355,4.18028],[98.06377,4.17708],[98.06408,4.17668],[98.06497,4.17607],[98.06523,4.17566],[98.06598,4.17338],[98.06688,4.17176],[98.06743,4.16997],[98.06813,4.16836],[98.0693,4.16672],[98.07035,4.16377],[98.07205,4.16152],[98.07236,4.16079],[98.0724,4.15934],[98.07172,4.15705],[98.07167,4.15653],[98.07214,4.15332],[98.07252,4.15271],[98.07345,4.15188],[98.07428,4.15141],[98.07519,4.15118],[98.07567,4.1509],[98.07571,4.15],[98.07698,4.14838],[98.07769,4.14702],[98.07777,4.14627],[98.07757,4.14586],[98.07685,4.14514],[98.07356,4.14308],[98.07318,4.14235],[98.07299,4.14028],[98.07226,4.13986],[98.07122,4.13962],[98.06853,4.14035],[98.06745,4.14035],[98.06658,4.14017],[98.06594,4.13991],[98.0652,4.13915],[98.0645,4.13881],[98.05845,4.13703],[98.05396,4.13591],[98.05355,4.13558],[98.05342,4.13482],[98.0529,4.13369],[98.05307,4.13297],[98.05351,4.13244],[98.05505,4.13178],[98.05549,4.13146],[98.05577,4.13099],[98.05587,4.12984],[98.05557,4.12905],[98.05465,4.12805],[98.05436,4.12713],[98.05406,4.12395],[98.05421,4.12159],[98.05403,4.12068],[98.05298,4.11914],[98.05226,4.11716],[98.05126,4.11613],[98.05096,4.11548],[98.05123,4.11357],[98.05169,4.11188],[98.05163,4.1111],[98.05123,4.1099],[98.05191,4.1089],[98.05197,4.10851],[98.0518,4.10814],[98.05084,4.10713],[98.0504,4.10642],[98.05005,4.1054],[98.04953,4.10275],[98.04909,4.10162],[98.04729,4.10027],[98.0468,4.09968],[98.04664,4.09928],[98.0466,4.09849],[98.04685,4.09799],[98.04837,4.09713],[98.04879,4.09682],[98.04902,4.09645],[98.04906,4.09604],[98.0487,4.09426],[98.04865,4.09112],[98.04794,4.08917],[98.04745,4.08667],[98.04685,4.08516],[98.04595,4.0839],[98.04543,4.08289],[98.04479,4.08237],[98.04438,4.08221],[98.04498,4.08122],[98.04452,4.07928],[98.04454,4.07797],[98.04497,4.07597],[98.04483,4.07362],[98.04497,4.07182],[98.04471,4.07131],[98.0441,4.07067],[98.0432,4.06937],[98.04329,4.06878],[98.04371,4.06829],[98.04403,4.06767],[98.04411,4.06669],[98.04379,4.06595],[98.0431,4.06536],[98.04289,4.06483],[98.04305,4.06423],[98.04326,4.06399],[98.0446,4.06333],[98.04473,4.06316],[98.04384,4.06091],[98.04375,4.0602],[98.04385,4.05989],[98.04498,4.05912],[98.04517,4.05887],[98.04548,4.05631],[98.04594,4.05565],[98.0468,4.055],[98.04743,4.05429],[98.04799,4.05308],[98.047,4.05268],[98.04666,4.0523],[98.04676,4.05194],[98.04761,4.05073],[98.04779,4.05022],[98.04696,4.04861],[98.04614,4.04653],[98.04328,4.0443],[98.04302,4.04395],[98.04293,4.04347],[98.04301,4.04322],[98.04341,4.0428],[98.04462,4.04217],[98.04525,4.04217],[98.04648,4.04259],[98.04759,4.04263],[98.0485,4.0424],[98.04894,4.04202],[98.04917,4.04163],[98.04949,4.03987],[98.05062,4.03858],[98.05083,4.03815],[98.05114,4.03604],[98.05071,4.03459],[98.05075,4.03405],[98.05173,4.03306],[98.05197,4.03264],[98.05168,4.03221],[98.05109,4.0319],[98.04831,4.03152],[98.04775,4.0311],[98.04718,4.0301],[98.04695,4.02872],[98.04654,4.02765],[98.04598,4.02311],[98.04616,4.02096],[98.04616,4.01864],[98.04602,4.018],[98.04552,4.01715],[98.04541,4.01656],[98.04579,4.0153],[98.04541,4.01346],[98.04504,4.01255],[98.04343,4.01139],[98.03959,4.00994],[98.03899,4.00928],[98.03823,4.00766],[98.03775,4.00701],[98.03688,4.0064],[98.03549,4.00611],[98.03539,4.00422],[98.03551,4.00343],[98.036,4.003],[98.03716,4.00245],[98.03747,4.00196],[98.03716,4.00134],[98.03548,4.00022],[98.03522,3.99967],[98.03533,3.99906],[98.03594,3.99833],[98.03923,3.9966],[98.04,3.99605],[98.04021,3.99576],[98.04006,3.99549],[98.03957,3.99507],[98.03843,3.99438],[98.03541,3.9934],[98.03474,3.99299],[98.0357,3.99148],[98.03639,3.98964],[98.0367,3.98924],[98.0375,3.98861],[98.03772,3.98812],[98.0377,3.98783],[98.03746,3.98733],[98.03724,3.98717],[98.0355,3.98664],[98.03438,3.98611],[98.03431,3.98467],[98.03452,3.984],[98.03491,3.98344],[98.03497,3.98305],[98.0342,3.98154],[98.03415,3.97909],[98.03396,3.97831],[98.03355,3.97767],[98.03208,3.97602],[98.03227,3.97445],[98.03188,3.97278],[98.02982,3.97194],[98.02904,3.97125],[98.0282,3.97015],[98.02584,3.96927],[98.0245,3.9682],[98.02158,3.96654],[98.02067,3.96638],[98.0198,3.9667],[98.01896,3.9668],[98.01738,3.96678],[98.0168,3.96664],[98.01598,3.96579],[98.01507,3.96311],[98.01421,3.9623],[98.0131,3.96202],[98.01208,3.96158],[98.00886,3.96247],[98.00768,3.96256],[98.00712,3.96235],[98.00405,3.96049],[98.00178,3.96017],[98.00065,3.95979],[97.99988,3.95938],[97.99919,3.95874],[97.99886,3.95822],[97.99871,3.9575],[97.99854,3.95451],[97.99813,3.9531],[97.99745,3.95145],[97.99702,3.95096],[97.99623,3.95058],[97.99301,3.94986],[97.99206,3.94939],[97.99105,3.94802],[97.98938,3.9461],[97.98896,3.94514],[97.98813,3.94202],[97.98781,3.94144],[97.98721,3.94098],[97.98673,3.94085],[97.98647,3.94092],[97.98598,3.94134],[97.98532,3.94221],[97.98435,3.94276],[97.98268,3.94292],[97.98167,3.94276],[97.98049,3.94197],[97.97927,3.94169],[97.97829,3.94068],[97.97799,3.94053],[97.97617,3.94027],[97.97542,3.93986],[97.97458,3.93911],[97.97296,3.93875],[97.9716,3.93799],[97.97046,3.93785],[97.96939,3.9375],[97.96813,3.93635],[97.96744,3.93493],[97.96694,3.93427],[97.96619,3.93411],[97.96538,3.93442],[97.96462,3.93453],[97.96347,3.9343],[97.96189,3.93319],[97.96087,3.93196],[97.9592,3.93097],[97.95847,3.93038],[97.95632,3.92726],[97.95524,3.92472],[97.95516,3.92336],[97.95611,3.91936],[97.95611,3.91866],[97.9559,3.91794],[97.95534,3.91713],[97.954,3.91659],[97.9535,3.91629],[97.9531,3.91583],[97.95284,3.9152],[97.95238,3.91292],[97.95241,3.91242],[97.95272,3.9117],[97.95254,3.91044],[97.95271,3.9102],[97.95388,3.90948],[97.95431,3.90885],[97.95399,3.90755],[97.9538,3.90574],[97.95355,3.90488],[97.95302,3.90383],[97.9529,3.90287],[97.95314,3.90102],[97.95382,3.89917],[97.95342,3.89931],[97.95231,3.90008],[97.95165,3.90034],[97.94978,3.9004],[97.94778,3.90019],[97.94496,3.89935],[97.94365,3.89827],[97.94174,3.89758],[97.93881,3.89698],[97.93717,3.89651],[97.93604,3.89593],[97.93501,3.89504],[97.93454,3.89501],[97.93376,3.89555],[97.9317,3.89858],[97.93048,3.89994],[97.92845,3.90295],[97.92668,3.90479],[97.92581,3.90548],[97.92363,3.90663],[97.92199,3.9079],[97.92103,3.90905],[97.92031,3.90965],[97.91728,3.91146],[97.91578,3.91273],[97.91482,3.91405],[97.91436,3.91437],[97.91337,3.91471],[97.9125,3.91466],[97.91179,3.91431],[97.91097,3.9136],[97.90874,3.91335],[97.90553,3.91271],[97.90369,3.91218],[97.90188,3.91195],[97.90077,3.9101],[97.90042,3.90901],[97.90051,3.90774],[97.90158,3.90556],[97.90171,3.905],[97.90158,3.90448],[97.90091,3.90316],[97.90038,3.90132],[97.90105,3.89998],[97.90195,3.89697],[97.90181,3.89409],[97.90242,3.89202],[97.90254,3.89107],[97.902,3.88852],[97.90217,3.88668],[97.90347,3.88365],[97.90471,3.88273],[97.90558,3.88258],[97.90806,3.88166],[97.90896,3.88046],[97.91001,3.87825],[97.91001,3.87777],[97.9094,3.87636],[97.90925,3.8757],[97.90925,3.87455],[97.90992,3.87208],[97.91004,3.87098],[97.90966,3.86889],[97.91063,3.86805],[97.91188,3.8665],[97.91286,3.86481],[97.91355,3.86401],[97.91446,3.86254],[97.91535,3.86159],[97.91577,3.86084],[97.91512,3.85912],[97.9153,3.85702],[97.91485,3.85292],[97.91497,3.85192],[97.91537,3.85135],[97.91649,3.85046],[97.91751,3.84847],[97.91793,3.84792],[97.91892,3.84742],[97.92198,3.8466],[97.92248,3.84613],[97.92271,3.84557],[97.92174,3.84329],[97.92123,3.84268],[97.92031,3.84204],[97.91995,3.84162],[97.91868,3.83898],[97.91816,3.83848],[97.91668,3.83778],[97.91623,3.83743],[97.91596,3.83665],[97.9159,3.83599],[97.91583,3.83301],[97.91549,3.83189],[97.91424,3.83056],[97.91244,3.82899],[97.91091,3.8262],[97.90977,3.82487],[97.90957,3.82397],[97.90957,3.82331],[97.91002,3.82015],[97.90952,3.81925],[97.90874,3.81848],[97.90798,3.81827],[97.90625,3.81821],[97.90336,3.81836],[97.90222,3.81819],[97.90106,3.81776],[97.90031,3.81704],[97.89952,3.81505],[97.89841,3.81352],[97.89802,3.81277],[97.8979,3.81219],[97.89805,3.81121],[97.89801,3.81069],[97.89763,3.81047],[97.89661,3.81056],[97.89637,3.80998],[97.89574,3.80917],[97.89551,3.80786],[97.89496,3.80718],[97.89199,3.80575],[97.8911,3.80466],[97.88997,3.80385],[97.88907,3.80284],[97.88877,3.80275],[97.88777,3.80287],[97.88582,3.8028],[97.88511,3.80308],[97.88435,3.80362],[97.88428,3.80315],[97.88447,3.79899],[97.8843,3.79742],[97.88401,3.79657],[97.88353,3.79619],[97.88119,3.79549],[97.87972,3.79465],[97.87824,3.79408],[97.87619,3.79476],[97.87541,3.79436],[97.874,3.79186],[97.87374,3.78985],[97.87333,3.78863],[97.87195,3.78741],[97.8707,3.78539],[97.86915,3.78382],[97.86806,3.78348],[97.86605,3.78357],[97.86488,3.78396],[97.8639,3.78465],[97.86285,3.7852],[97.86232,3.78536],[97.86187,3.78525],[97.86051,3.78374],[97.86011,3.78309],[97.85931,3.7812],[97.85856,3.77896],[97.85765,3.77807],[97.8569,3.77683],[97.85605,3.77584],[97.85521,3.7759],[97.85356,3.77501],[97.85034,3.77424],[97.84873,3.77292],[97.84635,3.77181],[97.84521,3.77097],[97.84369,3.76959],[97.84,3.76847],[97.83948,3.768],[97.8391,3.76743],[97.83813,3.76531],[97.83643,3.76417],[97.83376,3.76126],[97.83268,3.76102],[97.83147,3.76126],[97.82847,3.76403],[97.82733,3.7647],[97.82662,3.7648],[97.82598,3.76462],[97.82439,3.76347],[97.82327,3.76184],[97.82242,3.76094],[97.8219,3.76076],[97.81979,3.76089],[97.81901,3.76053],[97.81855,3.7596],[97.81818,3.75721],[97.8183,3.75659],[97.81869,3.75602],[97.81896,3.75524],[97.81919,3.75341],[97.81877,3.75095],[97.81888,3.74863],[97.81814,3.74769],[97.81788,3.74693],[97.81793,3.74247],[97.81814,3.74171],[97.81884,3.74025],[97.82031,3.73909],[97.82133,3.73739],[97.82172,3.736],[97.82171,3.73411],[97.8215,3.73338],[97.82102,3.73253],[97.82083,3.73095],[97.82062,3.73026],[97.81966,3.7283],[97.81869,3.72704],[97.81798,3.7255],[97.81671,3.72437],[97.81639,3.72331],[97.81587,3.72047],[97.81568,3.72006],[97.8152,3.7196],[97.81298,3.71828],[97.81263,3.71828],[97.81189,3.71879],[97.81077,3.72034],[97.80919,3.72159],[97.80751,3.72198],[97.80533,3.72286],[97.80368,3.72238],[97.80187,3.72223],[97.80104,3.72278],[97.79963,3.72333],[97.79645,3.72497],[97.79463,3.7252],[97.79361,3.72555],[97.79335,3.72584],[97.79326,3.72615],[97.79336,3.7268],[97.79309,3.72722],[97.79249,3.72756],[97.79139,3.72771],[97.7908,3.72793],[97.79033,3.72831],[97.79019,3.72858],[97.79027,3.73037],[97.78966,3.73305],[97.78876,3.73524],[97.78852,3.73697],[97.78799,3.73804],[97.78762,3.73836],[97.78731,3.73841],[97.78525,3.73824],[97.78327,3.73861],[97.78337,3.73651],[97.78306,3.73549],[97.78278,3.73482],[97.78206,3.73393],[97.78134,3.7326],[97.78087,3.73217],[97.77968,3.73174],[97.77537,3.73095],[97.77466,3.73063],[97.77357,3.72979],[97.77058,3.72886],[97.76779,3.72874],[97.76687,3.72854],[97.76642,3.72827],[97.76584,3.72763],[97.76512,3.72599],[97.76478,3.72569],[97.76437,3.72556],[97.76284,3.72638],[97.75801,3.72736],[97.75654,3.72779],[97.75598,3.72813],[97.75477,3.72944],[97.75314,3.73039],[97.75237,3.73173],[97.75157,3.73524],[97.75151,3.73608],[97.75169,3.73829],[97.75152,3.73927],[97.75014,3.74227],[97.74909,3.74386],[97.74843,3.74397],[97.74644,3.74379],[97.74332,3.74376],[97.74163,3.74397],[97.73853,3.74479],[97.73754,3.74555],[97.73671,3.74652],[97.73636,3.74676],[97.73521,3.74706],[97.73367,3.74713],[97.73219,3.74784],[97.72965,3.74843],[97.7286,3.74951],[97.72816,3.74975],[97.72733,3.74981],[97.72553,3.74963],[97.72185,3.75062],[97.71809,3.75109],[97.71759,3.75143],[97.71667,3.75256],[97.71461,3.75463],[97.71313,3.75583],[97.71287,3.75635],[97.71251,3.75839],[97.71226,3.759],[97.71196,3.75918],[97.71108,3.7593],[97.70751,3.75912],[97.70709,3.75927],[97.70678,3.75956],[97.70659,3.76],[97.70644,3.76125],[97.70655,3.76253],[97.70688,3.76389],[97.70576,3.76479],[97.70482,3.76509],[97.70418,3.76513],[97.70247,3.76489],[97.70109,3.76542],[97.69765,3.76589],[97.69637,3.76617],[97.69602,3.76644],[97.69502,3.76828],[97.69463,3.76854],[97.69409,3.76867],[97.69254,3.76869],[97.6891,3.76823],[97.68869,3.76835],[97.6873,3.76927],[97.68605,3.76834],[97.68576,3.7695],[97.68493,3.77067],[97.68407,3.77159],[97.68198,3.77306],[97.68091,3.77341],[97.6799,3.77353],[97.67969,3.77373],[97.67955,3.77414],[97.67909,3.77675],[97.67827,3.77822],[97.67758,3.78044],[97.67688,3.78134],[97.67631,3.78248],[97.6757,3.78284],[97.67554,3.78311],[97.67553,3.78397],[97.67577,3.7848],[97.67632,3.78591],[97.67702,3.7867],[97.67723,3.78717],[97.67713,3.7881],[97.67681,3.78847],[97.67578,3.78917],[97.67359,3.7898],[97.6723,3.7898],[97.66726,3.78935],[97.6666,3.78934],[97.66595,3.78955],[97.66438,3.79199],[97.66403,3.79307],[97.66412,3.79442],[97.66466,3.79521],[97.6649,3.79585],[97.66483,3.79688],[97.66454,3.79738],[97.66405,3.79776],[97.66199,3.79847],[97.66011,3.79944],[97.65966,3.79993],[97.65893,3.80157],[97.65854,3.80213],[97.65791,3.80263],[97.65634,3.80344],[97.65603,3.80535],[97.65556,3.807],[97.65486,3.80778],[97.65501,3.80876],[97.65424,3.8102],[97.65397,3.81109],[97.65371,3.81309],[97.65364,3.81661],[97.65341,3.81811],[97.65313,3.81884],[97.65247,3.8197],[97.65059,3.8207],[97.6495,3.82153],[97.64708,3.82278],[97.64549,3.82417],[97.64586,3.82503],[97.64577,3.82612],[97.64489,3.82629],[97.64442,3.82653],[97.6429,3.82819],[97.64194,3.82843],[97.63994,3.82853],[97.63597,3.82828],[97.63431,3.82886],[97.63288,3.82895],[97.63088,3.82862],[97.6304,3.82821],[97.62988,3.82726],[97.62931,3.82672],[97.62843,3.82638],[97.62765,3.82641],[97.62721,3.8269],[97.62698,3.8287],[97.62676,3.82943],[97.62536,3.83056],[97.6239,3.83229],[97.62279,3.83328],[97.62187,3.8352],[97.62151,3.83565],[97.62043,3.83625],[97.61808,3.83695],[97.61639,3.83803],[97.61545,3.83811],[97.61424,3.83764],[97.6125,3.83721],[97.61221,3.83722],[97.611,3.83778],[97.60901,3.83769],[97.60774,3.83812],[97.60487,3.838],[97.60433,3.8382],[97.60148,3.83998],[97.59725,3.8403],[97.59678,3.84056],[97.59446,3.84252],[97.59334,3.84247],[97.59149,3.84186],[97.58896,3.84265],[97.58856,3.84303],[97.58791,3.84419],[97.5871,3.84509],[97.58722,3.84698],[97.58687,3.84777],[97.58629,3.84832],[97.5848,3.84929],[97.58431,3.84989],[97.58368,3.85107],[97.58324,3.85153],[97.58024,3.85323],[97.57882,3.85491],[97.57791,3.85708],[97.57639,3.85937],[97.57451,3.8608],[97.57372,3.86093],[97.57213,3.86078],[97.57071,3.86139],[97.56965,3.8623],[97.56804,3.86319],[97.56624,3.86486],[97.56412,3.86625],[97.56263,3.8677],[97.56147,3.86861],[97.55976,3.87037],[97.55881,3.87065],[97.55647,3.87042],[97.55519,3.87045],[97.55392,3.87072],[97.55299,3.87112],[97.55216,3.87218],[97.55146,3.87359],[97.55023,3.87499],[97.55011,3.8757],[97.55029,3.87694],[97.55028,3.87783],[97.55017,3.87821],[97.54971,3.87871],[97.54872,3.87925],[97.54691,3.88055],[97.54571,3.88109],[97.54486,3.88121],[97.54327,3.8808],[97.5425,3.88086],[97.54168,3.88125],[97.54026,3.8822],[97.53966,3.88233],[97.53906,3.88217],[97.53827,3.88092],[97.53741,3.88166],[97.53551,3.88222],[97.53429,3.88277],[97.53086,3.88335],[97.53055,3.8835],[97.52962,3.88445],[97.52865,3.885],[97.52656,3.88585],[97.52579,3.88653],[97.52492,3.88705],[97.52305,3.88782],[97.52101,3.88798],[97.52013,3.8882],[97.51811,3.88943],[97.51655,3.88952],[97.51509,3.88918],[97.5138,3.88904],[97.51302,3.88909],[97.51179,3.88938],[97.51106,3.88986],[97.50994,3.891],[97.50744,3.89455],[97.50382,3.89875],[97.50244,3.90017],[97.50133,3.90193],[97.5008,3.90303],[97.50047,3.90335],[97.49999,3.90358],[97.498,3.9042],[97.49753,3.90461],[97.49724,3.90522],[97.49705,3.90679],[97.49718,3.90797],[97.49779,3.9096],[97.49776,3.91053],[97.49732,3.91171],[97.49734,3.91225],[97.49759,3.91286],[97.49806,3.91342],[97.49903,3.91411],[97.50103,3.91528],[97.50255,3.9159],[97.50381,3.91729],[97.50451,3.91754],[97.50548,3.91766],[97.5071,3.9176],[97.50794,3.91736],[97.50958,3.91622],[97.5105,3.91514],[97.51108,3.91472],[97.5125,3.91389],[97.51464,3.91319],[97.51549,3.91278],[97.51723,3.91167],[97.5185,3.91055],[97.52049,3.9093],[97.52177,3.90806],[97.52354,3.90667],[97.52443,3.90641],[97.52581,3.90628],[97.52696,3.90641],[97.52753,3.90668],[97.52841,3.90777],[97.52966,3.90895],[97.52957,3.91097],[97.52937,3.91215],[97.52828,3.91392],[97.52804,3.91499],[97.52783,3.91755],[97.528,3.91942],[97.52904,3.92193],[97.52952,3.92249],[97.53047,3.92319],[97.5316,3.92434],[97.53285,3.92679],[97.53355,3.92773],[97.53424,3.92914],[97.53483,3.92972],[97.53679,3.93115],[97.53817,3.93381],[97.53815,3.93918],[97.53785,3.94052],[97.53506,3.94424],[97.5321,3.94597],[97.52944,3.94681],[97.5273,3.94838],[97.52667,3.95034],[97.52596,3.95194],[97.52612,3.95266],[97.52612,3.95339],[97.52535,3.95694],[97.5241,3.95886],[97.52384,3.95967],[97.52367,3.9622],[97.52325,3.96539],[97.52218,3.96837],[97.52205,3.96906],[97.5223,3.97027],[97.52303,3.97232],[97.52293,3.97323],[97.52244,3.97418],[97.52328,3.97931],[97.52376,3.98038],[97.52491,3.98148],[97.52527,3.98268],[97.525,3.98839],[97.52479,3.98894],[97.52397,3.99011],[97.52373,3.99098],[97.52438,3.99333],[97.52231,3.99437],[97.52132,3.99554],[97.51948,3.99653],[97.51835,3.99754],[97.518,3.99815],[97.51716,4.00036],[97.51632,4.00389],[97.51591,4.00445],[97.51513,4.00514],[97.5138,4.00569],[97.50931,4.00627],[97.50724,4.00678],[97.50442,4.00723],[97.50362,4.00767],[97.50285,4.00881],[97.50245,4.00916],[97.49994,4.01007],[97.49721,4.00984],[97.49582,4.01014],[97.49535,4.01066],[97.49462,4.012],[97.49316,4.01339],[97.49216,4.01673],[97.49127,4.01764],[97.49026,4.018],[97.48882,4.01834],[97.48857,4.01827],[97.48808,4.01798],[97.48705,4.01702],[97.48514,4.01573],[97.48428,4.01535],[97.48277,4.01491],[97.48236,4.01497],[97.47997,4.01632],[97.47849,4.01757],[97.47732,4.01787],[97.47648,4.01781],[97.47497,4.01702],[97.47328,4.01576],[97.47171,4.01493],[97.47078,4.01388],[97.46995,4.01341],[97.46783,4.01323],[97.46469,4.01372],[97.4634,4.01374],[97.4626,4.01354],[97.46074,4.01213],[97.4601,4.01188],[97.45913,4.01203],[97.45725,4.01299],[97.45589,4.01388],[97.45283,4.01509],[97.45219,4.01492],[97.44945,4.01328],[97.44734,4.01295],[97.44633,4.01306],[97.44604,4.01414],[97.4456,4.01505],[97.44368,4.01671],[97.44232,4.01859],[97.4407,4.02023],[97.43937,4.0211],[97.43669,4.02188],[97.4351,4.02264],[97.43276,4.02355],[97.43231,4.02397],[97.43146,4.02555],[97.4291,4.02861],[97.42713,4.02979],[97.42363,4.03076],[97.42252,4.03124],[97.42171,4.03178],[97.42146,4.03211],[97.42143,4.03268],[97.42209,4.03475],[97.42246,4.03554],[97.42253,4.03601],[97.42217,4.03704],[97.42139,4.0386],[97.42053,4.03949],[97.4173,4.04146],[97.41459,4.04229],[97.41335,4.04292],[97.41316,4.04467],[97.41363,4.04883],[97.41357,4.04917],[97.41321,4.04964],[97.41257,4.04998],[97.40983,4.05057],[97.40716,4.05153],[97.40545,4.0525],[97.40497,4.0529],[97.40468,4.05348],[97.40457,4.05401],[97.40443,4.05698],[97.40426,4.05753],[97.40341,4.05843],[97.40113,4.05959],[97.40024,4.06067],[97.39885,4.06165],[97.3981,4.06309],[97.39778,4.06426],[97.39738,4.06503],[97.39634,4.06601],[97.39535,4.06722],[97.394,4.06843],[97.39357,4.06991],[97.39334,4.07328],[97.39215,4.07712],[97.3922,4.0782],[97.39278,4.08026],[97.39293,4.08234],[97.39336,4.08447],[97.39313,4.08518],[97.39174,4.08706],[97.39096,4.0892],[97.39107,4.08969],[97.3934,4.09413],[97.39356,4.095],[97.39332,4.09562],[97.39188,4.09779],[97.39119,4.09967],[97.39049,4.10102],[97.3898,4.10299],[97.38844,4.10422],[97.38771,4.10583],[97.38716,4.10666],[97.38745,4.10798],[97.38864,4.11103],[97.3891,4.11151],[97.3905,4.1125],[97.39244,4.11194],[97.39292,4.11284],[97.39584,4.11584],[97.39607,4.11637],[97.39622,4.11782],[97.39643,4.11856],[97.39808,4.12164],[97.39849,4.12211],[97.39948,4.12257],[97.40289,4.12355],[97.4036,4.12388],[97.40411,4.12434],[97.405,4.12632],[97.40626,4.12857],[97.40735,4.12964],[97.40819,4.13104],[97.40877,4.13443],[97.40993,4.13813],[97.41037,4.13865],[97.41235,4.14007],[97.41292,4.14076],[97.41459,4.14546],[97.41542,4.14663],[97.41598,4.14796],[97.41681,4.14941],[97.4182,4.15107],[97.41855,4.1525],[97.41969,4.15309],[97.42137,4.15331],[97.42346,4.15452],[97.42446,4.15573],[97.42486,4.15604],[97.42788,4.15757],[97.42834,4.15817],[97.42917,4.16094],[97.43023,4.16202],[97.43394,4.16313],[97.43646,4.16466],[97.43761,4.16498],[97.43883,4.16512],[97.44099,4.16493],[97.44206,4.16463],[97.44314,4.16366],[97.44382,4.16334],[97.44477,4.16369],[97.44623,4.16377],[97.44698,4.164],[97.44745,4.16452],[97.44767,4.16554],[97.44852,4.16641],[97.44875,4.16829],[97.44924,4.16906],[97.4498,4.17039],[97.45119,4.17197],[97.45171,4.17319],[97.45188,4.17389],[97.45079,4.17459],[97.44994,4.17557],[97.44966,4.17619],[97.44898,4.17934],[97.44866,4.17993],[97.44781,4.18075],[97.44728,4.18156],[97.44686,4.18427],[97.4462,4.1857],[97.44569,4.18786],[97.44557,4.1903],[97.4441,4.19396],[97.44292,4.19563],[97.4431,4.19708],[97.44269,4.19996],[97.4424,4.20065],[97.44132,4.20184],[97.44079,4.2028],[97.44066,4.20375],[97.44079,4.20468],[97.44133,4.20584],[97.44223,4.20863],[97.44217,4.20942],[97.44132,4.21043],[97.44124,4.2107],[97.4415,4.21145],[97.44243,4.21222],[97.44226,4.21573],[97.44208,4.21666],[97.44015,4.22008],[97.4392,4.22104],[97.43789,4.22188],[97.43666,4.22225],[97.43568,4.22231],[97.43439,4.22195],[97.43428,4.22336],[97.43443,4.22394],[97.43574,4.22486],[97.43632,4.22546],[97.43674,4.22624],[97.43733,4.22807],[97.43771,4.22876],[97.4387,4.2297],[97.43983,4.23045],[97.44021,4.23114],[97.43883,4.23268],[97.43799,4.23401],[97.43657,4.2357],[97.43609,4.23611],[97.43419,4.23712],[97.43257,4.23897],[97.43202,4.23989],[97.43118,4.24185],[97.42979,4.24308],[97.42925,4.24396],[97.42885,4.24519],[97.42838,4.24832],[97.42813,4.24911],[97.42521,4.25222],[97.42259,4.25239],[97.41976,4.25215],[97.41847,4.25277],[97.41578,4.25313],[97.41529,4.25342],[97.41499,4.25388],[97.41449,4.25535],[97.41279,4.25701],[97.41124,4.25977],[97.40976,4.26056],[97.40722,4.26145],[97.40664,4.26215],[97.40591,4.26444],[97.40549,4.26513],[97.40486,4.26556],[97.40325,4.26607],[97.4028,4.26637],[97.4025,4.26676],[97.40199,4.26809],[97.40077,4.26993],[97.39938,4.27306],[97.39805,4.27317],[97.39725,4.27291],[97.39511,4.27139],[97.39263,4.26931],[97.39073,4.26841],[97.38986,4.26742],[97.38875,4.26653],[97.38642,4.26531],[97.38347,4.26507],[97.38186,4.26467],[97.38078,4.26476],[97.38037,4.26512],[97.3792,4.26747],[97.37699,4.2706],[97.37668,4.27122],[97.3763,4.27411],[97.3758,4.27522],[97.37568,4.27581],[97.3758,4.27663],[97.37631,4.2781],[97.37647,4.27923],[97.37641,4.28055],[97.37602,4.28151],[97.37509,4.28192],[97.37322,4.282],[97.37233,4.2818],[97.3707,4.2807],[97.36918,4.28046],[97.36674,4.28061],[97.36529,4.28098],[97.36376,4.28225],[97.36371,4.28396],[97.36388,4.28526],[97.36354,4.28566],[97.36199,4.28636],[97.36138,4.28648],[97.35913,4.28605],[97.35826,4.28605],[97.35745,4.28639],[97.35654,4.28708],[97.35589,4.28731],[97.35478,4.28737],[97.35314,4.28713],[97.35265,4.28725],[97.35174,4.28816],[97.35107,4.28951],[97.35034,4.29243],[97.34993,4.2934],[97.34852,4.29467],[97.34757,4.2958],[97.34546,4.29736],[97.34485,4.29757],[97.34295,4.2978],[97.3408,4.29847],[97.33988,4.29889],[97.33801,4.30018],[97.33632,4.30208],[97.33563,4.30316],[97.33479,4.30496],[97.33336,4.30612],[97.33263,4.30749],[97.33134,4.30876],[97.32991,4.31066],[97.328,4.31173],[97.32717,4.312],[97.32685,4.3124],[97.32663,4.31356],[97.32628,4.31391],[97.32466,4.31417],[97.32365,4.31528],[97.32163,4.31628],[97.32105,4.31712],[97.32048,4.31827],[97.31973,4.31926],[97.31941,4.32051],[97.31931,4.32146],[97.31918,4.32539],[97.31896,4.32647],[97.31857,4.32749],[97.31846,4.32841],[97.31872,4.32918],[97.31964,4.3299],[97.31992,4.33041],[97.32004,4.33125],[97.31992,4.3321],[97.31946,4.33285],[97.31829,4.33381],[97.31771,4.3348],[97.31723,4.33528],[97.31659,4.33555],[97.31423,4.336],[97.31384,4.33613],[97.31341,4.33648],[97.31299,4.33752],[97.31244,4.34012],[97.31125,4.34429],[97.31134,4.34536],[97.3123,4.34761],[97.31338,4.34863],[97.31363,4.34954],[97.31296,4.35406],[97.31292,4.35604],[97.3132,4.35663],[97.31557,4.35781],[97.31588,4.35802],[97.31631,4.35868],[97.31671,4.36035],[97.31621,4.36234],[97.31648,4.3667],[97.31688,4.36761],[97.31809,4.36875],[97.31745,4.36989],[97.31736,4.37072],[97.31776,4.37193],[97.31838,4.37307],[97.31886,4.37355],[97.32063,4.37474],[97.32216,4.37776],[97.32306,4.37889],[97.32306,4.37918],[97.32273,4.37983],[97.32261,4.38071],[97.32274,4.38199],[97.32308,4.38301],[97.3248,4.38449],[97.3263,4.38481],[97.328,4.38495],[97.32883,4.38526],[97.32907,4.38552],[97.3298,4.3876],[97.33075,4.38913],[97.33106,4.39146],[97.33218,4.39358],[97.33317,4.39437],[97.33358,4.39493],[97.33375,4.39597],[97.33466,4.39861],[97.33685,4.39972],[97.33771,4.40045],[97.33825,4.40148],[97.33848,4.40339],[97.33885,4.40397],[97.33972,4.40455],[97.34164,4.40528],[97.34506,4.40708],[97.34676,4.40824],[97.34772,4.40843],[97.34906,4.40819],[97.35086,4.40708],[97.35798,4.40437],[97.35835,4.40437],[97.35896,4.40472],[97.35977,4.4053],[97.36007,4.40573],[97.36056,4.40721],[97.36042,4.40957],[97.36099,4.41318],[97.36119,4.41552],[97.36133,4.41584],[97.36087,4.41667],[97.35974,4.41796],[97.35931,4.41918],[97.35931,4.42018],[97.35977,4.42193],[97.35946,4.42521],[97.35597,4.42889],[97.35587,4.43204],[97.35551,4.43295],[97.35386,4.43397],[97.35304,4.43471],[97.34947,4.43625],[97.34776,4.43806],[97.34681,4.43841],[97.34564,4.43854],[97.34514,4.43889],[97.34523,4.43931],[97.34658,4.44076],[97.34667,4.44159],[97.34549,4.44373],[97.3441,4.4452],[97.34375,4.44596],[97.34375,4.44637],[97.3442,4.44681],[97.34536,4.4473],[97.3469,4.44742],[97.34889,4.44785],[97.35084,4.44798],[97.35341,4.4486],[97.35566,4.44882],[97.35715,4.44932],[97.35819,4.44986],[97.35882,4.45059],[97.35944,4.45207],[97.36011,4.45278],[97.36122,4.45337],[97.36322,4.45372],[97.36395,4.45454],[97.36424,4.45525],[97.36444,4.45642],[97.36432,4.4593],[97.36536,4.46217],[97.36632,4.46213],[97.36691,4.46229],[97.36729,4.46274],[97.36785,4.46385],[97.36897,4.465],[97.37076,4.46583],[97.37238,4.46694],[97.37295,4.4672],[97.3743,4.46729],[97.37731,4.46633],[97.37876,4.46648],[97.38164,4.46597],[97.38581,4.46617],[97.38669,4.46597],[97.39148,4.46417],[97.39252,4.46391],[97.39379,4.4638],[97.39619,4.46395],[97.39674,4.4635],[97.39744,4.46216],[97.39869,4.46057],[97.3995,4.46025],[97.40217,4.46007],[97.40291,4.45986],[97.40341,4.45942],[97.40438,4.45792],[97.40786,4.45445],[97.40829,4.4542],[97.40911,4.45408],[97.41136,4.45423],[97.41365,4.4532],[97.41563,4.45165],[97.41603,4.45104],[97.41636,4.45],[97.41723,4.4504],[97.41817,4.452],[97.41859,4.45242],[97.41941,4.45291],[97.42014,4.45312],[97.42217,4.45327],[97.42391,4.45373],[97.42726,4.45435],[97.42801,4.45472],[97.42946,4.45601],[97.43049,4.45716],[97.43096,4.4583],[97.43144,4.4601],[97.43154,4.46269],[97.43202,4.46393],[97.43245,4.46455],[97.433,4.465],[97.43543,4.46622],[97.43558,4.4667],[97.4355,4.46752],[97.436,4.46813],[97.43701,4.46855],[97.44209,4.46952],[97.44438,4.46945],[97.44458,4.4676],[97.44494,4.46708],[97.44717,4.46486],[97.44858,4.46375],[97.45039,4.46292],[97.45111,4.46236],[97.45437,4.46153],[97.45549,4.461],[97.45588,4.46113],[97.45661,4.46166],[97.45756,4.46183],[97.45943,4.46166],[97.46084,4.4611],[97.4617,4.46017],[97.46254,4.45963],[97.46306,4.45909],[97.4641,4.45666],[97.46496,4.45569],[97.46582,4.45528],[97.46822,4.45464],[97.46892,4.45414],[97.46931,4.45345],[97.46941,4.45302],[97.46927,4.45101],[97.46943,4.45013],[97.46997,4.44963],[97.47185,4.44915],[97.47233,4.44891],[97.47271,4.44854],[97.47291,4.4481],[97.47294,4.4466],[97.47311,4.4459],[97.47349,4.44519],[97.47403,4.44463],[97.47465,4.44432],[97.47573,4.44432],[97.47848,4.44528],[97.48013,4.44609],[97.48165,4.44625],[97.48208,4.44619],[97.48304,4.44556],[97.48452,4.4452],[97.48841,4.44516],[97.48993,4.44538],[97.49142,4.44462],[97.49352,4.44375],[97.49439,4.44354],[97.49531,4.44354],[97.49669,4.44416],[97.50012,4.44493],[97.50267,4.44667],[97.5034,4.44695],[97.50528,4.44732],[97.50731,4.44732],[97.50795,4.44708],[97.50965,4.44566],[97.51091,4.44323],[97.51133,4.44278],[97.51173,4.44308],[97.51265,4.44431],[97.51343,4.44448],[97.51443,4.44425],[97.51583,4.44354],[97.51775,4.44363],[97.51996,4.44184],[97.52325,4.44075],[97.52467,4.44069],[97.52603,4.44085],[97.52841,4.44164],[97.52911,4.44176],[97.53196,4.44135],[97.53376,4.44123],[97.53716,4.44139],[97.53754,4.44046],[97.53688,4.43667],[97.53966,4.43591],[97.54099,4.43574],[97.54216,4.43581],[97.54397,4.43643],[97.54855,4.43664],[97.5514,4.43788],[97.55263,4.43906],[97.55311,4.4392],[97.55356,4.43902],[97.55447,4.43814],[97.55488,4.43797],[97.55644,4.43815],[97.55725,4.43796],[97.56227,4.43744],[97.56815,4.43712],[97.56893,4.4372],[97.57159,4.43799],[97.5734,4.43882],[97.57554,4.43953],[97.57713,4.43926],[97.5796,4.43831],[97.58067,4.43831],[97.58166,4.43892],[97.58394,4.43914],[97.58557,4.43962],[97.58619,4.44002],[97.58718,4.441],[97.58774,4.44229],[97.58796,4.44443],[97.58864,4.44573],[97.58858,4.44613],[97.58806,4.44697],[97.58753,4.44821],[97.58753,4.44879],[97.58775,4.44902],[97.58866,4.44915],[97.59023,4.4488],[97.59138,4.44823],[97.59284,4.4472],[97.59522,4.44705],[97.59628,4.44684],[97.59678,4.44649],[97.59752,4.44563],[97.59831,4.44519],[97.5993,4.44541],[97.60077,4.44546],[97.60205,4.44594],[97.60262,4.44601],[97.60385,4.4466],[97.60617,4.44729],[97.60667,4.44782],[97.60744,4.44938],[97.60862,4.45049],[97.60937,4.45141],[97.61199,4.45364],[97.61396,4.45393],[97.61531,4.45398],[97.61858,4.45352],[97.6214,4.4535],[97.62419,4.45331],[97.62446,4.45341],[97.62532,4.45435],[97.62553,4.45436],[97.62651,4.45382],[97.62725,4.45392],[97.62811,4.45428],[97.62899,4.4549],[97.62985,4.45617],[97.63001,4.45669],[97.6298,4.45729],[97.6282,4.45856],[97.62737,4.45989],[97.62639,4.46095],[97.62542,4.46337],[97.62431,4.46484],[97.62359,4.4663],[97.62307,4.46672],[97.6215,4.46729],[97.62084,4.46789],[97.61931,4.47064],[97.61822,4.4722],[97.61799,4.47278],[97.61841,4.47307],[97.61915,4.47407],[97.6194,4.47421],[97.62134,4.47446],[97.62306,4.47511],[97.62581,4.4748],[97.62729,4.47391],[97.62856,4.47361],[97.62993,4.4735],[97.63101,4.47376],[97.63203,4.47539],[97.63368,4.47738],[97.63395,4.47814],[97.63395,4.47931],[97.63379,4.48041],[97.63437,4.481],[97.63535,4.48249],[97.6364,4.48347],[97.6373,4.48384],[97.63791,4.48442],[97.63841,4.48455],[97.63909,4.4843],[97.64021,4.4831],[97.6406,4.4831],[97.64105,4.4835],[97.64208,4.485],[97.64325,4.48611],[97.64446,4.48786],[97.64535,4.48861],[97.64605,4.48945],[97.64744,4.4882],[97.64928,4.48612],[97.64976,4.48583],[97.6522,4.48498],[97.65308,4.48381],[97.65541,4.48233],[97.65733,4.48029],[97.66069,4.4782],[97.6628,4.47653],[97.66385,4.47598],[97.66462,4.47576],[97.66562,4.47576],[97.66695,4.47594],[97.66754,4.47582],[97.66819,4.47541],[97.66855,4.47505],[97.66948,4.47334],[97.66936,4.47295],[97.66884,4.47233],[97.66872,4.47194],[97.66884,4.47156],[97.66928,4.47104],[97.67156,4.46945],[97.67411,4.46861],[97.67582,4.46747],[97.6763,4.46691],[97.67692,4.46576],[97.67856,4.46493],[97.67939,4.46403],[97.67997,4.46361],[97.68117,4.46323],[97.68302,4.46345],[97.6847,4.46334],[97.68506,4.46348],[97.68577,4.46418],[97.68632,4.46451],[97.68861,4.46501],[97.68906,4.4654],[97.6894,4.46623],[97.68948,4.46685],[97.68936,4.46813],[97.68883,4.46984],[97.6882,4.47279],[97.68744,4.47401],[97.68653,4.47494],[97.68622,4.47613],[97.68602,4.47821],[97.68567,4.47923],[97.68485,4.48039],[97.68334,4.48208],[97.6825,4.48366],[97.6807,4.48532],[97.67861,4.48894],[97.67783,4.48952],[97.67547,4.49065],[97.67489,4.49109],[97.67461,4.49186],[97.67463,4.49231],[97.67479,4.49274],[97.67563,4.49385],[97.67579,4.49436],[97.67574,4.49552],[97.67539,4.49636],[97.67459,4.49767],[97.67412,4.49811],[97.67355,4.49834],[97.67452,4.49977],[97.67565,4.50082],[97.67658,4.5019],[97.67731,4.50231],[97.67892,4.50246],[97.67933,4.5026],[97.67979,4.50307],[97.68051,4.50431],[97.68133,4.50502],[97.68182,4.50526],[97.68284,4.50537],[97.68416,4.50522],[97.68608,4.50465],[97.68685,4.50468],[97.68717,4.50482],[97.6874,4.50501],[97.6877,4.50561],[97.68791,4.50807],[97.68814,4.50854],[97.68855,4.50903],[97.68985,4.51004],[97.6908,4.51136],[97.69229,4.5125],[97.69296,4.51326],[97.69301,4.51375],[97.69226,4.51499],[97.69211,4.51544],[97.69208,4.5179],[97.69258,4.5189],[97.69313,4.52118],[97.69341,4.52189],[97.69449,4.52286],[97.6952,4.52393],[97.69529,4.52531],[97.69501,4.52712],[97.69452,4.5285],[97.69347,4.53021],[97.69205,4.5318],[97.69063,4.53463],[97.68994,4.53552],[97.69036,4.53692],[97.69181,4.53927],[97.69282,4.54052],[97.69327,4.54063],[97.69396,4.54002],[97.69425,4.53991],[97.6964,4.54222],[97.6964,4.5425],[97.6958,4.5432],[97.69574,4.54347],[97.69632,4.5442],[97.69699,4.54545],[97.69685,4.54584],[97.69601,4.54695],[97.69601,4.54741],[97.69617,4.54761],[97.69864,4.54874],[97.70046,4.54865],[97.7016,4.54783],[97.70334,4.54891],[97.70522,4.55166],[97.70556,4.55202],[97.70605,4.55222],[97.70663,4.55326],[97.70835,4.5547],[97.70994,4.55705],[97.71157,4.55865],[97.71261,4.56052],[97.71353,4.56133],[97.71388,4.56206],[97.7138,4.56264],[97.7127,4.56399],[97.71123,4.56494],[97.71056,4.56584],[97.71036,4.56707],[97.71052,4.56801],[97.71159,4.56911],[97.7123,4.57084],[97.71262,4.57133],[97.71393,4.57182],[97.71499,4.57343],[97.71731,4.5743],[97.71886,4.57566],[97.71934,4.57631],[97.72067,4.57909],[97.72077,4.57945],[97.71983,4.58],[97.7191,4.58079],[97.7184,4.58269],[97.71792,4.58358],[97.71726,4.58416],[97.71586,4.58486],[97.7148,4.58571],[97.71431,4.58629],[97.714,4.58719],[97.71389,4.58889],[97.714,4.59058],[97.71427,4.59142],[97.71504,4.59268],[97.71584,4.5953],[97.71584,4.59611],[97.71538,4.59813],[97.71576,4.59948],[97.71593,4.60071],[97.71577,4.60222],[97.71553,4.60274],[97.71461,4.60361],[97.7137,4.60486],[97.71362,4.60735],[97.71334,4.60892],[97.71339,4.60921],[97.71363,4.60944],[97.71551,4.61034],[97.71693,4.61165],[97.71795,4.61194],[97.71998,4.6123],[97.72162,4.61238],[97.72313,4.61261],[97.72553,4.61215],[97.72687,4.6121],[97.72816,4.61231],[97.72869,4.61263],[97.72942,4.61366],[97.72992,4.6149],[97.73028,4.61851],[97.73051,4.61889],[97.73087,4.61914],[97.73214,4.61936],[97.73238,4.61952],[97.73254,4.61987],[97.73275,4.6211],[97.73301,4.6247],[97.73329,4.62513],[97.73372,4.62542],[97.73516,4.6258],[97.73549,4.62583],[97.73678,4.62528],[97.73892,4.62417],[97.74044,4.6232],[97.74188,4.62296],[97.74294,4.62308],[97.74482,4.62368],[97.74644,4.62382],[97.74773,4.62423],[97.74957,4.62412],[97.74992,4.62443],[97.75067,4.6258],[97.75222,4.62662],[97.75257,4.62659],[97.75308,4.62598],[97.75357,4.62582],[97.75621,4.62664],[97.75701,4.6267],[97.75773,4.62645],[97.75913,4.62514],[97.76062,4.62417],[97.76227,4.62256],[97.76358,4.62097],[97.76467,4.62057],[97.76764,4.61999],[97.7678,4.61986],[97.76792,4.61937],[97.76837,4.61897],[97.77179,4.61831],[97.7721,4.61813],[97.77268,4.6174],[97.7734,4.61712],[97.77553,4.6171],[97.77626,4.61727],[97.77743,4.61822],[97.77827,4.61834],[97.77913,4.61969],[97.77961,4.62004],[97.78026,4.62007],[97.7812,4.61971],[97.78174,4.61993],[97.78266,4.6207],[97.78456,4.62177],[97.78529,4.62256],[97.78541,4.62485],[97.78589,4.62703],[97.78597,4.6284],[97.78664,4.63053],[97.78718,4.6309],[97.78798,4.63091],[97.78896,4.63073],[97.78946,4.63087],[97.79058,4.6326],[97.79304,4.63416],[97.79338,4.63516],[97.79371,4.63789],[97.79543,4.64028],[97.79667,4.64085],[97.79695,4.64126],[97.79744,4.64306],[97.79698,4.64408],[97.79651,4.64444],[97.79481,4.64514],[97.79403,4.64564],[97.79299,4.64718],[97.79244,4.64838],[97.79146,4.64971],[97.79109,4.65],[97.78925,4.65084],[97.78744,4.65269],[97.78688,4.65306],[97.78702,4.65413],[97.78737,4.65508],[97.78809,4.65606],[97.7894,4.6575],[97.78943,4.65794],[97.78913,4.65862],[97.78911,4.65898],[97.79112,4.66186],[97.7914,4.66202],[97.79167,4.66196],[97.79417,4.65981],[97.7946,4.65965],[97.7964,4.66072],[97.79744,4.66205],[97.79868,4.66337],[97.79879,4.664],[97.79825,4.66593],[97.79701,4.66717],[97.79657,4.6681],[97.79641,4.66878],[97.79613,4.67175],[97.79632,4.67252],[97.79663,4.67285],[97.79795,4.6736],[97.79915,4.67406],[97.80031,4.67498],[97.80163,4.67513],[97.80352,4.67496],[97.80493,4.67461],[97.80601,4.67417],[97.80751,4.67329],[97.80869,4.6737],[97.8126,4.67286],[97.81316,4.67264],[97.81348,4.67231],[97.81424,4.67005],[97.81494,4.66921],[97.81556,4.66815],[97.81625,4.66751],[97.81703,4.66723],[97.81953,4.66678],[97.82063,4.66629],[97.8215,4.66721],[97.82224,4.66763],[97.82336,4.66788],[97.82434,4.66776],[97.82545,4.66736],[97.82733,4.66611],[97.82973,4.6652],[97.83148,4.66409],[97.83201,4.66409],[97.83361,4.66479],[97.8354,4.66465],[97.83665,4.66581],[97.8392,4.66613],[97.84049,4.66725],[97.84102,4.66806],[97.84112,4.66881],[97.84094,4.6698],[97.84107,4.67027],[97.84174,4.67117],[97.84264,4.67353],[97.84327,4.67443],[97.84396,4.67648],[97.84446,4.67739],[97.84469,4.67875],[97.84576,4.67987],[97.84603,4.68033],[97.84614,4.68128],[97.84606,4.68184],[97.84587,4.68232],[97.84505,4.68345],[97.8449,4.68401],[97.84499,4.68523],[97.8466,4.68813],[97.8473,4.68893],[97.8481,4.69044],[97.84868,4.69079],[97.8496,4.691],[97.85193,4.69126],[97.85344,4.6916],[97.85399,4.69195],[97.85637,4.69409],[97.8589,4.69489],[97.8601,4.69602],[97.86123,4.69633],[97.86421,4.69683],[97.86537,4.69677],[97.86618,4.69657],[97.86718,4.69769],[97.86906,4.69837],[97.86939,4.69826],[97.87068,4.69709],[97.87198,4.69644],[97.87252,4.69633],[97.87326,4.69648],[97.87631,4.69824],[97.87748,4.69845],[97.87887,4.69829],[97.88069,4.69727],[97.88237,4.69731],[97.88333,4.69671],[97.88397,4.6967],[97.88632,4.69772],[97.88776,4.69875],[97.88827,4.69947],[97.88862,4.70025],[97.88883,4.70361],[97.88867,4.70845],[97.88819,4.70983],[97.88932,4.71315],[97.89001,4.71423],[97.8902,4.7149],[97.88963,4.71648],[97.88953,4.71778],[97.90341,4.72115],[97.92157,4.72115],[97.93694,4.72185],[97.95667,4.72185]],[[97.72132,4.44782],[97.72128,4.44777],[97.72136,4.44777],[97.72132,4.44782]]]}},{"type":"Feature","properties":{"nama":"WS TEUNOM LAMBEUSO","sumber":"Teunom_Lambusoi"},"geometry":{"type":"Polygon","coordinates":[[[95.58307,4.61061],[95.58264,4.61057],[95.58218,4.61087],[95.58219,4.611],[95.58251,4.61113],[95.58297,4.61095],[95.58307,4.61061]]]}},{"type":"Feature","properties":{"nama":"WS TEUNOM LAMBEUSO","sumber":"Teunom_Lambusoi"},"geometry":{"type":"Polygon","coordinates":[[[95.56868,4.61033],[95.56836,4.61033],[95.56808,4.61086],[95.56809,4.61107],[95.56842,4.61126],[95.56879,4.61076],[95.56868,4.61033]]]}},{"type":"Feature","properties":{"nama":"WS TEUNOM LAMBEUSO","sumber":"Teunom_Lambusoi"},"geometry":{"type":"Polygon","coordinates":[[[95.58285,4.61206],[95.58241,4.61207],[95.58203,4.61226],[95.58197,4.61253],[95.58208,4.61282],[95.58238,4.61284],[95.5829,4.6126],[95.58298,4.61218],[95.58285,4.61206]]]}},{"type":"Feature","properties":{"nama":"WS TEUNOM LAMBEUSO","sumber":"Teunom_Lambusoi"},"geometry":{"type":"Polygon","coordinates":[[[95.58283,4.61355],[95.58267,4.61358],[95.58264,4.61375],[95.58294,4.61375],[95.58283,4.61355]]]}},{"type":"Feature","properties":{"nama":"WS TEUNOM LAMBEUSO","sumber":"Teunom_Lambusoi"},"geometry":{"type":"Polygon","coordinates":[[[95.5743,4.61411],[95.57408,4.61416],[95.57392,4.61447],[95.57395,4.61473],[95.57442,4.61438],[95.5743,4.61411]]]}},{"type":"Feature","properties":{"nama":"WS TEUNOM LAMBEUSO","sumber":"Teunom_Lambusoi"},"geometry":{"type":"Polygon","coordinates":[[[95.57262,4.61475],[95.57238,4.61477],[95.57241,4.61498],[95.57271,4.61491],[95.57262,4.61475]]]}},{"type":"Feature","properties":{"nama":"WS TEUNOM LAMBEUSO","sumber":"Teunom_Lambusoi"},"geometry":{"type":"Polygon","coordinates":[[[95.57344,4.61497],[95.57321,4.61506],[95.57326,4.61531],[95.57345,4.6153],[95.57344,4.61497]]]}},{"type":"Feature","properties":{"nama":"WS TEUNOM LAMBEUSO","sumber":"Teunom_Lambusoi"},"geometry":{"type":"Polygon","coordinates":[[[95.57245,4.61531],[95.57226,4.61542],[95.57233,4.61579],[95.57247,4.61566],[95.57245,4.61531]]]}},{"type":"Feature","properties":{"nama":"WS TEUNOM LAMBEUSO","sumber":"Teunom_Lambusoi"},"geometry":{"type":"Polygon","coordinates":[[[95.57456,4.61468],[95.5743,4.61471],[95.574,4.61496],[95.57365,4.61596],[95.57342,4.61605],[95.57341,4.61641],[95.5738,4.61636],[95.57408,4.61578],[95.57479,4.61524],[95.57484,4.61511],[95.57456,4.61468]]]}},{"type":"Feature","properties":{"nama":"WS TEUNOM LAMBEUSO","sumber":"Teunom_Lambusoi"},"geometry":{"type":"Polygon","coordinates":[[[95.57624,4.61668],[95.576,4.61664],[95.57574,4.61693],[95.57573,4.61712],[95.57594,4.61713],[95.57625,4.61682],[95.57624,4.61668]]]}},{"type":"Feature","properties":{"nama":"WS TEUNOM LAMBEUSO","sumber":"Teunom_Lambusoi"},"geometry":{"type":"Polygon","coordinates":[[[95.5731,4.61776],[95.57283,4.61778],[95.57266,4.61798],[95.57319,4.61799],[95.5731,4.61776]]]}},{"type":"Feature","properties":{"nama":"WS TEUNOM LAMBEUSO","sumber":"Teunom_Lambusoi"},"geometry":{"type":"Polygon","coordinates":[[[95.57198,4.61914],[95.57169,4.61913],[95.57167,4.61926],[95.57187,4.6196],[95.57209,4.61965],[95.57222,4.61957],[95.57223,4.61934],[95.57198,4.61914]]]}},{"type":"Feature","properties":{"nama":"WS TEUNOM LAMBEUSO","sumber":"Teunom_Lambusoi"},"geometry":{"type":"Polygon","coordinates":[[[95.52895,4.63479],[95.52881,4.63416],[95.52844,4.63437],[95.52854,4.63472],[95.52874,4.63486],[95.52895,4.63479]]]}},{"type":"Feature","properties":{"nama":"WS TEUNOM LAMBEUSO","sumber":"Teunom_Lambusoi"},"geometry":{"type":"Polygon","coordinates":[[[95.5465,4.63617],[95.54586,4.63614],[95.54578,4.63644],[95.54612,4.63674],[95.54644,4.63676],[95.54659,4.63666],[95.54657,4.63639],[95.5465,4.63617]]]}},{"type":"Feature","properties":{"nama":"WS TEUNOM LAMBEUSO","sumber":"Teunom_Lambusoi"},"geometry":{"type":"Polygon","coordinates":[[[95.52102,4.63878],[95.52146,4.63874],[95.52171,4.63857],[95.52153,4.63774],[95.52159,4.6372],[95.52147,4.6364],[95.52122,4.63619],[95.52057,4.63619],[95.52023,4.63682],[95.51987,4.63698],[95.51929,4.63714],[95.51891,4.63704],[95.51876,4.63714],[95.51866,4.6375],[95.51828,4.63773],[95.51815,4.638],[95.51838,4.63812],[95.51855,4.63869],[95.51884,4.63881],[95.51939,4.63835],[95.52008,4.6388],[95.5205,4.63876],[95.5207,4.63899],[95.52102,4.63878]]]}},{"type":"Feature","properties":{"nama":"WS TEUNOM LAMBEUSO","sumber":"Teunom_Lambusoi"},"geometry":{"type":"Polygon","coordinates":[[[95.5184,4.63935],[95.51824,4.63887],[95.51784,4.63897],[95.51773,4.63931],[95.51815,4.63948],[95.5184,4.63935]]]}},{"type":"Feature","properties":{"nama":"WS TEUNOM LAMBEUSO","sumber":"Teunom_Lambusoi"},"geometry":{"type":"Polygon","coordinates":[[[95.56501,4.64035],[95.56445,4.64031],[95.56421,4.64059],[95.56426,4.64139],[95.56311,4.64259],[95.56327,4.64311],[95.56411,4.64426],[95.56455,4.64434],[95.56502,4.64414],[95.5653,4.64386],[95.56605,4.64286],[95.56621,4.64242],[95.56621,4.64142],[95.56581,4.64098],[95.56537,4.64078],[95.56501,4.64035]]]}},{"type":"Feature","properties":{"nama":"WS TEUNOM LAMBEUSO","sumber":"Teunom_Lambusoi"},"geometry":{"type":"Polygon","coordinates":[[[95.58321,4.64683],[95.58327,4.64648],[95.58313,4.64646],[95.58265,4.64669],[95.58297,4.64692],[95.58321,4.64683]]]}},{"type":"Feature","properties":{"nama":"WS TEUNOM LAMBEUSO","sumber":"Teunom_Lambusoi"},"geometry":{"type":"Polygon","coordinates":[[[95.55902,4.64756],[95.55882,4.64736],[95.55827,4.64724],[95.55807,4.64708],[95.55791,4.64624],[95.5581,4.6452],[95.55858,4.64464],[95.55901,4.64452],[95.55901,4.64408],[95.55925,4.64352],[95.55969,4.64352],[95.56,4.64284],[95.56008,4.64228],[95.55996,4.64164],[95.55964,4.64128],[95.55872,4.64117],[95.55856,4.64133],[95.55845,4.64185],[95.55813,4.64197],[95.55797,4.64189],[95.55785,4.64145],[95.55773,4.64145],[95.55733,4.64181],[95.55685,4.64177],[95.55642,4.64217],[95.55586,4.64309],[95.55567,4.64493],[95.55611,4.64605],[95.55587,4.64617],[95.55584,4.64661],[95.5562,4.64769],[95.55624,4.64817],[95.55644,4.64817],[95.55676,4.64781],[95.55755,4.64748],[95.55807,4.64756],[95.55843,4.64784],[95.55855,4.64832],[95.55875,4.64848],[95.55911,4.64836],[95.55902,4.64756]]]}},{"type":"Feature","properties":{"nama":"WS TEUNOM LAMBEUSO","sumber":"Teunom_Lambusoi"},"geometry":{"type":"Polygon","coordinates":[[[95.57311,4.65092],[95.5731,4.65039],[95.57287,4.65018],[95.57265,4.65015],[95.57215,4.65079],[95.57149,4.65085],[95.57136,4.65099],[95.57157,4.65122],[95.57188,4.65129],[95.57202,4.65157],[95.57235,4.65165],[95.57254,4.65158],[95.57311,4.65092]]]}},{"type":"Feature","properties":{"nama":"WS TEUNOM LAMBEUSO","sumber":"Teunom_Lambusoi"},"geometry":{"type":"Polygon","coordinates":[[[95.53299,4.66986],[95.53265,4.66983],[95.53243,4.67058],[95.53273,4.67057],[95.53306,4.67036],[95.53299,4.66986]]]}},{"type":"Feature","properties":{"nama":"WS TEUNOM LAMBEUSO","sumber":"Teunom_Lambusoi"},"geometry":{"type":"Polygon","coordinates":[[[95.53399,4.67397],[95.53348,4.67404],[95.53354,4.67474],[95.53374,4.6748],[95.53397,4.67459],[95.53399,4.67397]]]}},{"type":"Feature","properties":{"nama":"WS TEUNOM LAMBEUSO","sumber":"Teunom_Lambusoi"},"geometry":{"type":"Polygon","coordinates":[[[95.50734,4.68651],[95.5069,4.68609],[95.5067,4.68612],[95.50653,4.68626],[95.50624,4.68696],[95.50549,4.68739],[95.50543,4.68768],[95.50617,4.68838],[95.50683,4.68834],[95.50715,4.68818],[95.50728,4.68797],[95.50742,4.68677],[95.50734,4.68651]]]}},{"type":"Feature","properties":{"nama":"WS TEUNOM LAMBEUSO","sumber":"Teunom_Lambusoi"},"geometry":{"type":"Polygon","coordinates":[[[95.51104,4.68685],[95.5109,4.68642],[95.51047,4.68633],[95.50989,4.68678],[95.5089,4.68606],[95.50861,4.68627],[95.50839,4.68668],[95.50849,4.68698],[95.50904,4.68749],[95.50946,4.68828],[95.50992,4.68855],[95.51063,4.6883],[95.5115,4.68726],[95.5114,4.68692],[95.51104,4.68685]]]}},{"type":"Feature","properties":{"nama":"WS TEUNOM LAMBEUSO","sumber":"Teunom_Lambusoi"},"geometry":{"type":"Polygon","coordinates":[[[95.48595,4.72292],[95.48536,4.72256],[95.48459,4.72266],[95.48434,4.72281],[95.48435,4.72323],[95.48446,4.72336],[95.48514,4.72349],[95.48595,4.72324],[95.48595,4.72292]]]}},{"type":"Feature","properties":{"nama":"WS TEUNOM LAMBEUSO","sumber":"Teunom_Lambusoi"},"geometry":{"type":"Polygon","coordinates":[[[95.50422,4.72009],[95.50379,4.72009],[95.50358,4.72038],[95.50382,4.72107],[95.5037,4.72155],[95.5027,4.72238],[95.50222,4.72314],[95.50226,4.72347],[95.5027,4.72395],[95.50331,4.72429],[95.5036,4.72433],[95.50417,4.7241],[95.50434,4.72377],[95.50445,4.72315],[95.50431,4.722],[95.50462,4.72123],[95.50434,4.72064],[95.50438,4.72026],[95.50422,4.72009]]]}},{"type":"Feature","properties":{"nama":"WS TEUNOM LAMBEUSO","sumber":"Teunom_Lambusoi"},"geometry":{"type":"Polygon","coordinates":[[[95.48845,4.72133],[95.48809,4.72143],[95.48772,4.72185],[95.48769,4.72255],[95.48743,4.72338],[95.48748,4.7236],[95.48786,4.72385],[95.48816,4.72433],[95.48831,4.72438],[95.48884,4.72396],[95.4894,4.72283],[95.48912,4.72193],[95.48868,4.72141],[95.48845,4.72133]]]}},{"type":"Feature","properties":{"nama":"WS TEUNOM LAMBEUSO","sumber":"Teunom_Lambusoi"},"geometry":{"type":"Polygon","coordinates":[[[95.44567,4.77478],[95.4471,4.77439],[95.44795,4.77485],[95.44957,4.77527],[95.45014,4.77515],[95.45072,4.77461],[95.45111,4.77449],[95.45168,4.77407],[95.45187,4.7736],[95.45187,4.7731],[95.45121,4.77159],[95.45125,4.77128],[95.45232,4.76993],[95.4522,4.7695],[95.45028,4.76947],[95.44863,4.77068],[95.44555,4.77219],[95.44428,4.77328],[95.44401,4.77374],[95.44383,4.77483],[95.44402,4.77514],[95.4446,4.77525],[95.44567,4.77478]]]}},{"type":"Feature","properties":{"nama":"WS TEUNOM LAMBEUSO","sumber":"Teunom_Lambusoi"},"geometry":{"type":"Polygon","coordinates":[[[95.36453,4.87552],[95.36422,4.87553],[95.36364,4.87595],[95.36361,4.87636],[95.3634,4.87665],[95.36363,4.87698],[95.36396,4.8767],[95.36455,4.87647],[95.36463,4.87583],[95.36453,4.87552]]]}},{"type":"Feature","properties":{"nama":"WS TEUNOM LAMBEUSO","sumber":"Teunom_Lambusoi"},"geometry":{"type":"Polygon","coordinates":[[[95.37108,4.87778],[95.37205,4.87669],[95.3749,4.8769],[95.37565,4.87657],[95.37753,4.87667],[95.37886,4.87648],[95.37958,4.87616],[95.38124,4.87644],[95.38217,4.87644],[95.38278,4.87636],[95.38375,4.876],[95.38516,4.87639],[95.38649,4.87642],[95.38721,4.87628],[95.3884,4.87645],[95.38883,4.87634],[95.38898,4.87587],[95.38934,4.87569],[95.38973,4.87525],[95.39023,4.87254],[95.38997,4.87052],[95.38957,4.86937],[95.38928,4.8689],[95.38928,4.8685],[95.38891,4.86778],[95.38776,4.86663],[95.3871,4.86544],[95.38645,4.86461],[95.38642,4.86425],[95.38598,4.86412],[95.38516,4.86332],[95.38434,4.86229],[95.38337,4.86149],[95.38218,4.86008],[95.3819,4.85929],[95.38235,4.85872],[95.38196,4.85816],[95.38164,4.85841],[95.38139,4.85816],[95.38095,4.8582],[95.38099,4.85867],[95.38027,4.85889],[95.3802,4.85986],[95.38006,4.86019],[95.37956,4.86069],[95.37819,4.86157],[95.37765,4.86171],[95.37722,4.86168],[95.37639,4.86067],[95.3757,4.86049],[95.37434,4.86118],[95.37355,4.8622],[95.37319,4.86231],[95.37308,4.86209],[95.3724,4.86209],[95.37154,4.86329],[95.37136,4.86426],[95.37122,4.86444],[95.37133,4.86502],[95.36931,4.86637],[95.36906,4.86684],[95.36881,4.86788],[95.36846,4.86843],[95.36886,4.86929],[95.36879,4.8702],[95.36832,4.8707],[95.36664,4.87382],[95.36563,4.87415],[95.36549,4.87516],[95.36585,4.87552],[95.36686,4.87548],[95.36834,4.87634],[95.36917,4.87648],[95.36978,4.87728],[95.37043,4.8776],[95.37043,4.87778],[95.37065,4.87789],[95.37108,4.87778]]]}},{"type":"Feature","properties":{"nama":"WS TEUNOM LAMBEUSO","sumber":"Teunom_Lambusoi"},"geometry":{"type":"Polygon","coordinates":[[[95.30866,5.07171],[95.30866,5.0709],[95.30841,5.07058],[95.30769,5.07114],[95.30704,5.07122],[95.30648,5.07098],[95.30607,5.07042],[95.30559,5.0713],[95.30607,5.07195],[95.30672,5.07219],[95.30801,5.07203],[95.30866,5.07171]]]}},{"type":"Feature","properties":{"nama":"WS TEUNOM LAMBEUSO","sumber":"Teunom_Lambusoi"},"geometry":{"type":"Polygon","coordinates":[[[95.3093,5.07227],[95.30898,5.07203],[95.30873,5.07219],[95.30849,5.07276],[95.30898,5.07364],[95.30946,5.07389],[95.30946,5.073],[95.3093,5.07227]]]}},{"type":"Feature","properties":{"nama":"WS TEUNOM LAMBEUSO","sumber":"Teunom_Lambusoi"},"geometry":{"type":"Polygon","coordinates":[[[95.30341,5.07639],[95.30406,5.07574],[95.30446,5.07598],[95.30503,5.07582],[95.30519,5.07542],[95.30454,5.07445],[95.30389,5.07453],[95.30268,5.07574],[95.30293,5.07631],[95.30341,5.07639]]]}},{"type":"Feature","properties":{"nama":"WS TEUNOM LAMBEUSO","sumber":"Teunom_Lambusoi"},"geometry":{"type":"Polygon","coordinates":[[[95.3068,5.07397],[95.30639,5.0734],[95.30607,5.07437],[95.30639,5.07671],[95.30664,5.07671],[95.3068,5.07639],[95.30688,5.07526],[95.3068,5.07397]]]}},{"type":"Feature","properties":{"nama":"WS TEUNOM LAMBEUSO","sumber":"Teunom_Lambusoi"},"geometry":{"type":"Polygon","coordinates":[[[95.2904,5.12981],[95.29174,5.12837],[95.29329,5.12818],[95.29388,5.12769],[95.29423,5.12706],[95.29393,5.12637],[95.294,5.12583],[95.29381,5.12575],[95.29222,5.12626],[95.29186,5.1259],[95.29111,5.1257],[95.29068,5.12589],[95.29046,5.12583],[95.28968,5.126],[95.28921,5.12644],[95.28844,5.12661],[95.28844,5.12701],[95.28871,5.1272],[95.28873,5.12781],[95.28901,5.12803],[95.2891,5.12829],[95.28901,5.12883],[95.2886,5.12914],[95.28859,5.12941],[95.28893,5.12949],[95.28985,5.12896],[95.29012,5.12927],[95.29018,5.12973],[95.2904,5.12981]]]}},{"type":"Feature","properties":{"nama":"WS TEUNOM LAMBEUSO","sumber":"Teunom_Lambusoi"},"geometry":{"type":"Polygon","coordinates":[[[95.33818,5.28715],[95.34118,5.2871],[95.34346,5.28738],[95.34484,5.28729],[95.34572,5.28694],[95.34706,5.28611],[95.35008,5.28525],[95.35102,5.28475],[95.3518,5.28301],[95.35272,5.28159],[95.3528,5.28117],[95.35264,5.28015],[95.3527,5.2796],[95.35396,5.27861],[95.35493,5.27757],[95.35529,5.27651],[95.35542,5.27494],[95.3557,5.27437],[95.35668,5.2732],[95.3593,5.26941],[95.36035,5.26731],[95.36128,5.26611],[95.36205,5.26536],[95.36313,5.26246],[95.36424,5.2606],[95.36539,5.25725],[95.36672,5.25546],[95.36695,5.25497],[95.3678,5.2523],[95.36831,5.25156],[95.3696,5.25081],[95.36978,5.25045],[95.36996,5.24915],[95.37064,5.24786],[95.37113,5.2475],[95.37421,5.24628],[95.37537,5.24708],[95.3771,5.24792],[95.37827,5.24832],[95.37869,5.24758],[95.38021,5.24553],[95.38097,5.24307],[95.38149,5.24268],[95.38254,5.24248],[95.38285,5.24216],[95.3831,5.2408],[95.38288,5.23906],[95.38355,5.23693],[95.38396,5.23619],[95.38557,5.23436],[95.38639,5.23216],[95.387,5.23122],[95.38708,5.23055],[95.38757,5.22953],[95.38855,5.22844],[95.38938,5.22712],[95.39021,5.22619],[95.39146,5.22371],[95.39372,5.22084],[95.39476,5.22044],[95.39716,5.22003],[95.39771,5.22003],[95.3981,5.22024],[95.39841,5.22016],[95.39909,5.21891],[95.39941,5.2173],[95.39945,5.21595],[95.39903,5.21519],[95.39906,5.21472],[95.39941,5.21425],[95.40013,5.21369],[95.40081,5.2127],[95.40145,5.2124],[95.40354,5.21223],[95.40314,5.21289],[95.40301,5.21356],[95.40311,5.214],[95.40362,5.21473],[95.40628,5.21667],[95.40985,5.21847],[95.41281,5.22069],[95.41476,5.22153],[95.41748,5.22332],[95.41825,5.22406],[95.41847,5.22499],[95.41907,5.22555],[95.42156,5.22566],[95.42282,5.22557],[95.42354,5.22534],[95.42508,5.22451],[95.42612,5.2241],[95.42725,5.22387],[95.42855,5.22381],[95.42943,5.22397],[95.43078,5.22477],[95.43508,5.22562],[95.4355,5.22551],[95.43631,5.22466],[95.43782,5.22354],[95.43921,5.22285],[95.4435,5.22196],[95.44488,5.22118],[95.44839,5.21998],[95.45162,5.22002],[95.45377,5.2191],[95.45512,5.21826],[95.45604,5.21721],[95.45731,5.2161],[95.45993,5.21433],[95.46056,5.21324],[95.46136,5.21087],[95.4618,5.21039],[95.46213,5.21028],[95.46291,5.2107],[95.46399,5.21153],[95.46608,5.2125],[95.4673,5.21285],[95.46975,5.21313],[95.47075,5.21313],[95.47335,5.21239],[95.47941,5.21156],[95.48146,5.21177],[95.48324,5.21164],[95.48443,5.21206],[95.48681,5.21264],[95.48881,5.21378],[95.49022,5.21569],[95.49254,5.21751],[95.49369,5.21889],[95.49493,5.21986],[95.4969,5.22181],[95.49825,5.22264],[95.49865,5.22312],[95.49884,5.22361],[95.50072,5.22352],[95.50216,5.22315],[95.50324,5.22223],[95.50441,5.22167],[95.50539,5.22083],[95.5067,5.22],[95.50743,5.21927],[95.50821,5.21821],[95.50918,5.21772],[95.51067,5.21751],[95.51535,5.21835],[95.51724,5.21829],[95.51795,5.21795],[95.51881,5.21715],[95.51954,5.21674],[95.52277,5.21604],[95.52477,5.21424],[95.52677,5.21326],[95.52734,5.21344],[95.52884,5.21528],[95.53234,5.21504],[95.53809,5.21339],[95.53875,5.21288],[95.5398,5.21132],[95.54159,5.21016],[95.54321,5.20755],[95.54453,5.20638],[95.54494,5.20583],[95.54846,5.20615],[95.54912,5.20647],[95.5507,5.20805],[95.55147,5.2084],[95.5527,5.20861],[95.55295,5.20832],[95.55424,5.2075],[95.55569,5.20586],[95.55653,5.20576],[95.55706,5.20601],[95.55829,5.20736],[95.55946,5.20815],[95.56083,5.21087],[95.56147,5.21136],[95.56265,5.21174],[95.564,5.21165],[95.56623,5.21042],[95.56812,5.20993],[95.56907,5.20993],[95.5704,5.21035],[95.57125,5.21048],[95.57231,5.21132],[95.57285,5.21143],[95.5744,5.21056],[95.57571,5.21014],[95.57666,5.20992],[95.57938,5.20972],[95.57969,5.20917],[95.58011,5.20878],[95.58164,5.20819],[95.58394,5.20708],[95.58493,5.20619],[95.58549,5.20496],[95.58632,5.20208],[95.58696,5.20103],[95.58721,5.19828],[95.58745,5.19725],[95.58779,5.19681],[95.59014,5.19502],[95.59078,5.19488],[95.59322,5.19479],[95.5947,5.19412],[95.59669,5.19397],[95.59754,5.19378],[95.59869,5.19443],[95.59914,5.19455],[95.60302,5.19375],[95.60678,5.19264],[95.60782,5.19194],[95.60872,5.19111],[95.60947,5.19069],[95.61386,5.18917],[95.61604,5.18861],[95.61658,5.1875],[95.6169,5.18586],[95.61757,5.1848],[95.61865,5.18361],[95.62057,5.18082],[95.62079,5.17972],[95.62188,5.17779],[95.62214,5.17707],[95.62223,5.17566],[95.62149,5.17199],[95.622,5.16909],[95.62201,5.16791],[95.62177,5.16615],[95.62202,5.16504],[95.62467,5.16236],[95.62687,5.16055],[95.62956,5.15972],[95.63105,5.15861],[95.6329,5.15764],[95.63384,5.15694],[95.63675,5.15585],[95.63792,5.15576],[95.63879,5.15597],[95.63966,5.15639],[95.64038,5.15529],[95.64282,5.15324],[95.64306,5.15267],[95.64329,5.14995],[95.64396,5.14713],[95.64424,5.14644],[95.64493,5.14556],[95.6441,5.1448],[95.64271,5.14198],[95.64237,5.14153],[95.64161,5.14111],[95.63943,5.14042],[95.63835,5.13986],[95.63785,5.13937],[95.6368,5.1377],[95.63577,5.13677],[95.63412,5.1337],[95.63381,5.13109],[95.6323,5.12869],[95.6316,5.12805],[95.63233,5.12635],[95.63291,5.12548],[95.63375,5.12291],[95.63492,5.1218],[95.63549,5.1208],[95.6366,5.11813],[95.63744,5.11513],[95.6378,5.11462],[95.63965,5.11335],[95.6415,5.11313],[95.6439,5.11186],[95.64445,5.11139],[95.64605,5.10944],[95.6465,5.10998],[95.64695,5.11011],[95.65031,5.10956],[95.65074,5.10944],[95.65166,5.10889],[95.65437,5.10819],[95.65531,5.10771],[95.65694,5.10785],[95.65736,5.1076],[95.65809,5.10684],[95.65872,5.1066],[95.66007,5.10669],[95.662,5.10729],[95.66282,5.10719],[95.66326,5.10685],[95.66359,5.1063],[95.66344,5.10386],[95.66359,5.10258],[95.66378,5.10216],[95.66405,5.10188],[95.66552,5.10097],[95.66745,5.09997],[95.66837,5.09906],[95.67001,5.09833],[95.67156,5.09722],[95.67225,5.09696],[95.67438,5.09667],[95.67468,5.09879],[95.67591,5.10108],[95.67733,5.10249],[95.67958,5.104],[95.6816,5.1035],[95.68255,5.10375],[95.68328,5.10424],[95.68363,5.10424],[95.68627,5.10319],[95.68808,5.10153],[95.6916,5.10058],[95.69329,5.1005],[95.69549,5.10092],[95.69774,5.10055],[95.69799,5.10028],[95.69792,5.09851],[95.69763,5.09638],[95.6971,5.09455],[95.69726,5.09412],[95.69812,5.09368],[95.70031,5.09309],[95.70122,5.0926],[95.70182,5.09178],[95.70236,5.09063],[95.70337,5.089],[95.70462,5.08771],[95.70518,5.08745],[95.70826,5.08676],[95.70947,5.0862],[95.71012,5.08563],[95.71108,5.0842],[95.7117,5.08356],[95.71433,5.08168],[95.71538,5.08062],[95.71674,5.07989],[95.71899,5.0784],[95.71978,5.07813],[95.72121,5.07789],[95.72467,5.07759],[95.72773,5.07662],[95.73109,5.07604],[95.73397,5.07521],[95.73654,5.07382],[95.73783,5.07332],[95.73893,5.07332],[95.73987,5.07369],[95.74091,5.07328],[95.74339,5.07298],[95.74531,5.0729],[95.74858,5.07305],[95.74896,5.07276],[95.75024,5.07124],[95.75128,5.07076],[95.7539,5.07],[95.75529,5.06897],[95.7568,5.0674],[95.75771,5.06715],[95.76074,5.06693],[95.76262,5.06597],[95.76327,5.06539],[95.76492,5.0632],[95.76676,5.06208],[95.76716,5.06139],[95.76966,5.06133],[95.77217,5.06204],[95.77676,5.06212],[95.77794,5.06238],[95.77827,5.06279],[95.77916,5.06504],[95.77907,5.06618],[95.77829,5.06771],[95.77818,5.06821],[95.77892,5.07194],[95.77931,5.07289],[95.77972,5.07342],[95.78078,5.07417],[95.78326,5.07514],[95.78544,5.07582],[95.78848,5.07648],[95.7916,5.07792],[95.79458,5.07889],[95.798,5.08045],[95.80115,5.08152],[95.80202,5.08222],[95.80529,5.08566],[95.80623,5.08624],[95.80736,5.08648],[95.80805,5.08636],[95.80874,5.08597],[95.81285,5.08292],[95.81442,5.08233],[95.81561,5.08215],[95.81648,5.08225],[95.81701,5.0825],[95.81911,5.08414],[95.8198,5.08426],[95.82147,5.08411],[95.82395,5.08508],[95.82459,5.08569],[95.82526,5.08676],[95.82687,5.08774],[95.82823,5.08984],[95.82828,5.0903],[95.8279,5.09264],[95.82776,5.09652],[95.82714,5.09902],[95.8271,5.10001],[95.82744,5.10092],[95.82855,5.10212],[95.82992,5.10395],[95.83021,5.10417],[95.83314,5.10347],[95.83385,5.10319],[95.83465,5.10264],[95.83563,5.10164],[95.83632,5.10023],[95.83688,5.09972],[95.83744,5.09889],[95.83827,5.09594],[95.83889,5.09431],[95.83952,5.09309],[95.84003,5.09259],[95.84089,5.09224],[95.84384,5.09166],[95.84458,5.09125],[95.84548,5.09028],[95.84622,5.08981],[95.84759,5.08937],[95.85008,5.0891],[95.85338,5.08716],[95.85549,5.08705],[95.85695,5.08648],[95.85859,5.08624],[95.86035,5.08629],[95.86217,5.08677],[95.86389,5.08656],[95.86513,5.08669],[95.86584,5.08698],[95.86694,5.08831],[95.86896,5.08962],[95.86997,5.09143],[95.8702,5.09162],[95.87134,5.09174],[95.87463,5.09105],[95.87506,5.09038],[95.87545,5.0882],[95.87587,5.0878],[95.87692,5.08752],[95.87741,5.08708],[95.87827,5.08573],[95.87938,5.08449],[95.88036,5.0821],[95.88082,5.08143],[95.88175,5.08057],[95.88326,5.07869],[95.88374,5.07827],[95.88528,5.0775],[95.88563,5.0772],[95.88632,5.07603],[95.88723,5.07489],[95.88835,5.07403],[95.89067,5.07264],[95.89168,5.07181],[95.89196,5.07099],[95.8923,5.06881],[95.89271,5.0679],[95.89327,5.06613],[95.8941,5.06498],[95.8948,5.0631],[95.89628,5.06147],[95.89748,5.06083],[95.89835,5.06021],[95.8991,5.0603],[95.90196,5.06167],[95.90357,5.06218],[95.90402,5.06245],[95.90494,5.06338],[95.90723,5.06423],[95.9083,5.06501],[95.91067,5.06417],[95.91255,5.06314],[95.9149,5.06248],[95.91644,5.06181],[95.91868,5.06],[95.9199,5.05882],[95.92021,5.05833],[95.92193,5.05798],[95.92281,5.05798],[95.92436,5.05875],[95.92618,5.06028],[95.92745,5.06177],[95.92862,5.06256],[95.92896,5.06331],[95.92955,5.06544],[95.92994,5.06617],[95.93056,5.06694],[95.93142,5.06764],[95.93324,5.06847],[95.93493,5.07014],[95.93535,5.07038],[95.93655,5.06986],[95.93924,5.06917],[95.94249,5.06736],[95.94553,5.06647],[95.94836,5.06595],[95.95046,5.06511],[95.95101,5.06472],[95.95218,5.06347],[95.95374,5.06264],[95.95473,5.06189],[95.95533,5.06097],[95.95591,5.0597],[95.95641,5.05906],[95.95767,5.05833],[95.95954,5.05764],[95.96088,5.05665],[95.9618,5.05573],[95.96216,5.05555],[95.96287,5.05548],[95.96425,5.05567],[95.96784,5.0556],[95.96989,5.05474],[95.97404,5.05452],[95.97534,5.0543],[95.976,5.05403],[95.97684,5.05333],[95.97793,5.05298],[95.9788,5.05298],[95.97999,5.05347],[95.9806,5.05392],[95.98153,5.05532],[95.98208,5.05583],[95.98789,5.05847],[95.99001,5.06035],[95.9906,5.06043],[95.99144,5.06082],[95.99204,5.06094],[95.99966,5.06139],[96.00332,5.05921],[96.00446,5.0575],[96.00761,5.05472],[96.00966,5.05313],[96.01202,5.05167],[96.01313,5.05083],[96.01507,5.04879],[96.01605,5.04662],[96.0165,5.04517],[96.01701,5.04442],[96.01788,5.04397],[96.01972,5.04334],[96.0231,5.04289],[96.02526,5.04224],[96.0292,5.04193],[96.03051,5.04146],[96.03097,5.04085],[96.03245,5.03687],[96.03288,5.03653],[96.03422,5.03594],[96.03549,5.03486],[96.0369,5.0332],[96.0384,5.03219],[96.03924,5.03058],[96.04049,5.02931],[96.04273,5.02736],[96.04337,5.02703],[96.04495,5.02698],[96.04667,5.02724],[96.04779,5.02778],[96.04957,5.02833],[96.05049,5.02889],[96.05495,5.02876],[96.05611,5.02858],[96.05765,5.02754],[96.05954,5.02681],[96.06082,5.0261],[96.06137,5.02558],[96.06229,5.02394],[96.06307,5.02306],[96.06369,5.02251],[96.06565,5.02121],[96.06891,5.02],[96.07093,5.01903],[96.07132,5.01861],[96.07314,5.01944],[96.07709,5.02032],[96.08118,5.02037],[96.08252,5.02056],[96.08395,5.02128],[96.08489,5.02233],[96.08618,5.02333],[96.08789,5.02508],[96.08888,5.0258],[96.08994,5.02622],[96.09215,5.02677],[96.09484,5.02613],[96.0962,5.02604],[96.09659,5.02628],[96.09743,5.02742],[96.09771,5.02833],[96.09961,5.02891],[96.10109,5.02855],[96.10235,5.0284],[96.10382,5.02771],[96.1055,5.02755],[96.10631,5.02736],[96.10704,5.02702],[96.10757,5.02657],[96.1079,5.02608],[96.10841,5.02503],[96.10921,5.02379],[96.10975,5.02335],[96.1104,5.02303],[96.11094,5.023],[96.11131,5.02321],[96.11174,5.02381],[96.11221,5.02485],[96.11284,5.0253],[96.11656,5.02572],[96.11867,5.02624],[96.12036,5.02648],[96.12089,5.02636],[96.12265,5.025],[96.12421,5.02416],[96.12493,5.02353],[96.12567,5.02259],[96.12616,5.02224],[96.12776,5.02153],[96.1286,5.02129],[96.13132,5.02111],[96.13186,5.0202],[96.13192,5.01859],[96.1316,5.01783],[96.13077,5.01679],[96.13021,5.01556],[96.1318,5.01417],[96.13338,5.01319],[96.13526,5.01249],[96.13659,5.0114],[96.14074,5.00986],[96.14171,5.00914],[96.14258,5.00794],[96.14304,5.00762],[96.14549,5.00694],[96.1466,5.0056],[96.14744,5.00399],[96.14798,5.00362],[96.14967,5.00306],[96.15041,5.00264],[96.15356,4.99958],[96.15463,4.99885],[96.15504,4.9983],[96.15549,4.99707],[96.156,4.99625],[96.15743,4.99514],[96.15908,4.99421],[96.15986,4.99301],[96.16063,4.99214],[96.16119,4.9912],[96.16168,4.9907],[96.16278,4.99001],[96.16548,4.98956],[96.16629,4.9893],[96.17239,4.98604],[96.17301,4.98604],[96.1738,4.98625],[96.17515,4.98708],[96.17646,4.98748],[96.17806,4.98744],[96.17861,4.98728],[96.1792,4.98688],[96.18014,4.98566],[96.18077,4.98451],[96.18174,4.9809],[96.18313,4.97942],[96.1834,4.97889],[96.18364,4.97731],[96.18324,4.9757],[96.1833,4.9752],[96.18403,4.97452],[96.18519,4.97303],[96.18594,4.97253],[96.18742,4.97194],[96.18798,4.97151],[96.1891,4.96987],[96.18979,4.96912],[96.19019,4.96799],[96.19037,4.96525],[96.19058,4.96462],[96.19097,4.96409],[96.19307,4.96208],[96.19485,4.96104],[96.19616,4.96064],[96.19947,4.95998],[96.2005,4.95961],[96.20177,4.9589],[96.20562,4.95822],[96.20868,4.95786],[96.21011,4.9575],[96.21125,4.95667],[96.2132,4.95562],[96.21362,4.95522],[96.21382,4.95472],[96.21495,4.95424],[96.21656,4.95271],[96.21749,4.9523],[96.21839,4.95213],[96.21937,4.9523],[96.22014,4.95285],[96.22149,4.95437],[96.22207,4.95456],[96.22333,4.95452],[96.22373,4.95426],[96.2247,4.95316],[96.22566,4.95241],[96.22669,4.95092],[96.22785,4.95006],[96.22924,4.9484],[96.23047,4.94801],[96.23271,4.94778],[96.23299,4.94761],[96.23451,4.94528],[96.23485,4.94495],[96.23641,4.94415],[96.23683,4.94379],[96.23799,4.94117],[96.23882,4.94001],[96.23938,4.9386],[96.24001,4.93778],[96.23958,4.93591],[96.23968,4.93473],[96.24132,4.93068],[96.24188,4.92974],[96.24327,4.92637],[96.24442,4.92466],[96.24445,4.92405],[96.24396,4.92302],[96.24344,4.92122],[96.24382,4.92006],[96.24496,4.9186],[96.24815,4.91514],[96.24948,4.91408],[96.24973,4.91359],[96.24995,4.91215],[96.25199,4.90931],[96.25268,4.90878],[96.25483,4.90801],[96.25987,4.90799],[96.26021,4.90829],[96.26105,4.90977],[96.26313,4.91167],[96.26377,4.91208],[96.26547,4.91285],[96.26627,4.91285],[96.26857,4.9125],[96.27176,4.91181],[96.27488,4.91066],[96.27591,4.90913],[96.27665,4.9076],[96.27706,4.90724],[96.27892,4.90638],[96.2795,4.90591],[96.27992,4.90522],[96.28035,4.90407],[96.28104,4.90304],[96.28149,4.90096],[96.28216,4.89944],[96.28273,4.89916],[96.2837,4.89814],[96.28471,4.89807],[96.28534,4.89836],[96.28598,4.89898],[96.28667,4.89991],[96.28792,4.90122],[96.28855,4.90239],[96.28847,4.90273],[96.28774,4.90368],[96.28764,4.90463],[96.28791,4.90527],[96.28875,4.9063],[96.28895,4.90723],[96.28907,4.91031],[96.28945,4.91126],[96.29001,4.91186],[96.2903,4.91205],[96.29157,4.91232],[96.29324,4.91318],[96.29545,4.91395],[96.29637,4.91447],[96.29698,4.91453],[96.29833,4.91408],[96.29864,4.91414],[96.30083,4.91605],[96.30497,4.91833],[96.30722,4.92014],[96.30809,4.92038],[96.31009,4.92048],[96.31125,4.92041],[96.31223,4.92019],[96.31296,4.91981],[96.31389,4.91874],[96.31439,4.91772],[96.31461,4.91587],[96.31548,4.91445],[96.31633,4.91097],[96.31688,4.91003],[96.31754,4.90959],[96.31823,4.90937],[96.31914,4.90937],[96.32007,4.90955],[96.3216,4.90917],[96.32147,4.90877],[96.32071,4.90757],[96.3202,4.9033],[96.3191,4.90199],[96.31785,4.89879],[96.31744,4.89802],[96.31605,4.896],[96.31501,4.89508],[96.31436,4.89409],[96.31216,4.89264],[96.31098,4.89131],[96.30952,4.89019],[96.30878,4.88918],[96.30875,4.88866],[96.31004,4.88403],[96.31038,4.87986],[96.31075,4.87857],[96.31088,4.87763],[96.31008,4.87218],[96.30958,4.86966],[96.3093,4.86468],[96.30909,4.86316],[96.30754,4.86091],[96.30653,4.85989],[96.30542,4.85918],[96.3048,4.85849],[96.30467,4.85858],[96.3044,4.85957],[96.30396,4.86016],[96.30304,4.86083],[96.30231,4.86108],[96.30108,4.8612],[96.29991,4.86108],[96.29606,4.85965],[96.29257,4.85908],[96.29152,4.85919],[96.28851,4.86],[96.28771,4.86038],[96.28662,4.86112],[96.2858,4.86146],[96.28331,4.86183],[96.28161,4.86176],[96.28059,4.86152],[96.27922,4.86097],[96.2778,4.85986],[96.27632,4.85944],[96.27614,4.85856],[96.2759,4.85809],[96.27493,4.85705],[96.2741,4.85589],[96.27385,4.85527],[96.27375,4.85434],[96.27393,4.8534],[96.27427,4.85249],[96.27446,4.85135],[96.27435,4.85014],[96.27402,4.84851],[96.27402,4.84661],[96.27438,4.84571],[96.27573,4.84427],[96.27569,4.84396],[96.2744,4.84377],[96.27129,4.84376],[96.27,4.84343],[96.2692,4.84251],[96.26828,4.84181],[96.2666,4.84017],[96.26485,4.83795],[96.26333,4.83667],[96.26154,4.83583],[96.26039,4.835],[96.2597,4.8343],[96.25938,4.83361],[96.2618,4.83097],[96.26243,4.83002],[96.26299,4.8286],[96.26369,4.82778],[96.26415,4.8275],[96.266,4.82694],[96.26893,4.82563],[96.27069,4.82458],[96.2716,4.82374],[96.27186,4.82331],[96.272,4.8225],[96.27198,4.81914],[96.27213,4.81734],[96.27235,4.81678],[96.27268,4.81645],[96.27719,4.81474],[96.27977,4.81443],[96.28296,4.81347],[96.28459,4.81278],[96.28602,4.81181],[96.28797,4.81111],[96.29014,4.80917],[96.29381,4.8068],[96.29424,4.80623],[96.29563,4.80336],[96.29764,4.80167],[96.29926,4.80069],[96.30073,4.80017],[96.30115,4.8003],[96.30211,4.80109],[96.30274,4.80122],[96.30345,4.80109],[96.30612,4.79949],[96.30779,4.79764],[96.30861,4.79715],[96.30952,4.79692],[96.30992,4.79636],[96.31004,4.79586],[96.30959,4.79497],[96.30968,4.79449],[96.31077,4.79333],[96.31066,4.79321],[96.31079,4.793],[96.31132,4.79278],[96.31069,4.79158],[96.31059,4.79016],[96.31041,4.78936],[96.30736,4.78618],[96.30655,4.78563],[96.30477,4.78493],[96.30375,4.7847],[96.30261,4.78463],[96.30086,4.78481],[96.29987,4.78435],[96.29958,4.78388],[96.29949,4.78159],[96.29918,4.78073],[96.29693,4.77907],[96.29431,4.77813],[96.29119,4.77743],[96.28938,4.77639],[96.28844,4.77602],[96.28684,4.77487],[96.28628,4.77466],[96.28522,4.77475],[96.2839,4.77583],[96.28327,4.77672],[96.2825,4.77914],[96.28202,4.77968],[96.28098,4.78025],[96.27994,4.78039],[96.27643,4.7804],[96.27263,4.78011],[96.27169,4.77986],[96.27028,4.7789],[96.26938,4.77861],[96.26827,4.78066],[96.26705,4.78174],[96.26567,4.78346],[96.26299,4.7848],[96.26188,4.78556],[96.26064,4.78537],[96.25986,4.7851],[96.25784,4.78334],[96.25651,4.78236],[96.25377,4.7807],[96.25299,4.78047],[96.25104,4.78047],[96.24987,4.78081],[96.24894,4.78092],[96.24626,4.78077],[96.24537,4.78111],[96.24394,4.7825],[96.24346,4.78275],[96.2425,4.78287],[96.24141,4.78274],[96.24072,4.78242],[96.23938,4.78096],[96.23841,4.77894],[96.23791,4.77848],[96.23673,4.77824],[96.23466,4.77852],[96.23401,4.77811],[96.23243,4.77583],[96.23188,4.77445],[96.23077,4.77256],[96.22993,4.77061],[96.22952,4.76997],[96.22785,4.76861],[96.2257,4.76626],[96.22378,4.76487],[96.22276,4.76464],[96.22021,4.76502],[96.2159,4.76399],[96.21376,4.76375],[96.20514,4.76371],[96.20327,4.76332],[96.20115,4.76339],[96.19907,4.76269],[96.19701,4.76347],[96.19495,4.76403],[96.19057,4.76612],[96.18761,4.76719],[96.18639,4.76795],[96.18422,4.77],[96.18303,4.77036],[96.18045,4.77036],[96.17604,4.7693],[96.17529,4.76899],[96.17448,4.76807],[96.17345,4.76736],[96.17248,4.76711],[96.16929,4.76666],[96.16817,4.76615],[96.16783,4.76615],[96.16733,4.76647],[96.16562,4.76866],[96.16406,4.76956],[96.16313,4.77163],[96.16226,4.7725],[96.16168,4.77285],[96.15941,4.77285],[96.15847,4.77264],[96.15741,4.77215],[96.15663,4.77215],[96.15591,4.7725],[96.15409,4.7743],[96.15374,4.77452],[96.15327,4.77452],[96.15166,4.77382],[96.15066,4.77391],[96.14925,4.77458],[96.1471,4.77597],[96.14284,4.77688],[96.14067,4.77861],[96.13883,4.7793],[96.13755,4.77956],[96.13276,4.78016],[96.13134,4.7801],[96.12918,4.77962],[96.12833,4.77974],[96.12729,4.78011],[96.12579,4.77955],[96.12189,4.7775],[96.12052,4.77715],[96.11978,4.77715],[96.11862,4.77778],[96.11687,4.77841],[96.11572,4.77831],[96.11467,4.77764],[96.11326,4.77611],[96.11274,4.77665],[96.11247,4.77732],[96.11244,4.77813],[96.11273,4.77959],[96.11279,4.7807],[96.11263,4.78151],[96.1117,4.78403],[96.11093,4.78549],[96.10981,4.78601],[96.10882,4.7862],[96.10548,4.78639],[96.10392,4.78603],[96.10307,4.78542],[96.10146,4.78362],[96.10076,4.78305],[96.09982,4.7825],[96.09791,4.78181],[96.09688,4.78111],[96.09665,4.77958],[96.09546,4.77647],[96.0954,4.77542],[96.09578,4.7735],[96.09575,4.7726],[96.09375,4.76834],[96.09254,4.76688],[96.09217,4.76612],[96.09199,4.76482],[96.09196,4.76278],[96.09173,4.76114],[96.09178,4.76055],[96.09214,4.75966],[96.0942,4.75795],[96.09472,4.75722],[96.09514,4.75629],[96.09566,4.75382],[96.09588,4.7533],[96.09616,4.75295],[96.09811,4.7517],[96.09851,4.75111],[96.09861,4.75057],[96.09852,4.74914],[96.09789,4.74651],[96.09786,4.74464],[96.0982,4.74335],[96.09917,4.74173],[96.09941,4.74072],[96.09947,4.73966],[96.09835,4.73674],[96.09818,4.73535],[96.09949,4.73001],[96.09958,4.72765],[96.09997,4.72485],[96.09984,4.72236],[96.09991,4.72109],[96.1007,4.71876],[96.10164,4.71714],[96.10039,4.71465],[96.10013,4.71294],[96.09957,4.71058],[96.09963,4.70983],[96.10024,4.70828],[96.10024,4.70731],[96.09973,4.7056],[96.09903,4.70414],[96.09862,4.70253],[96.09834,4.70191],[96.0976,4.70118],[96.09642,4.7006],[96.0958,4.70013],[96.09511,4.69891],[96.09442,4.6966],[96.09389,4.69568],[96.09343,4.69541],[96.09144,4.69479],[96.08944,4.69327],[96.08702,4.69249],[96.08639,4.69195],[96.08596,4.69121],[96.08577,4.6904],[96.08608,4.68678],[96.08592,4.68581],[96.08554,4.68495],[96.08493,4.68432],[96.08417,4.68393],[96.08174,4.68326],[96.08027,4.68229],[96.07698,4.68065],[96.07635,4.67997],[96.07596,4.67791],[96.07551,4.67743],[96.07451,4.67674],[96.07171,4.67553],[96.0685,4.67531],[96.06678,4.6748],[96.06499,4.67463],[96.06365,4.67493],[96.06184,4.67614],[96.06126,4.67618],[96.06016,4.67585],[96.05948,4.67588],[96.05846,4.67687],[96.05655,4.6784],[96.0559,4.67866],[96.05466,4.67889],[96.0542,4.67831],[96.05327,4.67641],[96.05273,4.67585],[96.04988,4.67498],[96.04829,4.67533],[96.04595,4.67354],[96.04305,4.67247],[96.04103,4.67014],[96.03971,4.66917],[96.03849,4.66848],[96.03765,4.66831],[96.03629,4.66842],[96.03507,4.66876],[96.03418,4.66934],[96.03365,4.66952],[96.03306,4.66942],[96.03262,4.66917],[96.03159,4.66796],[96.03122,4.66772],[96.03069,4.66772],[96.02922,4.66839],[96.02871,4.66839],[96.02832,4.66811],[96.02822,4.66789],[96.02835,4.66664],[96.02816,4.66615],[96.02775,4.66573],[96.02654,4.66515],[96.02564,4.66491],[96.02496,4.66515],[96.0241,4.66598],[96.02341,4.66477],[96.02313,4.66447],[96.02281,4.66437],[96.02222,4.66473],[96.02028,4.66667],[96.01953,4.667],[96.01902,4.66693],[96.01791,4.66601],[96.01762,4.66552],[96.01733,4.66462],[96.01645,4.66393],[96.01598,4.66182],[96.0148,4.65971],[96.0144,4.65735],[96.01322,4.65564],[96.01188,4.65554],[96.01167,4.65507],[96.01112,4.65472],[96.00623,4.65301],[96.00396,4.65249],[96.00285,4.65196],[96.00246,4.65157],[96.00223,4.65111],[96.00219,4.6503],[96.00353,4.64847],[96.00364,4.64813],[96.00359,4.6479],[96.00271,4.64681],[96.00119,4.64573],[95.99938,4.64305],[96.00066,4.64147],[96.00174,4.64055],[96.00271,4.63931],[96.00424,4.63805],[96.00529,4.63667],[96.00529,4.63639],[96.0048,4.63559],[96.00458,4.63481],[96.00453,4.63193],[96.00473,4.63112],[96.00539,4.63048],[96.00683,4.6298],[96.00893,4.62833],[96.01004,4.62723],[96.01018,4.62688],[96.00961,4.62647],[96.00861,4.62629],[96.00773,4.62641],[96.00659,4.62677],[96.00486,4.62641],[96.00339,4.62628],[96.00224,4.62641],[96.00113,4.6268],[95.99943,4.62705],[95.99873,4.62691],[95.99763,4.62576],[95.99708,4.62549],[95.99648,4.62548],[95.99569,4.62581],[95.99466,4.62586],[95.99408,4.62577],[95.99333,4.62541],[95.99257,4.62445],[95.99065,4.62284],[95.98868,4.62085],[95.98765,4.61827],[95.98691,4.61719],[95.98661,4.61601],[95.98641,4.61574],[95.98566,4.61545],[95.98469,4.61535],[95.98393,4.61486],[95.98261,4.61427],[95.98077,4.61201],[95.98049,4.61131],[95.97993,4.60894],[95.97927,4.60774],[95.9794,4.60687],[95.97992,4.60594],[95.98004,4.60542],[95.97958,4.6041],[95.97955,4.60134],[95.97938,4.59972],[95.97757,4.59937],[95.97589,4.59839],[95.97114,4.59674],[95.96999,4.59617],[95.96965,4.59581],[95.96958,4.59553],[95.9695,4.59349],[95.96917,4.59252],[95.96889,4.59242],[95.96827,4.59257],[95.96736,4.59215],[95.96653,4.59144],[95.96552,4.58994],[95.96336,4.58885],[95.96276,4.58824],[95.96281,4.58786],[95.96346,4.58638],[95.96367,4.58525],[95.96361,4.58379],[95.96299,4.58194],[95.96457,4.5807],[95.96662,4.58004],[95.96799,4.57887],[95.96843,4.57881],[95.96966,4.57923],[95.97019,4.57912],[95.97144,4.57827],[95.97293,4.57761],[95.97332,4.57733],[95.97385,4.57662],[95.97407,4.576],[95.97396,4.57563],[95.97255,4.57465],[95.97008,4.57354],[95.96947,4.57299],[95.96931,4.57257],[95.97001,4.57174],[95.97128,4.57084],[95.97277,4.56925],[95.9732,4.56909],[95.97375,4.56924],[95.97403,4.56906],[95.9744,4.56847],[95.9745,4.56784],[95.97442,4.56594],[95.97395,4.56466],[95.97356,4.56247],[95.97325,4.56184],[95.97128,4.56007],[95.9705,4.55916],[95.96987,4.55883],[95.96795,4.55826],[95.9667,4.55743],[95.96584,4.55655],[95.96501,4.55504],[95.9643,4.55084],[95.96501,4.5463],[95.96485,4.54593],[95.96381,4.54469],[95.96372,4.544],[95.96382,4.54222],[95.95962,4.54183],[95.95746,4.54131],[95.95666,4.54137],[95.9556,4.54174],[95.95518,4.54168],[95.9542,4.54102],[95.95359,4.54026],[95.95226,4.53912],[95.95121,4.53782],[95.95022,4.53696],[95.94846,4.53597],[95.94634,4.53519],[95.94585,4.53479],[95.94486,4.53291],[95.94409,4.53074],[95.94447,4.52895],[95.94451,4.52739],[95.94447,4.5265],[95.94409,4.52533],[95.94403,4.52448],[95.94419,4.5236],[95.94499,4.52107],[95.9444,4.52031],[95.94408,4.51943],[95.94434,4.51708],[95.94394,4.51653],[95.94212,4.5159],[95.94142,4.51543],[95.94124,4.51483],[95.94116,4.51227],[95.94081,4.51109],[95.93865,4.50993],[95.93721,4.50858],[95.9367,4.5079],[95.93633,4.50674],[95.93613,4.50374],[95.93589,4.50322],[95.93537,4.50299],[95.93476,4.50304],[95.93227,4.50436],[95.93094,4.50456],[95.92999,4.50448],[95.92919,4.50407],[95.92791,4.50212],[95.92747,4.50171],[95.92705,4.50152],[95.9231,4.50087],[95.92241,4.50056],[95.92173,4.49999],[95.92085,4.49971],[95.91902,4.49971],[95.91717,4.50029],[95.91616,4.50029],[95.91572,4.50006],[95.91497,4.49916],[95.91441,4.49885],[95.90952,4.49754],[95.9075,4.49533],[95.90667,4.49224],[95.9057,4.49046],[95.905,4.48813],[95.90466,4.48775],[95.90375,4.48785],[95.90321,4.48742],[95.90163,4.48334],[95.90141,4.48308],[95.89948,4.48188],[95.89839,4.48166],[95.89698,4.48173],[95.89643,4.48156],[95.89622,4.48112],[95.89619,4.4803],[95.89647,4.4781],[95.89737,4.47648],[95.89808,4.47463],[95.89899,4.47358],[95.89917,4.47315],[95.89906,4.47],[95.89936,4.46779],[95.89964,4.46376],[95.89988,4.46329],[95.90122,4.46202],[95.90213,4.45995],[95.90235,4.45972],[95.90335,4.4592],[95.90371,4.45866],[95.90354,4.45809],[95.90292,4.45716],[95.90252,4.45568],[95.90264,4.45468],[95.90256,4.45405],[95.90168,4.45337],[95.89891,4.45335],[95.89591,4.45508],[95.89311,4.4556],[95.89153,4.4556],[95.88873,4.45455],[95.88646,4.45193],[95.88505,4.4465],[95.88488,4.44457],[95.88541,4.44334],[95.88593,4.44142],[95.88633,4.44114],[95.88643,4.44059],[95.88687,4.43985],[95.88806,4.43859],[95.88828,4.438],[95.88834,4.43717],[95.88714,4.43242],[95.88708,4.43146],[95.88723,4.43001],[95.8868,4.42885],[95.88695,4.42781],[95.88677,4.42734],[95.88588,4.42611],[95.88569,4.4254],[95.88759,4.42194],[95.88856,4.42053],[95.88878,4.41928],[95.88923,4.41808],[95.88956,4.41764],[95.89019,4.41716],[95.88953,4.41649],[95.88704,4.41522],[95.88556,4.41389],[95.88473,4.41354],[95.8842,4.41354],[95.88315,4.41396],[95.88162,4.41404],[95.88015,4.41427],[95.8793,4.41415],[95.87816,4.41378],[95.87785,4.41391],[95.87674,4.41498],[95.87646,4.41508],[95.87618,4.41474],[95.87547,4.41323],[95.87396,4.41221],[95.87295,4.41084],[95.87292,4.41036],[95.8731,4.4098],[95.87288,4.40881],[95.87307,4.40832],[95.87306,4.40788],[95.87177,4.40403],[95.87237,4.40282],[95.87244,4.40201],[95.87215,4.40121],[95.87115,4.39982],[95.86865,4.39893],[95.86804,4.39827],[95.86777,4.39746],[95.86741,4.39687],[95.86663,4.39641],[95.86557,4.39619],[95.86504,4.39587],[95.86466,4.39588],[95.86379,4.39665],[95.86267,4.39704],[95.86144,4.3971],[95.86088,4.39704],[95.86018,4.39677],[95.85961,4.39603],[95.85948,4.395],[95.85913,4.39434],[95.85687,4.39236],[95.85551,4.39169],[95.85457,4.39102],[95.85421,4.39053],[95.84668,4.39789],[95.84195,4.40213],[95.83745,4.40587],[95.83672,4.40611],[95.8358,4.4067],[95.8354,4.40764],[95.83284,4.40932],[95.8323,4.40979],[95.8317,4.4109],[95.83074,4.41186],[95.82979,4.41239],[95.82917,4.41342],[95.82773,4.41522],[95.82487,4.41771],[95.82337,4.41871],[95.82257,4.41966],[95.81795,4.4234],[95.81172,4.42814],[95.80271,4.43658],[95.8011,4.43773],[95.80078,4.43826],[95.80051,4.44053],[95.79994,4.44093],[95.79893,4.4412],[95.79804,4.44188],[95.79696,4.44375],[95.79562,4.44553],[95.79456,4.44751],[95.79398,4.44808],[95.7926,4.45023],[95.7915,4.45167],[95.79024,4.45433],[95.78454,4.46129],[95.7803,4.46603],[95.77457,4.47176],[95.76946,4.47749],[95.75761,4.48958],[95.74308,4.50399],[95.73897,4.50748],[95.72987,4.51583],[95.72177,4.52256],[95.71863,4.52607],[95.71803,4.52662],[95.71716,4.52701],[95.71588,4.52816],[95.71478,4.52959],[95.71439,4.52975],[95.71409,4.53014],[95.71303,4.53064],[95.71166,4.5321],[95.71114,4.53244],[95.71079,4.53248],[95.71065,4.53293],[95.70754,4.5354],[95.70194,4.54126],[95.69857,4.54375],[95.69683,4.54475],[95.69371,4.54786],[95.69009,4.5511],[95.68672,4.55372],[95.68473,4.55559],[95.68161,4.55808],[95.67849,4.56033],[95.67766,4.56159],[95.67663,4.56216],[95.67523,4.56349],[95.67476,4.56361],[95.674,4.56434],[95.67358,4.56494],[95.6729,4.56519],[95.67251,4.56571],[95.67135,4.5666],[95.66944,4.56796],[95.66893,4.56814],[95.66803,4.56923],[95.6655,4.57073],[95.66225,4.57224],[95.65889,4.57498],[95.65614,4.57747],[95.64716,4.5837],[95.64492,4.58557],[95.64293,4.58669],[95.64106,4.58819],[95.63682,4.59267],[95.63507,4.59405],[95.63357,4.59592],[95.62958,4.5994],[95.62721,4.6024],[95.62385,4.60626],[95.61841,4.61181],[95.61442,4.61517],[95.6128,4.61717],[95.61063,4.61838],[95.61007,4.61933],[95.60968,4.61947],[95.60902,4.62004],[95.60807,4.62053],[95.60797,4.62087],[95.60689,4.6211],[95.60671,4.62144],[95.6059,4.62176],[95.60586,4.62209],[95.6055,4.62249],[95.60478,4.62288],[95.60385,4.62306],[95.60232,4.62465],[95.59884,4.62586],[95.59724,4.6269],[95.59688,4.6269],[95.59664,4.62715],[95.59603,4.62719],[95.59599,4.62735],[95.59575,4.62745],[95.59525,4.62746],[95.59509,4.62764],[95.59468,4.6277],[95.59444,4.628],[95.59376,4.62821],[95.59329,4.62863],[95.59253,4.62884],[95.59108,4.62991],[95.58902,4.63106],[95.58841,4.63116],[95.58759,4.6315],[95.58448,4.6318],[95.5823,4.63149],[95.58065,4.6303],[95.58007,4.63008],[95.58006,4.62964],[95.57917,4.62876],[95.57891,4.62828],[95.57889,4.62794],[95.57907,4.62739],[95.58073,4.62598],[95.58147,4.62481],[95.58163,4.62386],[95.58092,4.62389],[95.58086,4.62338],[95.58042,4.62323],[95.57921,4.62331],[95.57812,4.62364],[95.57745,4.62364],[95.57711,4.62407],[95.57653,4.62421],[95.57611,4.62459],[95.57572,4.62529],[95.57441,4.6263],[95.57368,4.62663],[95.57353,4.62703],[95.57302,4.62758],[95.57222,4.62768],[95.57183,4.62736],[95.57131,4.62728],[95.57074,4.627],[95.57038,4.62699],[95.57007,4.6263],[95.56916,4.62591],[95.56769,4.62646],[95.56703,4.62926],[95.56675,4.62939],[95.56657,4.62967],[95.56651,4.63013],[95.56593,4.63046],[95.56583,4.63094],[95.56557,4.63132],[95.56541,4.63233],[95.56675,4.63296],[95.56851,4.63305],[95.56907,4.63278],[95.56925,4.63252],[95.56939,4.63184],[95.56983,4.63147],[95.57209,4.63142],[95.57335,4.63192],[95.57392,4.63258],[95.57458,4.63304],[95.57532,4.63424],[95.5757,4.63462],[95.57588,4.63478],[95.57627,4.63482],[95.57645,4.63504],[95.57643,4.63534],[95.5757,4.63586],[95.57481,4.63602],[95.57431,4.63598],[95.57344,4.63655],[95.57312,4.63691],[95.57284,4.6378],[95.57277,4.63877],[95.57228,4.63877],[95.57224,4.63945],[95.57287,4.63981],[95.57329,4.64076],[95.57347,4.6409],[95.5741,4.64094],[95.5746,4.64116],[95.57483,4.64112],[95.57523,4.64057],[95.57561,4.64049],[95.57593,4.64085],[95.5763,4.64093],[95.57624,4.64157],[95.57596,4.64166],[95.57602,4.64216],[95.57808,4.64195],[95.58007,4.64119],[95.58102,4.64115],[95.58144,4.64151],[95.58147,4.64185],[95.58237,4.6423],[95.58259,4.6426],[95.58372,4.64334],[95.58419,4.64432],[95.58448,4.64466],[95.58483,4.64616],[95.58485,4.64671],[95.5852,4.64726],[95.58537,4.64838],[95.5859,4.64943],[95.58553,4.65214],[95.58545,4.65238],[95.58516,4.65248],[95.58485,4.65443],[95.58438,4.65483],[95.58413,4.65556],[95.58381,4.65602],[95.58326,4.65639],[95.58326,4.65669],[95.5826,4.65687],[95.58252,4.65729],[95.58232,4.6575],[95.58155,4.65752],[95.58054,4.65812],[95.58032,4.65838],[95.57973,4.65859],[95.57846,4.65865],[95.57828,4.65879],[95.57669,4.65878],[95.57648,4.6584],[95.5759,4.65796],[95.5759,4.65871],[95.57447,4.65883],[95.57246,4.65865],[95.5719,4.65902],[95.5715,4.65958],[95.57122,4.66059],[95.57092,4.66079],[95.57048,4.66184],[95.56916,4.66353],[95.56687,4.66504],[95.56563,4.66569],[95.56512,4.66576],[95.56424,4.66614],[95.56198,4.66607],[95.56141,4.66587],[95.56002,4.66568],[95.55948,4.66523],[95.55871,4.66501],[95.55865,4.66451],[95.55847,4.66429],[95.55828,4.66431],[95.55821,4.66459],[95.55778,4.66442],[95.55713,4.66376],[95.55684,4.66235],[95.55722,4.6619],[95.55755,4.66172],[95.55803,4.66098],[95.55827,4.66039],[95.55824,4.66007],[95.55716,4.65952],[95.5556,4.6581],[95.55536,4.65746],[95.55541,4.65704],[95.55662,4.65554],[95.55671,4.65448],[95.55653,4.65426],[95.55401,4.65387],[95.55155,4.65377],[95.55014,4.65392],[95.54881,4.65447],[95.54823,4.65419],[95.54774,4.65419],[95.54688,4.65452],[95.54672,4.65428],[95.54601,4.65422],[95.54384,4.65526],[95.54259,4.65548],[95.54149,4.65546],[95.5413,4.65513],[95.5407,4.65501],[95.54046,4.65421],[95.54057,4.65357],[95.54029,4.65302],[95.53997,4.65278],[95.53974,4.65282],[95.5395,4.65334],[95.53986,4.6545],[95.54026,4.65513],[95.54028,4.65566],[95.53973,4.6567],[95.53961,4.65763],[95.53994,4.65879],[95.54017,4.65893],[95.54045,4.65963],[95.54132,4.66088],[95.54176,4.66237],[95.54168,4.66281],[95.5412,4.6635],[95.54117,4.66417],[95.5405,4.66496],[95.54041,4.6661],[95.54058,4.66649],[95.54126,4.66717],[95.54167,4.66778],[95.54184,4.66822],[95.54185,4.66925],[95.54117,4.67029],[95.54089,4.67044],[95.5406,4.67097],[95.54032,4.67127],[95.53987,4.67148],[95.5389,4.67152],[95.53742,4.67118],[95.53646,4.67054],[95.53623,4.67051],[95.53543,4.67087],[95.53455,4.67176],[95.53432,4.67226],[95.53474,4.67319],[95.53488,4.67462],[95.53394,4.67787],[95.53425,4.67887],[95.53424,4.67941],[95.53308,4.68402],[95.53187,4.68565],[95.53086,4.68658],[95.52845,4.68945],[95.52825,4.68994],[95.52769,4.69065],[95.52752,4.69124],[95.52616,4.69272],[95.52398,4.69493],[95.51941,4.69756],[95.51713,4.69985],[95.51632,4.70119],[95.51588,4.70154],[95.51565,4.70134],[95.5147,4.70121],[95.51356,4.70193],[95.5125,4.70347],[95.51244,4.70454],[95.51215,4.70481],[95.51148,4.7051],[95.51085,4.7051],[95.51012,4.70549],[95.50924,4.70559],[95.50903,4.70586],[95.50899,4.70646],[95.50849,4.70687],[95.50819,4.70698],[95.5073,4.70648],[95.50695,4.70661],[95.50672,4.70686],[95.5061,4.70872],[95.50564,4.70919],[95.50583,4.70995],[95.50661,4.71009],[95.50727,4.70993],[95.50744,4.70979],[95.50777,4.70857],[95.50795,4.70841],[95.50938,4.70822],[95.50991,4.70765],[95.51027,4.70749],[95.51099,4.70768],[95.51159,4.70865],[95.51191,4.70887],[95.51255,4.70901],[95.51306,4.70937],[95.51342,4.70981],[95.51358,4.71041],[95.51405,4.71078],[95.51433,4.71363],[95.51394,4.71463],[95.51426,4.71499],[95.51429,4.71529],[95.51403,4.71577],[95.51402,4.71705],[95.51348,4.7184],[95.5133,4.71957],[95.51264,4.72034],[95.50972,4.72297],[95.50951,4.72393],[95.50896,4.7247],[95.50765,4.72527],[95.50716,4.72598],[95.50683,4.72622],[95.50637,4.72753],[95.50553,4.72873],[95.50455,4.72971],[95.50384,4.73076],[95.50353,4.73092],[95.50122,4.73346],[95.50233,4.73319],[95.50257,4.73306],[95.50279,4.73292],[95.50302,4.73278],[95.50466,4.7319],[95.50518,4.73129],[95.50566,4.73039],[95.5059,4.73005],[95.50615,4.72985],[95.50636,4.72976],[95.50651,4.72973],[95.50656,4.72973],[95.5059,4.73005],[95.50566,4.73039],[95.50518,4.73129],[95.50493,4.73165],[95.50466,4.7319],[95.50438,4.73208],[95.50233,4.73319],[95.50203,4.73332],[95.50121,4.73346],[95.50054,4.73435],[95.49893,4.73601],[95.49685,4.7373],[95.49654,4.73833],[95.49551,4.73871],[95.49556,4.7391],[95.49595,4.73978],[95.4963,4.74011],[95.49674,4.74036],[95.49724,4.74034],[95.49762,4.74064],[95.49767,4.74108],[95.49809,4.74168],[95.4979,4.74295],[95.4972,4.74376],[95.4967,4.74527],[95.49388,4.74898],[95.49349,4.74931],[95.49295,4.75021],[95.48927,4.75425],[95.48806,4.7553],[95.48265,4.76076],[95.48102,4.76214],[95.47824,4.76509],[95.47431,4.76875],[95.47132,4.77101],[95.47075,4.77182],[95.46954,4.77254],[95.4689,4.7723],[95.46777,4.77286],[95.46728,4.77416],[95.46664,4.77488],[95.46559,4.77488],[95.46559,4.77585],[95.4647,4.77625],[95.46357,4.77641],[95.46333,4.7773],[95.46244,4.77738],[95.46074,4.77787],[95.45849,4.77948],[95.4576,4.78069],[95.45655,4.78045],[95.45607,4.78004],[95.45494,4.77996],[95.45453,4.78069],[95.45397,4.78109],[95.45397,4.78198],[95.45469,4.78271],[95.45485,4.78456],[95.45558,4.78545],[95.45526,4.78698],[95.4555,4.78819],[95.4551,4.7894],[95.45437,4.79029],[95.45413,4.79118],[95.45453,4.7919],[95.45461,4.79303],[95.45404,4.79408],[95.45388,4.79521],[95.45354,4.79542],[95.45298,4.79825],[95.44952,4.80347],[95.44854,4.80462],[95.44703,4.80595],[95.44653,4.80655],[95.4435,4.80829],[95.44282,4.8085],[95.44245,4.80836],[95.44156,4.80872],[95.44078,4.80862],[95.44056,4.80862],[95.44034,4.80881],[95.43965,4.80872],[95.43951,4.80809],[95.43916,4.80752],[95.43883,4.8073],[95.43745,4.8074],[95.43703,4.80765],[95.43626,4.80761],[95.4349,4.8082],[95.43458,4.8082],[95.43411,4.80752],[95.43344,4.80754],[95.43188,4.80829],[95.4305,4.8099],[95.42927,4.81058],[95.42884,4.81055],[95.42815,4.81013],[95.4281,4.8098],[95.42827,4.80962],[95.42823,4.80923],[95.42802,4.80895],[95.42769,4.80904],[95.42722,4.80972],[95.42746,4.81008],[95.42741,4.8106],[95.42785,4.81098],[95.42793,4.8114],[95.42744,4.81225],[95.42748,4.81246],[95.42789,4.81265],[95.42792,4.81282],[95.42742,4.8138],[95.42714,4.81392],[95.42709,4.81413],[95.4269,4.81422],[95.42668,4.81487],[95.42609,4.81526],[95.42556,4.81588],[95.42536,4.81648],[95.42442,4.81692],[95.42352,4.8179],[95.42026,4.81969],[95.41977,4.81973],[95.41949,4.81958],[95.4194,4.81932],[95.41957,4.81905],[95.41944,4.8187],[95.41903,4.81877],[95.4185,4.81929],[95.41599,4.81905],[95.4159,4.8196],[95.41621,4.81977],[95.41618,4.81994],[95.41588,4.82042],[95.41524,4.82073],[95.41405,4.82063],[95.41392,4.81913],[95.41376,4.8189],[95.41349,4.81887],[95.41282,4.81934],[95.41271,4.8198],[95.41295,4.82008],[95.41297,4.82044],[95.41251,4.82115],[95.41244,4.82188],[95.41258,4.82217],[95.41197,4.82339],[95.4124,4.8237],[95.41284,4.82433],[95.4132,4.82428],[95.41339,4.82411],[95.41383,4.82411],[95.41367,4.82466],[95.41373,4.825],[95.41408,4.82518],[95.41435,4.82511],[95.41444,4.82469],[95.41477,4.82451],[95.41497,4.82459],[95.41521,4.82448],[95.41536,4.82435],[95.41545,4.82382],[95.4162,4.82333],[95.41673,4.82323],[95.41735,4.82331],[95.42048,4.8258],[95.42079,4.82599],[95.4212,4.82599],[95.4215,4.82584],[95.42159,4.82564],[95.42186,4.82565],[95.42363,4.82714],[95.42398,4.82788],[95.4248,4.82893],[95.42556,4.8309],[95.42583,4.83208],[95.42611,4.83629],[95.42514,4.83898],[95.42391,4.84136],[95.42367,4.84281],[95.42226,4.84514],[95.42164,4.84604],[95.42075,4.84689],[95.41898,4.84934],[95.41866,4.84954],[95.41845,4.85011],[95.41783,4.85054],[95.41754,4.8511],[95.41623,4.85275],[95.41426,4.85485],[95.41355,4.85521],[95.41383,4.85582],[95.41355,4.85522],[95.41224,4.85611],[95.41171,4.85674],[95.41121,4.85766],[95.41032,4.85834],[95.41017,4.85891],[95.40975,4.85944],[95.40944,4.86025],[95.40899,4.86064],[95.40785,4.86224],[95.40757,4.86224],[95.40741,4.86295],[95.40707,4.86323],[95.40697,4.8635],[95.40622,4.86361],[95.40596,4.86377],[95.40497,4.86543],[95.40407,4.86637],[95.40348,4.86658],[95.40207,4.86773],[95.39989,4.86911],[95.39925,4.86987],[95.39852,4.87017],[95.39853,4.87086],[95.39789,4.87145],[95.39775,4.8722],[95.3972,4.87295],[95.39716,4.87375],[95.39638,4.87512],[95.39625,4.8772],[95.39569,4.87758],[95.39559,4.87791],[95.39567,4.87813],[95.39624,4.87827],[95.39641,4.87824],[95.39677,4.87784],[95.39707,4.87794],[95.39785,4.87926],[95.39852,4.88105],[95.39926,4.8846],[95.39938,4.88476],[95.39971,4.88789],[95.39979,4.89025],[95.4,4.89167],[95.4,4.89363],[95.4002,4.89364],[95.40104,4.89379],[95.4,4.89363],[95.40005,4.89488],[95.40025,4.89516],[95.40019,4.89537],[95.39981,4.89541],[95.39971,4.89576],[95.39913,4.89653],[95.39857,4.89787],[95.39818,4.89811],[95.39791,4.89785],[95.39774,4.89791],[95.39767,4.89821],[95.39779,4.89854],[95.39748,4.8997],[95.39653,4.901],[95.39553,4.90188],[95.39489,4.90266],[95.3945,4.90256],[95.39423,4.90206],[95.39383,4.90184],[95.3926,4.90251],[95.39258,4.90341],[95.39225,4.90389],[95.39231,4.9046],[95.39199,4.90519],[95.39219,4.9061],[95.39196,4.90663],[95.39206,4.90871],[95.39195,4.90898],[95.39137,4.90949],[95.39107,4.91027],[95.39018,4.91089],[95.38937,4.91242],[95.38937,4.91325],[95.3895,4.91362],[95.38931,4.91398],[95.38939,4.91566],[95.38884,4.91683],[95.38595,4.91926],[95.3845,4.91985],[95.38174,4.92],[95.3812,4.91982],[95.3804,4.91922],[95.38009,4.91916],[95.37952,4.91943],[95.37854,4.92057],[95.37833,4.9206],[95.37781,4.92017],[95.3773,4.92029],[95.37725,4.92068],[95.37747,4.92107],[95.37832,4.9212],[95.37852,4.92138],[95.37855,4.92223],[95.37834,4.92423],[95.37758,4.92603],[95.37704,4.92688],[95.37633,4.92755],[95.37629,4.92789],[95.37646,4.92855],[95.37636,4.92945],[95.37603,4.92967],[95.37537,4.92916],[95.37516,4.92916],[95.3749,4.92941],[95.3749,4.92974],[95.37513,4.93001],[95.37528,4.93049],[95.37468,4.93191],[95.3747,4.93303],[95.37456,4.93339],[95.37473,4.93397],[95.37508,4.93438],[95.3746,4.93536],[95.37491,4.9363],[95.37477,4.93656],[95.37265,4.93704],[95.37217,4.93757],[95.37184,4.93809],[95.37181,4.93913],[95.37202,4.94093],[95.37193,4.94195],[95.37097,4.94304],[95.36868,4.94511],[95.36823,4.94618],[95.36775,4.94669],[95.36743,4.9476],[95.36745,4.94812],[95.36783,4.94876],[95.36848,4.94925],[95.36891,4.9492],[95.36944,4.94881],[95.37008,4.94869],[95.37079,4.94885],[95.37255,4.94974],[95.37425,4.95168],[95.37491,4.95222],[95.37548,4.95303],[95.37592,4.95447],[95.37591,4.95659],[95.3761,4.95755],[95.37775,4.95865],[95.37862,4.9586],[95.37896,4.95811],[95.37907,4.9582],[95.37915,4.95856],[95.37905,4.95903],[95.3797,4.95958],[95.38079,4.96205],[95.381,4.96366],[95.38067,4.9647],[95.38074,4.96616],[95.38043,4.96692],[95.38053,4.96807],[95.37989,4.96961],[95.37997,4.9706],[95.37783,4.97269],[95.377,4.97321],[95.37559,4.9738],[95.37479,4.97364],[95.37423,4.97374],[95.37343,4.9744],[95.37355,4.97775],[95.37417,4.97865],[95.37438,4.97969],[95.37467,4.97983],[95.37478,4.98003],[95.37483,4.9815],[95.37458,4.98258],[95.37427,4.98285],[95.37391,4.98285],[95.37119,4.98522],[95.36932,4.98753],[95.3689,4.98759],[95.36825,4.9881],[95.36765,4.98922],[95.36751,4.98988],[95.36755,4.99081],[95.36741,4.99204],[95.36681,4.99421],[95.36654,4.99473],[95.36595,4.99496],[95.36571,4.99543],[95.36504,4.99556],[95.36469,4.99579],[95.36391,4.99658],[95.36386,4.99718],[95.36319,4.99726],[95.36227,4.99662],[95.3619,4.99662],[95.36136,4.99634],[95.36099,4.99642],[95.36077,4.99633],[95.35868,4.99753],[95.3579,4.99769],[95.35801,4.99881],[95.35818,4.99898],[95.3582,5.00142],[95.35787,5.00185],[95.35681,5.00251],[95.35629,5.00377],[95.3562,5.00432],[95.3563,5.00503],[95.35616,5.00535],[95.35611,5.00607],[95.35619,5.00643],[95.35681,5.00638],[95.35684,5.00676],[95.35662,5.0082],[95.35621,5.00882],[95.35613,5.00946],[95.3552,5.01082],[95.35493,5.01082],[95.35473,5.01108],[95.35485,5.01147],[95.3552,5.0119],[95.35482,5.01246],[95.35497,5.01282],[95.35509,5.01296],[95.35553,5.01278],[95.35567,5.01255],[95.35585,5.01264],[95.35655,5.01252],[95.35678,5.01257],[95.35705,5.0129],[95.35787,5.01275],[95.3586,5.01224],[95.35971,5.01177],[95.36018,5.01171],[95.36059,5.01203],[95.36126,5.01229],[95.36185,5.01279],[95.36223,5.01294],[95.36285,5.01288],[95.36323,5.01311],[95.36332,5.01396],[95.36388,5.01452],[95.36485,5.01616],[95.36591,5.01897],[95.36638,5.02381],[95.36613,5.02619],[95.36538,5.02934],[95.36467,5.03128],[95.36432,5.03163],[95.36412,5.03237],[95.36324,5.03372],[95.36307,5.0344],[95.36249,5.03516],[95.36009,5.03687],[95.35693,5.03803],[95.35644,5.03871],[95.35548,5.041],[95.35456,5.04233],[95.35424,5.04271],[95.35375,5.04289],[95.35313,5.044],[95.35241,5.04468],[95.34969,5.04672],[95.34832,5.04731],[95.34712,5.04802],[95.3456,5.04849],[95.34402,5.04923],[95.34332,5.04944],[95.34136,5.0496],[95.34014,5.05016],[95.33882,5.04946],[95.33718,5.04797],[95.33606,5.04773],[95.33536,5.0478],[95.33484,5.04836],[95.3337,5.04918],[95.33314,5.04986],[95.33306,5.05033],[95.33283,5.05265],[95.33292,5.054],[95.33205,5.05506],[95.33188,5.05571],[95.33138,5.05627],[95.3313,5.05732],[95.33083,5.05774],[95.33042,5.05888],[95.33037,5.05944],[95.32972,5.06015],[95.3296,5.06132],[95.32919,5.06176],[95.32822,5.06209],[95.32712,5.06371],[95.32712,5.064],[95.32759,5.0645],[95.32701,5.06556],[95.32575,5.0673],[95.32467,5.06815],[95.32301,5.06863],[95.32256,5.06757],[95.3223,5.06751],[95.32192,5.06772],[95.32122,5.06775],[95.32098,5.06799],[95.32119,5.06896],[95.32108,5.06919],[95.3209,5.06925],[95.32082,5.07022],[95.32177,5.07101],[95.32171,5.0713],[95.3218,5.07139],[95.32203,5.07127],[95.32221,5.07098],[95.32239,5.07113],[95.32236,5.07136],[95.3216,5.07224],[95.32157,5.07318],[95.32119,5.07386],[95.32023,5.07469],[95.31953,5.07486],[95.31915,5.07519],[95.31927,5.07569],[95.31915,5.07619],[95.3186,5.07698],[95.31831,5.07722],[95.31784,5.07728],[95.31635,5.07828],[95.31594,5.07831],[95.31497,5.0777],[95.31453,5.07758],[95.31313,5.07759],[95.31225,5.07815],[95.30962,5.07916],[95.30895,5.07989],[95.30836,5.08004],[95.30822,5.08048],[95.30842,5.08089],[95.30938,5.08154],[95.30984,5.08112],[95.31055,5.08133],[95.31081,5.08127],[95.3114,5.08153],[95.31172,5.08112],[95.31204,5.081],[95.31251,5.0812],[95.31429,5.0804],[95.31461,5.08046],[95.3152,5.08113],[95.31635,5.0838],[95.31704,5.08665],[95.31704,5.08776],[95.3169,5.08829],[95.31693,5.08862],[95.31722,5.08903],[95.31714,5.09079],[95.31691,5.09135],[95.31659,5.09141],[95.31646,5.09208],[95.31661,5.09311],[95.31597,5.09373],[95.3155,5.09449],[95.3148,5.09505],[95.31469,5.09611],[95.31495,5.09673],[95.31469,5.09705],[95.31317,5.0977],[95.31273,5.09773],[95.3125,5.09809],[95.31262,5.10011],[95.31201,5.10091],[95.31116,5.10167],[95.31054,5.10264],[95.31057,5.10311],[95.30899,5.10512],[95.30785,5.10615],[95.30736,5.10685],[95.30669,5.10736],[95.30651,5.10771],[95.30569,5.10809],[95.3045,5.1091],[95.30383,5.11195],[95.30406,5.11259],[95.30576,5.11326],[95.30587,5.11352],[95.30573,5.11402],[95.3043,5.11532],[95.30374,5.11553],[95.30161,5.11604],[95.30038,5.11613],[95.29929,5.11604],[95.29754,5.11526],[95.29648,5.1137],[95.29539,5.11277],[95.29515,5.11206],[95.29433,5.11145],[95.29319,5.1111],[95.2919,5.11034],[95.29026,5.11038],[95.29002,5.11017],[95.28995,5.10979],[95.28857,5.10868],[95.28646,5.10825],[95.28599,5.10828],[95.2854,5.10778],[95.28508,5.1077],[95.28455,5.10782],[95.28411,5.10832],[95.28385,5.10914],[95.28409,5.10958],[95.28473,5.1099],[95.28526,5.11046],[95.28538,5.11107],[95.28515,5.1114],[95.28512,5.11166],[95.28553,5.11227],[95.28553,5.11251],[95.28481,5.11419],[95.28449,5.11442],[95.28425,5.11454],[95.28337,5.11446],[95.28267,5.11384],[95.28235,5.11463],[95.283,5.1156],[95.28393,5.11563],[95.28476,5.11624],[95.28511,5.11677],[95.28517,5.11709],[95.28552,5.1175],[95.28593,5.11773],[95.2867,5.11899],[95.28714,5.11943],[95.28864,5.12034],[95.29064,5.12074],[95.29111,5.12068],[95.29164,5.12024],[95.29254,5.1198],[95.29547,5.11882],[95.29611,5.11843],[95.29725,5.11831],[95.29822,5.11851],[95.29919,5.11854],[95.29936,5.11872],[95.30021,5.11904],[95.30233,5.12067],[95.30292,5.12137],[95.30728,5.12682],[95.30911,5.1301],[95.30985,5.13092],[95.30973,5.13136],[95.30865,5.13131],[95.30759,5.13143],[95.3073,5.13161],[95.30701,5.13222],[95.30621,5.13334],[95.30551,5.13531],[95.30522,5.13573],[95.30452,5.13649],[95.30329,5.13655],[95.30277,5.13673],[95.30239,5.13729],[95.30218,5.138],[95.30251,5.13902],[95.3031,5.13937],[95.30354,5.13946],[95.30441,5.13896],[95.30497,5.1389],[95.30594,5.13913],[95.30626,5.13939],[95.30644,5.13974],[95.30659,5.14109],[95.30601,5.14195],[95.30598,5.14251],[95.30656,5.14459],[95.30744,5.14549],[95.30808,5.1457],[95.30826,5.1462],[95.30821,5.14675],[95.30768,5.14796],[95.30675,5.14955],[95.30752,5.15034],[95.30767,5.15131],[95.30793,5.15201],[95.30881,5.15286],[95.30872,5.15421],[95.30919,5.15535],[95.30901,5.15571],[95.30863,5.15603],[95.30843,5.15653],[95.30841,5.15829],[95.30862,5.15923],[95.30988,5.16108],[95.30986,5.16193],[95.30925,5.16316],[95.3078,5.16523],[95.30708,5.16661],[95.30676,5.1674],[95.30673,5.16781],[95.30693,5.16805],[95.30729,5.16766],[95.30743,5.16766],[95.30761,5.16799],[95.30761,5.1684],[95.30656,5.1699],[95.30618,5.17019],[95.30583,5.1714],[95.30505,5.17219],[95.304,5.17387],[95.30347,5.17425],[95.3006,5.17814],[95.2999,5.17938],[95.2992,5.17994],[95.29865,5.18059],[95.29812,5.18094],[95.29588,5.18371],[95.29559,5.18427],[95.29114,5.19007],[95.29081,5.19026],[95.28851,5.19291],[95.28603,5.19504],[95.28399,5.19655],[95.27893,5.19892],[95.27697,5.19931],[95.27586,5.19916],[95.27477,5.19932],[95.27407,5.19982],[95.27378,5.19985],[95.27331,5.19961],[95.27252,5.19853],[95.27087,5.19724],[95.27005,5.19707],[95.26973,5.19751],[95.26981,5.19831],[95.2696,5.19889],[95.26855,5.20001],[95.26759,5.20043],[95.26732,5.20084],[95.26724,5.20254],[95.26681,5.20328],[95.26651,5.20369],[95.26584,5.20419],[95.26537,5.20431],[95.265,5.20484],[95.26444,5.20505],[95.26427,5.20552],[95.26453,5.20622],[95.26459,5.20725],[95.2648,5.2079],[95.26295,5.2106],[95.26222,5.21105],[95.26202,5.21149],[95.26196,5.2129],[95.26147,5.21378],[95.26118,5.21402],[95.26048,5.21502],[95.25829,5.21717],[95.25756,5.21808],[95.25703,5.21852],[95.25674,5.21861],[95.25492,5.22062],[95.25407,5.22126],[95.25273,5.22165],[95.25261,5.22192],[95.25182,5.22198],[95.25047,5.22154],[95.25003,5.22122],[95.24974,5.22125],[95.24883,5.22178],[95.2481,5.22246],[95.24711,5.2227],[95.24549,5.2225],[95.24485,5.22265],[95.24447,5.22259],[95.24373,5.22218],[95.24364,5.22159],[95.24344,5.22154],[95.24321,5.22157],[95.24283,5.22213],[95.24236,5.22227],[95.24223,5.22269],[95.24267,5.22268],[95.2427,5.22298],[95.24243,5.22313],[95.24232,5.22348],[95.24238,5.22362],[95.24255,5.22365],[95.24264,5.22395],[95.24218,5.22436],[95.24218,5.22457],[95.24238,5.225],[95.24276,5.22533],[95.243,5.2253],[95.2432,5.22497],[95.2437,5.22518],[95.24467,5.22591],[95.24511,5.22605],[95.24713,5.2259],[95.24763,5.22619],[95.24854,5.2263],[95.24886,5.22624],[95.24924,5.22566],[95.25044,5.22536],[95.2507,5.22553],[95.25076,5.22606],[95.25188,5.22656],[95.25235,5.22705],[95.25303,5.22893],[95.25345,5.23084],[95.25345,5.23607],[95.25284,5.23848],[95.25116,5.24283],[95.24809,5.24862],[95.24661,5.25101],[95.24535,5.25207],[95.24445,5.25319],[95.24265,5.25466],[95.24016,5.25602],[95.23981,5.25637],[95.23943,5.25641],[95.23929,5.25614],[95.23896,5.25603],[95.238,5.25612],[95.23738,5.25588],[95.23692,5.25551],[95.23635,5.25676],[95.23578,5.25752],[95.23581,5.25808],[95.23633,5.25938],[95.23698,5.2601],[95.2375,5.26028],[95.23912,5.26035],[95.24515,5.26019],[95.24598,5.26036],[95.24729,5.26087],[95.24869,5.26098],[95.25051,5.26073],[95.25162,5.25995],[95.25315,5.26008],[95.25375,5.25992],[95.25493,5.25918],[95.25559,5.25815],[95.25612,5.25799],[95.25676,5.25812],[95.25715,5.25861],[95.25733,5.25961],[95.2576,5.26005],[95.26043,5.26159],[95.26078,5.26204],[95.25974,5.26373],[95.25958,5.26423],[95.25974,5.26522],[95.26056,5.26685],[95.26084,5.26788],[95.26041,5.27063],[95.26049,5.27528],[95.26247,5.27538],[95.26457,5.27498],[95.266,5.27522],[95.27129,5.27806],[95.27328,5.27946],[95.27655,5.28082],[95.27904,5.28121],[95.28341,5.2812],[95.28592,5.28095],[95.28903,5.28],[95.29088,5.27903],[95.29285,5.27833],[95.2949,5.27736],[95.29591,5.27633],[95.29718,5.27306],[95.2976,5.27227],[95.29852,5.27167],[95.30081,5.27094],[95.3012,5.2706],[95.30134,5.27028],[95.3024,5.27063],[95.303,5.27111],[95.30442,5.27077],[95.30487,5.27077],[95.30618,5.27122],[95.30855,5.27168],[95.31057,5.2725],[95.31422,5.27343],[95.31714,5.2735],[95.32079,5.27316],[95.32289,5.27316],[95.32443,5.27335],[95.32642,5.2739],[95.327,5.27431],[95.3272,5.27463],[95.32747,5.27556],[95.32765,5.2768],[95.32841,5.27819],[95.32924,5.28169],[95.33058,5.28483],[95.33105,5.28554],[95.33183,5.28596],[95.33406,5.28653],[95.33463,5.28682],[95.33521,5.28763],[95.33577,5.28917],[95.33689,5.28767],[95.3373,5.28737],[95.33818,5.28715]],[[95.36556,5.2516],[95.36542,5.25146],[95.3657,5.25173],[95.36556,5.2516]],[[95.3651,5.25118],[95.36502,5.25113],[95.36518,5.25124],[95.3651,5.25118]],[[95.36461,5.2509],[95.36451,5.25086],[95.3647,5.25095],[95.36461,5.2509]],[[95.36359,5.25049],[95.3635,5.25044],[95.36369,5.25053],[95.36359,5.25049]],[[95.3631,5.25021],[95.36303,5.25015],[95.36319,5.25026],[95.3631,5.25021]],[[95.3625,5.24965],[95.36243,5.24958],[95.36264,5.24979],[95.3625,5.24965]],[[95.36156,5.24873],[95.36124,5.24837],[95.36159,5.24876],[95.36156,5.24873]],[[95.3604,5.24771],[95.36026,5.24762],[95.3605,5.24777],[95.3604,5.24771]],[[95.35808,5.24646],[95.35794,5.24638],[95.35817,5.24651],[95.35808,5.24646]],[[95.35696,5.24576],[95.35689,5.2457],[95.35704,5.24583],[95.35696,5.24576]],[[95.35632,5.24535],[95.35581,5.24516],[95.35667,5.24554],[95.35632,5.24535]],[[95.35427,5.24444],[95.35406,5.24407],[95.35391,5.24359],[95.3538,5.24305],[95.35427,5.24444],[95.35517,5.24496],[95.35458,5.24471],[95.35427,5.24444]],[[95.35369,5.242],[95.35368,5.24152],[95.35372,5.24249],[95.35369,5.242]],[[95.35332,5.23994],[95.35322,5.23975],[95.35342,5.24015],[95.35332,5.23994]],[[95.35244,5.23845],[95.35145,5.23667],[95.35168,5.23699],[95.35244,5.23845]],[[95.35098,5.23596],[95.3507,5.23548],[95.3504,5.23509],[95.35056,5.23527],[95.3507,5.23548],[95.35129,5.23645],[95.35098,5.23596]],[[95.34992,5.2347],[95.34947,5.23427],[95.34938,5.23416],[95.34992,5.2347]],[[95.34589,5.23453],[95.34589,5.23453],[95.34549,5.23447],[95.34589,5.23453]],[[95.34459,5.23395],[95.34452,5.23387],[95.34474,5.23409],[95.34459,5.23395]],[[95.34916,5.23392],[95.34899,5.23382],[95.34879,5.2338],[95.34899,5.23382],[95.34916,5.23392]],[[95.34417,5.23343],[95.34401,5.23323],[95.34425,5.23355],[95.34417,5.23343]],[[95.34302,5.23243],[95.34294,5.23238],[95.34316,5.23253],[95.34302,5.23243]],[[95.3387,5.231],[95.33813,5.2309],[95.33771,5.2308],[95.33813,5.2309],[95.3387,5.231]],[[95.3336,5.23085],[95.3337,5.23092],[95.33349,5.23076],[95.3336,5.23085]],[[95.33321,5.23046],[95.33298,5.23016],[95.3333,5.23056],[95.33321,5.23046]],[[95.33281,5.22995],[95.33195,5.2287],[95.33136,5.22766],[95.33114,5.22743],[95.33137,5.22766],[95.33281,5.22995]],[[95.32952,5.22695],[95.32942,5.22693],[95.32964,5.22697],[95.32952,5.22695]],[[95.32763,5.22646],[95.32739,5.22632],[95.32772,5.2265],[95.32763,5.22646]],[[95.32678,5.22604],[95.32664,5.22599],[95.32692,5.2261],[95.32678,5.22604]],[[95.3256,5.22552],[95.32524,5.2253],[95.325,5.22512],[95.3256,5.22552]],[[95.32474,5.22455],[95.3255,5.22336],[95.32584,5.22282],[95.32605,5.22244],[95.32625,5.22193],[95.32674,5.22014],[95.32688,5.21975],[95.32702,5.21948],[95.32805,5.21782],[95.32821,5.21746],[95.32847,5.21548],[95.32821,5.21747],[95.32805,5.21782],[95.32688,5.21975],[95.32625,5.22193],[95.32605,5.22244],[95.32585,5.22282],[95.32521,5.22386],[95.32508,5.22408],[95.32495,5.22427],[95.32474,5.22455],[95.32467,5.22469],[95.32482,5.22496],[95.32466,5.22471],[95.32467,5.22469],[95.32469,5.22464],[95.32474,5.22455]],[[95.32963,5.2124],[95.3316,5.21008],[95.33174,5.20985],[95.33202,5.20931],[95.33257,5.20831],[95.33299,5.20739],[95.33313,5.2071],[95.33327,5.20684],[95.33341,5.20661],[95.33369,5.20616],[95.33418,5.20528],[95.33438,5.20495],[95.33369,5.20616],[95.33327,5.20684],[95.33299,5.20739],[95.33271,5.20802],[95.33257,5.20831],[95.33244,5.20858],[95.33174,5.20985],[95.3316,5.21008],[95.32963,5.2124],[95.32891,5.21379],[95.32938,5.21277],[95.32963,5.2124]],[[95.33501,5.20408],[95.33492,5.20336],[95.33501,5.20361],[95.33504,5.20386],[95.33501,5.20408],[95.33491,5.20428],[95.33476,5.20446],[95.33501,5.20408]],[[95.33467,5.20292],[95.33459,5.20269],[95.33479,5.20313],[95.33467,5.20292]],[[95.33455,5.20244],[95.33535,5.1998],[95.33549,5.19937],[95.33563,5.19897],[95.33632,5.19715],[95.33646,5.19682],[95.33674,5.19621],[95.33688,5.19582],[95.33717,5.19478],[95.33733,5.19428],[95.33751,5.19388],[95.33772,5.19358],[95.33834,5.19279],[95.33909,5.19113],[95.33924,5.19088],[95.3398,5.19027],[95.34007,5.18991],[95.33924,5.19088],[95.33834,5.19279],[95.33733,5.19428],[95.33688,5.19582],[95.33674,5.19621],[95.33549,5.19937],[95.33455,5.20244]],[[95.29009,5.19296],[95.2905,5.19298],[95.29009,5.19296],[95.29009,5.19296]],[[95.29128,5.19332],[95.29134,5.19334],[95.29116,5.19325],[95.29128,5.19332]],[[95.34021,5.18966],[95.34063,5.1887],[95.34077,5.1884],[95.34091,5.18814],[95.34115,5.18772],[95.34124,5.18753],[95.34132,5.1872],[95.34124,5.18754],[95.34115,5.18772],[95.34077,5.1884],[95.34035,5.18936],[95.34021,5.18966]],[[95.30443,5.18902],[95.30455,5.18907],[95.30433,5.18898],[95.30443,5.18902]],[[95.30059,5.18795],[95.3012,5.18798],[95.30059,5.18795],[95.30059,5.18795]],[[95.30362,5.18861],[95.30397,5.1888],[95.30348,5.18855],[95.30362,5.18861]],[[95.34115,5.18672],[95.34104,5.18649],[95.34121,5.18685],[95.34115,5.18672]],[[95.34063,5.18571],[95.34049,5.18548],[95.34072,5.18588],[95.34063,5.18571]],[[95.34021,5.18515],[95.3402,5.18514],[95.3402,5.18514],[95.34021,5.18515]],[[95.34004,5.185],[95.33996,5.18494],[95.34018,5.18513],[95.34004,5.185]],[[95.33922,5.18458],[95.33912,5.18455],[95.33936,5.18464],[95.33922,5.18458]],[[95.33744,5.18357],[95.3373,5.18328],[95.33754,5.18371],[95.33744,5.18357]],[[95.33688,5.18184],[95.33677,5.1814],[95.33702,5.18241],[95.33688,5.18184]],[[95.3366,5.18085],[95.33652,5.18066],[95.3367,5.18115],[95.3366,5.18085]],[[95.33632,5.18022],[95.33603,5.17958],[95.33642,5.18042],[95.33632,5.18022]],[[95.33509,5.17851],[95.33471,5.17824],[95.33535,5.17871],[95.33509,5.17851]],[[95.32618,5.17809],[95.32609,5.17806],[95.32622,5.1781],[95.32618,5.17809]],[[95.33456,5.17814],[95.33442,5.17806],[95.33401,5.17788],[95.33442,5.17806],[95.33456,5.17814]],[[95.33334,5.17771],[95.33291,5.17767],[95.33343,5.17773],[95.33334,5.17771]],[[95.33663,5.11396],[95.33671,5.11396],[95.33671,5.11401],[95.33663,5.11396]]]}},{"type":"Feature","properties":{"nama":"Woyla Batee","sumber":"Woyla_Batee"},"geometry":{"type":"Polygon","coordinates":[[[96.14335,4.1456],[96.14418,4.14552],[96.14682,4.14567],[96.14933,4.14537],[96.15043,4.1451],[96.15102,4.14482],[96.152,4.14408],[96.15251,4.1434],[96.153,4.14135],[96.15469,4.13872],[96.15474,4.13825],[96.15523,4.1371],[96.15623,4.13605],[96.15806,4.1346],[96.15959,4.13373],[96.16019,4.13311],[96.16019,4.13277],[96.15924,4.13288],[96.15502,4.13616],[96.15035,4.13922],[96.1484,4.14033],[96.1473,4.14117],[96.14549,4.1421],[96.14406,4.14248],[96.1428,4.14253],[96.14059,4.14234],[96.13868,4.14171],[96.13722,4.14152],[96.13566,4.1408],[96.13488,4.14029],[96.13421,4.13972],[96.13201,4.13738],[96.13153,4.13668],[96.13137,4.13665],[96.13117,4.13702],[96.1314,4.13946],[96.13236,4.14128],[96.13265,4.14157],[96.13317,4.14172],[96.13366,4.14142],[96.1341,4.14136],[96.13495,4.14239],[96.13645,4.14269],[96.1367,4.14333],[96.13702,4.14332],[96.13747,4.143],[96.13846,4.143],[96.13865,4.14311],[96.139,4.14403],[96.13879,4.14522],[96.13889,4.14566],[96.13944,4.14628],[96.14065,4.14718],[96.1412,4.147],[96.14285,4.14583],[96.14335,4.1456]]]}},{"type":"Feature","properties":{"nama":"Woyla Batee","sumber":"Woyla_Batee"},"geometry":{"type":"Polygon","coordinates":[[[96.46831,5.05208],[96.46821,5.05136],[96.46887,5.05036],[96.47071,5.04931],[96.47169,5.04848],[96.47259,5.04823],[96.47708,5.04795],[96.47886,5.04767],[96.47981,5.04721],[96.48126,5.04556],[96.48214,5.04514],[96.48355,5.04475],[96.48495,5.04466],[96.48587,5.045],[96.4867,5.04564],[96.48827,5.0475],[96.49155,5.04694],[96.49346,5.04548],[96.49478,5.04489],[96.49832,5.04434],[96.50044,5.04452],[96.50146,5.0436],[96.50299,5.04156],[96.5048,5.03968],[96.50563,5.03714],[96.5066,5.03583],[96.50716,5.03483],[96.50751,5.03383],[96.50754,5.03323],[96.50743,5.03277],[96.50654,5.03175],[96.50531,5.02892],[96.50403,5.02756],[96.50301,5.02611],[96.50164,5.02512],[96.49967,5.02424],[96.49722,5.02198],[96.49523,5.02073],[96.49299,5.0191],[96.49166,5.01834],[96.48956,5.01612],[96.48922,5.01538],[96.4886,5.01239],[96.48834,5.01163],[96.4875,5.01027],[96.48584,5.00819],[96.48465,5.00538],[96.48409,5.00292],[96.48403,5.00166],[96.48488,4.99691],[96.48588,4.99486],[96.48834,4.99159],[96.48918,4.9895],[96.48942,4.98857],[96.48933,4.9876],[96.48836,4.98444],[96.48825,4.9834],[96.48842,4.98216],[96.48889,4.9804],[96.49023,4.97733],[96.49026,4.97656],[96.49002,4.97583],[96.48918,4.9749],[96.48715,4.97334],[96.48472,4.97076],[96.48378,4.97007],[96.48079,4.96862],[96.47846,4.96688],[96.47639,4.9659],[96.47448,4.9648],[96.47212,4.96422],[96.47157,4.96396],[96.47084,4.96314],[96.4701,4.96139],[96.46979,4.96097],[96.46909,4.9604],[96.46654,4.95887],[96.46377,4.95853],[96.46269,4.95809],[96.46239,4.95754],[96.46193,4.95551],[96.46155,4.9544],[96.46097,4.95144],[96.45986,4.94853],[96.45946,4.94813],[96.45741,4.94729],[96.45686,4.94663],[96.45682,4.94518],[96.45713,4.94199],[96.45738,4.94052],[96.45775,4.93944],[96.45786,4.93821],[96.45763,4.93603],[96.45708,4.93422],[96.45714,4.93327],[96.45751,4.93155],[96.45747,4.92904],[96.45821,4.92498],[96.45937,4.92052],[96.46021,4.91529],[96.4616,4.91403],[96.4632,4.91232],[96.4641,4.91194],[96.46317,4.90961],[96.46311,4.90844],[96.46328,4.90745],[96.46382,4.90618],[96.46507,4.90424],[96.46641,4.89823],[96.46682,4.89768],[96.46791,4.89695],[96.46821,4.89659],[96.46931,4.89363],[96.47104,4.8914],[96.47108,4.88487],[96.47132,4.88028],[96.47115,4.87888],[96.47077,4.87749],[96.46993,4.87643],[96.4693,4.87503],[96.46856,4.87381],[96.46646,4.87191],[96.46507,4.86864],[96.4618,4.86614],[96.45961,4.86582],[96.45764,4.86498],[96.45604,4.86242],[96.4537,4.85997],[96.45313,4.85899],[96.45244,4.85695],[96.45327,4.85411],[96.45494,4.85058],[96.45607,4.84766],[96.4561,4.8471],[96.45579,4.84631],[96.45568,4.84539],[96.45591,4.84162],[96.45568,4.83947],[96.4558,4.83906],[96.45689,4.83714],[96.45777,4.83485],[96.45799,4.8339],[96.45921,4.83347],[96.46095,4.83143],[96.46301,4.83028],[96.4641,4.82899],[96.46483,4.82833],[96.46817,4.82583],[96.46972,4.82495],[96.47077,4.82291],[96.47123,4.82252],[96.47262,4.8218],[96.47306,4.8214],[96.47347,4.82057],[96.4742,4.81812],[96.4749,4.81651],[96.47562,4.81533],[96.47734,4.81351],[96.47808,4.813],[96.47893,4.81272],[96.48176,4.81265],[96.4831,4.81247],[96.48366,4.81214],[96.48424,4.81141],[96.48466,4.81111],[96.48384,4.809],[96.48366,4.80765],[96.48373,4.80629],[96.48396,4.80559],[96.48492,4.80418],[96.48504,4.80347],[96.4849,4.8018],[96.48597,4.79894],[96.48743,4.79733],[96.48906,4.79517],[96.49102,4.79399],[96.49239,4.79179],[96.49393,4.79082],[96.4948,4.78946],[96.49615,4.78826],[96.49772,4.78611],[96.4998,4.78499],[96.50169,4.78312],[96.50356,4.78174],[96.50417,4.78112],[96.50441,4.78066],[96.5048,4.77899],[96.50587,4.77777],[96.50649,4.77673],[96.50686,4.77564],[96.50719,4.77403],[96.50738,4.77358],[96.50832,4.77234],[96.50938,4.76889],[96.51317,4.76865],[96.51523,4.76799],[96.51687,4.7677],[96.51804,4.76777],[96.51923,4.76811],[96.52002,4.76857],[96.52058,4.76919],[96.52084,4.76981],[96.52142,4.77222],[96.52183,4.77302],[96.52446,4.77549],[96.5249,4.77575],[96.52589,4.77595],[96.5279,4.77587],[96.52859,4.77562],[96.52993,4.7748],[96.5316,4.77444],[96.53202,4.77369],[96.53295,4.77258],[96.53476,4.77167],[96.53649,4.76972],[96.53862,4.76813],[96.53938,4.7673],[96.54011,4.76605],[96.54088,4.76528],[96.54143,4.76486],[96.54307,4.76417],[96.54477,4.7632],[96.54552,4.76305],[96.54649,4.76329],[96.54686,4.76355],[96.54814,4.765],[96.54864,4.76527],[96.55082,4.76543],[96.5523,4.76519],[96.55468,4.76428],[96.55587,4.7632],[96.55774,4.76236],[96.56135,4.76157],[96.56363,4.76],[96.56618,4.75931],[96.56716,4.75861],[96.56813,4.75696],[96.56999,4.7551],[96.57109,4.75488],[96.57184,4.75492],[96.5742,4.75543],[96.57576,4.75527],[96.57632,4.75486],[96.57746,4.75347],[96.57935,4.75264],[96.58004,4.75221],[96.58085,4.75128],[96.58179,4.75054],[96.58209,4.74957],[96.58236,4.74643],[96.58264,4.74515],[96.58326,4.74431],[96.58457,4.74347],[96.58493,4.74306],[96.58577,4.74024],[96.58658,4.73841],[96.58667,4.73725],[96.58621,4.73583],[96.58588,4.73354],[96.58542,4.73182],[96.58549,4.7307],[96.58599,4.72964],[96.5869,4.72899],[96.5896,4.72819],[96.59104,4.72695],[96.59221,4.72713],[96.59331,4.72746],[96.5944,4.72751],[96.59591,4.72726],[96.59918,4.72631],[96.60204,4.72575],[96.60332,4.7257],[96.60599,4.72617],[96.60771,4.72611],[96.60813,4.72441],[96.60985,4.72064],[96.61164,4.71818],[96.6127,4.71736],[96.61396,4.71604],[96.61494,4.71313],[96.61664,4.71139],[96.61939,4.70989],[96.62008,4.70917],[96.62085,4.70796],[96.62235,4.70669],[96.62382,4.70369],[96.62485,4.70245],[96.62549,4.70088],[96.62662,4.69907],[96.62817,4.69752],[96.62985,4.69621],[96.63126,4.69474],[96.63264,4.69371],[96.634,4.69224],[96.63574,4.69103],[96.638,4.68917],[96.63963,4.6882],[96.6416,4.68612],[96.64279,4.68542],[96.64586,4.68417],[96.64652,4.68371],[96.64733,4.68279],[96.6482,4.68222],[96.65093,4.68111],[96.65381,4.67965],[96.65494,4.67758],[96.65621,4.67664],[96.6566,4.6762],[96.65758,4.67379],[96.65847,4.67247],[96.65848,4.67197],[96.65807,4.67099],[96.65797,4.67004],[96.65861,4.66765],[96.6588,4.66387],[96.65918,4.66319],[96.66027,4.66242],[96.66105,4.66167],[96.65998,4.66083],[96.65817,4.66014],[96.65631,4.65897],[96.6526,4.65792],[96.6516,4.6575],[96.64963,4.65731],[96.64717,4.65732],[96.64539,4.65751],[96.64061,4.65856],[96.63652,4.65905],[96.63461,4.65958],[96.63321,4.66014],[96.63145,4.66036],[96.63091,4.66026],[96.63052,4.66003],[96.62976,4.65892],[96.628,4.65798],[96.62614,4.6577],[96.62401,4.65765],[96.62262,4.65746],[96.62192,4.65711],[96.621,4.65638],[96.62027,4.65604],[96.61551,4.65514],[96.61212,4.65334],[96.61192,4.65314],[96.61192,4.65296],[96.61327,4.65117],[96.61368,4.65031],[96.61407,4.649],[96.61416,4.64771],[96.61313,4.6459],[96.61235,4.64257],[96.61207,4.64227],[96.61012,4.64131],[96.60845,4.64],[96.60802,4.63951],[96.6079,4.63903],[96.60802,4.63854],[96.6091,4.63673],[96.60994,4.63471],[96.61097,4.63337],[96.61099,4.63296],[96.60982,4.63181],[96.60807,4.63103],[96.60666,4.63],[96.60386,4.62861],[96.60202,4.62714],[96.6016,4.62647],[96.60134,4.62574],[96.60118,4.62437],[96.6011,4.62095],[96.60097,4.62037],[96.60044,4.61964],[96.59755,4.61819],[96.59501,4.61724],[96.59382,4.61694],[96.59306,4.61545],[96.59245,4.61354],[96.5914,4.61234],[96.5912,4.61153],[96.59128,4.6096],[96.5918,4.60741],[96.59201,4.60565],[96.59199,4.60392],[96.59167,4.60291],[96.59065,4.60203],[96.58832,4.6009],[96.5858,4.59915],[96.58536,4.59811],[96.58486,4.59574],[96.58443,4.59521],[96.58218,4.59427],[96.58053,4.5934],[96.57847,4.59184],[96.57761,4.59081],[96.57726,4.59061],[96.57639,4.59049],[96.57549,4.59056],[96.57513,4.59034],[96.57475,4.58984],[96.57461,4.58939],[96.57434,4.58691],[96.57319,4.58596],[96.57257,4.58502],[96.57072,4.5832],[96.57003,4.58296],[96.5687,4.5829],[96.56746,4.58307],[96.56595,4.58359],[96.56487,4.58372],[96.56365,4.58359],[96.56274,4.58333],[96.56215,4.58285],[96.56076,4.58073],[96.55885,4.57927],[96.55872,4.57889],[96.55886,4.5785],[96.55975,4.57806],[96.56263,4.5775],[96.56358,4.57716],[96.56386,4.57683],[96.56407,4.57627],[96.56466,4.57278],[96.56701,4.57242],[96.56854,4.57201],[96.57,4.57137],[96.57166,4.57113],[96.57343,4.57021],[96.57553,4.56937],[96.57747,4.56825],[96.57843,4.56799],[96.58039,4.56778],[96.58082,4.56744],[96.58168,4.56593],[96.58213,4.56563],[96.58612,4.56504],[96.58735,4.5647],[96.59254,4.56188],[96.59558,4.56091],[96.59619,4.56043],[96.59653,4.5599],[96.5969,4.55884],[96.59714,4.55749],[96.59739,4.55699],[96.59788,4.55662],[96.59895,4.55634],[96.60233,4.55588],[96.60421,4.55529],[96.60489,4.55459],[96.6061,4.55243],[96.60674,4.5518],[96.60743,4.55137],[96.6089,4.55074],[96.61046,4.54914],[96.61143,4.54858],[96.61174,4.54818],[96.61195,4.54762],[96.61195,4.54693],[96.6112,4.54461],[96.61122,4.54394],[96.61202,4.54149],[96.61245,4.54089],[96.61343,4.54061],[96.62194,4.53928],[96.62292,4.53881],[96.62481,4.53664],[96.62619,4.53677],[96.62714,4.53665],[96.62981,4.535],[96.63199,4.53407],[96.63316,4.53401],[96.63409,4.53418],[96.63536,4.535],[96.63592,4.53522],[96.63685,4.53505],[96.63732,4.5347],[96.63769,4.53422],[96.63855,4.53281],[96.63968,4.53181],[96.64084,4.53111],[96.64217,4.53001],[96.64316,4.52978],[96.64672,4.52931],[96.64812,4.52896],[96.65143,4.52764],[96.65186,4.52733],[96.6527,4.5264],[96.65411,4.52583],[96.65451,4.52555],[96.65577,4.52427],[96.65603,4.52383],[96.65615,4.52323],[96.65602,4.5227],[96.65516,4.52198],[96.6547,4.5213],[96.65439,4.51945],[96.65528,4.51956],[96.65595,4.51947],[96.65726,4.5188],[96.66043,4.51771],[96.66345,4.51629],[96.66614,4.51583],[96.66706,4.51578],[96.66893,4.51597],[96.67075,4.51653],[96.67216,4.51818],[96.67309,4.51864],[96.67378,4.5187],[96.6747,4.51831],[96.67523,4.51824],[96.67718,4.51861],[96.68176,4.51911],[96.68247,4.51938],[96.68318,4.51992],[96.6845,4.52009],[96.68535,4.51988],[96.68687,4.51826],[96.68794,4.5176],[96.68894,4.51722],[96.69318,4.51658],[96.6951,4.51676],[96.69642,4.5163],[96.69749,4.51647],[96.69853,4.51697],[96.69893,4.51703],[96.69929,4.51682],[96.70001,4.51567],[96.70184,4.51353],[96.70241,4.51319],[96.70363,4.51294],[96.70672,4.51296],[96.70981,4.51364],[96.71304,4.51386],[96.71625,4.51488],[96.71812,4.51518],[96.72216,4.51556],[96.7236,4.51547],[96.7257,4.5159],[96.72943,4.51583],[96.72983,4.51593],[96.73052,4.51637],[96.7315,4.51802],[96.73226,4.51862],[96.73354,4.5183],[96.73856,4.51827],[96.73945,4.51848],[96.74151,4.51944],[96.74544,4.52033],[96.7478,4.52045],[96.74836,4.52058],[96.75042,4.52194],[96.75323,4.52355],[96.75407,4.52521],[96.75419,4.52583],[96.75401,4.52694],[96.75414,4.52732],[96.75447,4.52764],[96.75619,4.5286],[96.75908,4.52908],[96.75975,4.52927],[96.75994,4.52944],[96.76326,4.52833],[96.76532,4.52725],[96.76822,4.5268],[96.76909,4.52639],[96.77029,4.52556],[96.77268,4.52458],[96.77766,4.52333],[96.77908,4.52275],[96.78216,4.52306],[96.7848,4.51946],[96.78514,4.51917],[96.78651,4.51847],[96.78686,4.518],[96.78754,4.5128],[96.78701,4.51175],[96.78572,4.51029],[96.78571,4.51],[96.78591,4.50972],[96.78901,4.50665],[96.79135,4.50549],[96.79257,4.5046],[96.7931,4.50381],[96.79397,4.50125],[96.7946,4.50058],[96.79511,4.50047],[96.7957,4.50058],[96.79894,4.502],[96.79954,4.50193],[96.80024,4.50152],[96.80146,4.50025],[96.80229,4.49896],[96.80296,4.49852],[96.80409,4.49804],[96.80451,4.49769],[96.80521,4.49647],[96.80605,4.49405],[96.80641,4.49335],[96.80672,4.49311],[96.80901,4.49228],[96.80993,4.4905],[96.81063,4.48946],[96.81091,4.4881],[96.81085,4.48689],[96.81063,4.48616],[96.80996,4.4851],[96.80985,4.48458],[96.81008,4.48376],[96.81103,4.48194],[96.81119,4.48058],[96.81109,4.47901],[96.81095,4.47849],[96.81056,4.47801],[96.80901,4.47767],[96.808,4.47705],[96.80746,4.47606],[96.80738,4.47461],[96.80813,4.47195],[96.80916,4.47013],[96.80916,4.46959],[96.80855,4.46779],[96.80864,4.46585],[96.80897,4.46432],[96.81057,4.4624],[96.81411,4.45929],[96.81396,4.45782],[96.81402,4.45659],[96.81511,4.45372],[96.81529,4.45265],[96.81519,4.45191],[96.81468,4.45054],[96.81457,4.44962],[96.81468,4.44876],[96.81521,4.44695],[96.81728,4.44677],[96.81916,4.44586],[96.82248,4.44521],[96.82553,4.44486],[96.82734,4.44487],[96.82894,4.44506],[96.83204,4.44583],[96.83525,4.44736],[96.83714,4.44806],[96.83959,4.45],[96.8424,4.45167],[96.84424,4.45247],[96.84504,4.45259],[96.84619,4.45241],[96.84866,4.45294],[96.85252,4.45472],[96.85375,4.45506],[96.85495,4.45506],[96.85799,4.45439],[96.85954,4.45447],[96.86045,4.45487],[96.8614,4.45593],[96.86344,4.45763],[96.86407,4.45784],[96.86617,4.45808],[96.86669,4.45833],[96.86751,4.45903],[96.8688,4.45944],[96.87174,4.4601],[96.87585,4.46037],[96.87722,4.4603],[96.87922,4.45949],[96.87984,4.45936],[96.89632,4.45944],[96.89668,4.45873],[96.89687,4.4575],[96.89875,4.46041],[96.8991,4.46222],[96.89986,4.46086],[96.9016,4.45972],[96.90187,4.4592],[96.90218,4.45635],[96.90283,4.45429],[96.90315,4.45218],[96.90341,4.45142],[96.90425,4.45002],[96.90482,4.44955],[96.90589,4.44897],[96.90994,4.44761],[96.91077,4.44677],[96.91244,4.44377],[96.9141,4.44156],[96.91578,4.43986],[96.91888,4.43736],[96.92154,4.43653],[96.92372,4.43419],[96.92496,4.43386],[96.92714,4.43236],[96.92813,4.43113],[96.92885,4.42825],[96.92932,4.42729],[96.9299,4.42698],[96.93623,4.42511],[96.94384,4.42021],[96.9509,4.41587],[96.95416,4.40499],[96.95905,4.4001],[96.96123,4.39358],[96.9721,4.39467],[96.97971,4.39249],[96.98677,4.38978],[96.99547,4.38434],[96.99275,4.36967],[97.00551,4.36794],[97.00551,4.36778],[97.00642,4.36846],[97.00733,4.36987],[97.00998,4.37076],[97.0105,4.37108],[97.01083,4.37164],[97.01139,4.37342],[97.01237,4.37462],[97.01295,4.37619],[97.01317,4.37649],[97.0158,4.37751],[97.01671,4.37826],[97.01805,4.3791],[97.01985,4.38102],[97.02231,4.38231],[97.02294,4.38307],[97.02344,4.3834],[97.02659,4.38422],[97.02959,4.38467],[97.03037,4.38496],[97.03119,4.38552],[97.03211,4.38667],[97.03292,4.38838],[97.03405,4.38962],[97.03452,4.39001],[97.0359,4.39063],[97.03676,4.39128],[97.03723,4.39202],[97.03771,4.39361],[97.03835,4.3927],[97.04019,4.39068],[97.04125,4.39039],[97.04341,4.39005],[97.04412,4.38979],[97.045,4.38894],[97.04542,4.38832],[97.04639,4.38566],[97.04737,4.38348],[97.04777,4.38146],[97.0489,4.3732],[97.05022,4.36997],[97.05084,4.36898],[97.05274,4.36662],[97.05567,4.36378],[97.05931,4.35991],[97.06056,4.35822],[97.06109,4.35695],[97.06132,4.35528],[97.06026,4.3541],[97.05801,4.35312],[97.05594,4.35243],[97.05557,4.35213],[97.0542,4.35045],[97.05261,4.34896],[97.04889,4.34701],[97.04855,4.34657],[97.04828,4.34585],[97.04799,4.34361],[97.0479,4.34011],[97.04834,4.33664],[97.04903,4.33454],[97.04973,4.33362],[97.05014,4.33277],[97.05077,4.33056],[97.05544,4.32934],[97.0561,4.32889],[97.05733,4.32723],[97.05867,4.32639],[97.06081,4.32586],[97.06244,4.32578],[97.06399,4.32611],[97.06683,4.32708],[97.07116,4.3282],[97.07246,4.32867],[97.07544,4.3286],[97.07753,4.32921],[97.07845,4.3298],[97.07937,4.33109],[97.08158,4.3324],[97.08303,4.33447],[97.08455,4.33475],[97.0855,4.33531],[97.08591,4.33769],[97.08623,4.33819],[97.08665,4.33854],[97.0877,4.3391],[97.0885,4.33979],[97.08903,4.34006],[97.09078,4.34035],[97.09306,4.3405],[97.0935,4.34064],[97.0941,4.34117],[97.09466,4.3425],[97.09521,4.34295],[97.0966,4.34472],[97.0982,4.34479],[97.10093,4.34392],[97.10174,4.3438],[97.10299,4.34422],[97.10347,4.34422],[97.1041,4.34381],[97.10541,4.3425],[97.10648,4.34208],[97.10928,4.34155],[97.11539,4.34101],[97.11589,4.34114],[97.11646,4.34169],[97.1173,4.34323],[97.11774,4.34375],[97.12072,4.34511],[97.12321,4.34556],[97.12432,4.3459],[97.12654,4.34618],[97.12777,4.34617],[97.12928,4.34574],[97.13068,4.34636],[97.13134,4.34648],[97.13234,4.34636],[97.13479,4.34578],[97.13593,4.34586],[97.137,4.34639],[97.13877,4.34702],[97.13928,4.34742],[97.13922,4.34776],[97.13857,4.34862],[97.13849,4.34949],[97.13883,4.35072],[97.13925,4.35158],[97.13975,4.35222],[97.14087,4.35314],[97.1416,4.354],[97.1419,4.35462],[97.14185,4.35576],[97.14107,4.35737],[97.14096,4.35785],[97.14119,4.35881],[97.14188,4.36028],[97.14284,4.36046],[97.1446,4.36117],[97.14528,4.36117],[97.14625,4.36075],[97.14855,4.35834],[97.14868,4.35443],[97.14892,4.35331],[97.1494,4.35244],[97.14931,4.35115],[97.14949,4.3505],[97.15055,4.34856],[97.15084,4.34739],[97.15038,4.34524],[97.15038,4.34399],[97.15057,4.34308],[97.15098,4.34244],[97.1521,4.34132],[97.1542,4.33951],[97.15595,4.33827],[97.15653,4.33765],[97.15751,4.33517],[97.15834,4.33415],[97.15861,4.33358],[97.15886,4.33261],[97.15902,4.32985],[97.15919,4.32935],[97.15987,4.32833],[97.16079,4.32727],[97.16103,4.32594],[97.16161,4.32488],[97.16321,4.32289],[97.16419,4.32197],[97.1645,4.32138],[97.16465,4.32044],[97.16445,4.3196],[97.16391,4.31888],[97.16209,4.317],[97.16168,4.31624],[97.16144,4.31442],[97.16146,4.31123],[97.16134,4.30969],[97.16098,4.30874],[97.15966,4.30695],[97.16041,4.30652],[97.16076,4.30615],[97.16174,4.30371],[97.16271,4.30257],[97.16358,4.30103],[97.164,4.3006],[97.16614,4.29903],[97.16838,4.29778],[97.16968,4.29628],[97.17011,4.29598],[97.17306,4.29487],[97.17425,4.29465],[97.17599,4.29456],[97.17645,4.29432],[97.17771,4.29146],[97.17854,4.28751],[97.17889,4.28686],[97.17985,4.28624],[97.1802,4.28578],[97.18091,4.28326],[97.18202,4.28121],[97.18271,4.28032],[97.18353,4.27835],[97.18365,4.27747],[97.18344,4.27584],[97.18369,4.275],[97.18452,4.27362],[97.18524,4.27292],[97.18637,4.27226],[97.18765,4.27045],[97.1884,4.27],[97.18931,4.26972],[97.19368,4.26901],[97.19504,4.26861],[97.19643,4.26778],[97.19795,4.26607],[97.19877,4.2657],[97.20026,4.26543],[97.20222,4.26541],[97.20332,4.26513],[97.20568,4.26375],[97.20695,4.26251],[97.21142,4.26042],[97.21229,4.2602],[97.21493,4.26008],[97.2157,4.25985],[97.21605,4.25946],[97.21688,4.2574],[97.21736,4.25694],[97.21853,4.25622],[97.2198,4.25445],[97.22143,4.25334],[97.22279,4.25208],[97.22479,4.25081],[97.22591,4.24907],[97.2266,4.24756],[97.2273,4.24657],[97.22927,4.24285],[97.23254,4.24056],[97.2338,4.23916],[97.2339,4.23847],[97.23329,4.23713],[97.2332,4.23583],[97.23382,4.23368],[97.23467,4.23225],[97.23585,4.2307],[97.23659,4.22872],[97.23671,4.22773],[97.23649,4.22628],[97.23702,4.22423],[97.23723,4.22264],[97.23723,4.22106],[97.23704,4.21981],[97.23716,4.21861],[97.23667,4.21813],[97.23591,4.21685],[97.23542,4.2155],[97.23542,4.21485],[97.23603,4.21281],[97.23615,4.212],[97.23603,4.21104],[97.23577,4.21027],[97.23462,4.2087],[97.23224,4.20727],[97.23162,4.20607],[97.23285,4.2037],[97.23439,4.20202],[97.23607,4.20103],[97.23745,4.19934],[97.23924,4.19753],[97.23996,4.19708],[97.24185,4.19625],[97.24253,4.19561],[97.24327,4.19335],[97.24438,4.19109],[97.24639,4.18424],[97.24665,4.18283],[97.24795,4.18097],[97.24855,4.17932],[97.24924,4.17815],[97.25021,4.17582],[97.25058,4.17377],[97.25046,4.17304],[97.24988,4.17179],[97.24996,4.17081],[97.25279,4.16764],[97.25341,4.16725],[97.25386,4.16714],[97.25516,4.16747],[97.25641,4.16759],[97.25982,4.16722],[97.26139,4.16805],[97.26344,4.16963],[97.26742,4.17042],[97.26887,4.17139],[97.27051,4.17212],[97.27173,4.17304],[97.27345,4.1734],[97.27553,4.17335],[97.27622,4.17429],[97.27673,4.1747],[97.2788,4.17542],[97.28103,4.17653],[97.28375,4.17909],[97.28456,4.18035],[97.28489,4.18066],[97.28966,4.18285],[97.29032,4.18276],[97.2926,4.18128],[97.29319,4.18156],[97.29392,4.18233],[97.29446,4.18263],[97.29506,4.18286],[97.29646,4.18307],[97.29798,4.18375],[97.29865,4.18424],[97.29944,4.18514],[97.30018,4.18535],[97.30171,4.18535],[97.30509,4.18492],[97.30847,4.1848],[97.31021,4.18437],[97.31065,4.18437],[97.31296,4.18514],[97.31405,4.18563],[97.31527,4.18576],[97.31577,4.18598],[97.31688,4.18667],[97.31688,4.18694],[97.31835,4.1882],[97.31996,4.18917],[97.32331,4.18983],[97.32691,4.18847],[97.32842,4.1875],[97.32905,4.18725],[97.33031,4.18719],[97.33111,4.18729],[97.33377,4.18789],[97.33705,4.18715],[97.33908,4.1873],[97.33962,4.18708],[97.34031,4.18653],[97.34088,4.18632],[97.343,4.18635],[97.34372,4.18558],[97.34463,4.18491],[97.34553,4.18377],[97.34618,4.18335],[97.35023,4.18236],[97.35138,4.18153],[97.35206,4.18131],[97.35574,4.18134],[97.35628,4.1813],[97.35676,4.18104],[97.35713,4.18054],[97.35772,4.17878],[97.35835,4.17749],[97.35839,4.17501],[97.3582,4.17282],[97.35985,4.17082],[97.36063,4.16749],[97.36107,4.16688],[97.36149,4.16687],[97.36323,4.16732],[97.36494,4.16738],[97.36623,4.16721],[97.36755,4.16632],[97.36822,4.16632],[97.36907,4.16653],[97.36993,4.16694],[97.37097,4.16771],[97.37188,4.16952],[97.37313,4.17084],[97.37446,4.17165],[97.37494,4.17174],[97.37623,4.17055],[97.37676,4.1702],[97.37919,4.16931],[97.38418,4.16667],[97.38473,4.1661],[97.38474,4.16537],[97.38493,4.16524],[97.38606,4.1653],[97.38887,4.16667],[97.391,4.16705],[97.39162,4.16693],[97.39235,4.16649],[97.39342,4.16501],[97.39423,4.16461],[97.39663,4.16433],[97.39743,4.16446],[97.39919,4.16504],[97.40011,4.16484],[97.40072,4.16416],[97.40122,4.16316],[97.40262,4.16168],[97.40373,4.16131],[97.40592,4.16119],[97.4066,4.16081],[97.40699,4.16036],[97.40771,4.15808],[97.40799,4.15765],[97.41125,4.15528],[97.41334,4.15417],[97.41741,4.15333],[97.41854,4.1525],[97.4182,4.15107],[97.41681,4.14941],[97.41598,4.14796],[97.41542,4.14663],[97.41459,4.14546],[97.41292,4.14076],[97.41235,4.14007],[97.41037,4.13865],[97.40993,4.13813],[97.40877,4.13443],[97.40819,4.13104],[97.40735,4.12964],[97.40626,4.12857],[97.405,4.12632],[97.40411,4.12434],[97.40327,4.1237],[97.39948,4.12257],[97.39875,4.12227],[97.39826,4.1219],[97.39643,4.11856],[97.39622,4.11782],[97.39607,4.11637],[97.3957,4.11565],[97.39292,4.11284],[97.39244,4.11195],[97.3905,4.1125],[97.38886,4.11131],[97.38845,4.11063],[97.38734,4.10765],[97.38717,4.10663],[97.38771,4.10583],[97.38844,4.10422],[97.3898,4.10299],[97.39049,4.10102],[97.39119,4.09967],[97.39188,4.09779],[97.39332,4.09562],[97.39356,4.095],[97.3934,4.09413],[97.39107,4.08969],[97.39096,4.0892],[97.39174,4.08706],[97.39299,4.08538],[97.39333,4.08472],[97.39333,4.08421],[97.39293,4.08234],[97.39278,4.08026],[97.39231,4.07876],[97.39215,4.07712],[97.39334,4.07328],[97.39348,4.0707],[97.39384,4.06875],[97.39418,4.06822],[97.39535,4.06722],[97.39634,4.06601],[97.39738,4.06503],[97.39778,4.06426],[97.3981,4.06309],[97.39885,4.06165],[97.40024,4.06067],[97.40113,4.05959],[97.40341,4.05843],[97.40426,4.05753],[97.40443,4.05698],[97.40457,4.05401],[97.40468,4.05348],[97.40497,4.0529],[97.40545,4.0525],[97.40716,4.05153],[97.40983,4.05057],[97.41257,4.04998],[97.41342,4.04943],[97.41357,4.04917],[97.41363,4.04835],[97.41316,4.04467],[97.41328,4.04302],[97.41347,4.04281],[97.41459,4.04229],[97.4173,4.04146],[97.42009,4.03979],[97.42118,4.03889],[97.42198,4.03747],[97.42253,4.03601],[97.42246,4.03554],[97.42209,4.03475],[97.42143,4.03268],[97.42146,4.03211],[97.42171,4.03178],[97.42252,4.03124],[97.42363,4.03076],[97.42713,4.02979],[97.42911,4.02861],[97.43146,4.02555],[97.43231,4.02397],[97.43276,4.02355],[97.4351,4.02264],[97.43669,4.02188],[97.43937,4.0211],[97.4407,4.02023],[97.44232,4.01859],[97.44368,4.01671],[97.4456,4.01505],[97.44604,4.01414],[97.44633,4.01306],[97.44734,4.01295],[97.44945,4.01328],[97.45219,4.01492],[97.45283,4.01509],[97.45589,4.01388],[97.45725,4.01299],[97.45913,4.01203],[97.4601,4.01188],[97.46074,4.01213],[97.4626,4.01354],[97.4634,4.01374],[97.46469,4.01372],[97.46783,4.01323],[97.46995,4.01341],[97.47078,4.01388],[97.47171,4.01493],[97.47328,4.01576],[97.47497,4.01702],[97.47648,4.01781],[97.47732,4.01787],[97.47849,4.01757],[97.47997,4.01632],[97.48236,4.01497],[97.48277,4.01491],[97.48428,4.01535],[97.48514,4.01573],[97.48705,4.01702],[97.48808,4.01798],[97.48857,4.01827],[97.48882,4.01834],[97.49026,4.018],[97.49127,4.01764],[97.49216,4.01673],[97.49316,4.01339],[97.49462,4.012],[97.49535,4.01066],[97.49582,4.01014],[97.49721,4.00984],[97.49994,4.01007],[97.50245,4.00916],[97.50285,4.00881],[97.50362,4.00767],[97.50442,4.00723],[97.50724,4.00678],[97.50931,4.00627],[97.5138,4.00569],[97.51513,4.00514],[97.51591,4.00445],[97.51632,4.00389],[97.51716,4.00036],[97.518,3.99815],[97.51835,3.99754],[97.51948,3.99653],[97.52132,3.99554],[97.52231,3.99437],[97.52438,3.99333],[97.52373,3.99098],[97.52397,3.99011],[97.52479,3.98894],[97.525,3.98839],[97.52527,3.98268],[97.52491,3.98148],[97.52376,3.98038],[97.52328,3.97931],[97.52244,3.97418],[97.52293,3.97323],[97.52303,3.97232],[97.5223,3.97027],[97.52205,3.96906],[97.52218,3.96837],[97.52325,3.96539],[97.52367,3.9622],[97.52384,3.95967],[97.5241,3.95886],[97.52535,3.95694],[97.52612,3.95339],[97.52612,3.95266],[97.52596,3.95194],[97.52667,3.95034],[97.5273,3.94838],[97.52944,3.94681],[97.5321,3.94597],[97.53506,3.94424],[97.53785,3.94052],[97.53815,3.93918],[97.53823,3.93422],[97.53817,3.93381],[97.53758,3.93282],[97.53699,3.93142],[97.53657,3.93092],[97.53483,3.92972],[97.53424,3.92914],[97.53355,3.92773],[97.53285,3.92679],[97.5316,3.92434],[97.53047,3.92319],[97.52952,3.92249],[97.52904,3.92193],[97.528,3.91942],[97.52783,3.91755],[97.52804,3.91499],[97.52828,3.91392],[97.52937,3.91215],[97.52957,3.91097],[97.52966,3.9089],[97.52862,3.908],[97.5277,3.90684],[97.5273,3.90653],[97.52581,3.90628],[97.52443,3.90641],[97.52354,3.90667],[97.52177,3.90806],[97.52049,3.9093],[97.5183,3.91069],[97.51723,3.91167],[97.51498,3.91306],[97.5125,3.91389],[97.51108,3.91472],[97.5105,3.91514],[97.50958,3.91622],[97.50762,3.91749],[97.50548,3.91766],[97.50408,3.91743],[97.50348,3.91702],[97.50255,3.9159],[97.50103,3.91528],[97.49903,3.91411],[97.49806,3.91342],[97.49759,3.91286],[97.49734,3.91225],[97.49732,3.91171],[97.49776,3.91053],[97.49779,3.9096],[97.49718,3.90797],[97.49705,3.90679],[97.49724,3.90522],[97.49753,3.90461],[97.498,3.9042],[97.49999,3.90358],[97.50047,3.90335],[97.5008,3.90303],[97.50133,3.90193],[97.50244,3.90017],[97.50421,3.89836],[97.5048,3.8975],[97.50743,3.89455],[97.50993,3.891],[97.51145,3.88955],[97.5127,3.88914],[97.50925,3.8874],[97.50503,3.88649],[97.50173,3.88557],[97.49861,3.88539],[97.49017,3.88447],[97.4865,3.88337],[97.4843,3.88208],[97.48155,3.88172],[97.48075,3.88271],[97.47931,3.88313],[97.47515,3.88397],[97.47299,3.88389],[97.47264,3.88497],[97.47223,3.88561],[97.47142,3.88632],[97.47025,3.88703],[97.46683,3.88797],[97.46559,3.88842],[97.46369,3.88817],[97.46232,3.88841],[97.46195,3.88878],[97.46112,3.89088],[97.45882,3.89302],[97.45736,3.89493],[97.45598,3.89592],[97.4557,3.89586],[97.45492,3.89521],[97.45428,3.89493],[97.45323,3.8947],[97.45221,3.89466],[97.45121,3.89511],[97.44982,3.8966],[97.4488,3.89699],[97.44681,3.89707],[97.44629,3.89699],[97.44466,3.89636],[97.44384,3.8963],[97.4432,3.89647],[97.442,3.89732],[97.44085,3.89762],[97.43886,3.89765],[97.43651,3.89749],[97.43422,3.89841],[97.43349,3.89882],[97.4325,3.89992],[97.4316,3.90187],[97.43099,3.90238],[97.42866,3.90326],[97.42733,3.90427],[97.42479,3.90521],[97.42309,3.90659],[97.41953,3.9073],[97.41488,3.9088],[97.41215,3.90937],[97.40824,3.90994],[97.40498,3.91086],[97.40309,3.91101],[97.40147,3.91133],[97.40079,3.91165],[97.39936,3.91336],[97.39858,3.91394],[97.39785,3.91416],[97.3958,3.91434],[97.39329,3.91408],[97.39275,3.91414],[97.39153,3.91522],[97.39087,3.91644],[97.39046,3.91669],[97.38844,3.9173],[97.38749,3.9178],[97.38638,3.91787],[97.38461,3.91756],[97.38406,3.91717],[97.38346,3.91589],[97.383,3.91551],[97.38209,3.91549],[97.38042,3.91578],[97.37989,3.91604],[97.37897,3.91686],[97.37843,3.91703],[97.3778,3.91697],[97.37654,3.91646],[97.37367,3.91576],[97.3706,3.9141],[97.36947,3.91324],[97.36862,3.91216],[97.36736,3.9109],[97.36701,3.91063],[97.36636,3.91047],[97.36518,3.91063],[97.36238,3.91172],[97.35924,3.91217],[97.35782,3.91259],[97.35693,3.91241],[97.35407,3.91313],[97.35318,3.9134],[97.35223,3.91402],[97.35162,3.9142],[97.35104,3.91408],[97.34858,3.913],[97.34653,3.91271],[97.34509,3.91268],[97.34428,3.91286],[97.3439,3.91313],[97.34306,3.914],[97.34222,3.91536],[97.3416,3.91592],[97.34077,3.91619],[97.33901,3.91636],[97.33606,3.9177],[97.3331,3.91841],[97.3318,3.91907],[97.32944,3.91994],[97.32804,3.92102],[97.32622,3.92128],[97.32108,3.92125],[97.31938,3.92146],[97.31846,3.92178],[97.31807,3.92227],[97.31751,3.92356],[97.31662,3.92466],[97.31557,3.92698],[97.31507,3.92735],[97.31461,3.92748],[97.31333,3.92761],[97.31239,3.92751],[97.3103,3.92646],[97.30794,3.92552],[97.30666,3.92541],[97.30299,3.92563],[97.30125,3.92533],[97.3004,3.92494],[97.30011,3.92469],[97.29931,3.92343],[97.29845,3.92259],[97.29605,3.92195],[97.29569,3.92269],[97.29446,3.92382],[97.29049,3.92472],[97.28879,3.92418],[97.28702,3.92314],[97.28597,3.92299],[97.28501,3.92324],[97.28352,3.9241],[97.28193,3.92475],[97.28093,3.92481],[97.27961,3.92442],[97.27894,3.92436],[97.27537,3.92531],[97.27265,3.92559],[97.27212,3.926],[97.27084,3.9283],[97.27014,3.9292],[97.26834,3.93251],[97.26632,3.93472],[97.26425,3.93434],[97.26309,3.93457],[97.25908,3.93485],[97.25695,3.93472],[97.25601,3.93441],[97.25554,3.93406],[97.2538,3.93184],[97.2533,3.93159],[97.25162,3.93146],[97.24959,3.93085],[97.24849,3.93073],[97.24673,3.93097],[97.24609,3.93125],[97.2456,3.93164],[97.24521,3.9317],[97.24483,3.93145],[97.24383,3.93039],[97.24227,3.92826],[97.23982,3.92705],[97.23878,3.92629],[97.23717,3.926],[97.23449,3.92617],[97.23306,3.9264],[97.23076,3.92722],[97.22838,3.92887],[97.22796,3.92901],[97.22643,3.92899],[97.22425,3.92873],[97.22306,3.92847],[97.22193,3.92798],[97.22127,3.92798],[97.22072,3.9282],[97.2189,3.92962],[97.21757,3.93119],[97.21591,3.93384],[97.21565,3.93477],[97.21577,3.93527],[97.21298,3.93577],[97.2105,3.93687],[97.20855,3.93757],[97.20793,3.93799],[97.20591,3.94007],[97.20516,3.9405],[97.20388,3.94067],[97.20159,3.94044],[97.20126,3.9406],[97.20038,3.94152],[97.19945,3.94177],[97.19782,3.94164],[97.19476,3.94069],[97.19401,3.94028],[97.19148,3.9382],[97.18928,3.93723],[97.18799,3.93694],[97.18744,3.93371],[97.18702,3.93229],[97.18541,3.9307],[97.18493,3.93048],[97.18411,3.93032],[97.18257,3.92838],[97.18153,3.92554],[97.18041,3.92385],[97.17967,3.92316],[97.17851,3.92172],[97.17848,3.92106],[97.1789,3.92013],[97.1789,3.91959],[97.17854,3.91889],[97.17758,3.91769],[97.17718,3.91694],[97.17691,3.91477],[97.17486,3.91355],[97.17383,3.91054],[97.17254,3.90849],[97.17209,3.90808],[97.17097,3.90767],[97.16937,3.90868],[97.16778,3.9085],[97.16486,3.90899],[97.16329,3.90904],[97.16188,3.9088],[97.16035,3.90825],[97.15774,3.90777],[97.15622,3.90715],[97.15495,3.90705],[97.15453,3.90677],[97.15313,3.90452],[97.15196,3.90341],[97.15116,3.90224],[97.15022,3.90153],[97.14855,3.89972],[97.14761,3.89891],[97.14719,3.89908],[97.14699,3.89937],[97.14626,3.90099],[97.14578,3.9017],[97.14467,3.90284],[97.14427,3.90308],[97.14381,3.90315],[97.14282,3.90271],[97.14144,3.90138],[97.14055,3.90109],[97.13855,3.90086],[97.1382,3.90056],[97.13756,3.89948],[97.13692,3.89912],[97.13608,3.89914],[97.13423,3.89992],[97.13225,3.90009],[97.13128,3.8999],[97.13007,3.89898],[97.12943,3.89869],[97.12646,3.89803],[97.12463,3.89799],[97.12136,3.8984],[97.12063,3.89814],[97.12007,3.89774],[97.11851,3.89532],[97.11738,3.89451],[97.1147,3.89205],[97.11465,3.89134],[97.11487,3.89048],[97.11514,3.88996],[97.11624,3.88871],[97.1164,3.88815],[97.11522,3.88693],[97.11392,3.88602],[97.11318,3.8851],[97.11244,3.88472],[97.11279,3.88171],[97.11273,3.88055],[97.11236,3.87871],[97.11246,3.87705],[97.11083,3.87595],[97.10959,3.87449],[97.10932,3.87377],[97.10958,3.87292],[97.11099,3.8716],[97.11153,3.87118],[97.1136,3.87007],[97.11521,3.86841],[97.11561,3.86705],[97.11568,3.86472],[97.11585,3.86356],[97.11579,3.86273],[97.11556,3.86219],[97.11487,3.86131],[97.11403,3.85906],[97.11248,3.85694],[97.11091,3.85604],[97.10869,3.85451],[97.10713,3.85366],[97.10597,3.85188],[97.10613,3.85146],[97.1075,3.85001],[97.10855,3.84838],[97.10984,3.84732],[97.11329,3.84332],[97.11353,3.84142],[97.11412,3.83926],[97.11418,3.83858],[97.1135,3.83664],[97.11327,3.83472],[97.11188,3.83389],[97.1109,3.83308],[97.1105,3.83294],[97.10575,3.83288],[97.10241,3.83264],[97.0971,3.83315],[97.09636,3.83303],[97.09553,3.83264],[97.09466,3.83177],[97.0938,3.83046],[97.0934,3.83018],[97.09272,3.83],[97.09254,3.82883],[97.09227,3.82817],[97.09183,3.82755],[97.09159,3.82635],[97.09017,3.8248],[97.09014,3.82445],[97.09075,3.82358],[97.09088,3.82302],[97.09005,3.81928],[97.0898,3.81857],[97.08924,3.81779],[97.0873,3.81582],[97.08549,3.81372],[97.0841,3.81156],[97.08299,3.81038],[97.08188,3.80889],[97.075,3.80852],[97.07129,3.80898],[97.07044,3.80867],[97.06966,3.80776],[97.06916,3.80744],[97.06609,3.80626],[97.06503,3.80485],[97.06403,3.8039],[97.06348,3.80311],[97.06323,3.80246],[97.06311,3.80111],[97.06323,3.79976],[97.06336,3.79936],[97.06408,3.79834],[97.06413,3.7977],[97.06288,3.79573],[97.06148,3.79479],[97.05963,3.79407],[97.05654,3.79407],[97.05459,3.79438],[97.05168,3.79565],[97.05122,3.79605],[97.05002,3.79756],[97.04934,3.798],[97.0491,3.79806],[97.04902,3.79796],[97.04855,3.79699],[97.04799,3.7953],[97.04716,3.79424],[97.0468,3.79337],[97.04677,3.79106],[97.04634,3.78742],[97.0459,3.78672],[97.04397,3.78523],[97.04357,3.78407],[97.04343,3.78279],[97.04366,3.77963],[97.04347,3.7781],[97.04347,3.77687],[97.04369,3.77617],[97.04464,3.77497],[97.04476,3.77441],[97.0445,3.77242],[97.04445,3.76979],[97.04424,3.76921],[97.04313,3.76779],[97.0416,3.76631],[97.03993,3.76427],[97.03882,3.76285],[97.03827,3.76167],[97.03688,3.76175],[97.03323,3.7613],[97.03027,3.76145],[97.02792,3.76057],[97.02632,3.76027],[97.02542,3.75853],[97.02565,3.75626],[97.02569,3.75308],[97.02631,3.74963],[97.0264,3.74717],[97.02605,3.74598],[97.0256,3.74535],[97.02452,3.74439],[97.02424,3.74371],[97.02375,3.74186],[97.02371,3.73913],[97.02334,3.73599],[97.02299,3.73518],[97.02216,3.73444],[97.02319,3.72841],[97.02352,3.72424],[97.02445,3.72216],[97.02568,3.72062],[97.02597,3.71994],[97.02697,3.71351],[97.02679,3.71187],[97.02685,3.71117],[97.02778,3.70901],[97.0284,3.70684],[97.02837,3.70567],[97.02825,3.7052],[97.02806,3.70488],[97.02715,3.70406],[97.02598,3.70255],[97.02557,3.70166],[97.02539,3.70055],[97.02534,3.69768],[97.02457,3.6937],[97.02491,3.68951],[97.02514,3.68893],[97.02612,3.68745],[97.02652,3.68602],[97.02669,3.68442],[97.02663,3.68286],[97.02632,3.68111],[97.02542,3.67982],[97.02488,3.67938],[97.02344,3.67868],[97.02219,3.67786],[97.02124,3.67769],[97.01866,3.67752],[97.01785,3.67729],[97.01656,3.67646],[97.01369,3.6752],[97.01316,3.67526],[97.0116,3.67618],[97.00964,3.67687],[97.00786,3.67724],[97.00658,3.67727],[97.00608,3.67718],[97.00544,3.67684],[97.0029,3.67451],[97.0023,3.6741],[97.0013,3.67375],[97.00026,3.67361],[96.99996,3.67369],[96.9986,3.67472],[96.99657,3.67556],[96.99456,3.67667],[96.9927,3.67847],[96.9905,3.68014],[96.98952,3.68138],[96.9891,3.68173],[96.98784,3.68158],[96.98619,3.68181],[96.98369,3.6825],[96.98176,3.68343],[96.98105,3.68361],[96.98056,3.68554],[96.97987,3.68691],[96.97916,3.68888],[96.97883,3.68943],[96.97842,3.68978],[96.97585,3.69076],[96.97243,3.69307],[96.97194,3.69313],[96.97054,3.69298],[96.96877,3.6934],[96.96717,3.69479],[96.96531,3.69618],[96.96383,3.69779],[96.96308,3.69835],[96.96277,3.69841],[96.96138,3.69786],[96.96059,3.6977],[96.95961,3.69786],[96.95577,3.70021],[96.95403,3.70185],[96.95357,3.70214],[96.95248,3.70239],[96.9508,3.70255],[96.94899,3.70246],[96.94812,3.70176],[96.94669,3.70104],[96.94604,3.70054],[96.945,3.69834],[96.94426,3.69749],[96.94354,3.69705],[96.94273,3.69689],[96.94205,3.69703],[96.94097,3.69757],[96.93798,3.69965],[96.93701,3.70049],[96.93416,3.70187],[96.92813,3.70299],[96.92743,3.70306],[96.92726,3.70274],[96.92609,3.70406],[96.92281,3.71228],[96.91842,3.71886],[96.91349,3.72543],[96.90527,3.72708],[96.89924,3.73365],[96.88718,3.74078],[96.87896,3.74407],[96.8691,3.74407],[96.86471,3.74242],[96.86252,3.73859],[96.86088,3.73256],[96.86088,3.72817],[96.85814,3.72214],[96.85101,3.71502],[96.84718,3.71173],[96.84224,3.70515],[96.84207,3.70474],[96.83401,3.70658],[96.83039,3.7087],[96.8279,3.71132],[96.82366,3.71381],[96.82093,3.71576],[96.81892,3.71634],[96.81758,3.71701],[96.81687,3.71716],[96.81616,3.71766],[96.81507,3.71787],[96.81367,3.71784],[96.81231,3.71752],[96.81185,3.71706],[96.81123,3.71611],[96.81039,3.71622],[96.8102,3.71638],[96.81024,3.71746],[96.81037,3.71762],[96.81087,3.71737],[96.81112,3.71752],[96.81127,3.71788],[96.81126,3.72107],[96.81048,3.7222],[96.81017,3.72312],[96.80859,3.72509],[96.80617,3.72656],[96.80423,3.72636],[96.80264,3.72646],[96.80097,3.72568],[96.80054,3.72562],[96.79928,3.72589],[96.79826,3.72538],[96.79721,3.72565],[96.79677,3.72542],[96.79611,3.72559],[96.7958,3.72496],[96.79551,3.72481],[96.79509,3.72477],[96.79453,3.72493],[96.79214,3.72589],[96.79185,3.72612],[96.79131,3.72681],[96.7912,3.72759],[96.79097,3.72788],[96.79061,3.72807],[96.78969,3.72817],[96.78925,3.72842],[96.78714,3.73075],[96.78628,3.73199],[96.78296,3.73473],[96.78147,3.73573],[96.77865,3.73715],[96.77612,3.73805],[96.77443,3.73882],[96.77293,3.7388],[96.7704,3.73946],[96.76837,3.73916],[96.76643,3.73966],[96.76466,3.73947],[96.76449,3.73926],[96.76393,3.73928],[96.76299,3.73959],[96.76113,3.73988],[96.75854,3.73937],[96.75747,3.73936],[96.7568,3.73922],[96.75301,3.73933],[96.75249,3.73948],[96.74799,3.74196],[96.74457,3.74303],[96.74273,3.74298],[96.74045,3.74341],[96.73851,3.74316],[96.73557,3.74346],[96.73342,3.74327],[96.72894,3.74536],[96.72832,3.74533],[96.72768,3.74573],[96.7271,3.7459],[96.72313,3.74645],[96.71951,3.74653],[96.71859,3.74623],[96.717,3.74612],[96.71494,3.74557],[96.7145,3.74559],[96.71002,3.74436],[96.70582,3.74347],[96.70402,3.74353],[96.70186,3.743],[96.70117,3.7427],[96.69963,3.74291],[96.69729,3.74252],[96.69639,3.74258],[96.69413,3.74333],[96.69184,3.74377],[96.69006,3.74372],[96.68942,3.74359],[96.68603,3.74398],[96.68546,3.74419],[96.6849,3.74417],[96.68438,3.74448],[96.68331,3.74477],[96.68293,3.74507],[96.68002,3.74558],[96.67717,3.74581],[96.67577,3.74564],[96.67429,3.74572],[96.67246,3.7459],[96.67215,3.74609],[96.67127,3.74619],[96.67056,3.74596],[96.66864,3.74602],[96.66504,3.74552],[96.66312,3.74585],[96.65962,3.74534],[96.65607,3.74531],[96.64672,3.74467],[96.63416,3.74252],[96.63005,3.74104],[96.62724,3.73971],[96.62636,3.73912],[96.62473,3.73857],[96.62105,3.73698],[96.61691,3.73578],[96.61597,3.73561],[96.60802,3.73588],[96.60683,3.73566],[96.60468,3.735],[96.60094,3.73188],[96.59857,3.7325],[96.59757,3.73387],[96.59583,3.73437],[96.59096,3.73412],[96.58847,3.7335],[96.58648,3.73225],[96.5851,3.73387],[96.57778,3.73403],[96.5723,3.73341],[96.56868,3.73366],[96.56394,3.73254],[96.55109,3.73004],[96.54299,3.72954],[96.53501,3.73004],[96.52853,3.73241],[96.52267,3.7349],[96.51818,3.73727],[96.51331,3.74014],[96.50845,3.74263],[96.49124,3.75422],[96.48501,3.75958],[96.48065,3.76382],[96.47778,3.76531],[96.47586,3.76665],[96.47012,3.77126],[96.46589,3.77537],[96.45903,3.7806],[96.45542,3.7836],[96.44282,3.79494],[96.44095,3.79706],[96.43733,3.80005],[96.4336,3.80354],[96.4301,3.80703],[96.42848,3.80952],[96.42698,3.80989],[96.42611,3.81039],[96.42536,3.81176],[96.42231,3.81495],[96.41857,3.81869],[96.41358,3.82317],[96.40423,3.83389],[96.40211,3.83589],[96.40036,3.83701],[96.39875,3.83888],[96.39213,3.84536],[96.38989,3.84835],[96.38865,3.8496],[96.38739,3.84897],[96.3854,3.84935],[96.38391,3.85146],[96.38316,3.85296],[96.38179,3.85495],[96.37954,3.85745],[96.3763,3.86368],[96.37231,3.87041],[96.37082,3.87153],[96.36932,3.87415],[96.36732,3.87627],[96.36381,3.88142],[96.36119,3.88466],[96.35932,3.88777],[96.3577,3.88889],[96.35583,3.89064],[96.35508,3.89363],[96.35346,3.89612],[96.35196,3.89774],[96.35022,3.90235],[96.34884,3.90522],[96.34648,3.90821],[96.34436,3.91058],[96.34137,3.91656],[96.33912,3.91818],[96.33738,3.91993],[96.336,3.92317],[96.33458,3.92588],[96.33047,3.93087],[96.32848,3.93498],[96.32723,3.93536],[96.32648,3.93698],[96.32461,3.93947],[96.32399,3.94146],[96.32125,3.94408],[96.31726,3.94919],[96.31601,3.94981],[96.31327,3.95555],[96.30578,3.96764],[96.28374,3.99873],[96.28268,3.99996],[96.28184,4.0014],[96.28103,4.00248],[96.27722,4.0068],[96.27667,4.0089],[96.2761,4.00878],[96.2759,4.00843],[96.27559,4.00843],[96.27449,4.01039],[96.27231,4.01241],[96.271,4.01433],[96.26954,4.016],[96.26603,4.02059],[96.26547,4.02148],[96.2611,4.02587],[96.26103,4.02641],[96.26078,4.02684],[96.25737,4.03032],[96.25715,4.03081],[96.25655,4.03146],[96.2544,4.03332],[96.2522,4.03604],[96.25004,4.03771],[96.24809,4.03963],[96.24537,4.04247],[96.24424,4.04396],[96.24379,4.04518],[96.24376,4.0469],[96.2436,4.04797],[96.24277,4.04927],[96.2421,4.04994],[96.24129,4.05037],[96.24078,4.05128],[96.24017,4.05196],[96.23971,4.05286],[96.23977,4.05459],[96.23953,4.05549],[96.23912,4.05628],[96.23858,4.06107],[96.23912,4.06456],[96.2397,4.06576],[96.23992,4.06599],[96.24373,4.06736],[96.24541,4.06834],[96.24503,4.06906],[96.24335,4.0683],[96.24036,4.06771],[96.23895,4.06693],[96.23855,4.06652],[96.23774,4.06494],[96.23757,4.06419],[96.23741,4.06085],[96.23775,4.05604],[96.23731,4.0551],[96.23723,4.05417],[96.23701,4.05405],[96.23671,4.05412],[96.23628,4.05446],[96.23577,4.05543],[96.23083,4.06159],[96.23018,4.06278],[96.22828,4.06487],[96.22798,4.06528],[96.22791,4.06564],[96.22752,4.06587],[96.22733,4.06625],[96.22681,4.06673],[96.22503,4.06905],[96.22416,4.06968],[96.22285,4.0714],[96.22156,4.07248],[96.21637,4.07854],[96.21648,4.07871],[96.21708,4.07871],[96.21742,4.07888],[96.218,4.08016],[96.21986,4.08153],[96.22029,4.08241],[96.21928,4.08172],[96.21757,4.08024],[96.21739,4.07941],[96.21704,4.07898],[96.21674,4.07896],[96.21579,4.07927],[96.21024,4.08507],[96.20837,4.08762],[96.2083,4.08851],[96.20913,4.09048],[96.20972,4.0909],[96.21002,4.09147],[96.20874,4.09081],[96.20822,4.08947],[96.20788,4.08902],[96.20746,4.08881],[96.20711,4.08886],[96.20284,4.09307],[96.2026,4.09357],[96.20252,4.09441],[96.20169,4.09444],[96.20084,4.09492],[96.19739,4.09819],[96.19665,4.09908],[96.1894,4.10626],[96.18778,4.10748],[96.18637,4.10893],[96.18277,4.11223],[96.18123,4.11384],[96.18099,4.11426],[96.18108,4.11451],[96.18138,4.11476],[96.18231,4.11476],[96.18255,4.11486],[96.18285,4.11528],[96.18277,4.11541],[96.18156,4.11533],[96.18074,4.11469],[96.18034,4.11472],[96.17967,4.11546],[96.17149,4.12271],[96.16603,4.12719],[96.16516,4.12768],[96.16209,4.13039],[96.16108,4.13335],[96.15944,4.13591],[96.15894,4.13627],[96.15808,4.13873],[96.15698,4.14081],[96.15647,4.14142],[96.15536,4.14233],[96.15403,4.14462],[96.15236,4.14598],[96.15154,4.1465],[96.14702,4.14718],[96.14453,4.14702],[96.14362,4.14717],[96.14271,4.14746],[96.14055,4.14909],[96.14035,4.14935],[96.13947,4.14878],[96.13992,4.14834],[96.1401,4.14777],[96.14002,4.1475],[96.13936,4.14685],[96.13858,4.1458],[96.1385,4.14533],[96.13867,4.14461],[96.13835,4.14399],[96.13803,4.14364],[96.13759,4.1435],[96.13668,4.14349],[96.13622,4.14278],[96.1348,4.14259],[96.13456,4.14241],[96.13448,4.14209],[96.13387,4.1416],[96.13311,4.14191],[96.1326,4.14174],[96.13217,4.14139],[96.13193,4.14074],[96.13134,4.13978],[96.13116,4.13929],[96.13113,4.13841],[96.13088,4.13729],[96.13099,4.13669],[96.13134,4.13619],[96.13117,4.13437],[96.13134,4.13421],[96.13231,4.13391],[96.13287,4.13419],[96.13312,4.13412],[96.13306,4.1339],[96.13282,4.1338],[96.13308,4.13355],[96.13323,4.1336],[96.13338,4.13348],[96.13327,4.13325],[96.13284,4.13314],[96.13279,4.1329],[96.13317,4.13245],[96.1334,4.13173],[96.1336,4.13178],[96.13373,4.13163],[96.13359,4.13127],[96.13261,4.13111],[96.13176,4.13081],[96.13121,4.13049],[96.1306,4.12988],[96.12993,4.12851],[96.12989,4.12809],[96.13008,4.12792],[96.1302,4.12787],[96.13131,4.12886],[96.13184,4.12882],[96.13128,4.12872],[96.13022,4.12777],[96.13011,4.12729],[96.13044,4.1269],[96.12955,4.1251],[96.12947,4.12462],[96.12837,4.12395],[96.12813,4.12366],[96.12809,4.12323],[96.12741,4.12326],[96.12703,4.12403],[96.12696,4.12565],[96.12673,4.12697],[96.12674,4.12769],[96.12687,4.12813],[96.12755,4.1296],[96.1272,4.13154],[96.12685,4.13261],[96.12605,4.13416],[96.12362,4.13774],[96.12203,4.13979],[96.11737,4.14516],[96.11517,4.14672],[96.11418,4.14835],[96.11344,4.14929],[96.11091,4.15174],[96.10677,4.15619],[96.10596,4.15671],[96.10524,4.15743],[96.10403,4.15922],[96.1028,4.16004],[96.10068,4.16255],[96.09629,4.16672],[96.09521,4.16839],[96.09191,4.17166],[96.08858,4.17538],[96.08738,4.17615],[96.08701,4.17653],[96.08388,4.18021],[96.08109,4.18292],[96.07956,4.1847],[96.07537,4.18882],[96.07361,4.19077],[96.06957,4.19477],[96.06749,4.1965],[96.06465,4.19962],[96.06133,4.20283],[96.05725,4.20539],[96.05451,4.20684],[96.05263,4.20742],[96.05187,4.20781],[96.05153,4.2077],[96.04996,4.20796],[96.04626,4.20929],[96.0457,4.21022],[96.04511,4.21031],[96.04488,4.20995],[96.04343,4.20892],[96.04136,4.20855],[96.04045,4.20852],[96.03903,4.20799],[96.03784,4.20715],[96.03682,4.20679],[96.03501,4.20491],[96.03464,4.20416],[96.03426,4.20397],[96.03372,4.203],[96.03303,4.20251],[96.03306,4.2023],[96.03324,4.20224],[96.03335,4.20121],[96.03309,4.19993],[96.03359,4.1988],[96.03351,4.19857],[96.03307,4.19836],[96.03274,4.19802],[96.03272,4.19773],[96.03245,4.19729],[96.03155,4.19718],[96.03061,4.19743],[96.03008,4.19772],[96.0295,4.19761],[96.0289,4.19685],[96.02783,4.19492],[96.02699,4.19418],[96.0261,4.19372],[96.02539,4.19313],[96.02493,4.19333],[96.02432,4.19407],[96.02397,4.19429],[96.02343,4.1952],[96.02312,4.19664],[96.02269,4.19742],[96.02231,4.1988],[96.02224,4.19971],[96.02268,4.20173],[96.0223,4.20384],[96.02239,4.20492],[96.02228,4.20572],[96.02177,4.208],[96.02093,4.20985],[96.01971,4.21188],[96.01748,4.21405],[96.01632,4.21557],[96.01591,4.21591],[96.01235,4.22066],[96.0096,4.22305],[96.00876,4.22431],[96.00724,4.22615],[96.006,4.22742],[96.00534,4.22846],[96.00387,4.22998],[96.00214,4.23222],[96.00082,4.2334],[95.99862,4.23435],[95.99093,4.2429],[95.98431,4.24851],[95.97833,4.25536],[95.97521,4.2581],[95.97285,4.26097],[95.9701,4.26334],[95.96649,4.26583],[95.96536,4.2672],[95.96574,4.26882],[95.96512,4.27007],[95.9587,4.27703],[95.9562,4.28027],[95.95308,4.28376],[95.95059,4.285],[95.94959,4.28613],[95.94785,4.28837],[95.94598,4.29161],[95.94274,4.29485],[95.94111,4.29572],[95.93712,4.30208],[95.9318,4.30718],[95.93113,4.3088],[95.93037,4.30972],[95.9293,4.3104],[95.92878,4.31099],[95.92785,4.31245],[95.9275,4.31262],[95.92691,4.31318],[95.92665,4.31385],[95.92441,4.31634],[95.92338,4.31793],[95.92051,4.32128],[95.9199,4.32163],[95.91931,4.32285],[95.91504,4.32751],[95.91462,4.32847],[95.91271,4.32991],[95.91223,4.33049],[95.91128,4.33217],[95.90884,4.33491],[95.90821,4.33532],[95.90766,4.33614],[95.90619,4.33735],[95.90571,4.33833],[95.90466,4.33942],[95.90303,4.34153],[95.90232,4.34189],[95.9011,4.34352],[95.90003,4.3445],[95.89848,4.34621],[95.89808,4.34684],[95.8972,4.34743],[95.89406,4.35166],[95.89101,4.35489],[95.88791,4.35791],[95.8871,4.35832],[95.88554,4.36017],[95.88505,4.36044],[95.88467,4.36088],[95.88419,4.36171],[95.88385,4.36185],[95.88295,4.36258],[95.8822,4.36393],[95.88097,4.36487],[95.87773,4.36836],[95.87449,4.37122],[95.86638,4.3792],[95.85815,4.38668],[95.85421,4.39053],[95.85457,4.39102],[95.85551,4.39169],[95.85687,4.39236],[95.85913,4.39434],[95.85948,4.395],[95.85961,4.39603],[95.86018,4.39677],[95.86088,4.39704],[95.86144,4.3971],[95.86267,4.39704],[95.86379,4.39665],[95.86466,4.39588],[95.86504,4.39587],[95.86557,4.39619],[95.86663,4.39641],[95.86741,4.39687],[95.86777,4.39746],[95.86804,4.39827],[95.86865,4.39893],[95.87115,4.39982],[95.87215,4.40121],[95.87244,4.40201],[95.87237,4.40282],[95.87177,4.40403],[95.87306,4.40788],[95.87307,4.40832],[95.87288,4.40881],[95.8731,4.4098],[95.87292,4.41036],[95.87295,4.41084],[95.87396,4.41221],[95.87547,4.41323],[95.87618,4.41474],[95.87646,4.41508],[95.87674,4.41498],[95.87785,4.41391],[95.87816,4.41378],[95.8793,4.41415],[95.88015,4.41427],[95.88162,4.41404],[95.88315,4.41396],[95.8842,4.41354],[95.88473,4.41354],[95.88556,4.41389],[95.88704,4.41522],[95.88953,4.41649],[95.89019,4.41716],[95.88956,4.41764],[95.88923,4.41808],[95.88878,4.41928],[95.88856,4.42053],[95.88759,4.42194],[95.88569,4.4254],[95.88588,4.42611],[95.88677,4.42734],[95.88695,4.42781],[95.8868,4.42885],[95.88723,4.43001],[95.88708,4.43146],[95.88714,4.43242],[95.88834,4.43717],[95.88828,4.438],[95.88806,4.43859],[95.88687,4.43985],[95.88643,4.44059],[95.88633,4.44114],[95.88593,4.44142],[95.88541,4.44334],[95.88488,4.44457],[95.88505,4.4465],[95.88646,4.45193],[95.88873,4.45455],[95.89153,4.4556],[95.89311,4.4556],[95.89591,4.45508],[95.89891,4.45335],[95.90168,4.45337],[95.90256,4.45405],[95.90264,4.45468],[95.90252,4.45568],[95.90292,4.45716],[95.90354,4.45809],[95.90371,4.45866],[95.90335,4.4592],[95.90235,4.45972],[95.90213,4.45995],[95.90122,4.46202],[95.89988,4.46329],[95.89964,4.46376],[95.89936,4.46779],[95.89906,4.47],[95.89917,4.47315],[95.89899,4.47358],[95.89808,4.47463],[95.89737,4.47648],[95.89647,4.4781],[95.89621,4.47966],[95.89629,4.48136],[95.89666,4.48169],[95.89839,4.48166],[95.89948,4.48188],[95.90141,4.48308],[95.90163,4.48334],[95.90321,4.48742],[95.90375,4.48785],[95.90466,4.48775],[95.905,4.48813],[95.9057,4.49046],[95.90667,4.49224],[95.9075,4.49533],[95.90952,4.49754],[95.91441,4.49885],[95.91497,4.49916],[95.91572,4.50006],[95.91616,4.50029],[95.91717,4.50029],[95.91902,4.49971],[95.92085,4.49971],[95.92173,4.49999],[95.92241,4.50056],[95.9231,4.50087],[95.92705,4.50152],[95.92747,4.50171],[95.92791,4.50212],[95.92919,4.50407],[95.92999,4.50448],[95.93094,4.50456],[95.93227,4.50436],[95.93476,4.50304],[95.93537,4.50299],[95.93589,4.50322],[95.93613,4.50374],[95.93633,4.50674],[95.9367,4.5079],[95.93721,4.50858],[95.93865,4.50993],[95.94081,4.51109],[95.94116,4.51227],[95.94124,4.51483],[95.94142,4.51543],[95.94212,4.5159],[95.94394,4.51653],[95.94434,4.51708],[95.94408,4.51943],[95.9444,4.52031],[95.94499,4.52107],[95.94419,4.5236],[95.94403,4.52448],[95.94409,4.52533],[95.94447,4.5265],[95.94451,4.52739],[95.94447,4.52895],[95.94409,4.53074],[95.94486,4.53291],[95.94585,4.53479],[95.94634,4.53519],[95.94846,4.53597],[95.95022,4.53696],[95.95121,4.53782],[95.95226,4.53912],[95.95359,4.54026],[95.9542,4.54102],[95.95518,4.54168],[95.9556,4.54174],[95.95666,4.54137],[95.95746,4.54131],[95.95962,4.54183],[95.96382,4.54222],[95.96372,4.544],[95.96381,4.54469],[95.96485,4.54593],[95.96501,4.5463],[95.9643,4.55084],[95.96501,4.55504],[95.96584,4.55655],[95.9667,4.55743],[95.96795,4.55826],[95.96987,4.55883],[95.9705,4.55916],[95.97128,4.56007],[95.97325,4.56184],[95.97356,4.56247],[95.97395,4.56466],[95.97442,4.56594],[95.9745,4.56784],[95.9744,4.56847],[95.97403,4.56906],[95.97375,4.56924],[95.9732,4.56909],[95.97277,4.56925],[95.97128,4.57084],[95.97001,4.57174],[95.96931,4.57257],[95.96947,4.57299],[95.97008,4.57354],[95.97255,4.57465],[95.97396,4.57563],[95.97407,4.576],[95.97385,4.57662],[95.97332,4.57733],[95.97293,4.57761],[95.97144,4.57827],[95.97019,4.57912],[95.96966,4.57923],[95.96843,4.57881],[95.96799,4.57887],[95.96662,4.58004],[95.96457,4.5807],[95.96299,4.58194],[95.96361,4.58379],[95.96367,4.58525],[95.96346,4.58638],[95.96281,4.58786],[95.96276,4.58824],[95.96336,4.58885],[95.96552,4.58994],[95.96653,4.59144],[95.96736,4.59215],[95.96827,4.59257],[95.96889,4.59242],[95.96917,4.59252],[95.9695,4.59349],[95.96958,4.59553],[95.96965,4.59581],[95.96999,4.59617],[95.97114,4.59674],[95.97589,4.59839],[95.97757,4.59937],[95.97938,4.59972],[95.97955,4.60134],[95.97958,4.6041],[95.98004,4.60542],[95.97992,4.60594],[95.9794,4.60687],[95.97927,4.60774],[95.97993,4.60894],[95.98049,4.61131],[95.98077,4.61201],[95.98261,4.61427],[95.98393,4.61486],[95.98469,4.61535],[95.98566,4.61545],[95.98641,4.61574],[95.98661,4.61601],[95.98691,4.61719],[95.98765,4.61827],[95.98868,4.62085],[95.99065,4.62284],[95.99257,4.62445],[95.99333,4.62541],[95.99408,4.62577],[95.99466,4.62586],[95.99569,4.62581],[95.99648,4.62548],[95.99708,4.62549],[95.99763,4.62576],[95.99873,4.62691],[95.99943,4.62705],[96.00113,4.6268],[96.00224,4.62641],[96.00339,4.62628],[96.00486,4.62641],[96.00659,4.62677],[96.00773,4.62641],[96.00861,4.62629],[96.00961,4.62647],[96.01018,4.62688],[96.01004,4.62723],[96.00893,4.62833],[96.00683,4.6298],[96.00539,4.63048],[96.00473,4.63112],[96.00453,4.63193],[96.00458,4.63481],[96.0048,4.63559],[96.00529,4.63639],[96.00529,4.63667],[96.00424,4.63805],[96.00271,4.63931],[96.00174,4.64055],[96.00066,4.64147],[95.99938,4.64305],[96.00119,4.64573],[96.00271,4.64681],[96.00359,4.6479],[96.00364,4.64813],[96.00353,4.64847],[96.00219,4.6503],[96.00223,4.65111],[96.00246,4.65157],[96.00285,4.65196],[96.00396,4.65249],[96.00623,4.65301],[96.01112,4.65472],[96.01167,4.65507],[96.01188,4.65554],[96.01322,4.65564],[96.0144,4.65735],[96.0148,4.65971],[96.01598,4.66182],[96.01645,4.66393],[96.01733,4.66462],[96.01762,4.66552],[96.01791,4.66601],[96.01902,4.66693],[96.01953,4.667],[96.02028,4.66667],[96.02222,4.66473],[96.02281,4.66437],[96.02313,4.66447],[96.02341,4.66477],[96.0241,4.66598],[96.02496,4.66515],[96.02564,4.66491],[96.02654,4.66515],[96.02775,4.66573],[96.02816,4.66615],[96.02835,4.66664],[96.02822,4.66789],[96.02832,4.66811],[96.02871,4.66839],[96.02922,4.66839],[96.03069,4.66772],[96.03122,4.66772],[96.03159,4.66796],[96.03262,4.66917],[96.03306,4.66942],[96.03365,4.66952],[96.03418,4.66934],[96.03507,4.66876],[96.03629,4.66842],[96.03765,4.66831],[96.03849,4.66848],[96.03971,4.66917],[96.04103,4.67014],[96.04305,4.67247],[96.04595,4.67354],[96.04829,4.67533],[96.04988,4.67498],[96.05273,4.67585],[96.05327,4.67641],[96.0542,4.67831],[96.05466,4.67889],[96.0559,4.67866],[96.05655,4.6784],[96.05846,4.67687],[96.05948,4.67588],[96.06016,4.67585],[96.06126,4.67618],[96.06184,4.67614],[96.06365,4.67493],[96.06499,4.67463],[96.06678,4.6748],[96.0685,4.67531],[96.07171,4.67553],[96.07451,4.67674],[96.07551,4.67743],[96.07596,4.67791],[96.07635,4.67997],[96.07698,4.68065],[96.08027,4.68229],[96.08174,4.68326],[96.08417,4.68393],[96.08493,4.68432],[96.08554,4.68495],[96.08592,4.68581],[96.08608,4.68678],[96.08577,4.6904],[96.08596,4.69121],[96.08639,4.69195],[96.08702,4.69249],[96.08944,4.69327],[96.09144,4.69479],[96.09343,4.69541],[96.09389,4.69568],[96.09442,4.6966],[96.09511,4.69891],[96.0958,4.70013],[96.09642,4.7006],[96.0976,4.70118],[96.09834,4.70191],[96.09862,4.70253],[96.09903,4.70414],[96.09973,4.7056],[96.10024,4.70731],[96.10024,4.70828],[96.09963,4.70983],[96.09957,4.71058],[96.10013,4.71294],[96.10039,4.71465],[96.10164,4.71714],[96.1007,4.71876],[96.09991,4.72109],[96.09984,4.72236],[96.09997,4.72485],[96.09958,4.72765],[96.09949,4.73001],[96.09818,4.73535],[96.09835,4.73674],[96.09947,4.73966],[96.09941,4.74072],[96.09917,4.74173],[96.0982,4.74335],[96.09786,4.74464],[96.09789,4.74651],[96.09852,4.74914],[96.09861,4.75057],[96.09851,4.75111],[96.09811,4.7517],[96.09616,4.75295],[96.09588,4.7533],[96.09566,4.75382],[96.09514,4.75629],[96.09472,4.75722],[96.0942,4.75795],[96.09214,4.75966],[96.09178,4.76055],[96.09173,4.76114],[96.09196,4.76278],[96.09199,4.76482],[96.09217,4.76612],[96.09254,4.76688],[96.09375,4.76834],[96.09575,4.7726],[96.09578,4.7735],[96.0954,4.77542],[96.09546,4.77647],[96.09665,4.77958],[96.09688,4.78111],[96.09791,4.78181],[96.09982,4.7825],[96.10076,4.78305],[96.10146,4.78362],[96.10307,4.78542],[96.10392,4.78603],[96.10548,4.78639],[96.10882,4.7862],[96.10981,4.78601],[96.11093,4.78549],[96.1117,4.78403],[96.11263,4.78151],[96.11279,4.7807],[96.11273,4.77959],[96.11244,4.77813],[96.11247,4.77732],[96.11274,4.77665],[96.11326,4.77611],[96.11467,4.77764],[96.11572,4.77831],[96.11687,4.77841],[96.11862,4.77778],[96.11978,4.77715],[96.12052,4.77715],[96.12189,4.7775],[96.12579,4.77955],[96.12729,4.78011],[96.12833,4.77974],[96.12918,4.77962],[96.13134,4.7801],[96.13276,4.78016],[96.13755,4.77956],[96.13883,4.7793],[96.14067,4.77861],[96.14284,4.77688],[96.1471,4.77597],[96.14925,4.77458],[96.15066,4.77391],[96.15166,4.77382],[96.15327,4.77452],[96.15374,4.77452],[96.15409,4.7743],[96.15591,4.7725],[96.15663,4.77215],[96.15741,4.77215],[96.15847,4.77264],[96.15941,4.77285],[96.16168,4.77285],[96.16226,4.7725],[96.16313,4.77163],[96.16406,4.76956],[96.16562,4.76866],[96.16733,4.76647],[96.16783,4.76615],[96.16817,4.76615],[96.16929,4.76666],[96.17248,4.76711],[96.17345,4.76736],[96.17448,4.76807],[96.17529,4.76899],[96.17604,4.7693],[96.18045,4.77036],[96.18303,4.77036],[96.18422,4.77],[96.18639,4.76795],[96.18761,4.76719],[96.19057,4.76612],[96.19495,4.76403],[96.19701,4.76347],[96.19907,4.76269],[96.20115,4.76339],[96.20327,4.76332],[96.20514,4.76371],[96.21376,4.76375],[96.2159,4.76399],[96.22021,4.76502],[96.22276,4.76464],[96.22378,4.76487],[96.2257,4.76626],[96.22785,4.76861],[96.22952,4.76997],[96.22993,4.77061],[96.23077,4.77256],[96.23188,4.77445],[96.23243,4.77583],[96.23401,4.77811],[96.23466,4.77852],[96.23673,4.77824],[96.23791,4.77848],[96.23841,4.77894],[96.23938,4.78096],[96.24072,4.78242],[96.24141,4.78274],[96.2425,4.78287],[96.24346,4.78275],[96.24394,4.7825],[96.24537,4.78111],[96.24626,4.78077],[96.24894,4.78092],[96.24987,4.78081],[96.25104,4.78047],[96.25299,4.78047],[96.25377,4.7807],[96.25651,4.78236],[96.25784,4.78334],[96.25986,4.7851],[96.26064,4.78537],[96.26188,4.78556],[96.26299,4.7848],[96.26567,4.78346],[96.26705,4.78174],[96.26827,4.78066],[96.26938,4.77861],[96.27028,4.7789],[96.27169,4.77986],[96.27263,4.78011],[96.27643,4.7804],[96.27994,4.78039],[96.28098,4.78025],[96.28202,4.77968],[96.2825,4.77914],[96.28327,4.77672],[96.28372,4.77603],[96.28499,4.77487],[96.28591,4.77463],[96.28684,4.77487],[96.28844,4.77602],[96.28938,4.77639],[96.29119,4.77743],[96.29431,4.77813],[96.29653,4.77887],[96.29725,4.77927],[96.29918,4.78073],[96.29949,4.78159],[96.29958,4.78388],[96.29987,4.78435],[96.30034,4.78464],[96.30086,4.78481],[96.30261,4.78463],[96.30429,4.7848],[96.30655,4.78563],[96.3075,4.78632],[96.31028,4.78913],[96.31052,4.7897],[96.31069,4.79158],[96.31132,4.79278],[96.31079,4.793],[96.31066,4.79321],[96.31077,4.79333],[96.30968,4.79449],[96.30959,4.79497],[96.31004,4.79586],[96.30992,4.79636],[96.30952,4.79692],[96.30861,4.79715],[96.30779,4.79764],[96.30612,4.79949],[96.30345,4.80109],[96.30274,4.80122],[96.30211,4.80109],[96.30115,4.8003],[96.30073,4.80017],[96.29926,4.80069],[96.29764,4.80167],[96.29563,4.80336],[96.29424,4.80623],[96.29381,4.8068],[96.29014,4.80917],[96.28797,4.81111],[96.28602,4.81181],[96.28459,4.81278],[96.28296,4.81347],[96.27977,4.81443],[96.27719,4.81474],[96.27268,4.81645],[96.27235,4.81678],[96.27213,4.81734],[96.27201,4.81817],[96.272,4.8225],[96.27174,4.82357],[96.27088,4.82444],[96.26928,4.82545],[96.266,4.82694],[96.26415,4.8275],[96.26369,4.82778],[96.26299,4.8286],[96.26243,4.83002],[96.2618,4.83097],[96.25946,4.83344],[96.25938,4.83362],[96.25955,4.83407],[96.26057,4.83514],[96.26179,4.83597],[96.26333,4.83667],[96.26485,4.83795],[96.2666,4.84017],[96.26828,4.84181],[96.2692,4.84251],[96.27,4.84343],[96.27129,4.84376],[96.2744,4.84377],[96.27569,4.84396],[96.27573,4.84427],[96.27438,4.84571],[96.27402,4.84661],[96.27402,4.84851],[96.27435,4.85014],[96.27446,4.85135],[96.27427,4.85249],[96.27393,4.8534],[96.27375,4.85434],[96.27385,4.85527],[96.2741,4.85589],[96.27493,4.85705],[96.2759,4.85809],[96.27614,4.85856],[96.27632,4.85944],[96.2778,4.85986],[96.27922,4.86097],[96.28059,4.86152],[96.28161,4.86176],[96.28331,4.86183],[96.2858,4.86146],[96.28662,4.86112],[96.28771,4.86038],[96.28851,4.86],[96.29152,4.85919],[96.29257,4.85908],[96.29606,4.85965],[96.29991,4.86108],[96.30108,4.8612],[96.30231,4.86108],[96.30304,4.86083],[96.30396,4.86016],[96.3044,4.85957],[96.30467,4.85858],[96.3048,4.85849],[96.30542,4.85918],[96.30653,4.85989],[96.30736,4.8607],[96.30881,4.86262],[96.30909,4.86316],[96.30921,4.86374],[96.30958,4.86966],[96.31008,4.87218],[96.31088,4.87763],[96.31075,4.87857],[96.31038,4.87986],[96.31004,4.88403],[96.30875,4.88866],[96.30878,4.88918],[96.30952,4.89019],[96.31098,4.89131],[96.31216,4.89264],[96.31436,4.89409],[96.31501,4.89508],[96.31605,4.896],[96.31744,4.89802],[96.31785,4.89879],[96.3191,4.90199],[96.3202,4.9033],[96.32071,4.90757],[96.32147,4.90877],[96.3216,4.90917],[96.32386,4.90986],[96.32529,4.91056],[96.3268,4.91167],[96.32798,4.91303],[96.32834,4.91399],[96.32843,4.91541],[96.32885,4.91715],[96.3288,4.91838],[96.32847,4.92006],[96.32858,4.9214],[96.32898,4.9218],[96.32992,4.92236],[96.33241,4.92472],[96.33316,4.92511],[96.33461,4.92556],[96.33549,4.92613],[96.33588,4.92654],[96.33716,4.92893],[96.33771,4.92972],[96.33797,4.93055],[96.3381,4.93182],[96.33743,4.93741],[96.33679,4.93833],[96.33549,4.93931],[96.33425,4.94048],[96.33387,4.94117],[96.33381,4.94159],[96.33413,4.94257],[96.33544,4.94343],[96.33552,4.94507],[96.33688,4.94778],[96.33874,4.94803],[96.33954,4.9484],[96.34181,4.9491],[96.34295,4.94966],[96.34448,4.95076],[96.34635,4.95148],[96.34679,4.95189],[96.34832,4.95455],[96.34852,4.95472],[96.34873,4.95471],[96.34963,4.95454],[96.35016,4.9543],[96.35259,4.95194],[96.35309,4.95167],[96.35419,4.95142],[96.35568,4.9513],[96.3568,4.95141],[96.35793,4.95173],[96.35959,4.95164],[96.36214,4.95097],[96.36344,4.95014],[96.3648,4.94947],[96.36529,4.94935],[96.36925,4.95028],[96.37069,4.95118],[96.37198,4.95151],[96.37393,4.95176],[96.37489,4.95162],[96.37522,4.95147],[96.37568,4.95092],[96.37646,4.94872],[96.37745,4.94678],[96.37893,4.94504],[96.38062,4.94387],[96.38189,4.9422],[96.38302,4.94154],[96.3854,4.94125],[96.38759,4.94131],[96.38959,4.94167],[96.39046,4.94228],[96.39105,4.94251],[96.39269,4.94244],[96.39438,4.94278],[96.39487,4.94368],[96.39653,4.94511],[96.39763,4.94731],[96.39796,4.95027],[96.39945,4.95381],[96.39986,4.95569],[96.40004,4.95724],[96.39996,4.9592],[96.39934,4.96257],[96.39914,4.96354],[96.39831,4.96594],[96.39843,4.96764],[96.39831,4.96889],[96.39806,4.96948],[96.39667,4.97105],[96.39587,4.97402],[96.39491,4.97607],[96.39485,4.97649],[96.39502,4.97685],[96.39584,4.97777],[96.39667,4.97934],[96.39973,4.98272],[96.40014,4.98348],[96.40084,4.98639],[96.40167,4.98864],[96.40249,4.99175],[96.40294,4.99502],[96.40332,4.99658],[96.40377,4.99962],[96.40403,5.00049],[96.40453,5.00138],[96.40465,5.00195],[96.40534,5.00212],[96.40726,5.00319],[96.40877,5.0043],[96.40967,5.00453],[96.4125,5.00463],[96.41367,5.00483],[96.41443,5.00521],[96.4161,5.00652],[96.41678,5.00681],[96.4204,5.00784],[96.4244,5.00835],[96.42583,5.00899],[96.42631,5.00949],[96.42672,5.01022],[96.427,5.01111],[96.428,5.01735],[96.42882,5.01993],[96.42994,5.02199],[96.43039,5.02242],[96.4327,5.02403],[96.43417,5.02569],[96.43978,5.02711],[96.44062,5.0275],[96.44202,5.0289],[96.44243,5.02952],[96.44278,5.03055],[96.44302,5.03321],[96.44327,5.03373],[96.44403,5.03463],[96.44474,5.03666],[96.44543,5.03783],[96.44644,5.03867],[96.44753,5.03917],[96.45103,5.03986],[96.45181,5.04014],[96.45281,5.04083],[96.45341,5.04144],[96.4538,5.04249],[96.45388,5.04444],[96.45354,5.04626],[96.45222,5.0485],[96.45232,5.04889],[96.45255,5.0491],[96.45415,5.0501],[96.45612,5.05082],[96.46079,5.05165],[96.46224,5.05178],[96.46575,5.05178],[96.46757,5.05231],[96.46818,5.0522],[96.46831,5.05208]]]}},{"type":"Feature","properties":{"nama":"WS ACEH MEUREDU","sumber":"WS_Aceh_Meureudu"},"geometry":{"type":"Polygon","coordinates":[[[95.20584,5.2805],[95.20639,5.2801],[95.20719,5.27987],[95.20755,5.27964],[95.20804,5.2791],[95.20828,5.27819],[95.2081,5.2771],[95.20786,5.27656],[95.20813,5.27577],[95.20802,5.27504],[95.20766,5.27485],[95.20766,5.27454],[95.20753,5.27444],[95.20732,5.27457],[95.20706,5.2745],[95.20673,5.27384],[95.20637,5.27403],[95.20637,5.27453],[95.20606,5.27504],[95.20575,5.27495],[95.20544,5.27514],[95.20481,5.27483],[95.20364,5.27509],[95.2032,5.27501],[95.20295,5.27523],[95.2032,5.27543],[95.20349,5.27617],[95.20319,5.27634],[95.20312,5.27669],[95.20334,5.2772],[95.20316,5.27756],[95.20327,5.27808],[95.20313,5.27836],[95.20286,5.27851],[95.20279,5.2788],[95.2035,5.27936],[95.20374,5.27986],[95.20406,5.28016],[95.20448,5.28024],[95.20478,5.28046],[95.20584,5.2805]]]}},{"type":"Feature","properties":{"nama":"WS ACEH MEUREDU","sumber":"WS_Aceh_Meureudu"},"geometry":{"type":"Polygon","coordinates":[[[95.20791,5.30839],[95.20766,5.30779],[95.20732,5.30782],[95.20699,5.30821],[95.20692,5.30897],[95.20716,5.30903],[95.20731,5.30882],[95.20783,5.3087],[95.20791,5.30839]]]}},{"type":"Feature","properties":{"nama":"WS ACEH MEUREDU","sumber":"WS_Aceh_Meureudu"},"geometry":{"type":"Polygon","coordinates":[[[95.20421,5.3125],[95.20397,5.31262],[95.20403,5.31284],[95.2042,5.3129],[95.20433,5.31257],[95.20421,5.3125]]]}},{"type":"Feature","properties":{"nama":"WS ACEH MEUREDU","sumber":"WS_Aceh_Meureudu"},"geometry":{"type":"Polygon","coordinates":[[[95.1703,5.56127],[95.17149,5.56139],[95.17189,5.56127],[95.17424,5.56129],[95.17503,5.56094],[95.17551,5.56087],[95.1757,5.56064],[95.17626,5.5606],[95.17835,5.55895],[95.17829,5.55877],[95.17734,5.55798],[95.17667,5.55757],[95.17624,5.55673],[95.17449,5.55495],[95.17421,5.55428],[95.1736,5.55378],[95.17312,5.55292],[95.17264,5.5526],[95.17252,5.55236],[95.17108,5.55129],[95.16996,5.55062],[95.16908,5.5503],[95.16863,5.54996],[95.16691,5.55013],[95.16634,5.55041],[95.1649,5.55061],[95.16446,5.55094],[95.16367,5.55108],[95.16355,5.55119],[95.16348,5.55168],[95.16264,5.55206],[95.16187,5.55205],[95.1614,5.55171],[95.16084,5.55161],[95.15979,5.55214],[95.15865,5.55222],[95.15834,5.55258],[95.15774,5.55271],[95.157,5.55313],[95.15648,5.55315],[95.15519,5.5529],[95.154,5.55321],[95.15401,5.55342],[95.15428,5.55351],[95.1551,5.55424],[95.15542,5.5547],[95.15593,5.55478],[95.15655,5.55458],[95.15811,5.55558],[95.15901,5.5557],[95.15974,5.55629],[95.16059,5.55622],[95.16216,5.55669],[95.16443,5.55786],[95.16516,5.55842],[95.16586,5.5593],[95.16664,5.55956],[95.16714,5.56037],[95.16757,5.56064],[95.16816,5.56151],[95.16849,5.56174],[95.16908,5.56176],[95.1703,5.56127]]]}},{"type":"Feature","properties":{"nama":"WS ACEH MEUREDU","sumber":"WS_Aceh_Meureudu"},"geometry":{"type":"Polygon","coordinates":[[[95.18107,5.57307],[95.18022,5.57299],[95.18036,5.57328],[95.1807,5.57347],[95.18165,5.57361],[95.18183,5.57374],[95.18184,5.57342],[95.18167,5.57327],[95.18107,5.57307]]]}},{"type":"Feature","properties":{"nama":"WS ACEH MEUREDU","sumber":"WS_Aceh_Meureudu"},"geometry":{"type":"Polygon","coordinates":[[[95.21891,5.57943],[95.2203,5.5792],[95.22132,5.57814],[95.22142,5.57785],[95.22116,5.57732],[95.22125,5.57678],[95.22102,5.57672],[95.22027,5.57689],[95.22015,5.57706],[95.21932,5.57737],[95.21902,5.57763],[95.21822,5.57764],[95.21785,5.57783],[95.21729,5.5788],[95.21725,5.57938],[95.21764,5.57943],[95.21778,5.57983],[95.21807,5.57989],[95.21891,5.57943]]]}},{"type":"Feature","properties":{"nama":"WS ACEH MEUREDU","sumber":"WS_Aceh_Meureudu"},"geometry":{"type":"Polygon","coordinates":[[[95.20251,5.58245],[95.2038,5.58207],[95.20472,5.58212],[95.2061,5.58189],[95.20625,5.58198],[95.20796,5.58161],[95.20921,5.58106],[95.20978,5.58105],[95.21053,5.5808],[95.21074,5.58087],[95.21159,5.58066],[95.21254,5.58012],[95.21368,5.57998],[95.21437,5.58016],[95.215,5.57992],[95.21515,5.5795],[95.21488,5.57917],[95.21431,5.57916],[95.21305,5.57881],[95.21233,5.57915],[95.21181,5.57921],[95.21123,5.57908],[95.21063,5.57867],[95.20991,5.57843],[95.20932,5.57846],[95.20892,5.57875],[95.20851,5.57876],[95.2082,5.57896],[95.20783,5.57895],[95.20733,5.57868],[95.20563,5.57889],[95.20472,5.57875],[95.20423,5.5788],[95.2034,5.57864],[95.20277,5.57829],[95.20199,5.57817],[95.20043,5.57742],[95.19964,5.57749],[95.19952,5.57735],[95.19875,5.57722],[95.19857,5.57662],[95.19834,5.57661],[95.19808,5.57682],[95.19754,5.57696],[95.19719,5.57696],[95.19586,5.5763],[95.19507,5.57621],[95.19455,5.57653],[95.19391,5.57632],[95.19286,5.5762],[95.1927,5.57604],[95.19217,5.57609],[95.19148,5.57548],[95.18974,5.57496],[95.18964,5.57505],[95.18974,5.57523],[95.18935,5.5754],[95.18793,5.5755],[95.18719,5.57533],[95.18722,5.57476],[95.18682,5.57425],[95.1858,5.57413],[95.18515,5.57371],[95.18378,5.57381],[95.18373,5.57418],[95.18484,5.57456],[95.18499,5.57488],[95.18454,5.57494],[95.18467,5.57524],[95.18523,5.57519],[95.18587,5.57559],[95.18624,5.57558],[95.18828,5.57692],[95.18883,5.57703],[95.18923,5.57737],[95.18957,5.57742],[95.19063,5.57805],[95.19168,5.57836],[95.19185,5.57857],[95.19205,5.57848],[95.19263,5.57881],[95.19305,5.57884],[95.19344,5.57912],[95.19444,5.57936],[95.19496,5.57965],[95.19508,5.5799],[95.19561,5.57998],[95.19609,5.58032],[95.19765,5.58075],[95.19822,5.58111],[95.19952,5.58131],[95.20013,5.58172],[95.20161,5.58228],[95.20251,5.58245]]]}},{"type":"Feature","properties":{"nama":"WS ACEH MEUREDU","sumber":"WS_Aceh_Meureudu"},"geometry":{"type":"Polygon","coordinates":[[[95.06062,5.60892],[95.06017,5.60899],[95.05997,5.60929],[95.05977,5.61047],[95.06019,5.6107],[95.06078,5.61033],[95.06093,5.61001],[95.06095,5.60932],[95.06062,5.60892]]]}},{"type":"Feature","properties":{"nama":"WS ACEH MEUREDU","sumber":"WS_Aceh_Meureudu"},"geometry":{"type":"Polygon","coordinates":[[[95.06331,5.61025],[95.06191,5.61007],[95.06143,5.61048],[95.06134,5.61128],[95.06203,5.61187],[95.06306,5.61161],[95.06342,5.61139],[95.06368,5.61091],[95.06364,5.61054],[95.06331,5.61025]]]}},{"type":"Feature","properties":{"nama":"WS ACEH MEUREDU","sumber":"WS_Aceh_Meureudu"},"geometry":{"type":"Polygon","coordinates":[[[95.06301,5.61394],[95.06298,5.61333],[95.06254,5.61329],[95.06219,5.61357],[95.06247,5.61445],[95.06269,5.61438],[95.06277,5.61411],[95.06301,5.61394]]]}},{"type":"Feature","properties":{"nama":"WS ACEH MEUREDU","sumber":"WS_Aceh_Meureudu"},"geometry":{"type":"Polygon","coordinates":[[[95.1697,5.64278],[95.17027,5.64246],[95.17029,5.64229],[95.17004,5.64171],[95.16955,5.64154],[95.169,5.6416],[95.16901,5.64236],[95.16916,5.64257],[95.1697,5.64278]]]}},{"type":"Feature","properties":{"nama":"WS ACEH MEUREDU","sumber":"WS_Aceh_Meureudu"},"geometry":{"type":"Polygon","coordinates":[[[95.08507,5.64396],[95.08504,5.64268],[95.08535,5.6417],[95.08563,5.64125],[95.0865,5.64094],[95.08711,5.64055],[95.08713,5.64021],[95.08682,5.63956],[95.08683,5.63871],[95.08653,5.63819],[95.08584,5.63795],[95.08549,5.6375],[95.08517,5.63731],[95.0843,5.63702],[95.08404,5.63637],[95.08346,5.63606],[95.08315,5.63563],[95.08281,5.63543],[95.08264,5.63511],[95.08201,5.63486],[95.08177,5.63385],[95.08134,5.63334],[95.08069,5.63295],[95.08024,5.63289],[95.07892,5.63366],[95.07816,5.63391],[95.07759,5.63395],[95.07724,5.63379],[95.07663,5.63377],[95.07574,5.63298],[95.07483,5.63188],[95.07423,5.63161],[95.0728,5.63059],[95.07229,5.62978],[95.07137,5.62929],[95.07099,5.62891],[95.07021,5.62846],[95.06967,5.62803],[95.06944,5.62764],[95.06898,5.62751],[95.06866,5.62715],[95.06821,5.6271],[95.06713,5.62641],[95.0661,5.62602],[95.06489,5.62564],[95.06399,5.62556],[95.06256,5.625],[95.06213,5.62461],[95.0618,5.62399],[95.06198,5.62274],[95.06152,5.62222],[95.0592,5.6225],[95.05892,5.62237],[95.05793,5.62231],[95.05681,5.62117],[95.05629,5.62101],[95.05565,5.62139],[95.0549,5.62132],[95.05398,5.62212],[95.05313,5.62249],[95.05241,5.62238],[95.05231,5.62332],[95.05255,5.62496],[95.05302,5.62529],[95.05325,5.6257],[95.05383,5.62621],[95.05374,5.62653],[95.05342,5.62675],[95.05337,5.6274],[95.05337,5.62796],[95.0536,5.62845],[95.05362,5.62896],[95.05392,5.62942],[95.0536,5.63009],[95.05405,5.63038],[95.05458,5.63099],[95.05521,5.6311],[95.05527,5.63153],[95.05632,5.63309],[95.05643,5.63336],[95.05647,5.63455],[95.05631,5.63498],[95.05652,5.63506],[95.05687,5.63484],[95.05701,5.63525],[95.05796,5.63639],[95.05939,5.63727],[95.05983,5.63738],[95.06067,5.63728],[95.06091,5.63741],[95.06096,5.63761],[95.06059,5.63806],[95.06039,5.63859],[95.06048,5.63898],[95.06082,5.63891],[95.06106,5.63871],[95.0623,5.63675],[95.06437,5.6372],[95.06562,5.63725],[95.06751,5.63793],[95.0712,5.64039],[95.07221,5.64082],[95.07308,5.64142],[95.0736,5.64159],[95.07425,5.64163],[95.07489,5.64188],[95.07572,5.64242],[95.07596,5.64283],[95.07609,5.64356],[95.07687,5.64401],[95.07755,5.64409],[95.07813,5.64402],[95.07936,5.64434],[95.08033,5.64365],[95.08114,5.64383],[95.08206,5.64337],[95.08287,5.64326],[95.08364,5.64333],[95.08438,5.64436],[95.08483,5.64454],[95.08507,5.64396]]]}},{"type":"Feature","properties":{"nama":"WS ACEH MEUREDU","sumber":"WS_Aceh_Meureudu"},"geometry":{"type":"Polygon","coordinates":[[[95.4366,5.65688],[95.43734,5.65661],[95.43973,5.65643],[95.4423,5.65573],[95.44508,5.65448],[95.44581,5.65393],[95.44993,5.65249],[95.45204,5.65235],[95.45551,5.65187],[95.45679,5.651],[95.45789,5.65003],[95.4588,5.64956],[95.4601,5.64828],[95.46261,5.64661],[95.46288,5.64611],[95.46448,5.64528],[95.46503,5.64477],[95.46867,5.6398],[95.46958,5.63883],[95.47236,5.63524],[95.47391,5.63381],[95.48099,5.62406],[95.48372,5.61937],[95.49199,5.60906],[95.49482,5.60675],[95.49692,5.60467],[95.4984,5.60362],[95.49891,5.60306],[95.49984,5.60252],[95.50032,5.60244],[95.50131,5.60155],[95.50335,5.60039],[95.50586,5.59918],[95.51089,5.59797],[95.51469,5.59731],[95.51597,5.59662],[95.51638,5.5962],[95.51752,5.59583],[95.52137,5.59554],[95.52485,5.59553],[95.52517,5.59649],[95.526,5.59662],[95.52646,5.59703],[95.52802,5.59771],[95.52985,5.5989],[95.5304,5.59908],[95.53137,5.60027],[95.53169,5.60086],[95.53207,5.60256],[95.53166,5.60297],[95.53161,5.6038],[95.53079,5.60426],[95.52993,5.60537],[95.5297,5.60619],[95.52998,5.60761],[95.5304,5.60839],[95.53073,5.60986],[95.52993,5.61128],[95.52998,5.61284],[95.53072,5.61376],[95.53187,5.61416],[95.53205,5.61449],[95.53237,5.61458],[95.53273,5.61352],[95.53369,5.61251],[95.53396,5.61195],[95.53497,5.61131],[95.5356,5.61071],[95.53734,5.61015],[95.53904,5.6101],[95.54041,5.61032],[95.54087,5.61055],[95.5416,5.61105],[95.54225,5.61174],[95.54244,5.61362],[95.54285,5.61435],[95.54354,5.61503],[95.54382,5.61632],[95.5441,5.61673],[95.54438,5.6165],[95.54465,5.6165],[95.54515,5.61681],[95.54534,5.61635],[95.54529,5.61608],[95.54501,5.61571],[95.54496,5.61493],[95.5451,5.61466],[95.54757,5.61364],[95.54903,5.61354],[95.55027,5.61381],[95.55187,5.61376],[95.56064,5.61427],[95.56312,5.61499],[95.56775,5.61672],[95.56981,5.61694],[95.57187,5.61697],[95.57293,5.61743],[95.57693,5.61796],[95.57826,5.618],[95.58082,5.6173],[95.5822,5.61716],[95.58398,5.6172],[95.5849,5.61738],[95.58563,5.61779],[95.58609,5.61838],[95.58747,5.61929],[95.58784,5.61989],[95.59069,5.62208],[95.59216,5.62294],[95.59303,5.62312],[95.59399,5.62367],[95.59601,5.62444],[95.59642,5.62476],[95.59902,5.62589],[95.60089,5.62616],[95.60291,5.6262],[95.60364,5.62642],[95.60484,5.62729],[95.6058,5.62751],[95.60859,5.62787],[95.60937,5.62773],[95.61015,5.628],[95.61203,5.62772],[95.61257,5.62758],[95.61285,5.62721],[95.61426,5.62651],[95.61573,5.62655],[95.61637,5.6254],[95.61627,5.62494],[95.6159,5.62463],[95.61571,5.62316],[95.61653,5.62228],[95.61717,5.62182],[95.6184,5.62044],[95.62121,5.61846],[95.62569,5.61701],[95.62885,5.61705],[95.62995,5.61658],[95.6315,5.61639],[95.63209,5.61556],[95.6326,5.61552],[95.63451,5.61349],[95.6378,5.61132],[95.63812,5.611],[95.63807,5.61077],[95.6383,5.61035],[95.63926,5.61039],[95.63971,5.61012],[95.64603,5.60509],[95.64804,5.60403],[95.64909,5.60329],[95.65056,5.60305],[95.65256,5.60148],[95.65339,5.60111],[95.65425,5.60037],[95.65562,5.59982],[95.659,5.59769],[95.66307,5.59561],[95.66578,5.59399],[95.68034,5.58801],[95.68504,5.58542],[95.68901,5.58352],[95.69313,5.5825],[95.69651,5.58198],[95.69794,5.58243],[95.69908,5.58224],[95.70024,5.58136],[95.70226,5.58122],[95.70262,5.58089],[95.70289,5.58039],[95.70426,5.57974],[95.70815,5.57867],[95.71254,5.57869],[95.7141,5.57891],[95.71808,5.57867],[95.71936,5.57829],[95.71986,5.57779],[95.72098,5.57742],[95.72245,5.57773],[95.72314,5.57764],[95.7241,5.57703],[95.72601,5.57625],[95.72739,5.57619],[95.72949,5.57632],[95.73045,5.57563],[95.73113,5.57485],[95.73159,5.57475],[95.73209,5.57434],[95.73552,5.57336],[95.73863,5.57284],[95.74119,5.57164],[95.74215,5.5714],[95.74528,5.56923],[95.74761,5.56872],[95.74889,5.56811],[95.74998,5.56673],[95.75103,5.56567],[95.75199,5.56503],[95.75299,5.56466],[95.75363,5.56461],[95.75541,5.56373],[95.75697,5.5634],[95.75783,5.56271],[95.75852,5.56289],[95.76035,5.5621],[95.76168,5.562],[95.76341,5.56126],[95.76464,5.55979],[95.76521,5.55988],[95.76704,5.55886],[95.76832,5.55839],[95.76969,5.5583],[95.77056,5.55802],[95.7712,5.55751],[95.77161,5.55696],[95.77229,5.55553],[95.77334,5.55466],[95.77384,5.55438],[95.77462,5.55419],[95.7764,5.55331],[95.77817,5.55184],[95.77977,5.55132],[95.78215,5.54985],[95.78539,5.54845],[95.78966,5.54683],[95.79003,5.54641],[95.79108,5.54632],[95.79209,5.54604],[95.79405,5.54511],[95.79656,5.54423],[95.79729,5.54418],[95.7983,5.54372],[95.79894,5.54367],[95.79981,5.54279],[95.80072,5.54228],[95.8014,5.54219],[95.80191,5.54274],[95.80438,5.5419],[95.80566,5.5413],[95.8068,5.54092],[95.80826,5.54],[95.81472,5.53717],[95.81742,5.53615],[95.81888,5.53587],[95.82039,5.53536],[95.82313,5.53489],[95.82464,5.53479],[95.82583,5.53487],[95.82748,5.53551],[95.82826,5.53546],[95.82881,5.53527],[95.82972,5.53476],[95.83155,5.53306],[95.83435,5.53144],[95.83554,5.53107],[95.83636,5.53056],[95.8406,5.52737],[95.84617,5.52386],[95.8538,5.52016],[95.85505,5.51928],[95.85532,5.5185],[95.85564,5.51809],[95.85619,5.51781],[95.85697,5.51817],[95.85761,5.51821],[95.85875,5.51775],[95.86012,5.51687],[95.8625,5.51599],[95.8641,5.51562],[95.86464,5.51534],[95.86588,5.51515],[95.86702,5.51478],[95.86743,5.51445],[95.86826,5.51459],[95.87086,5.51398],[95.87333,5.51273],[95.87401,5.51199],[95.8751,5.51139],[95.8796,5.50839],[95.88207,5.50755],[95.88307,5.50677],[95.8848,5.50625],[95.8854,5.50542],[95.88631,5.50496],[95.88795,5.50385],[95.88918,5.50215],[95.88913,5.50059],[95.88926,5.50009],[95.88976,5.49944],[95.89053,5.49756],[95.89094,5.49691],[95.89112,5.49577],[95.89139,5.49535],[95.89199,5.49283],[95.89217,5.49145],[95.89216,5.4903],[95.89266,5.48865],[95.89275,5.48796],[95.89311,5.48732],[95.89334,5.48658],[95.89338,5.48525],[95.89396,5.48378],[95.894,5.48255],[95.89359,5.48209],[95.8934,5.48085],[95.89358,5.48003],[95.89353,5.47938],[95.89376,5.4787],[95.8935,5.47764],[95.893,5.47764],[95.89277,5.47751],[95.89249,5.47723],[95.89244,5.477],[95.89271,5.47554],[95.89344,5.47384],[95.89325,5.47315],[95.89293,5.47265],[95.89269,5.47164],[95.89323,5.47021],[95.89305,5.46934],[95.89259,5.4688],[95.89231,5.46871],[95.89226,5.4677],[95.89194,5.46738],[95.8923,5.46637],[95.89212,5.46582],[95.89216,5.46536],[95.89197,5.46458],[95.89142,5.4638],[95.89101,5.46348],[95.89091,5.46312],[95.89184,5.46109],[95.9001,5.44716],[95.91067,5.43175],[95.91634,5.42718],[95.91898,5.42396],[95.92021,5.42285],[95.92322,5.41967],[95.92367,5.41944],[95.92431,5.41866],[95.92809,5.41575],[95.93171,5.41243],[95.93313,5.41174],[95.93495,5.41063],[95.93582,5.40994],[95.9381,5.40754],[95.93951,5.40666],[95.94438,5.40206],[95.94639,5.40035],[95.9543,5.39421],[95.95603,5.3932],[95.95708,5.39273],[95.95968,5.39107],[95.95986,5.39065],[95.96096,5.39065],[95.96155,5.39014],[95.96219,5.38982],[95.96361,5.38977],[95.96448,5.38953],[95.96471,5.3893],[95.96493,5.3882],[95.9652,5.38765],[95.9657,5.38742],[95.9668,5.38746],[95.96711,5.38733],[95.96895,5.38534],[95.96984,5.384],[95.97163,5.3823],[95.97369,5.38069],[95.976,5.37852],[95.97759,5.37668],[95.98935,5.36781],[95.99259,5.36587],[95.994,5.36454],[95.99409,5.36362],[95.99468,5.36329],[95.99546,5.36311],[95.99778,5.36122],[96.00615,5.35521],[96.01167,5.35147],[96.01376,5.34968],[96.01385,5.34917],[96.01422,5.34899],[96.0149,5.34898],[96.0155,5.3488],[96.01659,5.34797],[96.02051,5.34588],[96.02236,5.34445],[96.02254,5.34395],[96.0224,5.34372],[96.02277,5.34307],[96.02327,5.34275],[96.02427,5.34247],[96.02582,5.341],[96.02883,5.33929],[96.0291,5.33869],[96.02942,5.33837],[96.03066,5.33818],[96.03613,5.33453],[96.03932,5.33222],[96.04545,5.32843],[96.05043,5.32593],[96.05339,5.32426],[96.05521,5.32265],[96.05657,5.32049],[96.05684,5.31929],[96.05684,5.31856],[96.05652,5.31806],[96.05642,5.3176],[96.05683,5.31714],[96.06026,5.31135],[96.06553,5.30444],[96.06885,5.30094],[96.07356,5.29679],[96.07794,5.29443],[96.07886,5.29406],[96.07954,5.29355],[96.08032,5.29355],[96.08073,5.29341],[96.08073,5.29263],[96.08109,5.29226],[96.08131,5.2913],[96.08204,5.29047],[96.08277,5.29019],[96.08433,5.29087],[96.08758,5.29058],[96.09045,5.28946],[96.09358,5.28881],[96.09655,5.28833],[96.09934,5.28855],[96.09989,5.28827],[96.10043,5.28694],[96.104,5.28605],[96.10628,5.2859],[96.1072,5.28567],[96.11117,5.28413],[96.12133,5.28101],[96.12791,5.27942],[96.12992,5.27913],[96.13211,5.27853],[96.13412,5.2782],[96.14178,5.27775],[96.14233,5.27728],[96.14384,5.27691],[96.14489,5.27686],[96.14635,5.27626],[96.14849,5.27519],[96.14954,5.27427],[96.15091,5.27362],[96.15237,5.2727],[96.15296,5.27265],[96.16927,5.26514],[96.17402,5.26392],[96.17685,5.26276],[96.17914,5.26211],[96.18464,5.26098],[96.18583,5.26088],[96.19104,5.25943],[96.19707,5.25858],[96.19995,5.25856],[96.20105,5.25837],[96.21072,5.25851],[96.22092,5.2596],[96.23381,5.26165],[96.2382,5.26249],[96.23902,5.26231],[96.24007,5.26171],[96.24113,5.26234],[96.24287,5.26252],[96.24547,5.26241],[96.25218,5.26283],[96.2567,5.2629],[96.25766,5.26308],[96.25853,5.26298],[96.25981,5.26188],[96.26159,5.26118],[96.26533,5.25919],[96.27643,5.25386],[96.28683,5.24826],[96.28939,5.24701],[96.29968,5.24288],[96.30483,5.24051],[96.30455,5.24001],[96.30505,5.23945],[96.30711,5.23844],[96.30811,5.23779],[96.32063,5.23213],[96.32474,5.23083],[96.32794,5.23008],[96.32981,5.22979],[96.33159,5.22928],[96.34454,5.22623],[96.34476,5.22581],[96.34513,5.22572],[96.34549,5.22581],[96.35193,5.22353],[96.36308,5.2187],[96.37103,5.21747],[96.37249,5.2171],[96.37478,5.2164],[96.37527,5.21502],[96.38511,5.2124],[96.38839,5.21091],[96.39127,5.20998],[96.39442,5.20937],[96.39776,5.20931],[96.39908,5.20944],[96.40204,5.21034],[96.40579,5.21105],[96.41399,5.21385],[96.42168,5.21601],[96.43641,5.22166],[96.43912,5.22311],[96.44403,5.22606],[96.45836,5.23405],[96.46271,5.23627],[96.4639,5.23706],[96.46845,5.23658],[96.46977,5.23526],[96.47318,5.23071],[96.47498,5.229],[96.47688,5.22768],[96.47849,5.2254],[96.47907,5.22313],[96.48079,5.22042],[96.48135,5.2189],[96.48174,5.21682],[96.48135,5.21568],[96.48079,5.21521],[96.48079,5.21388],[96.48126,5.21246],[96.48212,5.21151],[96.48429,5.2098],[96.48657,5.20848],[96.48894,5.20763],[96.49084,5.20668],[96.49306,5.20497],[96.49214,5.20242],[96.49324,5.20156],[96.49346,5.20094],[96.49343,5.20053],[96.49251,5.19778],[96.49189,5.1965],[96.49076,5.19344],[96.49051,5.19314],[96.49005,5.19305],[96.48911,5.19353],[96.48796,5.19369],[96.48726,5.19353],[96.48656,5.19312],[96.48643,5.19277],[96.48672,5.1915],[96.48672,5.19024],[96.48641,5.18909],[96.48464,5.18741],[96.48288,5.18666],[96.48265,5.18634],[96.4828,5.18574],[96.48417,5.18402],[96.48504,5.18146],[96.48567,5.18097],[96.4866,5.18074],[96.48776,5.18021],[96.48833,5.17979],[96.48874,5.17926],[96.4889,5.17848],[96.48873,5.17501],[96.48892,5.17243],[96.48884,5.17156],[96.48792,5.16904],[96.48742,5.16807],[96.48725,5.16731],[96.48694,5.16677],[96.4864,5.16615],[96.48499,5.16493],[96.48327,5.16396],[96.48209,5.16284],[96.47911,5.15833],[96.47718,5.15597],[96.47684,5.15506],[96.47682,5.15444],[96.47707,5.15331],[96.47775,5.15219],[96.47766,5.15177],[96.47626,5.15055],[96.47343,5.14958],[96.47222,5.1482],[96.46811,5.14577],[96.46681,5.14449],[96.46584,5.14229],[96.46505,5.14094],[96.46417,5.13781],[96.46247,5.13605],[96.46157,5.13569],[96.46049,5.13556],[96.46036,5.13516],[96.45973,5.13419],[96.45903,5.13236],[96.45721,5.12911],[96.45649,5.1288],[96.45586,5.12886],[96.45259,5.13049],[96.45165,5.1314],[96.45108,5.1317],[96.4493,5.13179],[96.44845,5.13151],[96.44823,5.13124],[96.44667,5.12752],[96.44514,5.12243],[96.44429,5.12146],[96.4428,5.12038],[96.44197,5.11952],[96.44084,5.11696],[96.43918,5.11513],[96.439,5.11448],[96.43892,5.11331],[96.4386,5.11271],[96.43794,5.11229],[96.43653,5.11175],[96.43362,5.11142],[96.43181,5.11029],[96.4307,5.10917],[96.43001,5.1076],[96.42943,5.10677],[96.42896,5.10637],[96.42758,5.10576],[96.42636,5.10502],[96.42521,5.10389],[96.42473,5.10299],[96.42391,5.10229],[96.42174,5.1016],[96.41964,5.10051],[96.41578,5.09988],[96.41445,5.09894],[96.41299,5.09813],[96.41251,5.09765],[96.41221,5.09706],[96.41211,5.0964],[96.41224,5.09508],[96.4125,5.09417],[96.41348,5.09291],[96.41431,5.09104],[96.41569,5.08935],[96.41586,5.08871],[96.41527,5.08483],[96.41461,5.08292],[96.41416,5.08052],[96.41292,5.07769],[96.41195,5.07448],[96.41126,5.07324],[96.41044,5.07126],[96.40999,5.06884],[96.40959,5.06751],[96.40944,5.06496],[96.40924,5.06429],[96.40896,5.06389],[96.40653,5.06129],[96.40574,5.06083],[96.40463,5.06056],[96.3986,5.05989],[96.39742,5.06002],[96.39327,5.06111],[96.39236,5.05589],[96.39181,5.05472],[96.39108,5.05402],[96.39067,5.05339],[96.38986,5.05121],[96.38901,5.04952],[96.38862,5.04805],[96.38855,5.04716],[96.38869,5.04564],[96.38946,5.04226],[96.38962,5.03887],[96.38987,5.0383],[96.39084,5.03706],[96.39137,5.03464],[96.39176,5.03372],[96.39306,5.03201],[96.39348,5.03115],[96.39473,5.02593],[96.39542,5.02388],[96.39576,5.02244],[96.39574,5.02147],[96.39544,5.01978],[96.39548,5.01874],[96.3957,5.01808],[96.39778,5.01467],[96.39846,5.01328],[96.39864,5.01269],[96.39881,5.01077],[96.39917,5.00944],[96.40014,5.00784],[96.40084,5.00577],[96.40126,5.0051],[96.40204,5.00427],[96.40345,5.00324],[96.40417,5.00233],[96.40466,5.00193],[96.40377,4.99962],[96.40332,4.99658],[96.40294,4.99502],[96.40249,4.99175],[96.40167,4.98864],[96.40084,4.98639],[96.40014,4.98348],[96.39973,4.98272],[96.39667,4.97934],[96.39584,4.97777],[96.39502,4.97685],[96.39485,4.97649],[96.39491,4.97608],[96.39587,4.97402],[96.39667,4.97105],[96.39806,4.96948],[96.39831,4.96889],[96.39843,4.96764],[96.39832,4.96594],[96.39914,4.96354],[96.39981,4.96008],[96.40004,4.95821],[96.39997,4.9564],[96.39945,4.95381],[96.39796,4.95027],[96.39763,4.94731],[96.39653,4.94511],[96.39487,4.94368],[96.39438,4.94278],[96.39269,4.94244],[96.39105,4.94251],[96.39046,4.94228],[96.38959,4.94167],[96.38849,4.94141],[96.3854,4.94125],[96.3836,4.94141],[96.3826,4.94171],[96.38189,4.9422],[96.38062,4.94388],[96.37893,4.94504],[96.37745,4.94678],[96.37646,4.94872],[96.37568,4.95092],[96.37522,4.95147],[96.37489,4.95163],[96.37393,4.95176],[96.37198,4.95151],[96.37069,4.95118],[96.36925,4.95028],[96.36529,4.94935],[96.3648,4.94947],[96.36344,4.95014],[96.36214,4.95097],[96.35959,4.95164],[96.35793,4.95173],[96.3568,4.95141],[96.35568,4.9513],[96.35419,4.95142],[96.35309,4.95167],[96.35259,4.95194],[96.35016,4.9543],[96.34963,4.95455],[96.34852,4.95472],[96.34819,4.95438],[96.34679,4.95189],[96.34635,4.95148],[96.34448,4.95077],[96.34295,4.94966],[96.34181,4.9491],[96.33954,4.9484],[96.33874,4.94803],[96.33688,4.94778],[96.33552,4.94507],[96.33544,4.94343],[96.33433,4.94276],[96.33397,4.94232],[96.33381,4.94159],[96.33403,4.94079],[96.33514,4.93961],[96.33679,4.93833],[96.33743,4.93741],[96.33806,4.93252],[96.33797,4.93055],[96.33771,4.92972],[96.33569,4.92631],[96.33461,4.92556],[96.33316,4.92511],[96.33241,4.92472],[96.32992,4.92236],[96.32898,4.9218],[96.32858,4.9214],[96.32847,4.92006],[96.3288,4.91838],[96.32885,4.91715],[96.32843,4.91541],[96.32834,4.91399],[96.32782,4.91278],[96.3268,4.91167],[96.32529,4.91056],[96.3245,4.91014],[96.32161,4.90917],[96.32007,4.90955],[96.31868,4.90934],[96.31754,4.90959],[96.31688,4.91003],[96.31649,4.91054],[96.31548,4.91445],[96.31461,4.91587],[96.31439,4.91772],[96.31349,4.9193],[96.31296,4.91981],[96.31223,4.92019],[96.31125,4.92041],[96.30897,4.92046],[96.30753,4.92027],[96.30703,4.92],[96.30497,4.91833],[96.30083,4.91605],[96.29864,4.91414],[96.29833,4.91408],[96.29698,4.91453],[96.29637,4.91447],[96.29545,4.91395],[96.29324,4.91318],[96.29123,4.9122],[96.2903,4.91205],[96.28987,4.91173],[96.28931,4.91101],[96.28907,4.91031],[96.28887,4.90667],[96.28861,4.90607],[96.28791,4.90527],[96.28764,4.90463],[96.28774,4.90368],[96.28847,4.90273],[96.28855,4.90239],[96.28792,4.90122],[96.28554,4.89852],[96.28471,4.89807],[96.28397,4.89805],[96.2835,4.89827],[96.28273,4.89916],[96.28216,4.89944],[96.28149,4.90096],[96.28104,4.90304],[96.28035,4.90407],[96.27992,4.90522],[96.2795,4.90591],[96.27892,4.90638],[96.27706,4.90724],[96.27665,4.9076],[96.27591,4.90913],[96.27506,4.91047],[96.2742,4.91097],[96.27066,4.91208],[96.2658,4.91288],[96.26522,4.91276],[96.2633,4.91181],[96.26105,4.90977],[96.26021,4.90829],[96.25987,4.90799],[96.25483,4.90801],[96.2537,4.90834],[96.25229,4.90903],[96.24995,4.91215],[96.24973,4.91359],[96.24948,4.91408],[96.24815,4.91514],[96.24496,4.9186],[96.24382,4.92006],[96.24344,4.92122],[96.24396,4.92302],[96.24445,4.92405],[96.24442,4.92466],[96.24327,4.92637],[96.24188,4.92974],[96.24132,4.93068],[96.23968,4.93473],[96.23958,4.93591],[96.24001,4.93778],[96.23938,4.9386],[96.23882,4.94001],[96.23799,4.94117],[96.23683,4.94379],[96.23641,4.94415],[96.23485,4.94495],[96.23451,4.94528],[96.23299,4.94761],[96.23271,4.94778],[96.23047,4.94801],[96.22924,4.9484],[96.22785,4.95006],[96.22669,4.95092],[96.22566,4.95241],[96.2247,4.95316],[96.22373,4.95426],[96.22333,4.95452],[96.22207,4.95456],[96.22149,4.95437],[96.22014,4.95285],[96.21937,4.9523],[96.21839,4.95213],[96.21749,4.9523],[96.21656,4.95271],[96.21495,4.95424],[96.21382,4.95472],[96.21362,4.95522],[96.2132,4.95562],[96.21125,4.95667],[96.21011,4.9575],[96.20868,4.95786],[96.20562,4.95822],[96.20177,4.9589],[96.2005,4.95961],[96.19947,4.95998],[96.19616,4.96064],[96.19485,4.96104],[96.19307,4.96208],[96.19097,4.96409],[96.19058,4.96462],[96.19037,4.96525],[96.19019,4.96799],[96.18979,4.96912],[96.1891,4.96987],[96.18798,4.97151],[96.18742,4.97194],[96.18594,4.97253],[96.18519,4.97303],[96.18403,4.97452],[96.1833,4.9752],[96.18324,4.9757],[96.18364,4.97731],[96.1834,4.97889],[96.18313,4.97942],[96.18174,4.9809],[96.18077,4.98451],[96.18014,4.98566],[96.1792,4.98688],[96.17861,4.98728],[96.17806,4.98744],[96.17646,4.98748],[96.17515,4.98708],[96.1738,4.98625],[96.17301,4.98604],[96.17239,4.98604],[96.16598,4.98944],[96.16327,4.98988],[96.16227,4.99028],[96.16133,4.99101],[96.16063,4.99214],[96.15887,4.99442],[96.15743,4.99514],[96.156,4.99625],[96.15549,4.99707],[96.15504,4.9983],[96.15463,4.99885],[96.15356,4.99958],[96.15041,5.00264],[96.14967,5.00306],[96.14798,5.00362],[96.14744,5.00399],[96.1466,5.0056],[96.14549,5.00694],[96.14304,5.00762],[96.14258,5.00794],[96.14171,5.00914],[96.14074,5.00986],[96.13659,5.0114],[96.13526,5.01249],[96.13338,5.01319],[96.1318,5.01417],[96.13021,5.01556],[96.13077,5.01679],[96.1316,5.01783],[96.13192,5.01859],[96.13186,5.0202],[96.13132,5.02111],[96.1286,5.02129],[96.12776,5.02153],[96.12616,5.02224],[96.12567,5.02259],[96.12447,5.02396],[96.12265,5.025],[96.12068,5.02645],[96.1193,5.02636],[96.11656,5.02572],[96.11284,5.0253],[96.11221,5.02485],[96.11146,5.02336],[96.11114,5.02308],[96.11069,5.02298],[96.11007,5.02316],[96.10921,5.02379],[96.10841,5.02503],[96.1079,5.02608],[96.10757,5.02657],[96.10704,5.02702],[96.10631,5.02736],[96.1055,5.02755],[96.10382,5.02771],[96.10235,5.0284],[96.09935,5.0289],[96.09771,5.02833],[96.09743,5.02742],[96.09659,5.02628],[96.0962,5.02604],[96.09484,5.02613],[96.09215,5.02677],[96.08994,5.02622],[96.08888,5.0258],[96.08789,5.02508],[96.08618,5.02333],[96.08489,5.02233],[96.08395,5.02128],[96.08288,5.0207],[96.08118,5.02037],[96.07709,5.02032],[96.07314,5.01944],[96.07132,5.01861],[96.07093,5.01903],[96.06891,5.02],[96.06565,5.02121],[96.06369,5.02251],[96.06307,5.02306],[96.06229,5.02394],[96.06137,5.02558],[96.06082,5.0261],[96.05954,5.02681],[96.05765,5.02754],[96.05611,5.02858],[96.05495,5.02876],[96.05049,5.02889],[96.04957,5.02833],[96.04619,5.02712],[96.04382,5.02694],[96.04291,5.02723],[96.04078,5.02903],[96.03938,5.03042],[96.03825,5.03236],[96.0369,5.0332],[96.03584,5.03452],[96.03448,5.03576],[96.03288,5.03653],[96.03245,5.03687],[96.03097,5.04085],[96.03051,5.04146],[96.0292,5.04193],[96.02526,5.04224],[96.0231,5.04289],[96.01972,5.04334],[96.01788,5.04397],[96.01701,5.04442],[96.0165,5.04517],[96.01605,5.04662],[96.01507,5.04879],[96.01313,5.05083],[96.01202,5.05167],[96.00966,5.05313],[96.00761,5.05472],[96.00446,5.0575],[96.00332,5.05921],[95.99966,5.06139],[95.99204,5.06094],[95.99144,5.06082],[95.9906,5.06043],[95.99001,5.06035],[95.98789,5.05847],[95.98208,5.05583],[95.98153,5.05532],[95.9806,5.05392],[95.97999,5.05347],[95.9788,5.05298],[95.97793,5.05298],[95.97684,5.05334],[95.976,5.05403],[95.97534,5.0543],[95.97404,5.05452],[95.96988,5.05474],[95.96784,5.0556],[95.96425,5.05567],[95.96287,5.05548],[95.96216,5.05555],[95.96181,5.05573],[95.96088,5.05665],[95.95955,5.05764],[95.95767,5.05833],[95.95641,5.05906],[95.95591,5.0597],[95.95533,5.06097],[95.95473,5.0619],[95.95374,5.06264],[95.95236,5.06333],[95.95101,5.06472],[95.95046,5.06511],[95.9488,5.06583],[95.94553,5.06647],[95.94249,5.06736],[95.93924,5.06917],[95.93655,5.06986],[95.93535,5.07039],[95.93493,5.07014],[95.93324,5.06847],[95.93142,5.06764],[95.93056,5.06694],[95.92994,5.06617],[95.92955,5.06544],[95.92896,5.06331],[95.92862,5.06256],[95.92764,5.06194],[95.92618,5.06028],[95.92436,5.05875],[95.92281,5.05799],[95.92193,5.05798],[95.92021,5.05834],[95.9199,5.05882],[95.91868,5.06],[95.91644,5.06181],[95.9149,5.06248],[95.91255,5.06314],[95.91067,5.06417],[95.9083,5.06501],[95.90723,5.06423],[95.90494,5.06338],[95.90402,5.06245],[95.90357,5.06218],[95.90196,5.06167],[95.8991,5.0603],[95.89836,5.06021],[95.89748,5.06083],[95.89628,5.06146],[95.8948,5.0631],[95.8941,5.06498],[95.89327,5.06613],[95.8923,5.06881],[95.89195,5.07099],[95.89168,5.07181],[95.89068,5.07264],[95.88835,5.07403],[95.88724,5.07489],[95.88547,5.07736],[95.88374,5.07827],[95.88326,5.0787],[95.88175,5.08057],[95.88082,5.08143],[95.88036,5.0821],[95.87938,5.08449],[95.87827,5.08573],[95.87741,5.08708],[95.87692,5.08752],[95.87587,5.0878],[95.87545,5.0882],[95.87506,5.09038],[95.87463,5.09105],[95.87134,5.09174],[95.8702,5.09162],[95.86997,5.09143],[95.86896,5.08962],[95.86694,5.08831],[95.86584,5.08698],[95.86513,5.08669],[95.86389,5.08656],[95.86217,5.08677],[95.86035,5.08629],[95.85859,5.08624],[95.85695,5.08648],[95.85549,5.08705],[95.85338,5.08716],[95.85008,5.0891],[95.84759,5.08937],[95.84622,5.08981],[95.84548,5.09028],[95.84477,5.0911],[95.84384,5.09166],[95.84089,5.09224],[95.84004,5.09259],[95.83953,5.09309],[95.83889,5.09432],[95.83827,5.09594],[95.83743,5.09889],[95.83688,5.09972],[95.83632,5.10024],[95.83563,5.10164],[95.83465,5.10264],[95.83386,5.1032],[95.83314,5.10347],[95.83022,5.10417],[95.82992,5.10395],[95.82855,5.10212],[95.82744,5.10092],[95.8271,5.10001],[95.82714,5.09902],[95.82776,5.09652],[95.8279,5.09264],[95.82828,5.0903],[95.82823,5.08984],[95.82687,5.08774],[95.82526,5.08676],[95.82459,5.0857],[95.82395,5.08508],[95.82147,5.08411],[95.8198,5.08426],[95.81911,5.08414],[95.81701,5.0825],[95.81648,5.08225],[95.81561,5.08215],[95.81442,5.08233],[95.81285,5.08292],[95.80874,5.08597],[95.80805,5.08636],[95.80736,5.08648],[95.80623,5.08624],[95.80529,5.08566],[95.80257,5.08278],[95.80115,5.08152],[95.79846,5.08064],[95.79458,5.07889],[95.7916,5.07792],[95.78848,5.07648],[95.7841,5.07542],[95.78053,5.07403],[95.77972,5.07342],[95.77931,5.0729],[95.77875,5.07129],[95.77818,5.06821],[95.7783,5.06771],[95.77908,5.06618],[95.77919,5.06542],[95.77908,5.06472],[95.77812,5.06255],[95.77769,5.06225],[95.77731,5.06216],[95.77217,5.06204],[95.77016,5.06141],[95.76907,5.06129],[95.76716,5.06139],[95.76676,5.06208],[95.76492,5.0632],[95.76327,5.06539],[95.76262,5.06597],[95.76074,5.06693],[95.75771,5.06715],[95.7568,5.0674],[95.75529,5.06897],[95.75389,5.07],[95.75128,5.07076],[95.75024,5.07124],[95.74896,5.07276],[95.74858,5.07305],[95.74531,5.0729],[95.74339,5.07298],[95.74091,5.07328],[95.73987,5.07368],[95.73894,5.07332],[95.73783,5.07332],[95.73654,5.07382],[95.73397,5.07521],[95.73109,5.07603],[95.72773,5.07662],[95.72467,5.07759],[95.72121,5.07789],[95.71978,5.07813],[95.71899,5.07841],[95.71674,5.07989],[95.71538,5.08062],[95.71433,5.08168],[95.7117,5.08356],[95.71108,5.0842],[95.71012,5.08563],[95.70947,5.0862],[95.70826,5.08676],[95.70518,5.08745],[95.70462,5.08771],[95.70337,5.089],[95.70236,5.09063],[95.70182,5.09178],[95.70122,5.0926],[95.70031,5.09309],[95.69812,5.09368],[95.69726,5.09412],[95.6971,5.09455],[95.69764,5.09638],[95.69792,5.09851],[95.69799,5.10027],[95.69774,5.10055],[95.69549,5.10092],[95.69329,5.1005],[95.6916,5.10058],[95.68808,5.10153],[95.68627,5.1032],[95.68363,5.10424],[95.68328,5.10424],[95.68255,5.10375],[95.6816,5.1035],[95.67958,5.104],[95.67733,5.10249],[95.67591,5.10108],[95.67467,5.09879],[95.67438,5.09667],[95.67186,5.09709],[95.67026,5.09819],[95.66837,5.09906],[95.66745,5.09997],[95.66552,5.10097],[95.66378,5.10216],[95.66359,5.10258],[95.66344,5.10386],[95.66359,5.1063],[95.66326,5.10685],[95.66282,5.10719],[95.662,5.10729],[95.66007,5.10669],[95.65872,5.1066],[95.65809,5.10684],[95.65736,5.1076],[95.65694,5.10785],[95.65531,5.1077],[95.65437,5.10819],[95.65166,5.10889],[95.651,5.1093],[95.65031,5.10956],[95.64695,5.11011],[95.6465,5.10998],[95.64604,5.10945],[95.64445,5.11139],[95.6439,5.11186],[95.6415,5.11313],[95.63965,5.11335],[95.63761,5.11484],[95.6373,5.11553],[95.6366,5.11813],[95.63549,5.1208],[95.63492,5.1218],[95.63375,5.12291],[95.63291,5.12548],[95.63233,5.12635],[95.6316,5.12805],[95.6323,5.12869],[95.63381,5.13109],[95.63412,5.1337],[95.63577,5.13677],[95.6368,5.1377],[95.63785,5.13937],[95.63835,5.13986],[95.63943,5.14042],[95.64161,5.14111],[95.64237,5.14153],[95.64271,5.14198],[95.6441,5.1448],[95.64493,5.14556],[95.64424,5.14644],[95.64396,5.14713],[95.64329,5.14995],[95.64306,5.15267],[95.64282,5.15324],[95.64038,5.15529],[95.63966,5.15639],[95.63879,5.15597],[95.63792,5.15576],[95.63675,5.15585],[95.63384,5.15694],[95.6329,5.15764],[95.63105,5.15861],[95.62956,5.15972],[95.62687,5.16055],[95.62467,5.16236],[95.62202,5.16504],[95.62177,5.16615],[95.62201,5.16791],[95.622,5.16909],[95.62149,5.17199],[95.62223,5.17566],[95.62214,5.17707],[95.62188,5.17779],[95.62079,5.17972],[95.62057,5.18082],[95.61865,5.18361],[95.61757,5.1848],[95.6169,5.18586],[95.61658,5.1875],[95.61604,5.18861],[95.61386,5.18917],[95.60947,5.19069],[95.60872,5.19111],[95.60782,5.19194],[95.60678,5.19264],[95.60302,5.19375],[95.59914,5.19455],[95.59869,5.19443],[95.59754,5.19378],[95.59669,5.19397],[95.5947,5.19412],[95.59322,5.19479],[95.59078,5.19488],[95.59014,5.19502],[95.58779,5.19681],[95.58745,5.19725],[95.58721,5.19828],[95.58696,5.20103],[95.58632,5.20208],[95.58549,5.20496],[95.58493,5.20619],[95.58394,5.20708],[95.58164,5.20819],[95.58011,5.20878],[95.57969,5.20917],[95.57938,5.20972],[95.57666,5.20992],[95.57571,5.21014],[95.5744,5.21056],[95.57285,5.21143],[95.57231,5.21132],[95.57125,5.21048],[95.5704,5.21035],[95.56907,5.20993],[95.56812,5.20993],[95.56623,5.21042],[95.564,5.21165],[95.56265,5.21174],[95.56147,5.21136],[95.56083,5.21087],[95.55946,5.20815],[95.55829,5.20736],[95.55706,5.20601],[95.55653,5.20576],[95.55569,5.20586],[95.55424,5.2075],[95.55295,5.20832],[95.5527,5.20861],[95.55147,5.2084],[95.5507,5.20805],[95.54912,5.20647],[95.54846,5.20615],[95.54494,5.20583],[95.54453,5.20638],[95.54321,5.20755],[95.54159,5.21016],[95.5398,5.21132],[95.53875,5.21288],[95.53809,5.21339],[95.53234,5.21504],[95.52884,5.21528],[95.52734,5.21344],[95.52677,5.21326],[95.52477,5.21424],[95.52277,5.21604],[95.51954,5.21674],[95.51881,5.21715],[95.51795,5.21795],[95.51724,5.21829],[95.51535,5.21835],[95.51067,5.21751],[95.50918,5.21772],[95.50821,5.21821],[95.50743,5.21927],[95.5067,5.22],[95.50539,5.22083],[95.50441,5.22167],[95.50324,5.22223],[95.50216,5.22315],[95.50072,5.22352],[95.49884,5.22361],[95.49865,5.22312],[95.49825,5.22264],[95.4969,5.22181],[95.49493,5.21986],[95.49369,5.21889],[95.49254,5.21751],[95.49022,5.21569],[95.48881,5.21378],[95.48681,5.21264],[95.48443,5.21206],[95.48324,5.21164],[95.48146,5.21177],[95.47941,5.21156],[95.47335,5.21239],[95.47075,5.21313],[95.46975,5.21313],[95.4673,5.21285],[95.46608,5.2125],[95.46399,5.21153],[95.46291,5.2107],[95.46213,5.21028],[95.4618,5.21039],[95.46136,5.21087],[95.46056,5.21324],[95.45993,5.21433],[95.45731,5.2161],[95.45604,5.21721],[95.45512,5.21826],[95.45377,5.2191],[95.45162,5.22002],[95.44839,5.21998],[95.44488,5.22118],[95.4435,5.22196],[95.43921,5.22285],[95.43782,5.22354],[95.43631,5.22466],[95.4355,5.22551],[95.43508,5.22562],[95.43078,5.22477],[95.42943,5.22397],[95.42855,5.22381],[95.42725,5.22387],[95.42612,5.2241],[95.42508,5.22451],[95.42354,5.22534],[95.42282,5.22557],[95.42156,5.22566],[95.41907,5.22555],[95.41847,5.22499],[95.41825,5.22406],[95.41748,5.22332],[95.41476,5.22153],[95.41281,5.22069],[95.40985,5.21847],[95.40628,5.21667],[95.40362,5.21473],[95.40311,5.214],[95.40301,5.21356],[95.40314,5.21289],[95.40354,5.21223],[95.40145,5.2124],[95.40081,5.2127],[95.40013,5.21369],[95.39941,5.21425],[95.39906,5.21472],[95.39903,5.21519],[95.39945,5.21595],[95.39941,5.2173],[95.39909,5.21891],[95.39841,5.22016],[95.3981,5.22024],[95.39771,5.22003],[95.39716,5.22003],[95.39476,5.22044],[95.39372,5.22084],[95.39146,5.22371],[95.39021,5.22619],[95.38938,5.22712],[95.38855,5.22844],[95.38757,5.22953],[95.38708,5.23055],[95.387,5.23122],[95.38639,5.23216],[95.38557,5.23436],[95.38396,5.23619],[95.38355,5.23693],[95.38288,5.23906],[95.3831,5.2408],[95.38285,5.24216],[95.38254,5.24248],[95.38149,5.24268],[95.38097,5.24307],[95.38021,5.24553],[95.37869,5.24758],[95.37827,5.24833],[95.37537,5.24708],[95.37421,5.24628],[95.37113,5.2475],[95.37064,5.24786],[95.36996,5.24915],[95.36978,5.25045],[95.3696,5.25081],[95.36831,5.25156],[95.3678,5.2523],[95.36695,5.25497],[95.36672,5.25546],[95.36539,5.25725],[95.36424,5.2606],[95.36313,5.26246],[95.36205,5.26536],[95.36128,5.26611],[95.36035,5.26731],[95.3593,5.26941],[95.35668,5.2732],[95.3557,5.27437],[95.35542,5.27494],[95.35529,5.27651],[95.35493,5.27757],[95.35396,5.27861],[95.3527,5.2796],[95.35264,5.28015],[95.3528,5.28117],[95.35272,5.28159],[95.3518,5.28302],[95.35102,5.28474],[95.35009,5.28525],[95.34705,5.28611],[95.34572,5.28694],[95.34484,5.28729],[95.34346,5.28738],[95.34066,5.28709],[95.33883,5.2871],[95.33766,5.28724],[95.33689,5.28767],[95.33577,5.28917],[95.33521,5.28763],[95.33463,5.28682],[95.33406,5.28653],[95.33138,5.28578],[95.33079,5.28522],[95.3291,5.2813],[95.32841,5.27819],[95.32764,5.2768],[95.32747,5.27556],[95.3272,5.27463],[95.327,5.27431],[95.32642,5.2739],[95.32443,5.27335],[95.32185,5.27314],[95.31714,5.2735],[95.31422,5.27343],[95.31057,5.2725],[95.30855,5.27168],[95.30619,5.27122],[95.30487,5.27077],[95.30442,5.27077],[95.30299,5.27111],[95.3024,5.27063],[95.30132,5.27028],[95.3012,5.2706],[95.30081,5.27094],[95.29852,5.27167],[95.2976,5.27227],[95.29718,5.27306],[95.29591,5.27632],[95.29468,5.2775],[95.29285,5.27833],[95.29087,5.27903],[95.28902,5.28],[95.28647,5.28082],[95.28517,5.28105],[95.28258,5.28124],[95.27812,5.28114],[95.27592,5.28062],[95.27328,5.27946],[95.27151,5.27819],[95.26885,5.27667],[95.26557,5.27508],[95.26457,5.27498],[95.26247,5.27538],[95.26049,5.27528],[95.26041,5.27063],[95.26084,5.26788],[95.26042,5.26651],[95.25974,5.26522],[95.25958,5.26423],[95.25974,5.26373],[95.26073,5.26222],[95.26078,5.26204],[95.26062,5.26174],[95.2576,5.26005],[95.25733,5.25961],[95.25724,5.25895],[95.257,5.25833],[95.25646,5.25801],[95.25558,5.25814],[95.25493,5.25918],[95.25375,5.25991],[95.25315,5.26007],[95.25162,5.25995],[95.25051,5.26073],[95.24945,5.26095],[95.24729,5.26087],[95.24598,5.26036],[95.24514,5.2602],[95.23821,5.26035],[95.23698,5.26009],[95.23633,5.25938],[95.23575,5.25776],[95.23586,5.25732],[95.23641,5.25669],[95.23662,5.25625],[95.23691,5.25549],[95.23682,5.25536],[95.23691,5.25465],[95.23732,5.25377],[95.23731,5.2533],[95.23675,5.25183],[95.23649,5.25172],[95.23622,5.25184],[95.23564,5.25278],[95.23564,5.25313],[95.23597,5.2541],[95.23542,5.25533],[95.23527,5.25557],[95.23501,5.25563],[95.23474,5.25557],[95.2346,5.25539],[95.23416,5.25543],[95.23419,5.25681],[95.23375,5.25734],[95.23358,5.25795],[95.23367,5.25848],[95.23405,5.25874],[95.23479,5.25883],[95.23502,5.25898],[95.23567,5.25988],[95.23538,5.26021],[95.2355,5.26088],[95.23561,5.26106],[95.23614,5.26117],[95.23679,5.26158],[95.23708,5.26199],[95.23711,5.2629],[95.23729,5.26302],[95.23779,5.2629],[95.2382,5.26325],[95.23852,5.26325],[95.23896,5.26249],[95.23986,5.26163],[95.24039,5.26183],[95.24098,5.26245],[95.24186,5.26309],[95.24286,5.26335],[95.24447,5.26341],[95.2449,5.26467],[95.24519,5.2649],[95.24575,5.2651],[95.24627,5.2649],[95.24654,5.26498],[95.24677,5.26534],[95.2471,5.26533],[95.24721,5.26545],[95.2473,5.26574],[95.24707,5.26642],[95.24693,5.26754],[95.24682,5.26956],[95.24633,5.27168],[95.24552,5.27391],[95.24218,5.27874],[95.24157,5.27918],[95.24069,5.28039],[95.23973,5.28128],[95.23944,5.28225],[95.23921,5.28257],[95.239,5.28266],[95.23821,5.2826],[95.23569,5.28361],[95.23455,5.28373],[95.23405,5.28397],[95.23382,5.28444],[95.23308,5.28488],[95.23196,5.28491],[95.23029,5.28492],[95.22953,5.28422],[95.22958,5.2829],[95.22938,5.28231],[95.22902,5.28216],[95.22882,5.28187],[95.22806,5.28152],[95.2277,5.28155],[95.22721,5.28123],[95.22526,5.27895],[95.22362,5.27796],[95.22347,5.27754],[95.22345,5.27584],[95.22357,5.27549],[95.22333,5.2734],[95.22262,5.27253],[95.22039,5.27077],[95.22006,5.27089],[95.21936,5.27166],[95.21811,5.27245],[95.21785,5.27272],[95.21753,5.27363],[95.21668,5.27463],[95.21551,5.27543],[95.21501,5.27555],[95.21454,5.27543],[95.2134,5.27488],[95.21276,5.2747],[95.21264,5.27506],[95.21317,5.27582],[95.21326,5.27629],[95.21349,5.27635],[95.21387,5.27602],[95.21414,5.27602],[95.21505,5.2771],[95.21514,5.27752],[95.21573,5.27857],[95.2162,5.2803],[95.21627,5.28174],[95.21653,5.28218],[95.21747,5.28273],[95.21774,5.28311],[95.21841,5.28323],[95.21873,5.28349],[95.21874,5.28434],[95.21859,5.28464],[95.21889,5.28514],[95.21903,5.2859],[95.21901,5.28628],[95.21863,5.28678],[95.21908,5.28722],[95.22009,5.29001],[95.2194,5.29298],[95.21885,5.29703],[95.21846,5.29832],[95.21829,5.29829],[95.21788,5.29915],[95.21733,5.29968],[95.21704,5.30038],[95.21634,5.30124],[95.21604,5.3018],[95.21608,5.30315],[95.21591,5.30382],[95.21511,5.30403],[95.21418,5.30365],[95.21388,5.30365],[95.21377,5.30383],[95.21418,5.30427],[95.21409,5.30453],[95.21427,5.30494],[95.21444,5.30471],[95.21474,5.3048],[95.21503,5.30529],[95.21515,5.30606],[95.21586,5.30638],[95.21606,5.30679],[95.2163,5.30755],[95.21673,5.31019],[95.21668,5.31101],[95.2168,5.31119],[95.21759,5.31139],[95.21785,5.31124],[95.21805,5.31086],[95.21852,5.31057],[95.21993,5.31065],[95.22042,5.31027],[95.22072,5.31024],[95.22151,5.31067],[95.22298,5.31205],[95.22366,5.31378],[95.2236,5.31463],[95.22308,5.31449],[95.22278,5.31466],[95.22279,5.31513],[95.22314,5.31598],[95.22285,5.31657],[95.22171,5.3164],[95.22136,5.31661],[95.22124,5.31714],[95.22089,5.31728],[95.22116,5.31787],[95.22142,5.31804],[95.22224,5.31819],[95.22243,5.31898],[95.22279,5.31919],[95.22287,5.31951],[95.22279,5.3198],[95.22238,5.32016],[95.22153,5.32033],[95.22121,5.3206],[95.22059,5.32019],[95.22045,5.32025],[95.2201,5.32104],[95.21986,5.32107],[95.21931,5.32067],[95.21884,5.32055],[95.21825,5.32073],[95.21811,5.32117],[95.2182,5.32196],[95.2184,5.32214],[95.21884,5.3219],[95.21919,5.32202],[95.21943,5.32254],[95.21911,5.32349],[95.21911,5.32372],[95.21938,5.32407],[95.21964,5.32407],[95.22019,5.32319],[95.22051,5.3231],[95.22098,5.32272],[95.22119,5.32219],[95.22139,5.32207],[95.22174,5.32213],[95.22256,5.32095],[95.22355,5.32036],[95.22458,5.31991],[95.22525,5.31976],[95.22551,5.31953],[95.22565,5.31838],[95.2258,5.31821],[95.22676,5.31764],[95.2282,5.31708],[95.22899,5.31643],[95.23118,5.31613],[95.23224,5.31624],[95.23356,5.31689],[95.23467,5.31767],[95.23603,5.31905],[95.23807,5.32227],[95.23893,5.32459],[95.23908,5.32556],[95.23844,5.32559],[95.23797,5.32594],[95.23792,5.32688],[95.23824,5.32776],[95.23824,5.32812],[95.23786,5.32876],[95.23775,5.33],[95.23737,5.33023],[95.23617,5.32991],[95.23458,5.33086],[95.23361,5.33113],[95.23264,5.33157],[95.23229,5.33207],[95.23127,5.33284],[95.2306,5.3336],[95.23028,5.33469],[95.2304,5.33572],[95.23011,5.33596],[95.23003,5.33666],[95.22968,5.33716],[95.22965,5.33757],[95.22872,5.33881],[95.22828,5.33963],[95.22793,5.33996],[95.2267,5.34043],[95.2265,5.34075],[95.22645,5.34122],[95.22581,5.34146],[95.2247,5.3422],[95.22385,5.34258],[95.22297,5.3425],[95.22256,5.34274],[95.22254,5.34456],[95.22278,5.34479],[95.22345,5.34488],[95.22462,5.34431],[95.22521,5.34428],[95.2265,5.34475],[95.22694,5.34519],[95.22738,5.34639],[95.22803,5.34727],[95.22806,5.34794],[95.22777,5.34821],[95.22774,5.34865],[95.22833,5.34923],[95.22848,5.34985],[95.22839,5.35029],[95.22793,5.35123],[95.22818,5.35188],[95.2278,5.35252],[95.22783,5.35329],[95.22931,5.35625],[95.22928,5.3566],[95.22954,5.35733],[95.22908,5.35804],[95.22914,5.35822],[95.22949,5.35892],[95.23052,5.35956],[95.2307,5.36065],[95.23061,5.36144],[95.23073,5.36156],[95.23099,5.36135],[95.23152,5.36029],[95.23175,5.35888],[95.23165,5.35724],[95.23197,5.35683],[95.23209,5.35642],[95.23288,5.35618],[95.2337,5.3562],[95.23446,5.35544],[95.2349,5.35479],[95.23507,5.35335],[95.23471,5.35268],[95.23459,5.35174],[95.23409,5.35127],[95.23409,5.34962],[95.23417,5.34918],[95.23446,5.34892],[95.23455,5.34792],[95.23425,5.34681],[95.23425,5.34616],[95.23524,5.34369],[95.23602,5.34275],[95.23668,5.34166],[95.2375,5.34145],[95.23843,5.34048],[95.24041,5.33721],[95.24219,5.33544],[95.24287,5.33541],[95.24377,5.33488],[95.24407,5.335],[95.24433,5.33517],[95.24472,5.33617],[95.24604,5.33748],[95.2461,5.33781],[95.24487,5.33863],[95.24376,5.34002],[95.24333,5.34102],[95.2424,5.34237],[95.24217,5.34537],[95.24185,5.34581],[95.24179,5.34648],[95.24115,5.34681],[95.24098,5.34725],[95.24101,5.34869],[95.2404,5.34916],[95.24031,5.3496],[95.24049,5.35025],[95.24081,5.35078],[95.24152,5.35118],[95.24175,5.35154],[95.24178,5.35171],[95.24164,5.35189],[95.24173,5.35212],[95.24208,5.35242],[95.24266,5.35564],[95.24296,5.35576],[95.24328,5.35549],[95.24351,5.35567],[95.2444,5.3569],[95.24454,5.35731],[95.24469,5.35828],[95.24499,5.35913],[95.24499,5.35954],[95.24461,5.36016],[95.24459,5.36069],[95.24574,5.36315],[95.24624,5.36385],[95.24637,5.36435],[95.24579,5.36518],[95.2457,5.36617],[95.24635,5.36708],[95.24697,5.36755],[95.24726,5.36752],[95.24863,5.36599],[95.24898,5.36581],[95.24963,5.36584],[95.25092,5.3673],[95.25157,5.36885],[95.25196,5.3705],[95.25226,5.37208],[95.25224,5.37378],[95.25237,5.37537],[95.25223,5.37596],[95.25229,5.37678],[95.25271,5.37901],[95.25269,5.38259],[95.25243,5.38365],[95.25165,5.38979],[95.2516,5.39155],[95.2508,5.39478],[95.25029,5.39866],[95.2505,5.39963],[95.25045,5.40075],[95.2498,5.40154],[95.24928,5.40328],[95.24885,5.40387],[95.24839,5.40692],[95.24641,5.41345],[95.24582,5.41409],[95.24504,5.41621],[95.2449,5.4173],[95.24461,5.41824],[95.24276,5.42253],[95.2416,5.42489],[95.24043,5.42642],[95.23967,5.42683],[95.23883,5.42772],[95.23786,5.42813],[95.23722,5.42801],[95.23683,5.42807],[95.23598,5.4279],[95.2356,5.4277],[95.23566,5.4274],[95.23601,5.42729],[95.23601,5.4269],[95.23562,5.42567],[95.23536,5.42538],[95.23501,5.42526],[95.23387,5.42709],[95.23364,5.42788],[95.23385,5.42829],[95.23429,5.4285],[95.23433,5.42908],[95.23407,5.42976],[95.23261,5.42997],[95.23232,5.43035],[95.23194,5.43135],[95.23106,5.43203],[95.2306,5.43271],[95.23083,5.43309],[95.23118,5.43335],[95.23159,5.43338],[95.2323,5.43297],[95.23274,5.43293],[95.23465,5.43457],[95.23594,5.43507],[95.23624,5.43642],[95.23612,5.43674],[95.23638,5.43715],[95.23688,5.43697],[95.2372,5.43662],[95.23753,5.43653],[95.23785,5.43667],[95.2385,5.43744],[95.23901,5.43925],[95.2396,5.43955],[95.23975,5.43978],[95.23981,5.44016],[95.23923,5.44107],[95.23926,5.44151],[95.23982,5.44198],[95.2402,5.44186],[95.24034,5.44201],[95.24046,5.44224],[95.23994,5.44286],[95.24014,5.44324],[95.24038,5.44336],[95.24114,5.44292],[95.24143,5.44306],[95.24287,5.44482],[95.24308,5.44538],[95.24302,5.4457],[95.24259,5.44617],[95.24259,5.44641],[95.24271,5.44752],[95.24297,5.44831],[95.24267,5.44958],[95.24194,5.44984],[95.24153,5.44973],[95.2396,5.44976],[95.23922,5.45009],[95.23893,5.45185],[95.23899,5.45215],[95.23925,5.45235],[95.23966,5.45185],[95.23989,5.4507],[95.24004,5.45056],[95.24057,5.45097],[95.24227,5.45061],[95.24262,5.45066],[95.24276,5.45087],[95.24297,5.45178],[95.24344,5.45181],[95.24336,5.45228],[95.24353,5.45239],[95.244,5.45198],[95.24418,5.45213],[95.24462,5.45403],[95.24449,5.45715],[95.24364,5.46061],[95.24311,5.46132],[95.243,5.46314],[95.24283,5.46373],[95.24251,5.4647],[95.24143,5.46702],[95.2412,5.46785],[95.24002,5.46982],[95.23897,5.47082],[95.23733,5.47191],[95.2371,5.47221],[95.23666,5.47312],[95.23632,5.47435],[95.23588,5.47497],[95.23527,5.47647],[95.23519,5.47862],[95.23471,5.47973],[95.23401,5.48068],[95.23322,5.4813],[95.2324,5.48156],[95.23155,5.48159],[95.23088,5.48263],[95.2298,5.48328],[95.22872,5.48416],[95.22755,5.48469],[95.22705,5.48511],[95.22712,5.48587],[95.22779,5.48666],[95.22832,5.48777],[95.22891,5.48815],[95.22909,5.48871],[95.22944,5.48912],[95.2299,5.49073],[95.2299,5.49111],[95.22959,5.49238],[95.22971,5.49364],[95.22942,5.49526],[95.22898,5.49611],[95.2284,5.49676],[95.2282,5.49673],[95.22793,5.49644],[95.22746,5.49632],[95.22726,5.4965],[95.22721,5.49838],[95.22706,5.49899],[95.22677,5.4992],[95.2263,5.49923],[95.22434,5.49906],[95.22152,5.49802],[95.21973,5.49817],[95.21947,5.49838],[95.21868,5.49829],[95.21786,5.49879],[95.2176,5.49909],[95.21643,5.4993],[95.21615,5.50006],[95.21548,5.50009],[95.21512,5.49974],[95.21474,5.49977],[95.21419,5.50063],[95.21121,5.50255],[95.211,5.50284],[95.21095,5.50346],[95.21077,5.50378],[95.21013,5.50408],[95.2099,5.50455],[95.21075,5.50519],[95.21089,5.50546],[95.21072,5.50642],[95.20982,5.50842],[95.20962,5.50866],[95.20927,5.50872],[95.2088,5.50931],[95.20854,5.50996],[95.20721,5.5121],[95.20584,5.51387],[95.20508,5.51434],[95.20494,5.51493],[95.20456,5.51487],[95.20453,5.51523],[95.20438,5.5154],[95.2038,5.51588],[95.20353,5.51594],[95.20234,5.51735],[95.20219,5.51805],[95.20173,5.51853],[95.20152,5.51935],[95.201,5.51979],[95.20049,5.52097],[95.2002,5.52115],[95.19964,5.52121],[95.19768,5.52115],[95.19709,5.52139],[95.19683,5.52189],[95.19663,5.52427],[95.19681,5.52497],[95.19667,5.5253],[95.19553,5.52627],[95.19468,5.52645],[95.19439,5.52666],[95.19424,5.52722],[95.19477,5.52807],[95.19577,5.52841],[95.19634,5.52897],[95.1964,5.52932],[95.1962,5.53041],[95.19641,5.53094],[95.19744,5.53181],[95.19823,5.53225],[95.19997,5.53354],[95.20052,5.53377],[95.20064,5.53412],[95.20059,5.53477],[95.20082,5.53512],[95.20217,5.53635],[95.20276,5.53708],[95.2037,5.53752],[95.20467,5.53746],[95.20479,5.53757],[95.20482,5.53798],[95.20514,5.53816],[95.20633,5.53942],[95.20674,5.53962],[95.20715,5.53965],[95.20789,5.54029],[95.20921,5.54073],[95.20956,5.54108],[95.20971,5.54158],[95.20954,5.54222],[95.20983,5.54305],[95.2096,5.54401],[95.20969,5.54434],[95.21013,5.54489],[95.21052,5.54624],[95.21174,5.54845],[95.21432,5.55252],[95.2145,5.55482],[95.21644,5.55783],[95.21644,5.55906],[95.21556,5.55889],[95.21467,5.5596],[95.21397,5.56101],[95.21467,5.56136],[95.21503,5.56278],[95.21574,5.5642],[95.21644,5.56508],[95.21697,5.56632],[95.21804,5.5672],[95.21928,5.56774],[95.22034,5.5695],[95.22193,5.5695],[95.22282,5.56933],[95.22512,5.56986],[95.22635,5.57057],[95.22529,5.57269],[95.22476,5.57428],[95.22605,5.5753],[95.2278,5.5753],[95.22812,5.57562],[95.22893,5.57498],[95.23036,5.57482],[95.23148,5.57434],[95.2334,5.57386],[95.23435,5.57307],[95.23579,5.57227],[95.23723,5.57163],[95.23882,5.57147],[95.23978,5.57099],[95.24074,5.56987],[95.24074,5.5686],[95.23994,5.56668],[95.2393,5.56556],[95.23598,5.56341],[95.23551,5.56011],[95.23555,5.55846],[95.236,5.55759],[95.2366,5.55713],[95.23788,5.5573],[95.23943,5.55698],[95.2414,5.55692],[95.24195,5.55669],[95.24611,5.55581],[95.2484,5.55392],[95.25109,5.55235],[95.25681,5.5504],[95.25901,5.54993],[95.26207,5.54987],[95.26344,5.55022],[95.26454,5.55026],[95.26666,5.5506],[95.26828,5.55101],[95.2709,5.55193],[95.27291,5.55291],[95.27602,5.55472],[95.27625,5.55501],[95.27826,5.5565],[95.27951,5.55685],[95.28025,5.55683],[95.28061,5.55648],[95.2815,5.55615],[95.28162,5.5555],[95.28125,5.55524],[95.28234,5.55383],[95.28245,5.55214],[95.28293,5.55176],[95.28301,5.55137],[95.28296,5.5512],[95.28213,5.55118],[95.28194,5.55107],[95.28196,5.55094],[95.28205,5.55082],[95.28249,5.55085],[95.28265,5.55068],[95.28281,5.55078],[95.28302,5.55067],[95.28243,5.54936],[95.28213,5.54906],[95.2817,5.54824],[95.28134,5.54811],[95.2813,5.54798],[95.28168,5.54767],[95.28173,5.54701],[95.28231,5.5461],[95.28263,5.54577],[95.28364,5.54519],[95.28387,5.5448],[95.28393,5.54434],[95.28316,5.54387],[95.2829,5.54336],[95.28284,5.54283],[95.28227,5.5429],[95.28213,5.54255],[95.28161,5.54225],[95.28176,5.54181],[95.28172,5.54126],[95.28122,5.54107],[95.2809,5.5403],[95.28034,5.54037],[95.27983,5.54005],[95.27971,5.53946],[95.27936,5.53919],[95.27934,5.53904],[95.27961,5.53872],[95.27963,5.53835],[95.27926,5.53853],[95.27883,5.53851],[95.2789,5.53967],[95.27875,5.54038],[95.278,5.54074],[95.27788,5.54093],[95.27639,5.54133],[95.27626,5.54128],[95.27611,5.54084],[95.2755,5.54051],[95.27511,5.54092],[95.27502,5.54164],[95.27462,5.54202],[95.2741,5.54186],[95.27391,5.54123],[95.27401,5.54081],[95.27395,5.54024],[95.27413,5.53981],[95.27404,5.53896],[95.27496,5.53718],[95.27484,5.53675],[95.27444,5.53652],[95.27453,5.53621],[95.27471,5.53621],[95.27535,5.53667],[95.27601,5.53628],[95.2762,5.53655],[95.27595,5.53663],[95.27573,5.53689],[95.27584,5.53759],[95.27552,5.53804],[95.27546,5.53851],[95.27517,5.53862],[95.27502,5.53891],[95.27451,5.53909],[95.27448,5.53938],[95.27493,5.53961],[95.27582,5.53952],[95.27622,5.54021],[95.27689,5.54034],[95.27735,5.53984],[95.27787,5.53966],[95.27809,5.53924],[95.278,5.53838],[95.27772,5.53793],[95.2775,5.53783],[95.27717,5.53812],[95.27701,5.53809],[95.27714,5.53741],[95.27704,5.53707],[95.27745,5.53702],[95.27755,5.53745],[95.27777,5.53757],[95.27811,5.53743],[95.27866,5.53741],[95.27897,5.53676],[95.27892,5.53646],[95.2796,5.53639],[95.27971,5.5362],[95.27964,5.53602],[95.27852,5.53567],[95.27821,5.53521],[95.27826,5.53494],[95.2786,5.53425],[95.27884,5.53417],[95.2791,5.53439],[95.27901,5.53513],[95.27967,5.53537],[95.27992,5.53533],[95.27976,5.53428],[95.28005,5.53408],[95.28059,5.53419],[95.2811,5.53475],[95.28075,5.53603],[95.28089,5.53658],[95.28086,5.53708],[95.28155,5.53849],[95.28185,5.53848],[95.28204,5.53829],[95.28228,5.53831],[95.28232,5.53876],[95.28254,5.53875],[95.28299,5.53822],[95.28344,5.53807],[95.28396,5.53806],[95.2849,5.53874],[95.28497,5.53941],[95.28481,5.54005],[95.2842,5.54061],[95.28361,5.54056],[95.28342,5.5407],[95.28325,5.54112],[95.28323,5.54135],[95.28362,5.54149],[95.28441,5.54241],[95.28466,5.54255],[95.28509,5.54249],[95.28572,5.54176],[95.28612,5.54219],[95.28676,5.54175],[95.28699,5.54116],[95.28725,5.54124],[95.28784,5.54114],[95.28806,5.54063],[95.28833,5.54046],[95.28842,5.54014],[95.28843,5.5394],[95.28815,5.5389],[95.28808,5.53854],[95.28816,5.53851],[95.28884,5.53926],[95.28885,5.54008],[95.28896,5.54019],[95.28957,5.54016],[95.28954,5.54068],[95.29028,5.5408],[95.29009,5.54258],[95.28969,5.54247],[95.28949,5.54302],[95.28916,5.54299],[95.28908,5.54263],[95.28806,5.54232],[95.28775,5.54256],[95.2862,5.54267],[95.28616,5.54293],[95.28644,5.54321],[95.28649,5.54359],[95.28586,5.54385],[95.28553,5.54416],[95.28506,5.54423],[95.28495,5.54453],[95.28501,5.545],[95.28465,5.54559],[95.28466,5.54591],[95.28505,5.54664],[95.28503,5.54694],[95.28419,5.54697],[95.28398,5.54717],[95.28377,5.54782],[95.28394,5.54861],[95.28449,5.54877],[95.28473,5.54854],[95.28449,5.5484],[95.28447,5.54819],[95.28458,5.54789],[95.28484,5.54771],[95.28504,5.54919],[95.28477,5.54953],[95.28412,5.54964],[95.28301,5.54944],[95.28348,5.55027],[95.28357,5.55104],[95.28348,5.55185],[95.28365,5.55204],[95.28369,5.55232],[95.28353,5.55281],[95.28364,5.55363],[95.28416,5.5544],[95.28415,5.55453],[95.28395,5.55461],[95.28374,5.55437],[95.28345,5.55431],[95.2833,5.55459],[95.28284,5.55481],[95.28295,5.55525],[95.28346,5.55567],[95.28436,5.55676],[95.28473,5.55695],[95.28493,5.55691],[95.2855,5.5563],[95.28619,5.55621],[95.28656,5.55584],[95.28715,5.55567],[95.28825,5.55702],[95.2886,5.5581],[95.28772,5.55855],[95.28747,5.55781],[95.287,5.55758],[95.28658,5.55755],[95.28577,5.55776],[95.28505,5.55745],[95.28408,5.55741],[95.283,5.55769],[95.28297,5.55805],[95.28264,5.55853],[95.28308,5.55916],[95.28476,5.56012],[95.28724,5.56183],[95.2884,5.56278],[95.28857,5.56288],[95.28939,5.5628],[95.28994,5.56294],[95.29375,5.56526],[95.30494,5.5749],[95.30733,5.57659],[95.31201,5.58074],[95.31461,5.58349],[95.31493,5.58326],[95.31541,5.58316],[95.31572,5.58104],[95.3163,5.58025],[95.31926,5.5787],[95.32156,5.57724],[95.32211,5.57782],[95.32158,5.57837],[95.31906,5.58017],[95.31813,5.5806],[95.31745,5.58115],[95.31684,5.58175],[95.31653,5.5823],[95.31653,5.58313],[95.31666,5.58346],[95.31695,5.58361],[95.31764,5.58444],[95.31906,5.58521],[95.31979,5.58585],[95.32053,5.58608],[95.32108,5.58644],[95.32172,5.58717],[95.32223,5.58841],[95.32242,5.58933],[95.32279,5.59011],[95.32431,5.59249],[95.32527,5.5934],[95.32793,5.59481],[95.33156,5.5965],[95.33287,5.59696],[95.34729,5.60562],[95.34783,5.60514],[95.34821,5.60441],[95.34881,5.59997],[95.34873,5.59929],[95.34988,5.59416],[95.35574,5.57909],[95.35663,5.57742],[95.35841,5.57273],[95.35883,5.57277],[95.35921,5.57317],[95.36062,5.57389],[95.3581,5.57993],[95.35463,5.58908],[95.35186,5.59584],[95.35062,5.60398],[95.35045,5.60569],[95.35056,5.60623],[95.35133,5.60639],[95.35463,5.60647],[95.35536,5.60663],[95.36623,5.60976],[95.37059,5.61199],[95.37287,5.61364],[95.3734,5.61363],[95.37397,5.61395],[95.37462,5.61402],[95.37577,5.61346],[95.37634,5.6135],[95.3771,5.61414],[95.37874,5.61597],[95.37968,5.61642],[95.38235,5.61818],[95.38541,5.62063],[95.38867,5.62298],[95.3944,5.62761],[95.39606,5.62951],[95.40152,5.63476],[95.40298,5.63651],[95.40782,5.64173],[95.41235,5.64598],[95.41563,5.64831],[95.41702,5.64977],[95.41802,5.65],[95.42013,5.64986],[95.42081,5.64999],[95.42233,5.65066],[95.4242,5.65215],[95.4292,5.65491],[95.42982,5.65543],[95.43215,5.65645],[95.43386,5.65679],[95.4366,5.65688]],[[95.89151,5.44633],[95.89151,5.44633],[95.89152,5.44635],[95.89151,5.44633]],[[95.82274,5.44483],[95.82274,5.44483],[95.82275,5.44484],[95.82274,5.44483]],[[95.82215,5.44389],[95.82216,5.44389],[95.82216,5.44389],[95.82215,5.44389]],[[95.80341,5.43944],[95.80341,5.43944],[95.80341,5.43944],[95.80341,5.43944]],[[95.76769,5.43472],[95.76769,5.43472],[95.76769,5.43472],[95.76769,5.43472]],[[95.92883,5.41361],[95.92882,5.41361],[95.92884,5.41361],[95.92883,5.41361]],[[95.71822,5.39917],[95.71822,5.39917],[95.71821,5.39917],[95.71822,5.39917]],[[95.8864,5.39694],[95.8864,5.39694],[95.8864,5.39695],[95.8864,5.39694]],[[95.88021,5.38445],[95.88021,5.38445],[95.88021,5.38445],[95.88021,5.38445]],[[95.73406,5.34476],[95.73406,5.34476],[95.73404,5.34477],[95.73406,5.34476]],[[95.75152,5.34219],[95.75143,5.34216],[95.75158,5.34222],[95.75152,5.34219]],[[96.00056,5.32238],[96.00056,5.32237],[96.00056,5.32238],[96.00056,5.32238]],[[96.00333,5.2951],[96.00333,5.2951],[96.00333,5.2951],[96.00333,5.2951]],[[95.38762,5.28741],[95.38762,5.28739],[95.38762,5.28741],[95.38762,5.28741]],[[96.05771,5.28048],[96.0577,5.28046],[96.05772,5.2805],[96.05771,5.28048]],[[96.05674,5.27914],[96.05674,5.27914],[96.05675,5.27915],[96.05674,5.27914]],[[95.96714,5.27239],[95.96714,5.27239],[95.96714,5.27239],[95.96714,5.27239]],[[95.95205,5.26352],[95.95205,5.26352],[95.95205,5.26352],[95.95205,5.26352]],[[95.91726,5.23353],[95.91726,5.23353],[95.91727,5.23353],[95.91726,5.23353]],[[96.20619,5.23426],[96.20618,5.23425],[96.20619,5.23426],[96.20619,5.23426]],[[95.98827,5.22557],[95.98827,5.22556],[95.98828,5.22559],[95.98827,5.22557]],[[95.89188,5.21125],[95.89187,5.21125],[95.89188,5.21125],[95.89188,5.21125]],[[96.17942,5.2123],[96.17939,5.21228],[96.17943,5.21231],[96.17942,5.2123]],[[96.16799,5.20528],[96.16799,5.20528],[96.168,5.20528],[96.16799,5.20528]],[[95.93798,5.19909],[95.93797,5.19908],[95.93798,5.1991],[95.93798,5.19909]],[[96.16455,5.19813],[96.16455,5.19813],[96.16455,5.19813],[96.16455,5.19813]],[[95.8616,5.1925],[95.8616,5.1925],[95.8616,5.1925],[95.8616,5.1925]],[[96.14642,5.19229],[96.14647,5.19228],[96.14642,5.19229],[96.14642,5.19229]],[[95.9437,5.18447],[95.9437,5.18447],[95.94369,5.18447],[95.9437,5.18447]],[[95.94384,5.18444],[95.94386,5.18444],[95.94383,5.18444],[95.94384,5.18444]],[[96.11297,5.1725],[96.11297,5.17249],[96.11297,5.17249],[96.11297,5.1725]],[[95.88606,5.16805],[95.88607,5.16805],[95.88606,5.16806],[95.88606,5.16805]],[[96.12326,5.16501],[96.12327,5.16499],[96.12327,5.16499],[96.12326,5.16501]],[[95.78885,5.1561],[95.7889,5.15608],[95.78882,5.15611],[95.78885,5.1561]],[[96.12316,5.15761],[96.12316,5.15761],[96.12316,5.15763],[96.12316,5.15761]],[[95.78911,5.15583],[95.78913,5.15582],[95.7891,5.15584],[95.78911,5.15583]],[[95.9132,5.15385],[95.9132,5.15385],[95.9132,5.15385],[95.9132,5.15385]],[[96.12614,5.15103],[96.12614,5.15103],[96.12614,5.15105],[96.12614,5.15103]],[[96.12697,5.14309],[96.12697,5.14309],[96.12697,5.14309],[96.12697,5.14309]],[[96.30461,5.14309],[96.3046,5.14301],[96.30461,5.14309],[96.30461,5.14309]],[[96.0679,5.11618],[96.06789,5.11618],[96.0679,5.11618],[96.0679,5.11618]],[[96.12706,5.075],[96.12706,5.075],[96.12708,5.07502],[96.12706,5.075]],[[96.09852,5.05614],[96.09853,5.05613],[96.09849,5.05617],[96.09852,5.05614]]]}},{"type":"Feature","properties":{"nama":"WS ACEH MEUREDU","sumber":"WS_Aceh_Meureudu"},"geometry":{"type":"Polygon","coordinates":[[[95.15944,5.658],[95.15944,5.65754],[95.15899,5.65748],[95.15885,5.6578],[95.159,5.65811],[95.15927,5.65816],[95.15944,5.658]]]}},{"type":"Feature","properties":{"nama":"WS ACEH MEUREDU","sumber":"WS_Aceh_Meureudu"},"geometry":{"type":"Polygon","coordinates":[[[95.14897,5.66126],[95.14976,5.66126],[95.14995,5.66139],[95.15058,5.66144],[95.15123,5.66124],[95.15136,5.6609],[95.15122,5.66072],[95.15132,5.66031],[95.15204,5.65978],[95.15287,5.65993],[95.15328,5.65968],[95.15356,5.65966],[95.15417,5.6601],[95.15553,5.66028],[95.15627,5.65979],[95.1564,5.65949],[95.15658,5.65938],[95.15718,5.65967],[95.15768,5.65955],[95.15785,5.65904],[95.1574,5.65846],[95.15765,5.65751],[95.15779,5.65738],[95.15826,5.65737],[95.1585,5.65702],[95.15834,5.65558],[95.15955,5.65441],[95.15964,5.65322],[95.15984,5.65284],[95.16056,5.65261],[95.16125,5.65197],[95.16177,5.65189],[95.16235,5.65148],[95.16292,5.65237],[95.16342,5.65266],[95.16372,5.65269],[95.16492,5.65259],[95.16559,5.65182],[95.16632,5.65173],[95.16663,5.65156],[95.16675,5.65055],[95.16705,5.65002],[95.16698,5.64948],[95.16599,5.64928],[95.16491,5.64927],[95.16455,5.6491],[95.16402,5.64911],[95.16329,5.64834],[95.16263,5.64816],[95.16133,5.64812],[95.16097,5.64828],[95.16032,5.64827],[95.15988,5.64807],[95.15984,5.6473],[95.15916,5.64642],[95.1586,5.64608],[95.15837,5.64547],[95.15827,5.64284],[95.15857,5.64208],[95.15863,5.6413],[95.15888,5.64103],[95.15927,5.64008],[95.16021,5.63906],[95.16122,5.6384],[95.16185,5.63769],[95.16262,5.63753],[95.16467,5.6383],[95.16494,5.63945],[95.16553,5.6404],[95.16577,5.64057],[95.16624,5.64064],[95.16675,5.64023],[95.16724,5.64086],[95.16778,5.64107],[95.16791,5.64085],[95.1679,5.64048],[95.16759,5.63979],[95.16752,5.63927],[95.16669,5.6385],[95.16665,5.63789],[95.16609,5.63745],[95.1661,5.63706],[95.16651,5.63656],[95.16709,5.63523],[95.16753,5.63347],[95.16789,5.63272],[95.16845,5.63236],[95.16879,5.63195],[95.17002,5.63184],[95.17025,5.63157],[95.17122,5.63103],[95.17165,5.63045],[95.17174,5.62944],[95.17224,5.62884],[95.17218,5.62831],[95.172,5.62803],[95.17117,5.62743],[95.17126,5.62588],[95.17171,5.62501],[95.17474,5.62191],[95.17573,5.62126],[95.17641,5.62105],[95.17672,5.6212],[95.17705,5.62119],[95.17749,5.62098],[95.17818,5.62104],[95.17914,5.6209],[95.17963,5.62099],[95.18077,5.62009],[95.18158,5.61983],[95.18192,5.61931],[95.18203,5.61883],[95.18276,5.61876],[95.18309,5.61854],[95.18467,5.61666],[95.18533,5.61551],[95.18603,5.61528],[95.18686,5.61358],[95.18702,5.61267],[95.18782,5.61155],[95.18847,5.6111],[95.18932,5.61082],[95.19076,5.61063],[95.19132,5.61026],[95.19168,5.60981],[95.19255,5.60937],[95.19265,5.60901],[95.19199,5.60833],[95.19194,5.60814],[95.19231,5.6058],[95.19219,5.60557],[95.19181,5.60557],[95.19155,5.60577],[95.19089,5.60664],[95.18909,5.60747],[95.18871,5.6081],[95.18807,5.60848],[95.18661,5.60874],[95.1854,5.60869],[95.18448,5.60841],[95.1832,5.60838],[95.18257,5.60856],[95.18199,5.60857],[95.18134,5.60854],[95.18046,5.60828],[95.17748,5.60829],[95.17494,5.60794],[95.17124,5.60702],[95.17075,5.60679],[95.17041,5.60635],[95.16853,5.60571],[95.16806,5.60503],[95.16761,5.60462],[95.16737,5.60326],[95.16754,5.60178],[95.16806,5.60105],[95.16796,5.6007],[95.16763,5.60063],[95.16709,5.60082],[95.16656,5.60061],[95.16497,5.6006],[95.16461,5.59998],[95.16296,5.59869],[95.16309,5.5979],[95.16247,5.59797],[95.16212,5.59838],[95.16185,5.59847],[95.16162,5.59833],[95.16092,5.5984],[95.15966,5.59784],[95.15926,5.59752],[95.15797,5.59514],[95.15768,5.59503],[95.15717,5.59534],[95.15704,5.59531],[95.15657,5.59457],[95.15634,5.59442],[95.15502,5.59492],[95.15482,5.59608],[95.15444,5.59665],[95.15397,5.59598],[95.15322,5.59599],[95.15202,5.59528],[95.15125,5.5953],[95.15075,5.59464],[95.15048,5.59351],[95.15013,5.59307],[95.14996,5.59187],[95.14968,5.59162],[95.14927,5.59179],[95.14818,5.59265],[95.14756,5.59264],[95.14709,5.59289],[95.14643,5.59358],[95.1463,5.59419],[95.14591,5.59438],[95.14574,5.59471],[95.14566,5.59532],[95.14575,5.5961],[95.14548,5.59731],[95.14552,5.59773],[95.14629,5.5987],[95.14626,5.59955],[95.1469,5.60086],[95.1465,5.60163],[95.14627,5.60281],[95.14586,5.6034],[95.14378,5.6054],[95.14288,5.60578],[95.14163,5.60608],[95.14071,5.6061],[95.14022,5.60637],[95.13977,5.60641],[95.13866,5.60637],[95.13785,5.60611],[95.13753,5.60582],[95.13626,5.60442],[95.1362,5.60403],[95.13635,5.60242],[95.13587,5.60169],[95.13523,5.60011],[95.13477,5.59983],[95.13468,5.59917],[95.13418,5.59828],[95.13432,5.59777],[95.13327,5.59695],[95.13262,5.59696],[95.13222,5.59681],[95.13162,5.59623],[95.13145,5.5959],[95.1309,5.59555],[95.1308,5.59545],[95.13088,5.59419],[95.13079,5.59404],[95.1304,5.5939],[95.12979,5.59395],[95.12845,5.59453],[95.12828,5.59502],[95.1277,5.59581],[95.12682,5.59602],[95.12667,5.59627],[95.12661,5.5967],[95.12725,5.59697],[95.12744,5.59729],[95.12761,5.59859],[95.12722,5.59897],[95.12698,5.59984],[95.12703,5.60051],[95.12604,5.6022],[95.12444,5.60261],[95.12397,5.60246],[95.12229,5.60258],[95.12169,5.6021],[95.12153,5.60126],[95.12112,5.60104],[95.12032,5.6012],[95.11976,5.60169],[95.11955,5.60234],[95.11969,5.60322],[95.12017,5.60361],[95.1203,5.60414],[95.12077,5.60467],[95.12066,5.60494],[95.12072,5.60512],[95.12109,5.60546],[95.1219,5.60666],[95.12243,5.60717],[95.12252,5.60743],[95.12209,5.60887],[95.12177,5.61202],[95.12067,5.61392],[95.12016,5.61424],[95.1199,5.61462],[95.11973,5.61507],[95.11979,5.61521],[95.1199,5.6153],[95.12053,5.61523],[95.12108,5.61564],[95.12151,5.61698],[95.12207,5.61797],[95.1226,5.61822],[95.12311,5.61879],[95.1237,5.61893],[95.12437,5.61994],[95.12507,5.62036],[95.12548,5.62186],[95.12612,5.62254],[95.12702,5.62311],[95.12737,5.62362],[95.12765,5.6238],[95.12879,5.62389],[95.12921,5.62429],[95.13099,5.62543],[95.13226,5.62651],[95.13307,5.62696],[95.13321,5.62717],[95.13343,5.62721],[95.13386,5.62703],[95.13458,5.62739],[95.13541,5.62809],[95.13618,5.62844],[95.13726,5.62864],[95.13961,5.62989],[95.14004,5.63035],[95.14058,5.63057],[95.14119,5.63121],[95.14265,5.63192],[95.14332,5.63239],[95.14409,5.63316],[95.1456,5.63433],[95.14573,5.63456],[95.14587,5.63493],[95.14574,5.63528],[95.14606,5.63602],[95.14586,5.63638],[95.14588,5.63669],[95.1462,5.63756],[95.14602,5.63964],[95.14541,5.64204],[95.14538,5.64275],[95.14475,5.6438],[95.14476,5.64454],[95.1442,5.64481],[95.14395,5.64513],[95.14415,5.64615],[95.14461,5.64687],[95.14457,5.6485],[95.14424,5.64895],[95.14327,5.65106],[95.14298,5.65136],[95.14282,5.652],[95.14188,5.65364],[95.14091,5.65504],[95.13932,5.65599],[95.13921,5.65587],[95.13879,5.65584],[95.13822,5.65559],[95.13791,5.65571],[95.13779,5.65596],[95.1379,5.65613],[95.13841,5.65616],[95.13911,5.65712],[95.13912,5.65757],[95.13884,5.6581],[95.13893,5.65832],[95.14009,5.6582],[95.1404,5.65829],[95.14059,5.6585],[95.14093,5.65919],[95.14085,5.66],[95.14102,5.66022],[95.14196,5.66033],[95.14319,5.66006],[95.14372,5.66019],[95.14437,5.65989],[95.14469,5.65989],[95.14498,5.66022],[95.14636,5.66064],[95.14671,5.66088],[95.14703,5.66138],[95.14784,5.66186],[95.14823,5.66188],[95.14897,5.66126]]]}},{"type":"Feature","properties":{"nama":"WS ACEH MEUREDU","sumber":"WS_Aceh_Meureudu"},"geometry":{"type":"Polygon","coordinates":[[[95.11024,5.66366],[95.10975,5.66345],[95.10977,5.66404],[95.1101,5.66415],[95.11025,5.66391],[95.11024,5.66366]]]}},{"type":"Feature","properties":{"nama":"WS ACEH MEUREDU","sumber":"WS_Aceh_Meureudu"},"geometry":{"type":"Polygon","coordinates":[[[95.03933,5.67158],[95.03975,5.67145],[95.03981,5.67105],[95.03961,5.6707],[95.03884,5.67009],[95.0377,5.66996],[95.03676,5.67003],[95.03639,5.67025],[95.03643,5.67091],[95.03672,5.67115],[95.03804,5.67154],[95.03933,5.67158]]]}},{"type":"Feature","properties":{"nama":"WS ACEH MEUREDU","sumber":"WS_Aceh_Meureudu"},"geometry":{"type":"Polygon","coordinates":[[[95.04643,5.67316],[95.0473,5.6728],[95.04778,5.6728],[95.04806,5.67299],[95.04825,5.67282],[95.04828,5.67259],[95.04791,5.6723],[95.04792,5.672],[95.04708,5.6719],[95.04666,5.67166],[95.0466,5.67134],[95.0461,5.67145],[95.04537,5.67114],[95.04524,5.6708],[95.04505,5.67081],[95.04468,5.67136],[95.04486,5.6724],[95.0451,5.67241],[95.04537,5.67266],[95.0457,5.67267],[95.04593,5.67305],[95.04622,5.673],[95.04643,5.67316]]]}},{"type":"Feature","properties":{"nama":"WS ACEH MEUREDU","sumber":"WS_Aceh_Meureudu"},"geometry":{"type":"Polygon","coordinates":[[[95.04103,5.69325],[95.04131,5.69331],[95.0414,5.69316],[95.04124,5.69297],[95.04104,5.6931],[95.04103,5.69325]]]}},{"type":"Feature","properties":{"nama":"WS ACEH MEUREDU","sumber":"WS_Aceh_Meureudu"},"geometry":{"type":"Polygon","coordinates":[[[95.01575,5.71332],[95.01538,5.71335],[95.0154,5.7136],[95.01519,5.71391],[95.01566,5.71403],[95.01599,5.71393],[95.0161,5.71355],[95.01575,5.71332]]]}},{"type":"Feature","properties":{"nama":"WS ACEH MEUREDU","sumber":"WS_Aceh_Meureudu"},"geometry":{"type":"Polygon","coordinates":[[[95.01717,5.7143],[95.01697,5.71439],[95.01694,5.71519],[95.01727,5.71567],[95.01757,5.71578],[95.01812,5.71671],[95.01849,5.71701],[95.01869,5.71701],[95.01873,5.71595],[95.01843,5.7157],[95.01829,5.71537],[95.01752,5.71486],[95.01717,5.7143]]]}},{"type":"Feature","properties":{"nama":"WS ACEH MEUREDU","sumber":"WS_Aceh_Meureudu"},"geometry":{"type":"Polygon","coordinates":[[[95.06038,5.74959],[95.0604,5.74922],[95.0601,5.74854],[95.06062,5.74767],[95.06154,5.74704],[95.06249,5.74703],[95.06351,5.74662],[95.06421,5.74654],[95.06469,5.74659],[95.06517,5.74693],[95.06597,5.74721],[95.0668,5.74717],[95.06752,5.7473],[95.06834,5.74716],[95.0697,5.74665],[95.07011,5.74638],[95.07022,5.74588],[95.07045,5.74552],[95.07164,5.74505],[95.07249,5.74444],[95.07243,5.74407],[95.07209,5.74396],[95.07172,5.74399],[95.07086,5.74442],[95.07005,5.74438],[95.06881,5.74401],[95.06811,5.74357],[95.06761,5.74358],[95.06706,5.74336],[95.06663,5.74249],[95.06662,5.74211],[95.06695,5.74147],[95.06697,5.74123],[95.06679,5.74101],[95.06633,5.74061],[95.06559,5.7408],[95.06478,5.74066],[95.06454,5.73968],[95.06449,5.73722],[95.06477,5.73559],[95.06515,5.73454],[95.06544,5.7341],[95.06578,5.734],[95.0667,5.73432],[95.06738,5.73422],[95.06829,5.73374],[95.06872,5.73327],[95.06962,5.73279],[95.07088,5.73164],[95.07292,5.73077],[95.07362,5.73004],[95.07376,5.72922],[95.07397,5.72893],[95.07394,5.72834],[95.07284,5.72725],[95.07249,5.72709],[95.07228,5.72661],[95.07315,5.72391],[95.0742,5.72252],[95.07487,5.72237],[95.07527,5.72247],[95.07531,5.72282],[95.07496,5.72303],[95.07465,5.72344],[95.07475,5.72369],[95.07505,5.72371],[95.07569,5.72334],[95.07617,5.72281],[95.07694,5.7227],[95.07779,5.72148],[95.07852,5.72119],[95.07899,5.72041],[95.07974,5.72009],[95.08017,5.71973],[95.08074,5.71996],[95.08118,5.71972],[95.08204,5.72018],[95.08465,5.72031],[95.08521,5.72075],[95.08577,5.72084],[95.08611,5.72212],[95.08603,5.72267],[95.08569,5.72317],[95.08677,5.72408],[95.0872,5.72423],[95.08744,5.72446],[95.08748,5.72536],[95.08771,5.72568],[95.08789,5.7257],[95.08831,5.72539],[95.089,5.72551],[95.09036,5.72541],[95.091,5.72521],[95.09092,5.72431],[95.09133,5.72355],[95.09139,5.7224],[95.09192,5.72033],[95.09301,5.72012],[95.0939,5.71935],[95.09484,5.7192],[95.09561,5.71815],[95.09669,5.7177],[95.09699,5.71719],[95.09684,5.7168],[95.09705,5.71637],[95.09711,5.71491],[95.09763,5.71423],[95.09788,5.71402],[95.09906,5.71361],[95.09948,5.71321],[95.10115,5.71293],[95.10158,5.71253],[95.10265,5.71269],[95.10344,5.71248],[95.104,5.71305],[95.1048,5.71318],[95.10528,5.7131],[95.10563,5.71271],[95.10613,5.71264],[95.10644,5.71176],[95.10606,5.71089],[95.10607,5.71064],[95.10751,5.70944],[95.1086,5.70922],[95.10903,5.70926],[95.10944,5.70899],[95.10972,5.70864],[95.1099,5.70797],[95.10981,5.70725],[95.11016,5.70644],[95.11139,5.70518],[95.11242,5.70438],[95.11249,5.70383],[95.11298,5.70255],[95.11252,5.70076],[95.11155,5.70029],[95.11072,5.69964],[95.10982,5.69936],[95.10915,5.69871],[95.10749,5.698],[95.10719,5.69732],[95.10767,5.69611],[95.10798,5.69567],[95.10841,5.69544],[95.10932,5.69523],[95.11198,5.69489],[95.11271,5.69463],[95.11359,5.69504],[95.11472,5.69481],[95.11491,5.69434],[95.11476,5.69295],[95.11522,5.69233],[95.11578,5.6922],[95.11612,5.69192],[95.11661,5.6923],[95.11714,5.69221],[95.11745,5.69164],[95.11788,5.69138],[95.11827,5.69081],[95.11858,5.69112],[95.1186,5.69067],[95.1195,5.68996],[95.1198,5.68919],[95.12009,5.68912],[95.12059,5.68935],[95.12106,5.68929],[95.12181,5.68872],[95.12266,5.68886],[95.12327,5.68932],[95.12407,5.68942],[95.12424,5.68973],[95.12504,5.6901],[95.12516,5.69061],[95.12549,5.69084],[95.12567,5.69179],[95.12591,5.69199],[95.1263,5.69191],[95.1281,5.69095],[95.12892,5.69033],[95.12895,5.68989],[95.12862,5.68952],[95.12838,5.68889],[95.12857,5.6886],[95.12851,5.68825],[95.12888,5.68753],[95.1289,5.68676],[95.12916,5.68629],[95.12962,5.68602],[95.13106,5.68625],[95.1315,5.68597],[95.13175,5.68615],[95.1328,5.68607],[95.13318,5.68625],[95.13353,5.68599],[95.13361,5.68568],[95.13351,5.68488],[95.13376,5.68367],[95.13437,5.68258],[95.13506,5.68208],[95.13535,5.68162],[95.13562,5.67981],[95.13604,5.67934],[95.13673,5.679],[95.13756,5.67802],[95.13786,5.67793],[95.13799,5.67729],[95.13845,5.67694],[95.13893,5.67599],[95.1387,5.67559],[95.13806,5.67538],[95.13771,5.67513],[95.1376,5.67482],[95.13774,5.67413],[95.13883,5.67399],[95.13907,5.67357],[95.13952,5.67347],[95.13971,5.6728],[95.13991,5.67256],[95.14017,5.67253],[95.14037,5.67205],[95.14074,5.67224],[95.14097,5.67211],[95.14099,5.67186],[95.14073,5.67134],[95.14106,5.67103],[95.14136,5.67047],[95.14169,5.6702],[95.14179,5.66969],[95.14217,5.66953],[95.14245,5.66962],[95.14284,5.66936],[95.14279,5.66889],[95.14195,5.66796],[95.14209,5.66719],[95.14246,5.66688],[95.14287,5.66682],[95.14333,5.66696],[95.14371,5.66641],[95.14357,5.66606],[95.14306,5.66581],[95.14292,5.66554],[95.14142,5.66468],[95.14133,5.66392],[95.14081,5.66375],[95.13998,5.66302],[95.13962,5.66298],[95.1393,5.66353],[95.13955,5.66428],[95.13925,5.66433],[95.13862,5.66481],[95.13818,5.66565],[95.13763,5.66633],[95.13689,5.66691],[95.13525,5.66786],[95.13284,5.66847],[95.13262,5.66863],[95.13184,5.66861],[95.13055,5.66899],[95.12928,5.6692],[95.12888,5.66947],[95.1284,5.66941],[95.12597,5.66996],[95.12472,5.67001],[95.12304,5.67053],[95.12208,5.67061],[95.12149,5.67104],[95.12061,5.67109],[95.12018,5.67157],[95.11976,5.67164],[95.11917,5.67212],[95.11818,5.67228],[95.11743,5.67224],[95.11636,5.67194],[95.11627,5.67177],[95.11647,5.67152],[95.11641,5.67118],[95.1154,5.67078],[95.11502,5.67047],[95.11364,5.66981],[95.11273,5.66916],[95.11227,5.66906],[95.1119,5.66847],[95.11194,5.66778],[95.11175,5.66747],[95.11117,5.66716],[95.11011,5.66713],[95.10883,5.66729],[95.10821,5.66779],[95.10682,5.66818],[95.10621,5.66856],[95.10526,5.66855],[95.10496,5.66868],[95.10485,5.66853],[95.10427,5.66844],[95.10341,5.66869],[95.1026,5.66867],[95.10208,5.66858],[95.1013,5.66816],[95.0996,5.66661],[95.09904,5.6665],[95.09877,5.66666],[95.0985,5.66722],[95.09869,5.66828],[95.09898,5.66843],[95.09912,5.66869],[95.09876,5.66917],[95.09769,5.66878],[95.09688,5.66828],[95.09634,5.66862],[95.09483,5.66861],[95.09357,5.66887],[95.0926,5.66862],[95.09201,5.66869],[95.0914,5.66916],[95.09097,5.66928],[95.09041,5.66893],[95.09031,5.66825],[95.09017,5.66804],[95.08958,5.66811],[95.08853,5.66855],[95.08829,5.66834],[95.0879,5.66849],[95.08719,5.66811],[95.08655,5.66807],[95.08628,5.66792],[95.08333,5.66787],[95.08297,5.66765],[95.0828,5.66716],[95.08187,5.66669],[95.08138,5.66662],[95.08112,5.66686],[95.08076,5.66774],[95.07952,5.66796],[95.07868,5.66845],[95.07749,5.66873],[95.0771,5.66911],[95.07624,5.66867],[95.07612,5.66817],[95.07451,5.66795],[95.07351,5.66736],[95.07343,5.66709],[95.07377,5.66681],[95.0752,5.66678],[95.07736,5.6663],[95.07759,5.66608],[95.07788,5.66618],[95.07821,5.66599],[95.07872,5.66515],[95.07871,5.66303],[95.07768,5.661],[95.07762,5.66044],[95.0777,5.66015],[95.079,5.659],[95.07909,5.65879],[95.07912,5.65735],[95.07865,5.65666],[95.07817,5.65633],[95.07692,5.65628],[95.07648,5.65555],[95.07598,5.65513],[95.07549,5.65512],[95.07496,5.65533],[95.07446,5.65477],[95.07364,5.65463],[95.07304,5.65465],[95.07219,5.65489],[95.07178,5.65483],[95.07092,5.6542],[95.07083,5.65335],[95.07045,5.65315],[95.06953,5.65316],[95.06908,5.65281],[95.06864,5.65273],[95.06838,5.65238],[95.06776,5.65249],[95.0672,5.6518],[95.06602,5.65175],[95.06568,5.65156],[95.06538,5.65115],[95.06509,5.65108],[95.06477,5.65055],[95.0645,5.65038],[95.06352,5.65022],[95.06302,5.64966],[95.0619,5.64949],[95.0609,5.64873],[95.05925,5.64864],[95.0587,5.64838],[95.05792,5.64847],[95.05734,5.64802],[95.05671,5.64789],[95.05622,5.64822],[95.05587,5.64881],[95.05588,5.6491],[95.05613,5.64946],[95.056,5.64976],[95.0555,5.65022],[95.05457,5.65048],[95.05421,5.65136],[95.05445,5.65187],[95.05534,5.65177],[95.05564,5.65197],[95.05579,5.65181],[95.05627,5.65174],[95.05654,5.65198],[95.05673,5.65197],[95.05701,5.65178],[95.05734,5.6518],[95.0578,5.6516],[95.05832,5.65178],[95.05939,5.65305],[95.05955,5.65372],[95.05938,5.65388],[95.05942,5.65419],[95.06042,5.65472],[95.06044,5.65485],[95.05997,5.65521],[95.06002,5.65541],[95.06052,5.65559],[95.06207,5.65541],[95.06257,5.65574],[95.06279,5.65607],[95.06336,5.65634],[95.06467,5.65742],[95.06558,5.65795],[95.06711,5.65989],[95.06689,5.66046],[95.06691,5.66094],[95.06805,5.66126],[95.06865,5.66171],[95.06985,5.66298],[95.07005,5.66352],[95.06982,5.66495],[95.06929,5.66659],[95.06872,5.66781],[95.06783,5.66904],[95.06618,5.67045],[95.06522,5.67086],[95.06391,5.67091],[95.06258,5.67048],[95.06082,5.6713],[95.05942,5.67132],[95.05907,5.67156],[95.05878,5.67159],[95.05805,5.67156],[95.0577,5.67118],[95.05698,5.67105],[95.05665,5.67087],[95.05452,5.67107],[95.05373,5.67144],[95.0527,5.67146],[95.052,5.67129],[95.05021,5.67241],[95.04906,5.67276],[95.04869,5.67305],[95.0488,5.67353],[95.04975,5.67432],[95.04992,5.67501],[95.05185,5.67625],[95.05265,5.67653],[95.05361,5.67662],[95.054,5.67707],[95.05467,5.67733],[95.05522,5.67774],[95.05588,5.67762],[95.05678,5.67781],[95.05883,5.67873],[95.05908,5.67993],[95.05924,5.68262],[95.05923,5.68468],[95.05886,5.68571],[95.05885,5.68638],[95.05847,5.68726],[95.05808,5.68881],[95.05768,5.68925],[95.05729,5.6902],[95.05709,5.69036],[95.05652,5.69051],[95.05631,5.69094],[95.05479,5.69213],[95.05428,5.69278],[95.05372,5.69319],[95.05352,5.6937],[95.05264,5.69467],[95.05251,5.69561],[95.05233,5.69591],[95.05096,5.69707],[95.05009,5.69727],[95.04935,5.69688],[95.04842,5.69683],[95.04703,5.69705],[95.04664,5.69723],[95.04614,5.69715],[95.04583,5.69683],[95.0449,5.6966],[95.04435,5.69594],[95.04425,5.69551],[95.04397,5.69535],[95.04312,5.69432],[95.04255,5.69422],[95.04218,5.69379],[95.04191,5.69386],[95.04166,5.69441],[95.04221,5.6947],[95.04272,5.69585],[95.04288,5.69669],[95.04284,5.69724],[95.04257,5.69743],[95.0423,5.698],[95.04445,5.70021],[95.04462,5.70059],[95.04427,5.7008],[95.0442,5.70146],[95.04318,5.70298],[95.04248,5.70308],[95.04199,5.70337],[95.04148,5.70326],[95.04106,5.70347],[95.04088,5.70332],[95.04078,5.70342],[95.04077,5.70373],[95.04053,5.7041],[95.04102,5.70493],[95.04181,5.70582],[95.04177,5.70681],[95.04118,5.70693],[95.03993,5.7069],[95.03973,5.70713],[95.03975,5.7073],[95.04084,5.70826],[95.04188,5.70789],[95.04234,5.70744],[95.043,5.70804],[95.04384,5.70812],[95.04441,5.70856],[95.04567,5.70873],[95.04646,5.70922],[95.04676,5.7098],[95.04791,5.71065],[95.04817,5.71064],[95.04934,5.71],[95.04963,5.71022],[95.05035,5.71028],[95.05138,5.71075],[95.05167,5.71074],[95.05251,5.70949],[95.05267,5.70944],[95.05363,5.70994],[95.05455,5.71007],[95.05538,5.70996],[95.05602,5.7103],[95.05608,5.71061],[95.05567,5.7115],[95.05567,5.71183],[95.05604,5.7122],[95.05672,5.71258],[95.05773,5.71299],[95.05816,5.71296],[95.05878,5.71211],[95.05921,5.71209],[95.06024,5.71359],[95.06049,5.71523],[95.06036,5.71782],[95.05974,5.71957],[95.05914,5.72041],[95.05819,5.72023],[95.05769,5.71993],[95.05675,5.71999],[95.05633,5.72027],[95.05622,5.72061],[95.05586,5.72053],[95.05535,5.72081],[95.0552,5.72065],[95.05443,5.72066],[95.05387,5.72083],[95.05348,5.72062],[95.05315,5.72066],[95.05245,5.72136],[95.05127,5.7214],[95.05097,5.72178],[95.05019,5.72188],[95.04981,5.72259],[95.04962,5.72256],[95.04904,5.72206],[95.04865,5.72225],[95.04793,5.7236],[95.0478,5.72436],[95.049,5.72568],[95.0493,5.72647],[95.04988,5.72684],[95.05076,5.72767],[95.05079,5.72787],[95.05054,5.7284],[95.05004,5.73079],[95.04964,5.73201],[95.04934,5.73435],[95.0491,5.73484],[95.04833,5.73579],[95.04714,5.73645],[95.04628,5.7364],[95.04594,5.73625],[95.04121,5.73262],[95.03999,5.73216],[95.03983,5.73185],[95.03995,5.73157],[95.03986,5.73122],[95.03943,5.73052],[95.03897,5.73008],[95.03728,5.7296],[95.03505,5.72963],[95.03455,5.72944],[95.03445,5.72925],[95.03454,5.72859],[95.03422,5.72841],[95.03344,5.72659],[95.0329,5.72642],[95.03252,5.72602],[95.03188,5.72582],[95.0316,5.72512],[95.0312,5.72483],[95.03067,5.72468],[95.03022,5.72481],[95.0296,5.72525],[95.02931,5.7257],[95.02839,5.72593],[95.02775,5.72537],[95.02758,5.7248],[95.02721,5.72447],[95.0264,5.72457],[95.02544,5.72402],[95.02424,5.72358],[95.02359,5.7227],[95.02263,5.72245],[95.02189,5.72168],[95.02146,5.72187],[95.02111,5.72176],[95.02087,5.72133],[95.01937,5.72026],[95.0191,5.71975],[95.01826,5.71894],[95.01797,5.719],[95.01777,5.71927],[95.01731,5.72085],[95.01696,5.72132],[95.01672,5.72144],[95.01648,5.72105],[95.01614,5.7212],[95.01592,5.72083],[95.01569,5.72089],[95.0153,5.72155],[95.01512,5.72253],[95.01383,5.72308],[95.01356,5.72346],[95.01263,5.72394],[95.01258,5.72416],[95.01286,5.72464],[95.01348,5.72469],[95.01385,5.72556],[95.01506,5.72684],[95.01538,5.72754],[95.01519,5.72817],[95.0156,5.7288],[95.01568,5.73004],[95.01598,5.73035],[95.01627,5.73128],[95.01657,5.73143],[95.01746,5.73253],[95.01756,5.73319],[95.01788,5.73346],[95.0186,5.73349],[95.0195,5.73391],[95.02014,5.73385],[95.02178,5.73458],[95.02254,5.73518],[95.02278,5.73564],[95.0228,5.73636],[95.02317,5.73671],[95.02329,5.73789],[95.02346,5.73814],[95.02384,5.73831],[95.02424,5.7381],[95.02542,5.73901],[95.02577,5.7391],[95.02608,5.73958],[95.02679,5.73985],[95.02715,5.74027],[95.02971,5.74108],[95.03086,5.7418],[95.03154,5.74236],[95.03185,5.74278],[95.03201,5.74346],[95.03174,5.74399],[95.03171,5.74556],[95.0315,5.74626],[95.03076,5.74694],[95.03031,5.74683],[95.03006,5.74721],[95.02929,5.74743],[95.02891,5.74737],[95.02854,5.74757],[95.02837,5.74746],[95.0276,5.7475],[95.02748,5.74768],[95.02748,5.74814],[95.02662,5.7488],[95.02732,5.74931],[95.02772,5.7493],[95.02813,5.7496],[95.02863,5.74961],[95.02912,5.74998],[95.02959,5.74998],[95.03036,5.75019],[95.03051,5.75032],[95.03058,5.75071],[95.03149,5.75105],[95.03233,5.75079],[95.03282,5.75081],[95.03292,5.7504],[95.03252,5.75],[95.03251,5.7498],[95.03284,5.74955],[95.03346,5.74942],[95.03417,5.74947],[95.03496,5.74992],[95.03551,5.74975],[95.03668,5.75044],[95.03742,5.75056],[95.03801,5.7505],[95.0385,5.75023],[95.03893,5.74899],[95.03933,5.74889],[95.03996,5.74839],[95.04037,5.74757],[95.04062,5.74732],[95.04155,5.74723],[95.04184,5.74738],[95.04195,5.74786],[95.04217,5.7481],[95.04271,5.74793],[95.04298,5.74802],[95.04359,5.74794],[95.04397,5.74823],[95.04465,5.74838],[95.04501,5.7486],[95.0455,5.7491],[95.04538,5.7494],[95.0457,5.74962],[95.04579,5.74994],[95.04597,5.74998],[95.0464,5.74994],[95.04663,5.74975],[95.0475,5.74983],[95.04792,5.74956],[95.04841,5.74965],[95.04918,5.74954],[95.05014,5.75006],[95.0504,5.74998],[95.05055,5.74966],[95.05072,5.7496],[95.05128,5.74983],[95.05174,5.74967],[95.05219,5.74998],[95.05308,5.74989],[95.0534,5.75023],[95.05381,5.75029],[95.05451,5.74996],[95.05497,5.74956],[95.05521,5.74955],[95.05605,5.75024],[95.05689,5.7505],[95.05671,5.7507],[95.05668,5.75098],[95.05685,5.75165],[95.05656,5.75241],[95.05665,5.75325],[95.05694,5.75367],[95.05768,5.75299],[95.05794,5.75248],[95.0592,5.75165],[95.05954,5.75113],[95.05966,5.75051],[95.06038,5.74959]]]}},{"type":"Feature","properties":{"nama":"WS ACEH MEUREDU","sumber":"WS_Aceh_Meureudu"},"geometry":{"type":"Polygon","coordinates":[[[94.97702,5.79055],[94.97567,5.79016],[94.97402,5.79074],[94.97325,5.79181],[94.97325,5.79248],[94.97344,5.79306],[94.97421,5.79364],[94.97508,5.79374],[94.97576,5.79345],[94.97693,5.79219],[94.97722,5.79142],[94.97702,5.79055]]]}},{"type":"Feature","properties":{"nama":"WS ACEH MEUREDU","sumber":"WS_Aceh_Meureudu"},"geometry":{"type":"Polygon","coordinates":[[[95.31369,5.87615],[95.31474,5.87497],[95.31479,5.87453],[95.31446,5.87412],[95.31424,5.87344],[95.31386,5.87327],[95.3135,5.87371],[95.31288,5.87378],[95.31273,5.87432],[95.31226,5.8744],[95.31206,5.87472],[95.31184,5.8748],[95.31163,5.87479],[95.3112,5.87449],[95.31075,5.87449],[95.31024,5.87475],[95.30963,5.87485],[95.3092,5.87517],[95.30905,5.87518],[95.30872,5.87481],[95.30846,5.87491],[95.30852,5.87574],[95.30837,5.8765],[95.30854,5.87677],[95.30936,5.87729],[95.30946,5.8775],[95.31003,5.87778],[95.31073,5.87779],[95.31107,5.87753],[95.31162,5.87746],[95.31178,5.87729],[95.31219,5.87723],[95.31262,5.87699],[95.31369,5.87615]]]}},{"type":"Feature","properties":{"nama":"WS ACEH MEUREDU","sumber":"WS_Aceh_Meureudu"},"geometry":{"type":"Polygon","coordinates":[[[95.25991,5.87483],[95.25975,5.87484],[95.25965,5.87511],[95.25943,5.87649],[95.25892,5.87791],[95.25887,5.87846],[95.25916,5.87907],[95.25905,5.87974],[95.25889,5.87994],[95.25838,5.88015],[95.25791,5.88106],[95.25666,5.88226],[95.25642,5.88277],[95.25512,5.88612],[95.25505,5.88801],[95.25525,5.88812],[95.25563,5.88805],[95.25697,5.8866],[95.25807,5.88583],[95.25901,5.8843],[95.25955,5.88365],[95.26039,5.88332],[95.26069,5.88303],[95.26067,5.88281],[95.26008,5.8825],[95.2597,5.88156],[95.26,5.88088],[95.26037,5.88069],[95.26079,5.88001],[95.26075,5.87933],[95.26039,5.87855],[95.26051,5.87736],[95.26019,5.87547],[95.25991,5.87483]]]}},{"type":"Feature","properties":{"nama":"WS ACEH MEUREDU","sumber":"WS_Aceh_Meureudu"},"geometry":{"type":"Polygon","coordinates":[[[95.25537,5.89339],[95.25493,5.8929],[95.25457,5.89303],[95.25415,5.89393],[95.25415,5.89442],[95.25443,5.89471],[95.25452,5.89546],[95.25427,5.89581],[95.2538,5.89589],[95.25378,5.8963],[95.254,5.89659],[95.25479,5.89651],[95.25512,5.89604],[95.25508,5.89557],[95.25536,5.89447],[95.25538,5.89385],[95.25537,5.89339]]]}},{"type":"Feature","properties":{"nama":"WS ACEH MEUREDU","sumber":"WS_Aceh_Meureudu"},"geometry":{"type":"Polygon","coordinates":[[[95.21929,5.90688],[95.22045,5.90699],[95.22071,5.9069],[95.22236,5.90588],[95.22314,5.90589],[95.22385,5.90612],[95.22447,5.90605],[95.22721,5.90395],[95.22787,5.90361],[95.22806,5.90335],[95.22832,5.90334],[95.22959,5.9026],[95.23017,5.90162],[95.23091,5.90077],[95.23158,5.90056],[95.23178,5.90025],[95.23233,5.89987],[95.23307,5.89954],[95.23368,5.8988],[95.23512,5.89773],[95.23556,5.89755],[95.23626,5.89812],[95.23668,5.89807],[95.23683,5.89776],[95.23677,5.89706],[95.23731,5.89658],[95.23742,5.89531],[95.23761,5.89512],[95.23799,5.89508],[95.23835,5.89473],[95.23847,5.89398],[95.23893,5.89342],[95.2392,5.89275],[95.23991,5.89209],[95.24063,5.89168],[95.24101,5.89201],[95.24129,5.89208],[95.24157,5.89184],[95.24186,5.89108],[95.24183,5.88988],[95.24154,5.88894],[95.24115,5.88864],[95.24036,5.88853],[95.24026,5.8884],[95.24022,5.88715],[95.24042,5.88683],[95.2411,5.88586],[95.24147,5.88562],[95.24193,5.88494],[95.24224,5.88476],[95.24263,5.88473],[95.24285,5.88515],[95.24315,5.88533],[95.24325,5.88554],[95.24354,5.88551],[95.24448,5.88375],[95.24464,5.88329],[95.24461,5.88269],[95.24509,5.88223],[95.24691,5.88148],[95.24748,5.88189],[95.24795,5.88178],[95.24848,5.88077],[95.24846,5.88012],[95.24824,5.87985],[95.24834,5.87945],[95.24925,5.87786],[95.24975,5.87755],[95.25005,5.87766],[95.25025,5.87699],[95.25044,5.87684],[95.25064,5.87676],[95.25072,5.87714],[95.2511,5.87742],[95.25102,5.87773],[95.25077,5.87799],[95.25079,5.87919],[95.25021,5.88057],[95.25034,5.88207],[95.25019,5.88283],[95.25041,5.88313],[95.25054,5.88309],[95.25095,5.88242],[95.25144,5.88271],[95.25188,5.88266],[95.25227,5.88247],[95.25296,5.88172],[95.25353,5.88025],[95.25445,5.87929],[95.25455,5.87889],[95.25555,5.87735],[95.256,5.87591],[95.25645,5.87533],[95.25706,5.87493],[95.25718,5.87455],[95.2571,5.87373],[95.25718,5.87355],[95.25812,5.87246],[95.25898,5.87195],[95.25975,5.8719],[95.26072,5.87215],[95.26137,5.87283],[95.26185,5.87238],[95.26252,5.87205],[95.26316,5.87197],[95.26442,5.87279],[95.26501,5.87276],[95.26546,5.87247],[95.26679,5.87109],[95.26795,5.87043],[95.26883,5.87031],[95.26887,5.86994],[95.26857,5.86933],[95.26879,5.86903],[95.26901,5.86814],[95.26991,5.867],[95.26973,5.86646],[95.26916,5.86594],[95.26904,5.86552],[95.26852,5.86482],[95.26815,5.86481],[95.26783,5.86516],[95.26775,5.86547],[95.26775,5.8661],[95.2681,5.86722],[95.26799,5.86774],[95.26784,5.86782],[95.26765,5.86778],[95.26734,5.86744],[95.2671,5.86746],[95.26607,5.86812],[95.26572,5.8681],[95.26538,5.8678],[95.26415,5.86795],[95.26397,5.8679],[95.26303,5.86685],[95.26332,5.8659],[95.2633,5.86541],[95.26311,5.86513],[95.26319,5.8645],[95.26349,5.8632],[95.26416,5.86187],[95.26422,5.86099],[95.26407,5.85987],[95.26435,5.85932],[95.26493,5.85877],[95.26555,5.85708],[95.26698,5.857],[95.26787,5.85721],[95.26858,5.8578],[95.26893,5.85776],[95.26921,5.85758],[95.26933,5.85662],[95.27003,5.85583],[95.27049,5.8556],[95.27039,5.85411],[95.27152,5.85313],[95.27227,5.8528],[95.27252,5.85253],[95.273,5.85273],[95.27376,5.85341],[95.27426,5.85362],[95.27493,5.8536],[95.27535,5.85333],[95.27581,5.85256],[95.2764,5.852],[95.27617,5.85063],[95.2766,5.84846],[95.27741,5.84757],[95.27822,5.84749],[95.27842,5.84728],[95.27881,5.84718],[95.27998,5.84754],[95.28035,5.84782],[95.28103,5.84796],[95.28185,5.84757],[95.28293,5.8478],[95.28358,5.84746],[95.28426,5.84747],[95.28453,5.84765],[95.28469,5.84811],[95.28506,5.84821],[95.28534,5.84766],[95.28531,5.84724],[95.28585,5.84654],[95.28576,5.84547],[95.28623,5.84477],[95.28646,5.84388],[95.28686,5.84319],[95.28675,5.84176],[95.28688,5.84139],[95.28762,5.84113],[95.28827,5.84067],[95.28919,5.84078],[95.28989,5.84051],[95.29076,5.84068],[95.29137,5.84049],[95.29209,5.84049],[95.29236,5.8403],[95.29255,5.83978],[95.29244,5.83913],[95.29256,5.83882],[95.29275,5.83868],[95.29352,5.8386],[95.29379,5.83835],[95.29422,5.83875],[95.29459,5.8396],[95.29488,5.83979],[95.29515,5.84039],[95.29546,5.84052],[95.29607,5.8405],[95.29643,5.84012],[95.29691,5.84001],[95.29791,5.84014],[95.29835,5.83993],[95.2989,5.83955],[95.29906,5.83928],[95.29914,5.83859],[95.29934,5.83847],[95.2996,5.83866],[95.29998,5.8386],[95.30048,5.83891],[95.30076,5.83891],[95.3011,5.83915],[95.30147,5.83922],[95.30255,5.83994],[95.30331,5.83973],[95.30377,5.84012],[95.30424,5.8399],[95.30527,5.84071],[95.30532,5.84255],[95.3052,5.84278],[95.30552,5.84355],[95.30568,5.84477],[95.3051,5.84701],[95.30452,5.84807],[95.30425,5.84834],[95.30411,5.84898],[95.30406,5.85356],[95.30388,5.85399],[95.30405,5.85526],[95.3037,5.8562],[95.3036,5.85869],[95.3032,5.86035],[95.30309,5.8615],[95.30262,5.86191],[95.30229,5.86291],[95.30243,5.86525],[95.3023,5.8662],[95.30257,5.86681],[95.30258,5.87222],[95.30282,5.87287],[95.30389,5.87414],[95.30526,5.87416],[95.30618,5.87392],[95.30651,5.87371],[95.30696,5.87385],[95.30697,5.87331],[95.30673,5.87311],[95.30665,5.87278],[95.30688,5.87231],[95.30696,5.87175],[95.30686,5.87155],[95.30642,5.87151],[95.30627,5.8709],[95.3065,5.86961],[95.30663,5.86953],[95.30728,5.86977],[95.30791,5.86946],[95.30806,5.86924],[95.30806,5.86888],[95.30762,5.86806],[95.30824,5.86795],[95.30865,5.86755],[95.30937,5.86868],[95.30991,5.86902],[95.31033,5.86906],[95.31164,5.86759],[95.31203,5.86897],[95.3122,5.8692],[95.31273,5.8692],[95.31335,5.86842],[95.31417,5.86691],[95.31446,5.86695],[95.31488,5.86798],[95.31528,5.86797],[95.31566,5.86752],[95.31601,5.86658],[95.31624,5.86642],[95.31635,5.86663],[95.31752,5.8674],[95.31751,5.86778],[95.31696,5.86903],[95.31707,5.86975],[95.3173,5.87022],[95.31767,5.87073],[95.31836,5.87125],[95.31896,5.87191],[95.31968,5.87285],[95.32002,5.87368],[95.32049,5.87438],[95.3209,5.87628],[95.32109,5.87657],[95.32155,5.87667],[95.32193,5.87712],[95.32258,5.87747],[95.32279,5.87796],[95.32293,5.87894],[95.32329,5.87933],[95.32354,5.88013],[95.32348,5.88063],[95.32365,5.88102],[95.32392,5.88134],[95.32423,5.88148],[95.32442,5.88182],[95.32493,5.88165],[95.32503,5.8818],[95.32551,5.88342],[95.32538,5.88535],[95.32491,5.88643],[95.32401,5.88796],[95.3238,5.888],[95.32356,5.8877],[95.32329,5.88761],[95.32325,5.88785],[95.32357,5.88821],[95.32336,5.88836],[95.3227,5.88845],[95.32257,5.88861],[95.32283,5.88895],[95.32279,5.88923],[95.32238,5.88987],[95.321,5.88989],[95.32062,5.8898],[95.32023,5.88949],[95.3198,5.88972],[95.31934,5.88971],[95.31749,5.88832],[95.31706,5.88779],[95.31646,5.88766],[95.31597,5.8872],[95.31586,5.88681],[95.3162,5.88628],[95.31614,5.88589],[95.31556,5.88521],[95.31522,5.88525],[95.31419,5.88692],[95.31382,5.88735],[95.31317,5.88771],[95.31115,5.89035],[95.31098,5.89144],[95.31126,5.89362],[95.31151,5.89431],[95.31214,5.89493],[95.31284,5.89518],[95.31333,5.89511],[95.31382,5.89549],[95.31426,5.89557],[95.31629,5.89709],[95.31748,5.89732],[95.31808,5.89768],[95.31943,5.89807],[95.32053,5.89905],[95.32079,5.89951],[95.3214,5.90008],[95.32212,5.90028],[95.32258,5.90025],[95.32312,5.90063],[95.32396,5.90058],[95.32412,5.90089],[95.32434,5.90095],[95.32466,5.90128],[95.32537,5.90121],[95.32549,5.90143],[95.3259,5.90136],[95.3264,5.90069],[95.32716,5.90081],[95.32835,5.90071],[95.32886,5.90017],[95.33033,5.8998],[95.33137,5.89928],[95.33194,5.89872],[95.33319,5.89823],[95.3335,5.89824],[95.33399,5.89797],[95.33473,5.89731],[95.33544,5.89697],[95.33614,5.89618],[95.3371,5.89571],[95.33948,5.8938],[95.34053,5.89283],[95.34382,5.88904],[95.3444,5.88905],[95.34534,5.88823],[95.34548,5.88784],[95.34656,5.88708],[95.34705,5.88703],[95.34744,5.88683],[95.34817,5.88716],[95.34921,5.8865],[95.34978,5.88559],[95.34976,5.8853],[95.34959,5.88518],[95.34961,5.88483],[95.35011,5.8838],[95.35177,5.88183],[95.35242,5.88078],[95.35278,5.88045],[95.35332,5.87857],[95.35387,5.87787],[95.35386,5.87747],[95.35366,5.87705],[95.35377,5.87617],[95.35331,5.87561],[95.35316,5.87501],[95.35276,5.87444],[95.3527,5.87411],[95.35272,5.87371],[95.35321,5.87265],[95.35314,5.87227],[95.35291,5.87194],[95.35284,5.87144],[95.35305,5.87118],[95.35323,5.8706],[95.35332,5.86935],[95.35363,5.86868],[95.35368,5.8682],[95.35429,5.86714],[95.35442,5.86651],[95.3551,5.86547],[95.35551,5.86448],[95.35885,5.85948],[95.3612,5.85649],[95.36442,5.85358],[95.36717,5.85312],[95.36857,5.85256],[95.36904,5.85249],[95.37076,5.85097],[95.37184,5.84957],[95.37286,5.84857],[95.3733,5.84844],[95.37397,5.84845],[95.37502,5.84728],[95.37504,5.84703],[95.37483,5.84683],[95.37443,5.84682],[95.3741,5.84705],[95.37369,5.84701],[95.37328,5.84651],[95.37306,5.846],[95.37296,5.84509],[95.37307,5.84467],[95.37349,5.84404],[95.37328,5.84382],[95.37328,5.84342],[95.37377,5.84253],[95.37393,5.84179],[95.37413,5.8414],[95.37471,5.84109],[95.37497,5.84076],[95.37492,5.83969],[95.37458,5.83881],[95.37488,5.83786],[95.37494,5.83666],[95.37552,5.83538],[95.37555,5.83501],[95.3766,5.83368],[95.37672,5.83317],[95.37703,5.83287],[95.37691,5.83242],[95.37719,5.83189],[95.37719,5.83162],[95.37699,5.83138],[95.37697,5.83104],[95.37771,5.82971],[95.37782,5.82891],[95.37805,5.82836],[95.37784,5.82811],[95.37786,5.82742],[95.37804,5.82696],[95.37774,5.8264],[95.37777,5.82612],[95.37797,5.82584],[95.37744,5.82501],[95.37767,5.82352],[95.37764,5.82241],[95.37784,5.82193],[95.37767,5.82124],[95.37758,5.81876],[95.37734,5.81819],[95.37723,5.8173],[95.37716,5.81195],[95.37704,5.8117],[95.37695,5.81051],[95.37639,5.80976],[95.37638,5.80898],[95.37614,5.80832],[95.37626,5.80819],[95.37627,5.80783],[95.37609,5.8075],[95.37628,5.80693],[95.37609,5.80676],[95.37603,5.80579],[95.3756,5.80492],[95.37241,5.80391],[95.37194,5.80391],[95.3716,5.80424],[95.37071,5.80554],[95.37005,5.80711],[95.36986,5.80725],[95.36947,5.80804],[95.36895,5.8085],[95.36855,5.80931],[95.36699,5.81173],[95.36559,5.81278],[95.36513,5.81346],[95.36484,5.81364],[95.36458,5.81425],[95.36359,5.81494],[95.36342,5.81524],[95.36343,5.81577],[95.36331,5.81604],[95.36099,5.81822],[95.35868,5.82175],[95.3578,5.8226],[95.35768,5.82321],[95.3573,5.82351],[95.3566,5.82439],[95.35584,5.82497],[95.35567,5.82581],[95.35533,5.82626],[95.3547,5.82675],[95.35437,5.82681],[95.35415,5.827],[95.35378,5.82787],[95.35343,5.82799],[95.35123,5.828],[95.34972,5.82767],[95.34821,5.82688],[95.34773,5.827],[95.34758,5.82719],[95.34728,5.82714],[95.34613,5.82633],[95.34581,5.82622],[95.34546,5.82644],[95.34516,5.82622],[95.34519,5.82588],[95.34541,5.82559],[95.34539,5.8235],[95.34501,5.82266],[95.34451,5.82219],[95.34436,5.82117],[95.34495,5.81994],[95.34462,5.81848],[95.34475,5.81791],[95.34467,5.81665],[95.34509,5.81553],[95.34525,5.81442],[95.34577,5.81382],[95.34575,5.81304],[95.34654,5.81197],[95.34671,5.81122],[95.34655,5.81026],[95.34621,5.80962],[95.34598,5.80941],[95.3455,5.80961],[95.34469,5.80926],[95.34465,5.80837],[95.34447,5.80806],[95.34456,5.80771],[95.3448,5.80746],[95.34468,5.80695],[95.34484,5.8068],[95.34518,5.80678],[95.34574,5.80724],[95.34632,5.80751],[95.3465,5.80781],[95.34692,5.80775],[95.34803,5.80703],[95.34847,5.80495],[95.34804,5.80388],[95.34774,5.80344],[95.34731,5.80316],[95.34583,5.80074],[95.3456,5.79923],[95.34562,5.79883],[95.34638,5.79702],[95.34655,5.79626],[95.34651,5.79575],[95.34634,5.79559],[95.34638,5.79465],[95.34705,5.79382],[95.34705,5.79347],[95.34671,5.79312],[95.34632,5.79313],[95.34482,5.7954],[95.34461,5.79535],[95.34441,5.79475],[95.34447,5.79423],[95.34382,5.79363],[95.34383,5.79333],[95.34411,5.79283],[95.34409,5.79202],[95.34345,5.79056],[95.34338,5.7893],[95.34294,5.78851],[95.34284,5.78793],[95.34297,5.7875],[95.34262,5.78689],[95.34268,5.78631],[95.342,5.78554],[95.34184,5.785],[95.34151,5.78456],[95.3415,5.78417],[95.3412,5.78347],[95.34058,5.78293],[95.3396,5.7814],[95.33934,5.78071],[95.33903,5.78058],[95.3387,5.78017],[95.3383,5.77944],[95.33807,5.77932],[95.33795,5.77892],[95.33738,5.77869],[95.33536,5.77641],[95.33485,5.77604],[95.33395,5.77576],[95.33319,5.77536],[95.33222,5.77459],[95.33171,5.77353],[95.33099,5.77267],[95.33077,5.77254],[95.33025,5.77252],[95.32972,5.77198],[95.32929,5.77203],[95.32882,5.77177],[95.32845,5.77173],[95.32782,5.77206],[95.32707,5.77209],[95.32666,5.77247],[95.32603,5.77277],[95.32551,5.77345],[95.32461,5.77397],[95.32089,5.77439],[95.3196,5.77414],[95.31845,5.77372],[95.31752,5.77458],[95.31678,5.77502],[95.3166,5.77537],[95.31583,5.77543],[95.31521,5.77607],[95.31492,5.77618],[95.31454,5.7762],[95.31431,5.77599],[95.31412,5.77604],[95.31367,5.77664],[95.31278,5.77721],[95.31149,5.77712],[95.31113,5.77725],[95.31088,5.77761],[95.31053,5.77786],[95.3098,5.77792],[95.30878,5.77821],[95.30788,5.77871],[95.30722,5.7789],[95.307,5.77922],[95.30631,5.77935],[95.30431,5.78009],[95.30284,5.77987],[95.30161,5.78036],[95.30074,5.78028],[95.30011,5.78054],[95.29945,5.78019],[95.29822,5.77981],[95.29692,5.77978],[95.29637,5.77952],[95.29593,5.78026],[95.29466,5.7809],[95.29326,5.78098],[95.29187,5.78081],[95.29071,5.78148],[95.29004,5.78168],[95.28925,5.78144],[95.289,5.78075],[95.28871,5.78047],[95.28794,5.78036],[95.28731,5.77988],[95.28655,5.78046],[95.2856,5.78045],[95.28445,5.78199],[95.28339,5.78238],[95.28306,5.78312],[95.28225,5.78318],[95.28163,5.78368],[95.28158,5.78449],[95.28178,5.78499],[95.28174,5.78528],[95.28081,5.78635],[95.27943,5.78706],[95.27859,5.78734],[95.27827,5.78773],[95.27792,5.78925],[95.27733,5.78971],[95.27717,5.79122],[95.2763,5.79211],[95.27573,5.79298],[95.27446,5.79419],[95.27421,5.79502],[95.27357,5.79584],[95.27336,5.79721],[95.27305,5.7979],[95.273,5.79868],[95.27283,5.79887],[95.27205,5.79909],[95.27189,5.79962],[95.27084,5.80051],[95.27038,5.80166],[95.26981,5.80233],[95.26952,5.80303],[95.26945,5.80362],[95.26899,5.80407],[95.26887,5.80458],[95.26663,5.80712],[95.26666,5.80811],[95.26688,5.8085],[95.26707,5.80945],[95.26703,5.81174],[95.26594,5.81263],[95.26559,5.8131],[95.2653,5.81319],[95.26495,5.81359],[95.26466,5.8143],[95.26457,5.81572],[95.26481,5.81615],[95.26433,5.81706],[95.26479,5.81811],[95.26469,5.81851],[95.26393,5.8194],[95.26365,5.82022],[95.26311,5.82089],[95.26265,5.82099],[95.26179,5.82183],[95.26089,5.82221],[95.26075,5.82358],[95.26054,5.82396],[95.26024,5.82417],[95.26007,5.82501],[95.25972,5.82521],[95.25891,5.82524],[95.25848,5.82556],[95.25859,5.826],[95.25901,5.82624],[95.25919,5.82707],[95.25962,5.82769],[95.26004,5.82793],[95.2608,5.82811],[95.26139,5.82866],[95.26146,5.82923],[95.26095,5.83008],[95.26089,5.83042],[95.26094,5.83115],[95.26126,5.83184],[95.2613,5.83237],[95.26115,5.83259],[95.26071,5.83277],[95.25998,5.83276],[95.25976,5.83291],[95.25975,5.83311],[95.2598,5.83337],[95.26037,5.83379],[95.26128,5.83506],[95.26127,5.83596],[95.26144,5.8363],[95.26134,5.83675],[95.26059,5.83822],[95.26046,5.83922],[95.25995,5.84047],[95.25941,5.84097],[95.25908,5.84204],[95.25846,5.84263],[95.25767,5.84411],[95.25699,5.84488],[95.25668,5.84549],[95.25606,5.84589],[95.25576,5.84632],[95.25536,5.84661],[95.25498,5.84736],[95.25451,5.8476],[95.25428,5.84804],[95.25131,5.84906],[95.25088,5.84946],[95.25025,5.84969],[95.24909,5.85098],[95.24835,5.85141],[95.24786,5.8515],[95.24735,5.85134],[95.24675,5.85144],[95.2458,5.85109],[95.24526,5.85155],[95.24496,5.85135],[95.24429,5.85133],[95.24333,5.85042],[95.24287,5.8503],[95.24175,5.85043],[95.24088,5.85102],[95.24051,5.8511],[95.24024,5.85152],[95.2402,5.85235],[95.24031,5.85271],[95.23997,5.85296],[95.23958,5.85388],[95.23917,5.85427],[95.23898,5.85468],[95.23851,5.8549],[95.23838,5.85518],[95.23841,5.85586],[95.23877,5.8565],[95.23878,5.85732],[95.23853,5.8583],[95.23805,5.85916],[95.23752,5.85955],[95.23696,5.86026],[95.23642,5.86046],[95.23603,5.86093],[95.23436,5.86225],[95.23331,5.86244],[95.23285,5.86334],[95.23168,5.86482],[95.23147,5.86597],[95.23102,5.86628],[95.23029,5.86642],[95.22964,5.86821],[95.22962,5.86862],[95.2299,5.86942],[95.22985,5.86963],[95.22849,5.87086],[95.22777,5.87127],[95.22752,5.87164],[95.22723,5.87164],[95.22685,5.87208],[95.22621,5.87216],[95.22565,5.87252],[95.22512,5.87266],[95.22447,5.87264],[95.22425,5.87291],[95.22329,5.87294],[95.22277,5.87379],[95.22227,5.8743],[95.22206,5.87445],[95.22173,5.87425],[95.22151,5.87435],[95.22136,5.8748],[95.22116,5.87497],[95.22111,5.87621],[95.2215,5.87694],[95.22059,5.87804],[95.22055,5.87859],[95.2209,5.87949],[95.22102,5.88021],[95.22138,5.88076],[95.22138,5.88127],[95.22064,5.88275],[95.22035,5.88401],[95.21971,5.88492],[95.21962,5.88534],[95.21936,5.88565],[95.21898,5.88585],[95.21851,5.88674],[95.21838,5.88725],[95.21818,5.8874],[95.21817,5.88823],[95.21833,5.88869],[95.21788,5.88983],[95.21687,5.89082],[95.21649,5.89103],[95.21632,5.89146],[95.21661,5.89246],[95.21718,5.89285],[95.21777,5.89369],[95.21782,5.89399],[95.2182,5.89431],[95.21819,5.89469],[95.21842,5.89499],[95.21849,5.89544],[95.21809,5.89593],[95.21801,5.89641],[95.21842,5.89724],[95.21839,5.89794],[95.21857,5.89863],[95.21882,5.89893],[95.21881,5.89943],[95.21838,5.90052],[95.21814,5.90057],[95.21782,5.90087],[95.21742,5.90094],[95.21704,5.90172],[95.21697,5.9031],[95.21738,5.90434],[95.21758,5.90459],[95.21762,5.90498],[95.21698,5.9062],[95.21697,5.90643],[95.21717,5.90682],[95.21778,5.90723],[95.21846,5.90721],[95.21929,5.90688]],[[95.32793,5.87375],[95.32735,5.87395],[95.32685,5.87365],[95.3268,5.87345],[95.32637,5.8733],[95.32572,5.87326],[95.3253,5.87304],[95.32466,5.87299],[95.32443,5.87279],[95.32405,5.87271],[95.32367,5.87232],[95.32327,5.87153],[95.3233,5.8713],[95.32392,5.87093],[95.32429,5.87099],[95.32539,5.87087],[95.32539,5.87046],[95.32523,5.87028],[95.32567,5.86961],[95.32629,5.86968],[95.3271,5.8695],[95.32872,5.86872],[95.32945,5.8678],[95.33008,5.86672],[95.33043,5.86575],[95.33058,5.86479],[95.33087,5.86458],[95.3312,5.86394],[95.33108,5.86312],[95.33089,5.86292],[95.33088,5.86252],[95.33139,5.8622],[95.33208,5.86138],[95.33234,5.86142],[95.33277,5.8617],[95.3328,5.86277],[95.33295,5.86318],[95.33282,5.86561],[95.33291,5.86752],[95.3327,5.86838],[95.3325,5.86884],[95.33211,5.869],[95.33188,5.86932],[95.33123,5.86973],[95.33079,5.87026],[95.33041,5.87049],[95.32873,5.87288],[95.32826,5.87327],[95.32793,5.87375]]]}},{"type":"Feature","properties":{"nama":"WS ACEH MEUREDU","sumber":"WS_Aceh_Meureudu"},"geometry":{"type":"Polygon","coordinates":[[[95.11566,6.07667],[95.11792,6.07694],[95.11865,6.07641],[95.11925,6.07626],[95.11962,6.0759],[95.11997,6.07586],[95.12112,6.07511],[95.12154,6.07454],[95.1215,6.07379],[95.121,6.07261],[95.1197,6.07164],[95.11759,6.07077],[95.11638,6.07088],[95.11603,6.07141],[95.11538,6.0718],[95.11502,6.07226],[95.11443,6.07254],[95.11423,6.07276],[95.11355,6.0744],[95.11359,6.07554],[95.11385,6.07575],[95.11478,6.0761],[95.11566,6.07667]]]}}]}